id,data_inversa,dia_semana,horario,uf,br,km,municipio,causa_acidente,tipo_acidente,classificacao_acidente,fase_dia,sentido_via,condicao_metereologica,tipo_pista,tracado_via,uso_solo,pessoas,mortos,feridos_leves,feridos_graves,feridos,ilesos,ignorados,veiculos,latitude,longitude,regional,delegacia,uop
744290,07/01/2026,quarta-feira,23:24:00,SE,101.0,195,CRISTINAPOLIS,Velocidade Incompatível,Tombamento,Com Vítimas Feridas,Plena Noite,Decrescente,Nublado,Simples,Curva,Não,1.0,0.0,1.0,0.0,1.0,0.0,0.0,1.0,"-11,46021521","-37,7355051",SPRF-SE,DEL02-SE,UOP03-DEL02-SE
744300,07/01/2026,quarta-feira,23:45:00,SC,116.0,"156,2",SANTA CECILIA,Velocidade Incompatível,Saída de leito carroçável,Com Vítimas Feridas,Plena Noite,Decrescente,Nublado,Simples,Curva,Não,2.0,0.0,1.0,0.0,1.0,1.0,0.0,1.0,"-27,081289","-50,43718",SPRF-SC,DEL06/SC,UOP02-DEL06-SC
744301,08/01/2026,quinta-feira,02:00:00,SC,101.0,195,BIGUACU,Manobra de mudança de faixa,Colisão lateral mesmo sentido,Com Vítimas Feridas,Plena Noite,Crescente,Céu Claro,Dupla,Reta,Sim,3.0,0.0,1.0,0.0,1.0,0.0,0.0,3.0,"-27,50385765","-48,65107346",SPRF-SC,DEL01/SC,UOP01-DEL01-SC
744302,07/01/2026,quarta-feira,22:10:00,MT,364.0,139,PEDRA PRETA,Reação tardia ou ineficiente do condutor,Saída de leito carroçável,Com Vítimas Feridas,Plena Noite,Decrescente,Céu Claro,Simples,Curva,Não,2.0,0.0,1.0,0.0,1.0,0.0,0.0,2.0,"-16,793093","-54,196687",SPRF-MT,DEL02/MT,UOP01-DEL02-MT
744311,08/01/2026,quinta-feira,05:00:00,BA,101.0,24,ESPLANADA,Ausência de reação do condutor,Saída de leito carroçável,Sem Vítimas,Amanhecer,Decrescente,Nublado,Dupla,Declive;Em Obras;Desvio Temporário,Não,2.0,0.0,0.0,0.0,0.0,1.0,0.0,2.0,"-11,69273","-37,90236",SPRF-SE,DEL02-SE,UOP03-DEL02-SE
744315,08/01/2026,quinta-feira,06:00:00,MG,40.0,"808,3",MATIAS BARBOSA,Reação tardia ou ineficiente do condutor,Colisão traseira,Com Vítimas Feridas,Amanhecer,Decrescente,Nevoeiro/Neblina,Dupla,Curva;Aclive,Não,2.0,0.0,0.0,1.0,1.0,1.0,0.0,2.0,"-21,866492","-43,365569",SPRF-MG,DEL05/MG,UOP01-DEL05-MG
744317,08/01/2026,quinta-feira,06:02:00,ES,101.0,"149,2",LINHARES,Condutor desrespeitou a iluminação vermelha do semáforo,Colisão transversal,Com Vítimas Feridas,Pleno dia,Decrescente,Céu Claro,Múltipla,Reta;Declive;Interseção de Vias,Sim,2.0,0.0,0.0,1.0,1.0,1.0,0.0,2.0,"-19,3988301","-40,06276894",SPRF-ES,DEL04-ES,UOP01-DEL04-ES
744320,08/01/2026,quinta-feira,05:30:00,SE,101.0,130,ITAPORANGA DAJUDA,Demais falhas mecânicas ou elétricas,Incêndio,Sem Vítimas,Amanhecer,Crescente,Chuva,Dupla,Reta,Não,2.0,0.0,0.0,0.0,0.0,1.0,0.0,2.0,"-11,07561827","-37,36380101",SPRF-SE,DEL02-SE,UOP01-DEL02-SE
744323,08/01/2026,quinta-feira,06:50:00,SP,116.0,550,BARRA DO TURVO,Reação tardia ou ineficiente do condutor,Tombamento,Com Vítimas Feridas,Pleno dia,Decrescente,Céu Claro,Simples,Curva;Aclive,Não,2.0,0.0,1.0,0.0,1.0,0.0,0.0,2.0,"-24,96831883","-48,44970703",SPRF-SP,DEL05/SP,UOP02-DEL05-SP
744326,08/01/2026,quinta-feira,07:30:00,ES,101.0,"167,4",LINHARES,Demais falhas mecânicas ou elétricas,Colisão com objeto,Sem Vítimas,Pleno dia,Crescente,Céu Claro,Simples,Reta,Sim,5.0,0.0,0.0,0.0,0.0,4.0,0.0,2.0,"-19,53306245","-40,15637962",SPRF-ES,DEL04-ES,UOP01-DEL04-ES
744331,08/01/2026,quinta-feira,06:34:00,MT,364.0,291,JACIARA,Manobra de mudança de faixa,Colisão lateral mesmo sentido,Com Vítimas Feridas,Pleno dia,Decrescente,Céu Claro,Dupla,Declive;Reta,Não,7.0,0.0,1.0,0.0,1.0,5.0,0.0,4.0,"-15,892176","-55,103868",SPRF-MT,DEL05/MT,UOP02-DEL05-MT
744342,07/01/2026,quarta-feira,20:30:00,MA,222.0,313,VITORIA DO MEARIM,Ausência de sinalização,Saída de leito carroçável,Com Vítimas Feridas,Plena Noite,Decrescente,Nublado,Simples,Curva,Não,2.0,0.0,0.0,1.0,1.0,0.0,0.0,2.0,"-3,5974","-44,996",SPRF-MA,DEL02-MA,UOP01-DEL02-MA
744346,08/01/2026,quinta-feira,07:55:00,RS,470.0,226,GARIBALDI,Manobra de mudança de faixa,Colisão lateral mesmo sentido,Com Vítimas Feridas,Pleno dia,Decrescente,Céu Claro,Dupla,Reta,Sim,4.0,0.0,1.0,0.0,1.0,3.0,0.0,2.0,"-29,25841092","-51,50918333",SPRF-RS,DEL06/RS,UOP01-DEL06-RS
744347,08/01/2026,quinta-feira,06:40:00,RS,158.0,392,CACEQUI,Ausência de reação do condutor,Colisão traseira,Com Vítimas Feridas,Pleno dia,Decrescente,Céu Claro,Simples,Reta,Não,5.0,0.0,1.0,0.0,1.0,3.0,0.0,3.0,"-29,934731","-54,360845",SPRF-RS,DEL11/RS,UOP02-DEL11-RS
744355,08/01/2026,quinta-feira,09:30:00,RJ,116.0,118,MAGE,Velocidade Incompatível,Tombamento,Sem Vítimas,Pleno dia,Crescente,Nublado,Simples,Curva,Sim,2.0,0.0,0.0,0.0,0.0,1.0,0.0,2.0,"-22,61336712","-43,0346489",SPRF-RJ,DEL04/RJ,UOP02-DEL04-RJ
744357,08/01/2026,quinta-feira,08:25:00,RO,364.0,437,JARU,Manobra de mudança de faixa,Colisão lateral mesmo sentido,Com Vítimas Feridas,Pleno dia,Decrescente,Céu Claro,Simples,Aclive;Reta,Não,2.0,0.0,1.0,0.0,1.0,1.0,0.0,2.0,"-10,37059035","-62,55992286",SPRF-RO,DEL03-RO,UOP02-DEL03-RO
744359,08/01/2026,quinta-feira,10:00:00,SC,101.0,165,TIJUCAS,Ausência de reação do condutor,Saída de leito carroçável,Com Vítimas Feridas,Pleno dia,Crescente,Céu Claro,Dupla,Reta,Sim,1.0,0.0,0.0,1.0,1.0,0.0,0.0,1.0,"-27,25498679","-48,63152711",SPRF-SC,DEL04/SC,UOP03-DEL04-SC
744363,08/01/2026,quinta-feira,10:15:00,PR,153.0,"24,6",JACAREZINHO,Desrespeitar a preferência no cruzamento,Colisão transversal,Com Vítimas Feridas,Pleno dia,Crescente,Céu Claro,Simples,Interseção de Vias;Reta,Sim,3.0,0.0,1.0,0.0,1.0,1.0,0.0,3.0,"-23,18940747","-49,98588173",SPRF-PR,DEL07/PR,UOP04-DEL07-PR
744364,08/01/2026,quinta-feira,09:43:00,RS,285.0,"151,5",MUITOS CAPOES,Velocidade Incompatível,Tombamento,Com Vítimas Feridas,Pleno dia,Decrescente,Céu Claro,Simples,Declive;Curva,Não,2.0,0.0,1.0,0.0,1.0,0.0,0.0,2.0,"-28,34075","-51,15307",SPRF-RS,DEL05/RS,UOP03-DEL05-RS
744367,08/01/2026,quinta-feira,08:40:00,PR,376.0,261,CALIFORNIA,Reação tardia ou ineficiente do condutor,Colisão lateral mesmo sentido,Com Vítimas Feridas,Pleno dia,Crescente,Céu Claro,Dupla,Reta;Aclive,Não,3.0,0.0,0.0,1.0,1.0,1.0,0.0,3.0,"-23,704202","-51,32931",SPRF-PR,DEL07/PR,UOP03-DEL07-PR
744371,08/01/2026,quinta-feira,07:20:00,RJ,393.0,"116,5",SAPUCAIA,Ultrapassagem Indevida,Colisão traseira,Com Vítimas Feridas,Pleno dia,Crescente,Nublado,Simples,Reta,Não,6.0,0.0,1.0,0.0,1.0,5.0,0.0,4.0,"-21,922993","-42,771808",SPRF-RJ,DEL05/RJ,UOP01-DEL05-RJ
744373,08/01/2026,quinta-feira,10:20:00,PR,476.0,"145,3",CURITIBA,Desrespeitar a preferência no cruzamento,Colisão transversal,Com Vítimas Feridas,Pleno dia,Decrescente,Céu Claro,Dupla,Reta;Aclive;Retorno Regulamentado,Não,6.0,0.0,4.0,0.0,4.0,1.0,0.0,3.0,"-25,54912067","-49,32458997",SPRF-PR,DEL01/PR,UOP06-DEL01-PR
744374,08/01/2026,quinta-feira,09:45:00,BA,324.0,0,FEIRA DE SANTANA,Demais falhas mecânicas ou elétricas,Derramamento de carga,Sem Vítimas,Pleno dia,Crescente,Céu Claro,Dupla,Curva;Aclive;Viaduto,Sim,2.0,0.0,0.0,0.0,0.0,1.0,0.0,2.0,"-12,27132337","-38,93557133",SPRF-BA,DEL02/BA,UOP01-DEL02-BA
744383,08/01/2026,quinta-feira,12:20:00,RJ,116.0,181,NOVA IGUACU,Condutor Dormindo,Engavetamento,Com Vítimas Feridas,Pleno dia,Crescente,Céu Claro,Dupla,Reta,Sim,4.0,0.0,1.0,0.0,1.0,3.0,0.0,3.0,"-22,75934201","-43,42696086",SPRF-RJ,DEL06/RJ,UOP01-DEL06-RJ
744390,08/01/2026,quinta-feira,11:00:00,RJ,40.0,85,PETROPOLIS,Acumulo de óleo sobre o pavimento,Colisão com objeto,Sem Vítimas,Pleno dia,Decrescente,Céu Claro,Dupla,Curva,Não,5.0,0.0,0.0,0.0,0.0,5.0,0.0,2.0,"-22,55148287","-43,22622299",SPRF-RJ,DEL01/RJ,UOP01-DEL01-RJ
744391,08/01/2026,quinta-feira,13:40:00,ES,101.0,"291,2",CARIACICA,Retorno proibido,Colisão lateral mesmo sentido,Com Vítimas Feridas,Pleno dia,Crescente,Sol,Dupla,Reta,Sim,4.0,0.0,2.0,0.0,2.0,1.0,0.0,3.0,"-20,299455","-40,395308",SPRF-ES,DEL01-ES,UOP01-DEL01-ES
744393,08/01/2026,quinta-feira,09:00:00,PE,316.0,246,BELEM DE SAO FRANCISCO,Reação tardia ou ineficiente do condutor,Tombamento,Com Vítimas Feridas,Pleno dia,Decrescente,Céu Claro,Simples,Curva,Não,2.0,0.0,1.0,0.0,1.0,0.0,0.0,2.0,"-8,676558","-38,972572",SPRF-PE,DEL05/PE,UOP03-DEL05-PE
744394,08/01/2026,quinta-feira,10:40:00,MA,316.0,616,TIMON,Acessar a via sem observar a presença dos outros veículos,Atropelamento de Pedestre,Com Vítimas Feridas,Pleno dia,Decrescente,Sol,Dupla,Reta,Sim,4.0,0.0,0.0,1.0,1.0,3.0,0.0,2.0,"-5,0920711","-42,83361766",SPRF-MA,DEL03-MA,UOP02-DEL03-MA
744398,08/01/2026,quinta-feira,14:00:00,BA,101.0,"675,3",ITAGIMIRIM,Reação tardia ou ineficiente do condutor,Colisão traseira,Com Vítimas Feridas,Pleno dia,Crescente,Céu Claro,Simples,Reta,Não,6.0,0.0,1.0,0.0,1.0,5.0,0.0,2.0,"-16,0418","-39,61326",SPRF-BA,DEL09/BA,UOP03-DEL09-BA
744399,08/01/2026,quinta-feira,14:00:00,MG,381.0,519,BETIM,Ausência de reação do condutor,Colisão traseira,Com Vítimas Feridas,Pleno dia,Crescente,Céu Claro,Dupla,Curva,Não,2.0,0.0,1.0,0.0,1.0,0.0,0.0,2.0,"-19,9808","-44,1751",SPRF-MG,DEL01/MG,UOP03-DEL01-MG
744402,08/01/2026,quinta-feira,14:00:00,SC,470.0,"77,2",RODEIO,Velocidade Incompatível,Tombamento,Com Vítimas Feridas,Pleno dia,Decrescente,Nublado,Simples,Reta,Não,3.0,0.0,1.0,0.0,1.0,1.0,0.0,2.0,"-26,94408888","-49,29412007",SPRF-SC,DEL04/SC,UOP01-DEL04-SC
744405,08/01/2026,quinta-feira,14:50:00,BA,116.0,759,POCOES,Reação tardia ou ineficiente do condutor,Engavetamento,Com Vítimas Feridas,Pleno dia,Crescente,Nublado,Simples,Reta,Não,47.0,0.0,3.0,0.0,3.0,43.0,0.0,4.0,"-14,54138222","-40,39383173",SPRF-BA,DEL08/BA,UOP02-DEL08-BA
744424,08/01/2026,quinta-feira,15:10:00,BA,116.0,673,JEQUIE,Ausência de reação do condutor,Colisão traseira,Com Vítimas Feridas,Pleno dia,Crescente,Chuva,Múltipla,Reta,Sim,3.0,0.0,1.0,0.0,1.0,1.0,0.0,3.0,"-13,86162267","-40,11303341",SPRF-BA,DEL03/BA,UOP01-DEL03-BA
744427,08/01/2026,quinta-feira,17:00:00,BA,101.0,943,MUCURI,Acesso irregular,Colisão transversal,Sem Vítimas,Pleno dia,Crescente,Nublado,Simples,Reta,Não,3.0,0.0,0.0,0.0,0.0,2.0,0.0,2.0,"-18,06976","-39,881522",SPRF-BA,DEL09/BA,UOP02-DEL09-BA
744434,08/01/2026,quinta-feira,16:30:00,MG,40.0,"702,8",BARBACENA,Acessar a via sem observar a presença dos outros veículos,Colisão transversal,Sem Vítimas,Pleno dia,Crescente,Céu Claro,Simples,Declive;Reta,Sim,2.0,0.0,0.0,0.0,0.0,1.0,0.0,2.0,"-21,22026558","-43,73523686",SPRF-MG,DEL05/MG,UOP02-DEL05-MG
744438,08/01/2026,quinta-feira,17:00:00,PE,101.0,"64,4",RECIFE,Condutor deixou de manter distância do veículo da frente,Colisão traseira,Com Vítimas Feridas,Pleno dia,Decrescente,Céu Claro,Dupla,Viaduto;Reta,Sim,7.0,0.0,1.0,0.0,1.0,5.0,0.0,5.0,"-8,01877","-34,94212",SPRF-PE,DEL01/PE,UOP01-DEL01-PE
744440,08/01/2026,quinta-feira,14:10:00,BA,116.0,673,JEQUIE,Acessar a via sem observar a presença dos outros veículos,Colisão transversal,Com Vítimas Feridas,Pleno dia,Crescente,Nublado,Múltipla,Interseção de Vias,Sim,3.0,0.0,1.0,0.0,1.0,1.0,0.0,3.0,"-13,858525","-40,113565",SPRF-BA,DEL03/BA,UOP01-DEL03-BA
744444,08/01/2026,quinta-feira,14:54:00,AC,364.0,123,RIO BRANCO,Reação tardia ou ineficiente do condutor,Tombamento,Com Vítimas Fatais,Pleno dia,Decrescente,Chuva,Dupla,Curva,Sim,2.0,1.0,0.0,0.0,0.0,1.0,0.0,2.0,"-10,011732","-67,792031",SPRF-AC,DEL01-AC,UOP01-DEL01-AC
744445,08/01/2026,quinta-feira,16:00:00,MG,50.0,186,UBERABA,Ultrapassagem Indevida,Colisão lateral mesmo sentido,Com Vítimas Feridas,Pleno dia,Crescente,Céu Claro,Dupla,Reta,Não,3.0,0.0,1.0,0.0,1.0,1.0,0.0,3.0,"-19,709952","-47,9821824",SPRF-MG,DEL13/MG,UOP01-DEL13-MG
744452,08/01/2026,quinta-feira,14:45:00,GO,153.0,257,SAO LUIZ DO NORTE,Reação tardia ou ineficiente do condutor,Colisão traseira,Com Vítimas Feridas,Pleno dia,Crescente,Céu Claro,Simples,Reta;Em Obras,Não,4.0,0.0,0.0,3.0,3.0,1.0,0.0,2.0,"-14,90232183","-49,34783936",SPRF-GO,DEL07/GO,UOP02-DEL07-GO
744463,04/01/2026,domingo,21:20:00,BA,101.0,68,ENTRE RIOS,Problema na suspensão,Incêndio,Sem Vítimas,Anoitecer,Decrescente,Céu Claro,Dupla,Reta,Não,2.0,0.0,0.0,0.0,0.0,1.0,0.0,2.0,"-11,96678419","-38,14418793",SPRF-BA,DEL01/BA,UOP04-DEL01-BA
744468,08/01/2026,quinta-feira,21:20:00,MG,381.0,496,BETIM,Ausência de reação do condutor,Colisão lateral mesmo sentido,Com Vítimas Feridas,Plena Noite,Crescente,Céu Claro,Múltipla,Curva,Não,3.0,0.0,1.0,0.0,1.0,1.0,0.0,3.0,"-19,97569823","-44,19772768",SPRF-MG,DEL01/MG,UOP03-DEL01-MG
744485,08/01/2026,quinta-feira,23:45:00,SP,116.0,155,SAO JOSE DOS CAMPOS,Condutor Dormindo,Saída de leito carroçável,Sem Vítimas,Plena Noite,Crescente,Céu Claro,Dupla,Aclive,Sim,1.0,0.0,0.0,0.0,0.0,1.0,0.0,1.0,"-23,24547157","-45,92847252",SPRF-SP,DEL02/SP,UOP01-DEL02-SP
744486,08/01/2026,quinta-feira,22:50:00,SC,101.0,137,BALNEARIO CAMBORIU,Velocidade Incompatível,Colisão com objeto,Com Vítimas Fatais,Plena Noite,Crescente,Nublado,Dupla,Reta,Sim,7.0,1.0,0.0,4.0,4.0,1.0,0.0,4.0,"-27,0146327","-48,6123343",SPRF-SC,DEL04/SC,UOP03-DEL04-SC
744488,08/01/2026,quinta-feira,23:05:00,MS,262.0,"226,9",RIBAS DO RIO PARDO,Demais falhas mecânicas ou elétricas,Incêndio,Sem Vítimas,Plena Noite,Decrescente,Céu Claro,Simples,Reta,Não,2.0,0.0,0.0,0.0,0.0,1.0,0.0,2.0,"-20,46576177","-53,60419393",SPRF-MS,DEL01/MS,UOP05-DEL01-MS
744490,08/01/2026,quinta-feira,23:30:00,RJ,116.0,174,SAO JOAO DE MERITI,Ingestão de álcool pelo condutor,Colisão traseira,Com Vítimas Feridas,Plena Noite,Crescente,Céu Claro,Múltipla,Reta,Sim,4.0,0.0,1.0,0.0,1.0,2.0,0.0,4.0,"-22,77846907","-43,39728892",SPRF-RJ,DEL06/RJ,UOP01-DEL06-RJ
744492,08/01/2026,quinta-feira,23:50:00,BA,116.0,"734,5",BOA NOVA,Reação tardia ou ineficiente do condutor,Saída de leito carroçável,Com Vítimas Feridas,Plena Noite,Crescente,Céu Claro,Simples,Reta,Não,4.0,0.0,0.0,3.0,3.0,0.0,0.0,2.0,"-14,34999283","-40,33352293",SPRF-BA,DEL08/BA,UOP02-DEL08-BA
744494,09/01/2026,sexta-feira,00:55:00,RS,386.0,281,SAO JOSE DO HERVAL,Reação tardia ou ineficiente do condutor,Colisão traseira,Sem Vítimas,Plena Noite,Crescente,Nublado,Simples,Curva;Em Obras,Não,2.0,0.0,0.0,0.0,0.0,0.0,1.0,2.0,"-29,03526","-52,29898",SPRF-RS,DEL04/RS,UOP03-DEL04-RS
744495,09/01/2026,sexta-feira,01:30:00,AL,316.0,"267,5",SATUBA,Demais falhas mecânicas ou elétricas,Tombamento,Com Vítimas Feridas,Plena Noite,Decrescente,Céu Claro,Simples,Reta,Não,1.0,0.0,1.0,0.0,1.0,0.0,0.0,1.0,"-9,583636","-35,84018",SPRF-AL,DEL02-AL,UOP01-DEL02-AL
744502,08/01/2026,quinta-feira,19:00:00,MG,381.0,402,NOVA UNIAO,Ausência de reação do condutor,Colisão traseira,Com Vítimas Feridas,Plena Noite,Crescente,Céu Claro,Dupla,Curva,Não,3.0,0.0,1.0,0.0,1.0,2.0,0.0,2.0,"-19,74176094","-43,55460517",SPRF-MG,DEL01/MG,UOP01-DEL01-MG
744505,09/01/2026,sexta-feira,03:45:00,SC,101.0,162,TIJUCAS,Demais falhas mecânicas ou elétricas,Colisão traseira,Com Vítimas Feridas,Amanhecer,Crescente,Nublado,Dupla,Reta,Sim,2.0,0.0,0.0,1.0,1.0,1.0,0.0,2.0,"-27,21987717","-48,62567997",SPRF-SC,DEL04/SC,UOP03-DEL04-SC
744506,09/01/2026,sexta-feira,05:00:00,MT,364.0,360,CUIABA,Acessar a via sem observar a presença dos outros veículos,Colisão lateral mesmo sentido,Sem Vítimas,Amanhecer,Decrescente,Céu Claro,Dupla,Reta,Não,3.0,0.0,0.0,0.0,0.0,2.0,0.0,5.0,"-15,669962","-55,9530314",SPRF-MT,DEL01/MT,UOP02-DEL01-MT
744507,09/01/2026,sexta-feira,05:45:00,RO,364.0,"228,1",CACOAL,Condutor deixou de manter distância do veículo da frente,Colisão traseira,Com Vítimas Feridas,Amanhecer,Decrescente,Nublado,Simples,Reta,Não,6.0,0.0,1.0,0.0,1.0,5.0,0.0,2.0,"-11,48894","-61,381513",SPRF-RO,DEL02-RO,UOP02-DEL02-RO
744516,09/01/2026,sexta-feira,01:15:00,BA,101.0,133,TEODORO SAMPAIO,Ausência de reação do condutor,Saída de leito carroçável,Com Vítimas Feridas,Plena Noite,Decrescente,Céu Claro,Simples,Curva,Não,1.0,0.0,1.0,0.0,1.0,0.0,0.0,1.0,"-12,19595002","-38,59638959",SPRF-BA,DEL01/BA,UOP04-DEL01-BA
744526,08/01/2026,quinta-feira,23:45:00,MG,381.0,735,CARMO DA CACHOEIRA,Ausência de reação do condutor,Colisão traseira,Com Vítimas Feridas,Plena Noite,Crescente,Nublado,Dupla,Reta,Não,1.0,0.0,1.0,0.0,1.0,0.0,0.0,1.0,"-21,542869","-45,238554",SPRF-MG,DEL16/MG,UOP02-DEL16-MG
744534,09/01/2026,sexta-feira,08:36:00,SP,116.0,186,SANTA ISABEL,Acessar a via sem observar a presença dos outros veículos,Colisão transversal,Com Vítimas Feridas,Pleno dia,Decrescente,Céu Claro,Simples,Retorno Regulamentado;Interseção de Vias,Não,2.0,0.0,2.0,0.0,2.0,0.0,0.0,2.0,"-23,35252417","-46,19895297",SPRF-SP,DEL01/SP,UOP01-DEL01-SP
744537,09/01/2026,sexta-feira,09:10:00,PR,376.0,676,GUARATUBA,Problema com o freio,Colisão traseira,Com Vítimas Feridas,Pleno dia,Crescente,Céu Claro,Dupla,Curva;Declive,Não,3.0,0.0,2.0,0.0,2.0,1.0,0.0,2.0,"-25,938412","-48,910007",SPRF-PR,DEL01/PR,UOP04-DEL01-PR
744546,09/01/2026,sexta-feira,08:55:00,PR,376.0,"524,2",PONTA GROSSA,Velocidade Incompatível,Colisão traseira,Com Vítimas Feridas,Pleno dia,Crescente,Sol,Dupla,Declive;Curva,Não,10.0,0.0,0.0,1.0,1.0,9.0,0.0,3.0,"-25,29697079","-49,89539623",SPRF-PR,DEL03/PR,UOP03-DEL03-PR
744547,09/01/2026,sexta-feira,09:00:00,RJ,393.0,189,PARAIBA DO SUL,Demais falhas mecânicas ou elétricas,Colisão com objeto,Com Vítimas Feridas,Pleno dia,Crescente,Céu Claro,Simples,Reta,Não,5.0,0.0,1.0,0.0,1.0,3.0,0.0,4.0,"-22,17844","-43,34081333",SPRF-RJ,DEL05/RJ,UOP03-DEL05-RJ
744558,09/01/2026,sexta-feira,11:00:00,BA,116.0,689,JEQUIE,Ausência de reação do condutor,Colisão traseira,Com Vítimas Feridas,Pleno dia,Decrescente,Garoa/Chuvisco,Simples,Aclive,Não,3.0,0.0,0.0,1.0,1.0,1.0,0.0,4.0,"-13,93524178","-40,1602993",SPRF-BA,DEL03/BA,UOP01-DEL03-BA
744560,09/01/2026,sexta-feira,11:03:00,MG,50.0,93,UBERLANDIA,Condutor Dormindo,Saída de leito carroçável,Com Vítimas Feridas,Pleno dia,Crescente,Céu Claro,Dupla,Reta,Não,1.0,0.0,1.0,0.0,1.0,0.0,0.0,1.0,"-19,0815","-48,187",SPRF-MG,DEL15/MG,UOP01-DEL15-MG
744561,09/01/2026,sexta-feira,11:35:00,MG,40.0,"483,7",SETE LAGOAS,Velocidade Incompatível,Saída de leito carroçável,Com Vítimas Feridas,Pleno dia,Decrescente,Céu Claro,Dupla,Declive;Curva,Não,1.0,0.0,1.0,0.0,1.0,0.0,0.0,1.0,"-19,471231","-44,293479",SPRF-MG,DEL02/MG,UOP01-DEL02-MG
744564,09/01/2026,sexta-feira,12:40:00,BA,242.0,810,BARREIRAS,Acessar a via sem observar a presença dos outros veículos,Colisão transversal,Com Vítimas Feridas,Pleno dia,Crescente,Céu Claro,Simples,Interseção de Vias,Não,5.0,0.0,1.0,0.0,1.0,4.0,0.0,2.0,"-12,14084065","-44,94738579",SPRF-BA,DEL10/BA,UOP01-DEL10-BA
744571,09/01/2026,sexta-feira,13:20:00,ES,101.0,169,ARACRUZ,Ausência de reação do condutor,Colisão traseira,Com Vítimas Feridas,Pleno dia,Crescente,Céu Claro,Simples,Reta,Não,3.0,0.0,0.0,1.0,1.0,1.0,0.0,4.0,"-19,56419412","-40,1775907",SPRF-ES,DEL04-ES,UOP01-DEL04-ES
744573,09/01/2026,sexta-feira,11:30:00,BA,101.0,446,AURELINO LEAL,Chuva,Colisão frontal,Com Vítimas Fatais,Pleno dia,Decrescente,Chuva,Simples,Curva,Não,7.0,3.0,0.0,0.0,0.0,4.0,0.0,2.0,"-14,33409818","-39,31730748",SPRF-BA,DEL05/BA,UOP01-DEL05-BA
744584,09/01/2026,sexta-feira,14:30:00,SC,101.0,"207,7",SAO JOSE,Ausência de reação do condutor,Colisão lateral mesmo sentido,Com Vítimas Fatais,Pleno dia,Decrescente,Céu Claro,Múltipla,Reta,Sim,2.0,1.0,0.0,0.0,0.0,0.0,0.0,2.0,"-27,602335","-48,629359",SPRF-SC,DEL01/SC,UOP01-DEL01-SC
744586,09/01/2026,sexta-feira,15:10:00,MG,153.0,"190,4",FRUTAL,Reação tardia ou ineficiente do condutor,Colisão traseira,Com Vítimas Feridas,Pleno dia,Decrescente,Sol,Simples,Declive;Reta,Não,4.0,0.0,1.0,0.0,1.0,2.0,0.0,7.0,"-19,88665","-48,97456",SPRF-MG,DEL13/MG,UOP02-DEL13-MG
744590,09/01/2026,sexta-feira,13:00:00,MA,230.0,49,BARAO DE GRAJAU,Reação tardia ou ineficiente do condutor,Tombamento,Com Vítimas Feridas,Pleno dia,Decrescente,Céu Claro,Simples,Curva,Não,2.0,0.0,1.0,0.0,1.0,0.0,0.0,4.0,"-6,612615","-43,3997737",SPRF-PI,DEL03-PI,UOP01-DEL03-PI
744604,09/01/2026,sexta-feira,17:30:00,GO,20.0,219,POSSE,Manobra de mudança de faixa,Colisão transversal,Com Vítimas Fatais,Pleno dia,Crescente,Céu Claro,Simples,Reta,Não,4.0,1.0,0.0,0.0,0.0,3.0,0.0,2.0,"-14,183052","-46,330027",SPRF-DF,DEL02-DF,UOP03-DEL02-DF
744608,09/01/2026,sexta-feira,14:15:00,SC,282.0,"406,9",CATANDUVAS,Reação tardia ou ineficiente do condutor,Colisão lateral sentido oposto,Com Vítimas Feridas,Pleno dia,Crescente,Chuva,Simples,Declive;Curva,Não,3.0,0.0,1.0,0.0,1.0,1.0,0.0,3.0,"-27,08396","-51,66165",SPRF-SC,DEL07/SC,UOP05-DEL07-SC
744612,09/01/2026,sexta-feira,15:30:00,BA,101.0,873,CARAVELAS,Demais falhas mecânicas ou elétricas,Capotamento,Com Vítimas Feridas,Pleno dia,Decrescente,Céu Claro,Simples,Curva,Não,1.0,0.0,0.0,1.0,1.0,0.0,0.0,1.0,"-17,59352138","-39,6839447",SPRF-BA,DEL09/BA,UOP02-DEL09-BA
744615,09/01/2026,sexta-feira,17:15:00,MT,163.0,118,RONDONOPOLIS,Condutor deixou de manter distância do veículo da frente,Colisão traseira,Com Vítimas Feridas,Pleno dia,Crescente,Céu Claro,Dupla,Reta,Não,2.0,0.0,1.0,0.0,1.0,0.0,0.0,2.0,"-16,503088","-54,65015",SPRF-MT,DEL02/MT,UOP01-DEL02-MT
744618,09/01/2026,sexta-feira,18:10:00,SP,116.0,551,BARRA DO TURVO,Velocidade Incompatível,Tombamento,Com Vítimas Feridas,Pleno dia,Decrescente,Nublado,Dupla,Curva,Não,2.0,0.0,1.0,0.0,1.0,0.0,0.0,2.0,"-24,9972604","-48,50875854",SPRF-SP,DEL05/SP,UOP02-DEL05-SP
744622,09/01/2026,sexta-feira,19:10:00,GO,40.0,"3,9",VALPARAISO DE GOIAS,Ingestão de álcool pelo condutor,Colisão traseira,Sem Vítimas,Plena Noite,Crescente,Céu Claro,Dupla,Declive;Reta,Sim,2.0,0.0,0.0,0.0,0.0,2.0,0.0,2.0,"-16,08633","-47,98653",SPRF-DF,DEL01-DF,UOP01-DEL01-DF