id,data_inversa,dia_semana,horario,uf,br,km,municipio,causa_acidente,tipo_acidente,classificacao_acidente,fase_dia,sentido_via,condicao_metereologica,tipo_pista,tracado_via,uso_solo,pessoas,mortos,feridos_leves,feridos_graves,feridos,ilesos,ignorados,veiculos,latitude,longitude,regional,delegacia,uop
744631,09/01/2026,sexta-feira,18:45:00,PE,316.0,94,OURICURI,Ultrapassagem Indevida,Colisão lateral sentido oposto,Com Vítimas Feridas,Plena Noite,Decrescente,Céu Claro,Simples,Aclive;Reta,Não,2.0,0.0,1.0,0.0,1.0,0.0,0.0,2.0,"-7,918988","-39,991258",SPRF-PE,DEL05/PE,UOP02-DEL05-PE
744635,09/01/2026,sexta-feira,19:10:00,PR,277.0,"2,3",PARANAGUA,Ausência de reação do condutor,Atropelamento de Pedestre,Com Vítimas Fatais,Plena Noite,Decrescente,Nublado,Dupla,Reta,Sim,3.0,1.0,0.0,0.0,0.0,1.0,0.0,3.0,"-25,545814","-48,543916",SPRF-PR,DEL01/PR,UOP05-DEL01-PR
744644,09/01/2026,sexta-feira,18:50:00,PA,163.0,28,NOVO PROGRESSO,Ingestão de álcool pelo condutor,Saída de leito carroçável,Com Vítimas Feridas,Anoitecer,Crescente,Ignorado,Simples,Reta,Não,1.0,0.0,1.0,0.0,1.0,0.0,0.0,1.0,"-9,331671","-54,841016",SPRF-MT,DEL06/MT,UOP03-DEL06-MT
744651,09/01/2026,sexta-feira,20:35:00,PR,116.0,113,CURITIBA,Manobra de mudança de faixa,Colisão lateral mesmo sentido,Sem Vítimas,Plena Noite,Decrescente,Nublado,Dupla,Reta,Não,4.0,0.0,0.0,0.0,0.0,3.0,0.0,3.0,"-25,550308","-49,28235",SPRF-PR,DEL01/PR,UOP03-DEL01-PR
744652,09/01/2026,sexta-feira,21:10:00,SC,101.0,"234,1",PALHOCA,Ausência de reação do condutor,Colisão traseira,Com Vítimas Fatais,Plena Noite,Decrescente,Céu Claro,Dupla,Aclive;Reta,Não,2.0,1.0,0.0,0.0,0.0,1.0,0.0,2.0,"-27,81047","-48,63525",SPRF-SC,DEL01/SC,UOP02-DEL01-SC
744655,09/01/2026,sexta-feira,18:00:00,SC,470.0,"13,9",ILHOTA,Reação tardia ou ineficiente do condutor,Colisão traseira,Com Vítimas Feridas,Pleno dia,Decrescente,Nublado,Dupla,Reta,Não,5.0,0.0,2.0,2.0,4.0,1.0,0.0,2.0,"-26,83781","-48,775228",SPRF-SC,DEL04/SC,UOP04-DEL04-SC
744677,09/01/2026,sexta-feira,23:50:00,PE,101.0,"7,1",GOIANA,Reação tardia ou ineficiente do condutor,Colisão traseira,Com Vítimas Feridas,Plena Noite,Decrescente,Céu Claro,Dupla,Reta,Não,3.0,0.0,1.0,0.0,1.0,2.0,0.0,2.0,"-7,560885","-34,990322",SPRF-PE,DEL01/PE,UOP02-DEL01-PE
744684,10/01/2026,sábado,01:25:00,PR,373.0,"192,2",PONTA GROSSA,Reação tardia ou ineficiente do condutor,Colisão traseira,Com Vítimas Feridas,Plena Noite,Decrescente,Nublado,Simples,Reta,Sim,3.0,0.0,1.0,0.0,1.0,2.0,0.0,2.0,"-25,06646","-50,353842",SPRF-PR,DEL03/PR,UOP01-DEL03-PR
744689,10/01/2026,sábado,04:00:00,ES,259.0,36,COLATINA,Velocidade Incompatível,Saída de leito carroçável,Com Vítimas Feridas,Amanhecer,Decrescente,Nublado,Simples,Curva,Não,1.0,0.0,1.0,0.0,1.0,0.0,0.0,1.0,"-19,554353","-40,496128",SPRF-ES,DEL02-ES,UOP01-DEL02-ES
744694,10/01/2026,sábado,04:30:00,SC,470.0,"54,2",BLUMENAU,Transitar na contramão,Colisão frontal,Com Vítimas Feridas,Plena Noite,Crescente,Nublado,Simples,Reta,Sim,4.0,0.0,2.0,0.0,2.0,2.0,0.0,2.0,"-26,87179","-49,11218",SPRF-SC,DEL04/SC,UOP01-DEL04-SC
744696,09/01/2026,sexta-feira,15:10:00,BA,101.0,118,ALAGOINHAS,Mal súbito do condutor,Colisão frontal,Com Vítimas Feridas,Pleno dia,Crescente,Céu Claro,Simples,Reta,Não,2.0,0.0,0.0,1.0,1.0,1.0,0.0,2.0,"-12,16575492","-38,47487569",SPRF-BA,DEL01/BA,UOP04-DEL01-BA
744699,10/01/2026,sábado,04:30:00,SP,381.0,"48,3",ATIBAIA,Ingestão de álcool pelo condutor,Colisão com objeto,Sem Vítimas,Amanhecer,Crescente,Céu Claro,Dupla,Reta,Não,2.0,0.0,0.0,0.0,0.0,1.0,0.0,2.0,"-23,201113","-46,589013",SPRF-SP,DEL03/SP,UOP01-DEL03-SP
744702,10/01/2026,sábado,05:00:00,GO,153.0,546,PIRACANJUBA,Reação tardia ou ineficiente do condutor,Colisão traseira,Com Vítimas Feridas,Amanhecer,Decrescente,Nublado,Dupla,Reta,Não,3.0,0.0,0.0,1.0,1.0,1.0,0.0,3.0,"-17,089773","-49,220413",SPRF-GO,DEL01/GO,UOP03-DEL01-GO
744712,10/01/2026,sábado,07:20:00,SC,101.0,110,PENHA,Reação tardia ou ineficiente do condutor,Colisão lateral mesmo sentido,Com Vítimas Feridas,Pleno dia,Decrescente,Chuva,Dupla,Reta,Não,2.0,0.0,1.0,0.0,1.0,1.0,0.0,2.0,"-26,8350075","-48,7075696",SPRF-SC,DEL03/SC,UOP02-DEL03-SC
744713,10/01/2026,sábado,05:30:00,PE,101.0,"35,6",ITAPISSUMA,Ausência de reação do condutor,Colisão traseira,Com Vítimas Feridas,Amanhecer,Decrescente,Chuva,Dupla,Declive;Reta,Não,2.0,0.0,0.0,1.0,1.0,1.0,0.0,2.0,"-7,78502","-34,93055",SPRF-PE,DEL01/PE,UOP02-DEL01-PE
744719,10/01/2026,sábado,07:05:00,RS,116.0,"471,8",SAO LOURENCO DO SUL,Ausência de reação do condutor,Saída de leito carroçável,Sem Vítimas,Pleno dia,Crescente,Sol,Dupla,Reta,Não,1.0,0.0,0.0,0.0,0.0,1.0,0.0,1.0,"-31,36","-52,08",SPRF-RS,DEL07/RS,UOP01-DEL07-RS
744730,10/01/2026,sábado,05:10:00,GO,153.0,118,TEREZOPOLIS DE GOIAS,Ingestão de substâncias psicoativas pelo condutor,Colisão traseira,Sem Vítimas,Amanhecer,Crescente,Céu Claro,Dupla,Reta;Declive;Interseção de Vias,Sim,3.0,0.0,0.0,0.0,0.0,2.0,0.0,4.0,"-16,48430057","-49,09301555",SPRF-GO,DEL07/GO,UOP01-DEL07-GO
744736,10/01/2026,sábado,08:00:00,SC,470.0,"47,1",BLUMENAU,Acumulo de água sobre o pavimento,Colisão traseira,Com Vítimas Feridas,Pleno dia,Crescente,Chuva,Dupla,Reta,Sim,4.0,0.0,1.0,0.0,1.0,2.0,0.0,4.0,"-26,8630074","-49,04899685",SPRF-SC,DEL04/SC,UOP01-DEL04-SC
744737,10/01/2026,sábado,08:40:00,PR,376.0,170,MARINGA,Manobra de mudança de faixa,Colisão traseira,Com Vítimas Feridas,Pleno dia,Crescente,Céu Claro,Dupla,Reta,Sim,2.0,0.0,0.0,1.0,1.0,1.0,0.0,2.0,"-23,40869868","-51,98961366",SPRF-PR,DEL09/PR,UOP01-DEL09-PR
744740,10/01/2026,sábado,07:00:00,RO,364.0,"546,8",ALTO PARAISO,Ingestão de álcool pelo condutor,Colisão lateral sentido oposto,Sem Vítimas,Pleno dia,Crescente,Nublado,Simples,Curva,Não,6.0,0.0,0.0,0.0,0.0,6.0,0.0,3.0,"-9,668903","-63,0991",SPRF-RO,DEL03-RO,UOP01-DEL03-RO
744745,10/01/2026,sábado,07:30:00,CE,116.0,502,BREJO SANTO,Condutor deixou de manter distância do veículo da frente,Colisão traseira,Com Vítimas Feridas,Pleno dia,Crescente,Nublado,Simples,Reta,Sim,7.0,0.0,2.0,0.0,2.0,4.0,0.0,4.0,"-7,493798","-38,984317",SPRF-CE,DEL05/CE,UOP03-DEL05-CE
744750,07/01/2026,quarta-feira,02:03:00,SC,282.0,"558,1",NOVA ITABERABA,Transitar na contramão,Colisão lateral sentido oposto,Com Vítimas Feridas,Plena Noite,Decrescente,Nublado,Simples,Aclive;Curva,Não,2.0,0.0,1.0,0.0,1.0,1.0,0.0,2.0,"-26,93070252","-52,82727448",SPRF-SC,DEL07/SC,UOP01-DEL07-SC
744751,10/01/2026,sábado,10:25:00,RS,116.0,300,ELDORADO DO SUL,Acessar a via sem observar a presença dos outros veículos,Colisão transversal,Com Vítimas Feridas,Pleno dia,Crescente,Nublado,Simples,Reta,Não,2.0,0.0,1.0,0.0,1.0,1.0,0.0,2.0,"-30,0253184","-51,3212416",SPRF-RS,DEL02/RS,UOP01-DEL02-RS
744756,10/01/2026,sábado,09:30:00,MT,364.0,138,PEDRA PRETA,Problema com o freio,Colisão lateral sentido oposto,Com Vítimas Feridas,Pleno dia,Crescente,Céu Claro,Simples,Reta,Não,4.0,0.0,1.0,0.0,1.0,2.0,0.0,6.0,"-16,79504","-54,19136",SPRF-MT,DEL02/MT,UOP01-DEL02-MT
744767,10/01/2026,sábado,11:25:00,RN,226.0,"137,9",CAMPO REDONDO,Condutor deixou de manter distância do veículo da frente,Engavetamento,Sem Vítimas,Pleno dia,Crescente,Céu Claro,Simples,Reta,Não,4.0,0.0,0.0,0.0,0.0,3.0,0.0,4.0,"-6,20338617","-36,19296167",SPRF-RN,DEL03-RN,UOP02-DEL03-RN
744768,10/01/2026,sábado,11:30:00,RS,290.0,682,URUGUAIANA,Condutor Dormindo,Colisão lateral sentido oposto,Com Vítimas Feridas,Pleno dia,Decrescente,Céu Claro,Simples,Reta,Não,6.0,0.0,2.0,0.0,2.0,4.0,0.0,2.0,"-29,91848888","-56,65297508",SPRF-RS,DEL13/RS,UOP01-DEL13-RS
744772,10/01/2026,sábado,12:05:00,PR,376.0,"3,8",APUCARANA,Reação tardia ou ineficiente do condutor,Colisão transversal,Com Vítimas Feridas,Pleno dia,Decrescente,Céu Claro,Simples,Interseção de Vias,Sim,3.0,0.0,0.0,1.0,1.0,1.0,0.0,5.0,"-23,55669912","-51,44281814",SPRF-PR,DEL07/PR,UOP03-DEL07-PR
744778,10/01/2026,sábado,12:20:00,PE,101.0,"152,1",RIBEIRAO,Acessar a via sem observar a presença dos outros veículos,Colisão traseira,Com Vítimas Feridas,Pleno dia,Decrescente,Céu Claro,Dupla,Declive;Reta,Sim,3.0,0.0,1.0,0.0,1.0,1.0,0.0,4.0,"-8,5138647","-35,3862448",SPRF-PE,DEL01/PE,UOP03-DEL01-PE
744782,10/01/2026,sábado,11:00:00,MT,70.0,123,GENERAL CARNEIRO,Reação tardia ou ineficiente do condutor,Tombamento,Sem Vítimas,Pleno dia,Crescente,Garoa/Chuvisco,Simples,Aclive;Curva,Não,2.0,0.0,0.0,0.0,0.0,1.0,0.0,4.0,"-15,57820738","-53,02824043",SPRF-MT,DEL07/MT,UOP01-DEL07-MT
744788,10/01/2026,sábado,14:00:00,SP,116.0,"145,3",SAO JOSE DOS CAMPOS,Manobra de mudança de faixa,Colisão lateral mesmo sentido,Com Vítimas Feridas,Pleno dia,Decrescente,Céu Claro,Múltipla,Reta,Sim,3.0,0.0,0.0,1.0,1.0,1.0,0.0,3.0,"-23,187328","-45,855377",SPRF-SP,DEL02/SP,UOP01-DEL02-SP
744791,10/01/2026,sábado,13:40:00,PE,101.0,13,GOIANA,Ausência de reação do condutor,Colisão traseira,Com Vítimas Feridas,Pleno dia,Crescente,Céu Claro,Dupla,Reta,Não,2.0,0.0,1.0,0.0,1.0,1.0,0.0,2.0,"-7,6058778","-34,97787666",SPRF-PE,DEL01/PE,UOP02-DEL01-PE
744793,10/01/2026,sábado,14:25:00,PR,376.0,167,MARINGA,Reação tardia ou ineficiente do condutor,Colisão traseira,Com Vítimas Feridas,Pleno dia,Decrescente,Chuva,Dupla,Reta,Sim,3.0,0.0,1.0,0.0,1.0,1.0,0.0,3.0,"-23,39009","-52,0148134",SPRF-PR,DEL09/PR,UOP01-DEL09-PR
744795,10/01/2026,sábado,14:36:00,RJ,116.0,"284,1",BARRA MANSA,Velocidade Incompatível,Engavetamento,Com Vítimas Feridas,Pleno dia,Decrescente,Sol,Dupla,Viaduto;Reta;Aclive,Não,5.0,0.0,1.0,0.0,1.0,3.0,0.0,4.0,"-22,51363975","-44,21155608",SPRF-RJ,DEL07/RJ,UOP02-DEL07-RJ
744796,10/01/2026,sábado,12:10:00,GO,60.0,38,GOIANIA,Velocidade Incompatível,Tombamento,Com Vítimas Feridas,Pleno dia,Decrescente,Céu Claro,Dupla,Rotatória,Sim,2.0,0.0,1.0,0.0,1.0,0.0,0.0,3.0,"-16,75170615","-49,33959668",SPRF-GO,DEL01/GO,UOP02-DEL01-GO
744801,10/01/2026,sábado,15:20:00,SC,101.0,"206,2",SAO JOSE,Manobra de mudança de faixa,Colisão traseira,Com Vítimas Feridas,Pleno dia,Decrescente,Nublado,Múltipla,Reta,Sim,4.0,0.0,1.0,0.0,1.0,1.0,0.0,4.0,"-27,594188","-48,618837",SPRF-SC,DEL01/SC,UOP01-DEL01-SC
744802,10/01/2026,sábado,11:30:00,MA,226.0,441,GRAJAU,Ultrapassagem Indevida,Colisão lateral mesmo sentido,Com Vítimas Feridas,Pleno dia,Decrescente,Céu Claro,Simples,Reta,Não,3.0,0.0,1.0,0.0,1.0,2.0,0.0,2.0,"-5,91399","-46,32596",SPRF-MA,DEL04-MA,UOP02-DEL04-MA
744807,10/01/2026,sábado,15:57:00,PR,376.0,"680,7",GUARATUBA,Manobra de mudança de faixa,Colisão lateral mesmo sentido,Com Vítimas Feridas,Pleno dia,Decrescente,Céu Claro,Dupla,Declive;Reta,Não,5.0,0.0,1.0,0.0,1.0,4.0,0.0,2.0,"-25,964","-48,8977",SPRF-PR,DEL01/PR,UOP04-DEL01-PR
744814,10/01/2026,sábado,17:00:00,MG,364.0,22,FRUTAL,Demais falhas mecânicas ou elétricas,Colisão com objeto,Com Vítimas Feridas,Pleno dia,Decrescente,Céu Claro,Simples,Aclive,Não,2.0,0.0,1.0,0.0,1.0,0.0,0.0,4.0,"-20,0430599","-48,85184225",SPRF-MG,DEL13/MG,UOP02-DEL13-MG
744821,10/01/2026,sábado,17:20:00,BA,101.0,166,FEIRA DE SANTANA,Acessar a via sem observar a presença dos outros veículos,Colisão lateral mesmo sentido,Com Vítimas Feridas,Pleno dia,Crescente,Céu Claro,Simples,Curva;Interseção de Vias,Não,2.0,0.0,1.0,0.0,1.0,0.0,0.0,2.0,"-12,32161","-38,872983",SPRF-BA,DEL11/BA,UOP02-DEL11-BA
744824,10/01/2026,sábado,16:20:00,ES,101.0,65,SAO MATEUS,Ingestão de álcool pelo condutor,Colisão lateral mesmo sentido,Com Vítimas Feridas,Pleno dia,Decrescente,Céu Claro,Simples,Reta,Sim,3.0,0.0,0.0,1.0,1.0,0.0,0.0,3.0,"-18,70897235","-39,87709746",SPRF-ES,DEL04-ES,UOP02-DEL04-ES
744825,10/01/2026,sábado,15:45:00,SE,101.0,93,NOSSA SENHORA DO SOCORRO,Acessar a via sem observar a presença dos outros veículos,Colisão lateral mesmo sentido,Sem Vítimas,Pleno dia,Decrescente,Céu Claro,Dupla,Reta,Sim,3.0,0.0,0.0,0.0,0.0,1.0,0.0,3.0,"-10,90212319","-37,14494787",SPRF-SE,DEL01-SE,UOP01-DEL01-SE
744832,10/01/2026,sábado,14:00:00,BA,101.0,"733,8",ITABELA,Velocidade Incompatível,Saída de leito carroçável,Com Vítimas Feridas,Pleno dia,Crescente,Chuva,Simples,Declive;Curva,Não,2.0,0.0,1.0,0.0,1.0,0.0,0.0,2.0,"-16,494228","-39,575278",SPRF-BA,DEL09/BA,UOP01-DEL09-BA
744838,10/01/2026,sábado,17:49:00,SP,116.0,282,EMBU DAS ARTES,Reação tardia ou ineficiente do condutor,Queda de ocupante de veículo,Com Vítimas Feridas,Anoitecer,Decrescente,Chuva,Dupla,Reta,Sim,4.0,0.0,2.0,0.0,2.0,1.0,0.0,4.0,"-23,66198","-46,85268",SPRF-SP,DEL04/SP,UOP01-DEL04-SP
744844,10/01/2026,sábado,18:40:00,CE,222.0,"233,2",SOBRAL,Manobra de mudança de faixa,Colisão transversal,Com Vítimas Fatais,Anoitecer,Crescente,Céu Claro,Simples,Reta,Não,3.0,1.0,0.0,0.0,0.0,1.0,0.0,3.0,"-3,712059","-40,426353",SPRF-CE,DEL04/CE,UOP01-DEL04-CE
744851,10/01/2026,sábado,19:00:00,RS,290.0,87,PORTO ALEGRE,Manobra de mudança de faixa,Colisão lateral mesmo sentido,Sem Vítimas,Plena Noite,Decrescente,Nublado,Múltipla,Reta,Sim,5.0,0.0,0.0,0.0,0.0,4.0,0.0,3.0,"-29,96746083","-51,13636717",SPRF-RS,DEL01/RS,UOP01-DEL01-RS
744855,10/01/2026,sábado,16:30:00,BA,101.0,356,WENCESLAU GUIMARAES,Carga excessiva e/ou mal acondicionada,Derramamento de carga,Sem Vítimas,Pleno dia,Crescente,Céu Claro,Simples,Curva,Não,2.0,0.0,0.0,0.0,0.0,1.0,0.0,2.0,"-13,66546","-39,478886",SPRF-BA,DEL05/BA,UOP03-DEL05-BA
744867,10/01/2026,sábado,17:00:00,BA,116.0,672,JEQUIE,Ultrapassagem Indevida,Colisão traseira,Com Vítimas Feridas,Pleno dia,Crescente,Céu Claro,Simples,Reta,Não,2.0,0.0,1.0,0.0,1.0,1.0,0.0,2.0,"-13,8425384","-40,1101469",SPRF-BA,DEL03/BA,UOP01-DEL03-BA
744880,10/01/2026,sábado,21:19:00,MG,365.0,169,BURITIZEIRO,Ingestão de álcool pelo condutor,Colisão lateral sentido oposto,Com Vítimas Feridas,Plena Noite,Crescente,Céu Claro,Simples,Reta,Não,5.0,0.0,2.0,0.0,2.0,3.0,0.0,2.0,"-17,38355","-44,98331",SPRF-MG,DEL10/MG,UOP02-DEL010-MG
744883,10/01/2026,sábado,19:10:00,SP,116.0,503,BARRA DO TURVO,Ausência de reação do condutor,Saída de leito carroçável,Com Vítimas Feridas,Plena Noite,Decrescente,Chuva,Simples,Declive;Reta,Não,2.0,0.0,1.0,0.0,1.0,1.0,0.0,1.0,"-24,9288249","-48,2715846",SPRF-SP,DEL05/SP,UOP02-DEL05-SP
744886,10/01/2026,sábado,16:40:00,SC,470.0,"101,1",APIUNA,Mal súbito do condutor,Colisão lateral sentido oposto,Com Vítimas Fatais,Pleno dia,Crescente,Céu Claro,Simples,Curva,Não,11.0,1.0,3.0,2.0,5.0,4.0,0.0,5.0,"-27,056528","-49,389295",SPRF-SC,DEL04/SC,UOP02-DEL04-SC
744907,10/01/2026,sábado,21:15:00,RS,285.0,671,SAO BORJA,Transitar na contramão,Colisão lateral sentido oposto,Sem Vítimas,Plena Noite,Decrescente,Nublado,Simples,Reta,Não,3.0,0.0,0.0,0.0,0.0,2.0,0.0,3.0,"-28,66818211","-55,95347241",SPRF-RS,DEL12/RS,UOP01-DEL12-RS
744921,11/01/2026,domingo,04:00:00,SP,116.0,187,SANTA ISABEL,Estacionar ou parar em local proibido,Colisão lateral mesmo sentido,Com Vítimas Feridas,Plena Noite,Decrescente,Céu Claro,Dupla,Reta,Não,3.0,0.0,0.0,1.0,1.0,2.0,0.0,2.0,"-23,357875","-46,210795",SPRF-SP,DEL01/SP,UOP01-DEL01-SP
744928,11/01/2026,domingo,05:15:00,SC,470.0,54,BLUMENAU,Suicídio (presumido),Colisão frontal,Com Vítimas Fatais,Amanhecer,Decrescente,Nublado,Simples,Curva,Sim,3.0,1.0,0.0,0.0,0.0,1.0,0.0,3.0,"-26,87104683","-49,10972206",SPRF-SC,DEL04/SC,UOP01-DEL04-SC
744943,11/01/2026,domingo,03:20:00,PI,230.0,"179,4",SAO JOAO DA VARJOTA,Condutor Dormindo,Colisão lateral sentido oposto,Com Vítimas Feridas,Plena Noite,Crescente,Céu Claro,Simples,Reta,Não,4.0,0.0,2.0,0.0,2.0,1.0,0.0,4.0,"-6,944702","-41,986335",SPRF-PI,DEL04-PI,UOP01-DEL04-PI
744958,11/01/2026,domingo,08:20:00,PR,376.0,673,TIJUCAS DO SUL,Demais falhas mecânicas ou elétricas,Incêndio,Sem Vítimas,Pleno dia,Decrescente,Céu Claro,Dupla,Reta,Não,2.0,0.0,0.0,0.0,0.0,1.0,0.0,2.0,"-25,84164736","-49,03051123",SPRF-PR,DEL01/PR,UOP04-DEL01-PR
744968,11/01/2026,domingo,10:20:00,RJ,393.0,274,BARRA DO PIRAI,Velocidade Incompatível,Tombamento,Com Vítimas Feridas,Pleno dia,Decrescente,Sol,Simples,Declive;Curva,Não,2.0,0.0,0.0,1.0,1.0,0.0,0.0,2.0,"-22,47407426","-43,9940583",SPRF-RJ,DEL05/RJ,UOP04-DEL05-RJ
744985,11/01/2026,domingo,12:10:00,SC,101.0,"213,2",PALHOCA,Frear bruscamente,Colisão traseira,Com Vítimas Feridas,Pleno dia,Crescente,Sol,Múltipla,Reta,Sim,11.0,0.0,5.0,0.0,5.0,6.0,0.0,8.0,"-27,63762758","-48,66565629",SPRF-SC,DEL01/SC,UOP02-DEL01-SC
744988,11/01/2026,domingo,12:30:00,SC,101.0,"117,2",ITAJAI,Ausência de reação do condutor,Colisão transversal,Com Vítimas Feridas,Pleno dia,Crescente,Sol,Simples,Interseção de Vias,Não,2.0,0.0,1.0,0.0,1.0,1.0,0.0,2.0,"-26,8903889","-48,72172091",SPRF-SC,DEL04/SC,UOP04-DEL04-SC
745004,11/01/2026,domingo,15:30:00,SC,101.0,397,MARACAJA,Desrespeitar a preferência no cruzamento,Colisão transversal,Com Vítimas Feridas,Pleno dia,Crescente,Céu Claro,Dupla,Viaduto;Retorno Regulamentado,Não,5.0,0.0,2.0,1.0,3.0,2.0,0.0,2.0,"-28,84234302","-49,42959309",SPRF-SC,DEL02/SC,UOP02-DEL02-SC
745008,11/01/2026,domingo,16:00:00,MG,50.0,74,UBERLANDIA,Ausência de reação do condutor,Colisão traseira,Com Vítimas Fatais,Pleno dia,Crescente,Céu Claro,Dupla,Reta,Sim,3.0,1.0,0.0,0.0,0.0,1.0,0.0,4.0,"-18,907128","-48,228612",SPRF-MG,DEL15/MG,UOP01-DEL15-MG
745009,11/01/2026,domingo,13:51:00,RS,471.0,155,SANTA CRUZ DO SUL,Acessar a via sem observar a presença dos outros veículos,Colisão lateral mesmo sentido,Com Vítimas Feridas,Pleno dia,Crescente,Céu Claro,Simples,Reta,Não,5.0,0.0,1.0,0.0,1.0,3.0,0.0,3.0,"-29,82000964","-52,40286469",SPRF-RS,DEL02/RS,UOP03-DEL02-RS
745010,11/01/2026,domingo,15:10:00,SP,153.0,"16,5",NOVA GRANADA,Reação tardia ou ineficiente do condutor,Colisão traseira,Sem Vítimas,Pleno dia,Crescente,Céu Claro,Simples,Aclive;Reta,Não,5.0,0.0,0.0,0.0,0.0,5.0,0.0,2.0,"-20,42986784","-49,27454042",SPRF-SP,DEL09/SP,UOP01-DEL09-SP
745011,11/01/2026,domingo,09:30:00,BA,116.0,260,TUCANO,Demais falhas mecânicas ou elétricas,Colisão com objeto,Com Vítimas Feridas,Pleno dia,Crescente,Céu Claro,Simples,Reta,Não,8.0,0.0,1.0,2.0,3.0,4.0,0.0,3.0,"-10,85744853","-38,8512503",SPRF-BA,DEL07/BA,UOP02-DEL07-BA
745029,11/01/2026,domingo,10:48:00,MA,230.0,329,SAO RAIMUNDO DAS MANGABEIRAS,Ausência de reação do condutor,Saída de leito carroçável,Com Vítimas Fatais,Pleno dia,Decrescente,Nublado,Simples,Reta,Não,3.0,2.0,0.0,0.0,0.0,0.0,0.0,2.0,"-7,06575773","-45,56642534",SPRF-MA,DEL05-MA,UOP01-DEL05-MA
745036,11/01/2026,domingo,17:40:00,TO,153.0,154,ARAGUAINA,Chuva,Tombamento,Sem Vítimas,Anoitecer,Crescente,Chuva,Simples,Ponte;Reta,Não,2.0,0.0,0.0,0.0,0.0,1.0,0.0,4.0,"-7,284022","-48,277158",SPRF-TO,DEL02-TO,UOP01-DEL02-TO
745040,11/01/2026,domingo,15:50:00,AC,317.0,224,XAPURI,Transitar na contramão,Colisão lateral sentido oposto,Com Vítimas Fatais,Pleno dia,Crescente,Céu Claro,Simples,Reta,Não,3.0,1.0,0.0,0.0,0.0,2.0,0.0,3.0,"-10,676697","-68,329587",SPRF-AC,DEL01-AC,UOP02-DEL01-AC
745054,11/01/2026,domingo,14:05:00,SC,282.0,"593,6",SAUDADES,Frear bruscamente,Saída de leito carroçável,Sem Vítimas,Pleno dia,Crescente,Chuva,Simples,Curva,Não,1.0,0.0,0.0,0.0,0.0,1.0,0.0,1.0,"-26,8240386","-53,1043951",SPRF-SC,DEL07/SC,UOP02-DEL07-SC
745064,11/01/2026,domingo,18:35:00,PI,343.0,518,AMARANTE,Demais falhas mecânicas ou elétricas,Incêndio,Sem Vítimas,Plena Noite,Crescente,Céu Claro,Simples,Reta,Não,1.0,0.0,0.0,0.0,0.0,1.0,0.0,1.0,"-6,348785","-42,794627",SPRF-PI,DEL03-PI,UOP01-DEL03-PI
745067,11/01/2026,domingo,16:30:00,MG,251.0,"402,4",GRAO MOGOL,Ausência de reação do condutor,Colisão traseira,Com Vítimas Feridas,Pleno dia,Crescente,Céu Claro,Simples,Aclive;Reta,Não,6.0,0.0,0.0,1.0,1.0,4.0,0.0,3.0,"-16,234139","-42,912976",SPRF-MG,DEL12/MG,UOP01-DEL12-MG
745094,11/01/2026,domingo,17:14:00,RO,364.0,"244,6",CACOAL,Pista Escorregadia,Colisão lateral sentido oposto,Com Vítimas Feridas,Pleno dia,Crescente,Chuva,Simples,Declive;Reta,Não,3.0,0.0,1.0,0.0,1.0,1.0,0.0,5.0,"-11,439812","-61,511818",SPRF-RO,DEL02-RO,UOP02-DEL02-RO
745101,11/01/2026,domingo,21:10:00,BA,407.0,138,SENHOR DO BONFIM,Ultrapassagem Indevida,Colisão frontal,Com Vítimas Feridas,Plena Noite,Crescente,Céu Claro,Simples,Declive,Sim,7.0,0.0,6.0,0.0,6.0,1.0,0.0,3.0,"-10,55548","-40,13665",SPRF-BA,DEL04/BA,UOP01-DEL04-BA
745112,11/01/2026,domingo,20:30:00,MT,364.0,1190,COMODORO,Animais na Pista,Saída de leito carroçável,Com Vítimas Feridas,Plena Noite,Crescente,Chuva,Simples,Declive;Reta,Não,2.0,0.0,1.0,0.0,1.0,0.0,0.0,2.0,"-13,7985945","-59,46350098",SPRF-MT,DEL04/MT,UOP02-DEL04-MT
745117,11/01/2026,domingo,06:35:00,MG,116.0,412,GOVERNADOR VALADARES,Reação tardia ou ineficiente do condutor,Colisão traseira,Com Vítimas Feridas,Pleno dia,Decrescente,Céu Claro,Dupla,Reta,Não,2.0,0.0,1.0,0.0,1.0,1.0,0.0,2.0,"-18,87100416","-41,96918376",SPRF-MG,DEL06/MG,UOP01-DEL06-MG
745123,12/01/2026,segunda-feira,00:00:00,SP,116.0,125,CACAPAVA,Velocidade Incompatível,Colisão com objeto,Sem Vítimas,Plena Noite,Crescente,Céu Claro,Dupla,Reta,Não,2.0,0.0,0.0,0.0,0.0,2.0,0.0,2.0,"-23,09494185","-45,68043156",SPRF-SP,DEL02/SP,UOP02-DEL02-SP
745126,11/01/2026,domingo,23:00:00,SC,282.0,"81,9",ALFREDO WAGNER,Demais falhas mecânicas ou elétricas,Incêndio,Sem Vítimas,Plena Noite,Crescente,Céu Claro,Simples,Declive,Não,2.0,0.0,0.0,0.0,0.0,1.0,0.0,3.0,"-27,69754662","-49,30130705",SPRF-SC,DEL01/SC,UOP03-DEL01-SC
745128,12/01/2026,segunda-feira,00:05:00,RJ,356.0,9,ITAPERUNA,Ultrapassagem Indevida,Colisão com objeto,Com Vítimas Feridas,Plena Noite,Crescente,Ignorado,Simples,Aclive,Não,3.0,0.0,2.0,0.0,2.0,1.0,0.0,2.0,"-21,16794458","-42,11805987",SPRF-RJ,DEL08/RJ,UOP03-DEL08-RJ