id,data_inversa,dia_semana,horario,uf,br,km,municipio,causa_acidente,tipo_acidente,classificacao_acidente,fase_dia,sentido_via,condicao_metereologica,tipo_pista,tracado_via,uso_solo,pessoas,mortos,feridos_leves,feridos_graves,feridos,ilesos,ignorados,veiculos,latitude,longitude,regional,delegacia,uop
745535,14/01/2026,quarta-feira,08:10:00,SP,116.0,"19,4",LAVRINHAS,Demais falhas mecânicas ou elétricas,Colisão traseira,Com Vítimas Feridas,Pleno dia,Decrescente,Céu Claro,Dupla,Reta,Não,3.0,0.0,0.0,1.0,1.0,1.0,0.0,4.0,"-22,56438308","-44,86526728",SPRF-SP,DEL08/SP,UOP02-DEL08-SP
745539,14/01/2026,quarta-feira,07:52:00,PE,232.0,"408,3",SERRA TALHADA,Conversão proibida,Colisão transversal,Com Vítimas Feridas,Pleno dia,Crescente,Céu Claro,Simples,Reta,Sim,2.0,0.0,0.0,1.0,1.0,1.0,0.0,2.0,"-7,983633","-38,280816",SPRF-PE,DEL04/PE,UOP01-DEL04-PE
745541,14/01/2026,quarta-feira,08:30:00,ES,101.0,"139,7",LINHARES,Condutor usando celular,Colisão lateral mesmo sentido,Com Vítimas Feridas,Pleno dia,Decrescente,Nublado,Múltipla,Reta,Não,3.0,0.0,1.0,0.0,1.0,2.0,0.0,2.0,"-19,31560667","-40,07696333",SPRF-ES,DEL04-ES,UOP01-DEL04-ES
745543,12/01/2026,segunda-feira,12:15:00,BA,110.0,308,ALAGOINHAS,Velocidade Incompatível,Saída de leito carroçável,Com Vítimas Feridas,Pleno dia,Crescente,Céu Claro,Simples,Curva,Não,2.0,0.0,1.0,0.0,1.0,0.0,0.0,3.0,"-12,02983922","-38,37322354",SPRF-BA,DEL01/BA,UOP04-DEL01-BA
745559,01/01/2026,quinta-feira,09:30:00,MG,381.0,688,LAVRAS,Velocidade Incompatível,Saída de leito carroçável,Com Vítimas Feridas,Pleno dia,Decrescente,Céu Claro,Dupla,Curva,Não,2.0,0.0,0.0,1.0,1.0,0.0,0.0,2.0,"-21,18708","-45,116793",SPRF-MG,DEL04/MG,UOP02-DEL04-MG
745564,14/01/2026,quarta-feira,10:35:00,RN,101.0,"104,1",PARNAMIRIM,Manobra de mudança de faixa,Colisão lateral mesmo sentido,Sem Vítimas,Pleno dia,Crescente,Céu Claro,Dupla,Rotatória;Curva,Não,4.0,0.0,0.0,0.0,0.0,3.0,0.0,4.0,"-5,891116","-35,258277",SPRF-RN,DEL01-RN,UOP01-DEL01-RN
745567,14/01/2026,quarta-feira,12:00:00,MT,163.0,626,NOVA MUTUM,Demais falhas mecânicas ou elétricas,Incêndio,Sem Vítimas,Pleno dia,Decrescente,Nublado,Dupla,Em Obras;Reta,Não,2.0,0.0,0.0,0.0,0.0,1.0,0.0,3.0,"-13,4928","-56,05293",SPRF-MT,DEL01/MT,UOP01-DEL01-MT
745569,14/01/2026,quarta-feira,18:10:00,RS,290.0,91,PORTO ALEGRE,Manobra de mudança de faixa,Colisão lateral mesmo sentido,Com Vítimas Feridas,Pleno dia,Decrescente,Céu Claro,Dupla,Curva,Sim,3.0,0.0,1.0,0.0,1.0,1.0,0.0,3.0,"-29,96900718","-51,16744995",SPRF-RS,DEL01/RS,UOP01-DEL01-RS
745571,14/01/2026,quarta-feira,14:00:00,SC,282.0,"16,6",PALHOCA,Acessar a via sem observar a presença dos outros veículos,Colisão transversal,Com Vítimas Feridas,Pleno dia,Crescente,Céu Claro,Simples,Reta,Sim,3.0,0.0,1.0,0.0,1.0,1.0,0.0,3.0,"-27,662848","-48,685772",SPRF-SC,DEL01/SC,UOP02-DEL01-SC
745572,14/01/2026,quarta-feira,20:15:00,MG,153.0,"24,8",CENTRALINA,Chuva,Saída de leito carroçável,Com Vítimas Feridas,Plena Noite,Crescente,Chuva,Dupla,Declive,Não,2.0,0.0,0.0,1.0,1.0,1.0,0.0,1.0,"-18,628392","-49,184995",SPRF-MG,DEL15/MG,UOP03-DEL15-MG
745575,14/01/2026,quarta-feira,20:30:00,MG,153.0,3,ARAPORA,Ausência de reação do condutor,Saída de leito carroçável,Sem Vítimas,Plena Noite,Crescente,Chuva,Dupla,Reta;Aclive,Sim,1.0,0.0,0.0,0.0,0.0,1.0,0.0,1.0,"-18,44169973","-49,18834146",SPRF-MG,DEL15/MG,UOP03-DEL15-MG
745578,14/01/2026,quarta-feira,10:50:00,PE,408.0,"27,1",ALIANCA,Acessar a via sem observar a presença dos outros veículos,Colisão frontal,Com Vítimas Feridas,Pleno dia,Decrescente,Céu Claro,Simples,Reta,Sim,4.0,0.0,2.0,0.0,2.0,2.0,0.0,2.0,"-7,59904512","-35,24255276",SPRF-PE,DEL01/PE,UOP01-DEL01-PE
745579,14/01/2026,quarta-feira,20:30:00,MS,163.0,"41,3",ELDORADO,Ingestão de álcool pelo condutor,Colisão lateral mesmo sentido,Sem Vítimas,Plena Noite,Crescente,Céu Claro,Simples,Reta,Não,3.0,0.0,0.0,0.0,0.0,2.0,0.0,4.0,"-23,777614","-54,276668",SPRF-MS,DEL09/MS,UOP02-DEL09-MS
745585,14/01/2026,quarta-feira,10:20:00,MT,163.0,810,SINOP,Condutor Dormindo,Colisão frontal,Com Vítimas Feridas,Pleno dia,Decrescente,Céu Claro,Simples,Reta,Não,9.0,0.0,1.0,0.0,1.0,7.0,0.0,12.0,"-12,09262846","-55,51773984",SPRF-MT,DEL06/MT,UOP02-DEL06-MT
745594,14/01/2026,quarta-feira,14:10:00,MG,381.0,563,ITAGUARA,Carga excessiva e/ou mal acondicionada,Tombamento,Com Vítimas Feridas,Pleno dia,Decrescente,Chuva,Dupla,Curva,Não,3.0,0.0,1.0,0.0,1.0,1.0,0.0,2.0,"-20,38693666","-44,48313832",SPRF-MG,DEL04/MG,UOP03-DEL04-MG
745595,14/01/2026,quarta-feira,15:25:00,MG,381.0,"564,5",ITAGUARA,Condutor Dormindo,Saída de leito carroçável,Com Vítimas Feridas,Pleno dia,Decrescente,Chuva,Dupla,Reta,Não,2.0,0.0,0.0,1.0,1.0,0.0,0.0,2.0,"-20,39240746","-44,49584126",SPRF-MG,DEL04/MG,UOP03-DEL04-MG
745597,14/01/2026,quarta-feira,15:34:00,MG,381.0,564,ITAGUARA,Reação tardia ou ineficiente do condutor,Colisão traseira,Com Vítimas Feridas,Pleno dia,Crescente,Chuva,Dupla,Reta,Sim,4.0,0.0,1.0,0.0,1.0,2.0,0.0,6.0,"-20,39188861","-44,49363884",SPRF-MG,DEL04/MG,UOP03-DEL04-MG
745599,14/01/2026,quarta-feira,18:50:00,SP,116.0,561,BARRA DO TURVO,Velocidade Incompatível,Tombamento,Com Vítimas Fatais,Plena Noite,Crescente,Garoa/Chuvisco,Simples,Curva;Declive,Não,2.0,1.0,0.0,0.0,0.0,0.0,0.0,2.0,"-25,0245566","-48,5183808",SPRF-SP,DEL05/SP,UOP02-DEL05-SP
745608,14/01/2026,quarta-feira,15:50:00,SC,280.0,187,MAFRA,Ultrapassagem Indevida,Colisão frontal,Com Vítimas Feridas,Pleno dia,Decrescente,Céu Claro,Múltipla,Reta;Declive,Não,3.0,0.0,0.0,1.0,1.0,2.0,0.0,3.0,"-26,174006","-49,904838",SPRF-SC,DEL06/SC,UOP01-DEL06-SC
745613,14/01/2026,quarta-feira,09:20:00,SC,116.0,"148,3",SANTA CECILIA,Demais falhas mecânicas ou elétricas,Tombamento,Sem Vítimas,Pleno dia,Decrescente,Céu Claro,Simples,Reta,Não,2.0,0.0,0.0,0.0,0.0,1.0,0.0,2.0,"-27,018138","-50,422913",SPRF-SC,DEL06/SC,UOP02-DEL06-SC
745614,14/01/2026,quarta-feira,16:50:00,MS,163.0,149,NAVIRAI,Reação tardia ou ineficiente do condutor,Colisão traseira,Sem Vítimas,Pleno dia,Decrescente,Céu Claro,Simples,Aclive;Curva,Não,4.0,0.0,0.0,0.0,0.0,3.0,0.0,3.0,"-22,96048394","-54,4336389",SPRF-MS,DEL09/MS,UOP01-DEL09-MS
745616,14/01/2026,quarta-feira,16:30:00,ES,262.0,75,DOMINGOS MARTINS,Reação tardia ou ineficiente do condutor,Tombamento,Sem Vítimas,Amanhecer,Decrescente,Garoa/Chuvisco,Simples,Curva,Não,2.0,0.0,0.0,0.0,0.0,1.0,0.0,2.0,"-20,414498","-40,907201",SPRF-ES,DEL01-ES,UOP02-DEL01-ES
745619,14/01/2026,quarta-feira,21:05:00,BA,407.0,137,SENHOR DO BONFIM,Suicídio (presumido),Colisão lateral sentido oposto,Com Vítimas Fatais,Plena Noite,Decrescente,Céu Claro,Simples,Aclive;Reta,Não,4.0,1.0,0.0,1.0,1.0,1.0,0.0,3.0,"-10,52814","-40,13898",SPRF-BA,DEL04/BA,UOP01-DEL04-BA
745620,14/01/2026,quarta-feira,15:30:00,GO,60.0,"109,8",GOIANAPOLIS,Reação tardia ou ineficiente do condutor,Saída de leito carroçável,Com Vítimas Fatais,Pleno dia,Crescente,Chuva,Dupla,Declive,Não,13.0,3.0,5.0,1.0,6.0,3.0,0.0,8.0,"-16,448563","-49,026626",SPRF-GO,DEL01/GO,UOP01-DEL01-GO
745622,14/01/2026,quarta-feira,21:30:00,PR,373.0,172,PONTA GROSSA,Manobra de mudança de faixa,Colisão lateral mesmo sentido,Sem Vítimas,Plena Noite,Decrescente,Nublado,Dupla,Viaduto;Reta,Sim,3.0,0.0,0.0,0.0,0.0,2.0,0.0,3.0,"-25,08133313","-50,19166231",SPRF-PR,DEL03/PR,UOP01-DEL03-PR
745627,14/01/2026,quarta-feira,18:40:00,RN,304.0,"48,3",MOSSORO,Acessar a via sem observar a presença dos outros veículos,Colisão transversal,Com Vítimas Feridas,Plena Noite,Crescente,Céu Claro,Dupla,Retorno Regulamentado,Sim,3.0,0.0,0.0,1.0,1.0,2.0,0.0,2.0,"-5,23097","-37,32089",SPRF-RN,DEL04-RN,UOP01-DEL04-RN
745630,14/01/2026,quarta-feira,14:00:00,MS,163.0,479,CAMPO GRANDE,Trafegar com motocicleta (ou similar) entre as faixas,Colisão lateral mesmo sentido,Com Vítimas Feridas,Pleno dia,Crescente,Chuva,Simples,Viaduto;Reta,Não,3.0,0.0,1.0,0.0,1.0,1.0,0.0,4.0,"-20,48050635","-54,55932705",SPRF-MS,DEL01/MS,UOP01-DEL01-MS
745632,14/01/2026,quarta-feira,20:20:00,RJ,116.0,240,PIRAI,Manobra de mudança de faixa,Colisão lateral mesmo sentido,Com Vítimas Feridas,Plena Noite,Decrescente,Céu Claro,Dupla,Reta,Não,2.0,0.0,0.0,1.0,1.0,0.0,0.0,2.0,"-22,645","-43,897",SPRF-RJ,DEL07/RJ,UOP01-DEL07-RJ
745634,14/01/2026,quarta-feira,17:00:00,RN,405.0,130,SAO FRANCISCO DO OESTE,Acessar a via sem observar a presença dos outros veículos,Colisão transversal,Com Vítimas Fatais,Anoitecer,Crescente,Céu Claro,Simples,Reta,Não,2.0,1.0,0.0,0.0,0.0,1.0,0.0,2.0,"-5,961124","-38,127227",SPRF-RN,DEL04-RN,UOP02-DEL04-RN
745639,14/01/2026,quarta-feira,22:25:00,MS,158.0,104,PARANAIBA,Transitar na contramão,Colisão frontal,Com Vítimas Fatais,Plena Noite,Decrescente,Chuva,Simples,Reta;Aclive,Não,3.0,1.0,1.0,0.0,1.0,0.0,0.0,3.0,"-19,737278","-51,130576",SPRF-MS,DEL08/MS,UOP01-DEL08-MS
745640,14/01/2026,quarta-feira,20:00:00,MT,364.0,1177,CAMPOS DE JULIO,Ausência de reação do condutor,Saída de leito carroçável,Com Vítimas Feridas,Plena Noite,Decrescente,Céu Claro,Simples,Reta,Não,2.0,0.0,2.0,0.0,2.0,0.0,0.0,1.0,"-13,69112084","-59,21700242",SPRF-MT,DEL04/MT,UOP02-DEL04-MT
745645,14/01/2026,quarta-feira,23:30:00,SE,101.0,"42,5",CAPELA,Problema com o freio,Incêndio,Sem Vítimas,Plena Noite,Crescente,Céu Claro,Dupla,Reta,Não,2.0,0.0,0.0,0.0,0.0,1.0,0.0,2.0,"-10,45405133","-36,94015503",SPRF-SE,DEL02-SE,UOP02-DEL02-SE
745648,14/01/2026,quarta-feira,15:33:00,RO,364.0,10,VILHENA,Estacionar ou parar em local proibido,Colisão com objeto,Com Vítimas Feridas,Pleno dia,Crescente,Céu Claro,Dupla,Reta,Sim,3.0,0.0,1.0,0.0,1.0,1.0,0.0,3.0,"-12,74920681","-60,10792807",SPRF-RO,DEL04-RO,UOP01-DEL04-RO
745654,14/01/2026,quarta-feira,23:00:00,PR,376.0,444,TIBAGI,Reação tardia ou ineficiente do condutor,Saída de leito carroçável,Com Vítimas Feridas,Plena Noite,Decrescente,Ignorado,Dupla,Curva,Não,2.0,0.0,1.0,0.0,1.0,0.0,0.0,3.0,"-24,94208709","-50,40399134",SPRF-PR,DEL03/PR,UOP02-DEL03-PR
745655,15/01/2026,quinta-feira,00:04:00,PB,104.0,133,QUEIMADAS,Manobra de mudança de faixa,Colisão frontal,Com Vítimas Feridas,Plena Noite,Decrescente,Céu Claro,Simples,Reta,Não,3.0,0.0,1.0,0.0,1.0,0.0,0.0,3.0,"-7,308632","-35,893603",SPRF-PB,DEL02-PB,UOP03-DEL02-PB
745662,14/01/2026,quarta-feira,08:00:00,SP,116.0,18,LAVRINHAS,Reação tardia ou ineficiente do condutor,Colisão traseira,Sem Vítimas,Pleno dia,Decrescente,Céu Claro,Dupla,Reta,Não,3.0,0.0,0.0,0.0,0.0,2.0,0.0,4.0,"-22,56025247","-44,85928937",SPRF-SP,DEL08/SP,UOP02-DEL08-SP
745672,14/01/2026,quarta-feira,22:15:00,MG,116.0,"40,4",PEDRA AZUL,Condutor Dormindo,Colisão frontal,Com Vítimas Feridas,Plena Noite,Decrescente,Nublado,Simples,Reta,Não,3.0,0.0,1.0,1.0,2.0,0.0,0.0,4.0,"-15,98565764","-41,40684692",SPRF-MG,DEL11/MG,UOP02-DEL11-MG
745673,15/01/2026,quinta-feira,04:30:00,SC,470.0,"32,9",GASPAR,Ausência de reação do condutor,Colisão traseira,Com Vítimas Fatais,Amanhecer,Crescente,Nublado,Dupla,Reta,Sim,3.0,1.0,0.0,0.0,0.0,1.0,0.0,3.0,"-26,90623605","-48,94054826",SPRF-SC,DEL04/SC,UOP01-DEL04-SC
745676,14/01/2026,quarta-feira,14:30:00,BA,101.0,259,SANTO ANTONIO DE JESUS,Acesso irregular,Colisão transversal,Com Vítimas Fatais,Pleno dia,Crescente,Céu Claro,Simples,Declive;Reta,Não,2.0,1.0,0.0,0.0,0.0,0.0,0.0,2.0,"-12,95610862","-39,26439199",SPRF-BA,DEL11/BA,UOP01-DEL11-BA
745681,14/01/2026,quarta-feira,11:05:00,GO,60.0,"92,7",ANAPOLIS,Conversão proibida,Colisão transversal,Com Vítimas Feridas,Pleno dia,Crescente,Céu Claro,Dupla,Reta;Interseção de Vias;Retorno Regulamentado,Sim,5.0,0.0,1.0,0.0,1.0,3.0,0.0,3.0,"-16,352549","-48,917092",SPRF-GO,DEL02/GO,UOP01-DEL02-GO
745683,15/01/2026,quinta-feira,03:57:00,CE,222.0,49,SAO GONCALO DO AMARANTE,Condutor Dormindo,Saída de leito carroçável,Com Vítimas Feridas,Plena Noite,Crescente,Céu Claro,Simples,Reta;Ponte,Não,1.0,0.0,0.0,1.0,1.0,0.0,0.0,1.0,"-3,667283","-38,986833",SPRF-CE,DEL01/CE,UOP03-DEL01-CE
745684,14/01/2026,quarta-feira,09:00:00,CE,222.0,"85,1",UMIRIM,Manobra de mudança de faixa,Colisão lateral mesmo sentido,Com Vítimas Feridas,Pleno dia,Crescente,Céu Claro,Simples,Reta,Não,6.0,0.0,1.0,0.0,1.0,4.0,0.0,3.0,"-3,7268635","-39,4193698",SPRF-CE,DEL01/CE,UOP03-DEL01-CE
745700,14/01/2026,quarta-feira,11:35:00,PR,163.0,162,SANTA LUCIA,Retorno proibido,Colisão transversal,Com Vítimas Feridas,Pleno dia,Crescente,Céu Claro,Dupla,Reta,Não,2.0,0.0,1.0,0.0,1.0,1.0,0.0,2.0,"-25,372345","-53,573541",SPRF-PR,DEL05/PR,UOP05-DEL05-PR
745702,15/01/2026,quinta-feira,05:10:00,MG,50.0,54,ARAGUARI,Velocidade Incompatível,Saída de leito carroçável,Com Vítimas Feridas,Amanhecer,Crescente,Chuva,Dupla,Curva;Declive,Não,1.0,0.0,1.0,0.0,1.0,0.0,0.0,1.0,"-18,7713915","-48,2447637",SPRF-MG,DEL15/MG,UOP02-DEL15-MG
745706,14/01/2026,quarta-feira,13:00:00,PR,376.0,"525,5",PALMEIRA,Ausência de reação do condutor,Colisão traseira,Com Vítimas Feridas,Pleno dia,Crescente,Céu Claro,Dupla,Aclive;Reta,Não,3.0,0.0,1.0,0.0,1.0,1.0,0.0,3.0,"-25,30193178","-49,89060966",SPRF-PR,DEL03/PR,UOP03-DEL03-PR
745707,15/01/2026,quinta-feira,06:00:00,RJ,116.0,177,BELFORD ROXO,Ausência de reação do condutor,Colisão transversal,Com Vítimas Feridas,Amanhecer,Crescente,Céu Claro,Dupla,Reta,Não,2.0,0.0,1.0,0.0,1.0,1.0,0.0,2.0,"-22,77414612","-43,40171976",SPRF-RJ,DEL06/RJ,UOP01-DEL06-RJ
745710,15/01/2026,quinta-feira,03:30:00,PR,376.0,433,TIBAGI,Velocidade Incompatível,Colisão com objeto,Com Vítimas Feridas,Plena Noite,Decrescente,Céu Claro,Dupla,Curva;Declive,Não,2.0,0.0,1.0,0.0,1.0,0.0,0.0,2.0,"-24,80413416","-50,48913924",SPRF-PR,DEL03/PR,UOP02-DEL03-PR
745720,15/01/2026,quinta-feira,05:30:00,RJ,40.0,52,PETROPOLIS,Condutor Dormindo,Colisão traseira,Com Vítimas Feridas,Amanhecer,Crescente,Céu Claro,Dupla,Curva,Não,2.0,0.0,1.0,0.0,1.0,1.0,0.0,2.0,"-22,3435371","-43,134288",SPRF-RJ,DEL05/RJ,UOP02-DEL05-RJ
745723,15/01/2026,quinta-feira,07:30:00,ES,101.0,147,LINHARES,Condutor deixou de manter distância do veículo da frente,Colisão lateral mesmo sentido,Com Vítimas Feridas,Pleno dia,Decrescente,Céu Claro,Simples,Curva,Sim,4.0,0.0,1.0,0.0,1.0,2.0,0.0,3.0,"-19,380859","-40,066511",SPRF-ES,DEL04-ES,UOP01-DEL04-ES
745724,14/01/2026,quarta-feira,15:00:00,MG,40.0,"566,4",NOVA LIMA,Ausência de reação do condutor,Colisão frontal,Com Vítimas Feridas,Pleno dia,Decrescente,Nublado,Simples,Curva,Não,2.0,0.0,1.0,0.0,1.0,1.0,0.0,2.0,"-20,1852517","-43,9698249",SPRF-MG,DEL01/MG,UOP02-DEL01-MG
745729,14/01/2026,quarta-feira,10:50:00,MG,40.0,519,NOVA LIMA,Ausência de reação do condutor,Colisão traseira,Com Vítimas Feridas,Pleno dia,Crescente,Céu Claro,Dupla,Reta,Não,2.0,0.0,1.0,0.0,1.0,1.0,0.0,2.0,"-20,08174708","-43,97910415",SPRF-MG,DEL01/MG,UOP02-DEL01-MG
745731,15/01/2026,quinta-feira,06:35:00,MG,116.0,"592,3",MANHUACU,Mal súbito do condutor,Tombamento,Com Vítimas Feridas,Amanhecer,Crescente,Céu Claro,Simples,Curva,Não,2.0,0.0,1.0,0.0,1.0,0.0,0.0,2.0,"-20,280095","-42,145625",SPRF-MG,DEL06/MG,UOP03-DEL06-MG
745733,04/01/2026,domingo,16:45:00,PR,277.0,"312,8",PRUDENTOPOLIS,Reação tardia ou ineficiente do condutor,Tombamento,Com Vítimas Fatais,Pleno dia,Decrescente,Céu Claro,Simples,Declive;Curva,Não,3.0,1.0,0.0,1.0,1.0,0.0,0.0,2.0,"-25,31774","-51,19496",SPRF-PR,DEL08/PR,UOP01-DEL08-PR
745738,15/01/2026,quinta-feira,08:02:00,RS,158.0,330,SANTA MARIA,Acessar a via sem observar a presença dos outros veículos,Colisão lateral mesmo sentido,Com Vítimas Feridas,Pleno dia,Decrescente,Sol,Dupla,Reta;Viaduto;Interseção de Vias,Sim,4.0,0.0,0.0,1.0,1.0,1.0,0.0,4.0,"-29,702054","-53,83772",SPRF-RS,DEL09/RS,UOP01-DEL09-RS
745741,14/01/2026,quarta-feira,18:15:00,SC,282.0,"509,5",XANXERE,Reação tardia ou ineficiente do condutor,Engavetamento,Com Vítimas Feridas,Pleno dia,Decrescente,Céu Claro,Simples,Reta,Não,7.0,0.0,1.0,0.0,1.0,5.0,0.0,4.0,"-26,89140541","-52,45794535",SPRF-SC,DEL07/SC,UOP01-DEL07-SC
745746,15/01/2026,quinta-feira,07:40:00,SC,101.0,"331,6",TUBARAO,Velocidade Incompatível,Colisão transversal,Com Vítimas Feridas,Pleno dia,Decrescente,Céu Claro,Simples,Rotatória,Sim,3.0,0.0,1.0,0.0,1.0,1.0,0.0,3.0,"-28,465937","-48,995418",SPRF-SC,DEL02/SC,UOP01-DEL02-SC
745748,15/01/2026,quinta-feira,05:00:00,MG,116.0,"183,9",CARAI,Reação tardia ou ineficiente do condutor,Tombamento,Com Vítimas Feridas,Amanhecer,Decrescente,Céu Claro,Simples,Curva;Declive,Não,1.0,0.0,1.0,0.0,1.0,0.0,0.0,1.0,"-17,11507585","-41,50300026",SPRF-MG,DEL11/MG,UOP01-DEL11-MG
745750,15/01/2026,quinta-feira,05:30:00,MA,226.0,253,TUNTUM,Transitar na contramão,Colisão frontal,Com Vítimas Fatais,Amanhecer,Crescente,Céu Claro,Simples,Curva,Não,6.0,1.0,1.0,1.0,2.0,1.0,0.0,4.0,"-5,400163","-44,893292",SPRF-MA,DEL06-MA,UOP01-DEL06-MA
745754,15/01/2026,quinta-feira,06:40:00,CE,116.0,56,PACAJUS,Ausência de reação do condutor,Tombamento,Com Vítimas Feridas,Pleno dia,Decrescente,Céu Claro,Simples,Reta;Em Obras,Não,1.0,0.0,1.0,0.0,1.0,0.0,0.0,1.0,"-4,20351164","-38,47016081",SPRF-CE,DEL01/CE,UOP04-DEL01-CE
745755,15/01/2026,quinta-feira,08:42:00,ES,101.0,"370,4",ANCHIETA,Transitar na contramão,Colisão frontal,Com Vítimas Feridas,Pleno dia,Decrescente,Sol,Simples,Reta,Não,3.0,0.0,0.0,1.0,1.0,1.0,0.0,3.0,"-20,770947","-40,763093",SPRF-ES,DEL03-ES,UOP01-DEL03-ES
745757,15/01/2026,quinta-feira,08:10:00,MT,70.0,"687,3",CACERES,Ultrapassagem Indevida,Colisão frontal,Com Vítimas Fatais,Pleno dia,Decrescente,Céu Claro,Simples,Reta,Não,4.0,2.0,0.0,0.0,0.0,1.0,0.0,4.0,"-16,20824599","-57,41249084",SPRF-MT,DEL03/MT,UOP02-DEL03-MT
745758,15/01/2026,quinta-feira,06:40:00,MA,10.0,"289,6",IMPERATRIZ,Ultrapassagem Indevida,Tombamento,Com Vítimas Feridas,Pleno dia,Crescente,Nublado,Simples,Reta,Não,4.0,0.0,2.0,0.0,2.0,0.0,0.0,4.0,"-5,201382","-47,519152",SPRF-MA,DEL04-MA,UOP01-DEL04-MA
745762,15/01/2026,quinta-feira,08:20:00,RJ,493.0,61,NOVA IGUACU,Condutor Dormindo,Colisão com objeto,Com Vítimas Fatais,Pleno dia,Crescente,Céu Claro,Dupla,Reta,Não,3.0,1.0,0.0,0.0,0.0,2.0,0.0,2.0,"-22,68012","-43,406603",SPRF-RJ,DEL01/RJ,UOP03-DEL01-RJ
745764,15/01/2026,quinta-feira,09:00:00,MG,365.0,"294,2",JOAO PINHEIRO,Reação tardia ou ineficiente do condutor,Saída de leito carroçável,Sem Vítimas,Pleno dia,Crescente,Céu Claro,Simples,Reta,Não,3.0,0.0,0.0,0.0,0.0,1.0,0.0,4.0,"-18,109068","-45,70242",SPRF-MG,DEL10/MG,UOP02-DEL010-MG
745773,15/01/2026,quinta-feira,07:40:00,SC,470.0,"58,5",BLUMENAU,Reação tardia ou ineficiente do condutor,Colisão traseira,Com Vítimas Feridas,Pleno dia,Decrescente,Céu Claro,Simples,Reta;Em Obras,Não,2.0,0.0,1.0,0.0,1.0,1.0,0.0,2.0,"-26,88402","-49,15101",SPRF-SC,DEL04/SC,UOP01-DEL04-SC
745777,15/01/2026,quinta-feira,10:40:00,RJ,101.0,506,ANGRA DOS REIS,Conversão proibida,Colisão lateral mesmo sentido,Com Vítimas Feridas,Pleno dia,Crescente,Nublado,Simples,Reta,Não,2.0,0.0,0.0,1.0,1.0,1.0,0.0,2.0,"-22,93507788","-44,40456573",SPRF-RJ,DEL03/RJ,UOP03-DEL03-RJ
745779,15/01/2026,quinta-feira,11:50:00,BA,324.0,539,AMELIA RODRIGUES,Manobra de mudança de faixa,Colisão traseira,Com Vítimas Feridas,Pleno dia,Crescente,Céu Claro,Dupla,Reta,Não,2.0,0.0,1.0,0.0,1.0,0.0,0.0,2.0,"-12,3880442","-38,787987",SPRF-BA,DEL11/BA,UOP02-DEL11-BA
745781,15/01/2026,quinta-feira,12:20:00,GO,452.0,180,ITUMBIARA,Reação tardia ou ineficiente do condutor,Saída de leito carroçável,Com Vítimas Feridas,Pleno dia,Crescente,Céu Claro,Simples,Reta,Não,2.0,0.0,1.0,0.0,1.0,0.0,0.0,4.0,"-18,3749007","-49,35444174",SPRF-GO,DEL03/GO,UOP02-DEL03-GO
745783,15/01/2026,quinta-feira,12:55:00,DF,60.0,"8,5",BRASILIA,Manobra de mudança de faixa,Colisão transversal,Com Vítimas Feridas,Pleno dia,Decrescente,Céu Claro,Dupla,Aclive,Sim,3.0,0.0,2.0,0.0,2.0,1.0,0.0,2.0,"-15,905579","-48,136682",SPRF-DF,DEL03-DF,UOP01-DEL03-DF
745789,15/01/2026,quinta-feira,13:00:00,PR,277.0,"29,9",MORRETES,Condutor deixou de manter distância do veículo da frente,Colisão traseira,Sem Vítimas,Pleno dia,Decrescente,Sol,Dupla,Reta,Não,4.0,0.0,0.0,0.0,0.0,3.0,0.0,3.0,"-25,55171481","-48,79788995",SPRF-PR,DEL01/PR,UOP05-DEL01-PR
745792,15/01/2026,quinta-feira,10:25:00,RS,471.0,"168,9",RIO PARDO,Manobra de mudança de faixa,Colisão frontal,Com Vítimas Fatais,Pleno dia,Decrescente,Sol,Simples,Curva,Não,3.0,1.0,0.0,0.0,0.0,1.0,0.0,3.0,"-29,940041","-52,385166",SPRF-RS,DEL02/RS,UOP03-DEL02-RS
745796,15/01/2026,quinta-feira,12:00:00,MG,354.0,"717,5",POUSO ALTO,Velocidade Incompatível,Saída de leito carroçável,Sem Vítimas,Pleno dia,Crescente,Chuva,Simples,Curva,Não,1.0,0.0,0.0,0.0,0.0,1.0,0.0,1.0,"-22,0822299","-44,94286895",SPRF-MG,DEL17/MG,UOP01-DEL17-MG
745800,15/01/2026,quinta-feira,14:20:00,PR,277.0,63,PIRAQUARA,Condutor deixou de manter distância do veículo da frente,Colisão traseira,Sem Vítimas,Pleno dia,Crescente,Chuva,Dupla,Reta,Não,5.0,0.0,0.0,0.0,0.0,5.0,0.0,2.0,"-25,53885684","-49,06657068",SPRF-PR,DEL01/PR,UOP01-DEL01-PR
745805,15/01/2026,quinta-feira,11:15:00,PI,343.0,330,TERESINA,Reação tardia ou ineficiente do condutor,Tombamento,Com Vítimas Feridas,Pleno dia,Decrescente,Nublado,Simples,Reta,Não,2.0,0.0,1.0,0.0,1.0,0.0,0.0,2.0,"-5,06090515","-42,65429837",SPRF-PI,DEL01-PI,UOP01-DEL01-PI
745811,15/01/2026,quinta-feira,15:20:00,RJ,116.0,288,QUATIS,Chuva,Colisão traseira,Com Vítimas Feridas,Pleno dia,Decrescente,Chuva,Dupla,Curva,Não,4.0,0.0,1.0,0.0,1.0,2.0,0.0,3.0,"-22,4657408","-44,2761216",SPRF-RJ,DEL07/RJ,UOP02-DEL07-RJ