id,data_inversa,dia_semana,horario,uf,br,km,municipio,causa_acidente,tipo_acidente,classificacao_acidente,fase_dia,sentido_via,condicao_metereologica,tipo_pista,tracado_via,uso_solo,pessoas,mortos,feridos_leves,feridos_graves,feridos,ilesos,ignorados,veiculos,latitude,longitude,regional,delegacia,uop
746129,17/01/2026,sábado,07:00:00,TO,153.0,320,GUARAI,Ultrapassagem Indevida,Colisão lateral mesmo sentido,Sem Vítimas,Pleno dia,Crescente,Céu Claro,Simples,Declive;Reta,Não,8.0,0.0,0.0,0.0,0.0,7.0,0.0,3.0,"-8,716175","-48,506122",SPRF-TO,DEL02-TO,UOP02-DEL02-TO
746142,17/01/2026,sábado,07:00:00,MS,163.0,"485,9",CAMPO GRANDE,Transitar na contramão,Colisão lateral sentido oposto,Sem Vítimas,Pleno dia,Decrescente,Céu Claro,Simples,Aclive;Reta,Sim,3.0,0.0,0.0,0.0,0.0,1.0,0.0,3.0,"-20,43377913","-54,5437181",SPRF-MS,DEL01/MS,UOP02-DEL01-MS
746146,17/01/2026,sábado,09:15:00,MG,381.0,419,CAETE,Velocidade Incompatível,Colisão lateral mesmo sentido,Com Vítimas Fatais,Pleno dia,Decrescente,Céu Claro,Dupla,Viaduto;Reta,Sim,4.0,1.0,0.0,1.0,1.0,2.0,0.0,3.0,"-19,783649","-43,666443",SPRF-MG,DEL01/MG,UOP01-DEL01-MG
746147,17/01/2026,sábado,09:30:00,GO,153.0,501,GOIANIA,Ausência de reação do condutor,Colisão traseira,Com Vítimas Feridas,Pleno dia,Crescente,Céu Claro,Dupla,Reta,Sim,3.0,0.0,1.0,0.0,1.0,1.0,0.0,3.0,"-16,71611051","-49,23625946",SPRF-GO,DEL01/GO,UOP01-DEL01-GO
746149,17/01/2026,sábado,08:00:00,RO,364.0,"529,6",ARIQUEMES,Ingestão de álcool pelo condutor,Saída de leito carroçável,Com Vítimas Feridas,Pleno dia,Crescente,Céu Claro,Simples,Reta,Não,2.0,0.0,0.0,1.0,1.0,0.0,0.0,3.0,"-9,801567","-63,085087",SPRF-RO,DEL03-RO,UOP01-DEL03-RO
746153,17/01/2026,sábado,09:40:00,PE,101.0,"72,8",RECIFE,Manobra de mudança de faixa,Colisão lateral mesmo sentido,Sem Vítimas,Pleno dia,Decrescente,Céu Claro,Dupla,Curva;Aclive,Sim,3.0,0.0,0.0,0.0,0.0,2.0,0.0,5.0,"-8,0918","-34,94727",SPRF-PE,DEL01/PE,UOP01-DEL01-PE
746155,17/01/2026,sábado,08:25:00,PR,376.0,"50,4",LOANDA,Condutor Dormindo,Colisão frontal,Com Vítimas Feridas,Pleno dia,Crescente,Céu Claro,Simples,Reta,Não,3.0,0.0,0.0,1.0,1.0,1.0,0.0,4.0,"-22,887575","-52,930851",SPRF-PR,DEL09/PR,UOP02-DEL09-PR
746156,17/01/2026,sábado,09:30:00,BA,324.0,603,SIMOES FILHO,Pista Escorregadia,Saída de leito carroçável,Sem Vítimas,Pleno dia,Decrescente,Chuva,Dupla,Reta,Sim,1.0,0.0,0.0,0.0,0.0,1.0,0.0,1.0,"-12,78265931","-38,41390228",SPRF-BA,DEL01/BA,UOP01-DEL01-BA
746157,17/01/2026,sábado,06:30:00,BA,110.0,291,INHAMBUPE,Velocidade Incompatível,Saída de leito carroçável,Com Vítimas Fatais,Pleno dia,Decrescente,Céu Claro,Simples,Curva;Declive,Não,2.0,1.0,0.0,0.0,0.0,0.0,0.0,2.0,"-11,76095979","-38,32912581",SPRF-BA,DEL01/BA,UOP04-DEL01-BA
746164,17/01/2026,sábado,11:00:00,BA,116.0,"368,9",SERRINHA,Ausência de reação do condutor,Colisão traseira,Com Vítimas Feridas,Pleno dia,Crescente,Sol,Simples,Aclive;Reta,Não,3.0,0.0,0.0,1.0,1.0,0.0,0.0,3.0,"-11,75195","-38,98613",SPRF-BA,DEL02/BA,UOP01-DEL02-BA
746170,17/01/2026,sábado,11:35:00,PR,376.0,"93,9",PARANAVAI,Ausência de reação do condutor,Colisão traseira,Com Vítimas Feridas,Pleno dia,Crescente,Céu Claro,Simples,Reta;Em Obras,Não,4.0,0.0,0.0,1.0,1.0,3.0,0.0,4.0,"-23,009","-52,54156",SPRF-PR,DEL09/PR,UOP02-DEL09-PR
746172,17/01/2026,sábado,08:55:00,MG,365.0,"588,8",INDIANOPOLIS,Ausência de reação do condutor,Colisão traseira,Com Vítimas Feridas,Pleno dia,Crescente,Céu Claro,Múltipla,Declive;Reta,Não,3.0,0.0,1.0,0.0,1.0,2.0,0.0,2.0,"-18,8666","-48,0162",SPRF-MG,DEL15/MG,UOP02-DEL15-MG
746182,17/01/2026,sábado,11:20:00,SP,116.0,358,MIRACATU,Demais falhas mecânicas ou elétricas,Colisão com objeto,Com Vítimas Feridas,Pleno dia,Crescente,Chuva,Dupla,Declive;Curva,Não,2.0,0.0,1.0,0.0,1.0,1.0,0.0,1.0,"-24,10820655","-47,26422672",SPRF-SP,DEL04/SP,UOP03-DEL04-SP
746199,17/01/2026,sábado,13:10:00,RJ,101.0,176,MACAE,Transitar na contramão,Colisão lateral sentido oposto,Com Vítimas Fatais,Pleno dia,Crescente,Céu Claro,Simples,Reta,Não,6.0,2.0,0.0,0.0,0.0,3.0,0.0,3.0,"-22,385053","-41,98185",SPRF-RJ,DEL08/RJ,UOP04-DEL08-RJ
746200,17/01/2026,sábado,13:50:00,MG,116.0,"313,1",ITAMBACURI,Ausência de reação do condutor,Colisão com objeto,Com Vítimas Feridas,Pleno dia,Decrescente,Céu Claro,Simples,Curva;Ponte,Não,3.0,0.0,1.0,0.0,1.0,0.0,0.0,3.0,"-18,095083","-41,689333",SPRF-MG,DEL11/MG,UOP01-DEL11-MG
746201,17/01/2026,sábado,13:45:00,SP,116.0,500,CAJATI,Reação tardia ou ineficiente do condutor,Colisão transversal,Com Vítimas Feridas,Pleno dia,Decrescente,Céu Claro,Simples,Reta,Não,3.0,0.0,1.0,0.0,1.0,1.0,0.0,3.0,"-24,7862189","-48,1777528",SPRF-SP,DEL05/SP,UOP02-DEL05-SP
746205,17/01/2026,sábado,14:20:00,SC,282.0,108,ALFREDO WAGNER,Pista Escorregadia,Saída de leito carroçável,Com Vítimas Feridas,Pleno dia,Crescente,Garoa/Chuvisco,Simples,Curva,Não,2.0,0.0,1.0,0.0,1.0,1.0,0.0,2.0,"-27,71121806","-49,35662873",SPRF-SC,DEL01/SC,UOP03-DEL01-SC
746207,17/01/2026,sábado,15:20:00,PR,277.0,"31,9",MORRETES,Reação tardia ou ineficiente do condutor,Colisão com objeto,Com Vítimas Fatais,Pleno dia,Decrescente,Sol,Dupla,Declive;Curva,Não,3.0,1.0,0.0,0.0,0.0,1.0,0.0,4.0,"-25,56125843","-48,81127954",SPRF-PR,DEL01/PR,UOP05-DEL01-PR
746221,17/01/2026,sábado,15:00:00,MT,163.0,829,SINOP,Reação tardia ou ineficiente do condutor,Colisão traseira,Com Vítimas Feridas,Pleno dia,Crescente,Céu Claro,Dupla,Retorno Regulamentado;Reta,Sim,6.0,0.0,1.0,0.0,1.0,4.0,0.0,4.0,"-11,91228","-55,50845",SPRF-MT,DEL06/MT,UOP02-DEL06-MT
746223,17/01/2026,sábado,14:40:00,RJ,116.0,310,RESENDE,Acumulo de água sobre o pavimento,Colisão traseira,Com Vítimas Feridas,Pleno dia,Decrescente,Chuva,Dupla,Curva,Sim,9.0,0.0,4.0,0.0,4.0,4.0,0.0,3.0,"-22,46096376","-44,44320409",SPRF-RJ,DEL07/RJ,UOP02-DEL07-RJ
746227,17/01/2026,sábado,16:00:00,SP,116.0,280,EMBU DAS ARTES,Trafegar com motocicleta (ou similar) entre as faixas,Colisão lateral mesmo sentido,Com Vítimas Feridas,Pleno dia,Crescente,Nublado,Dupla,Declive;Reta,Sim,3.0,0.0,1.0,1.0,2.0,0.0,0.0,2.0,"-23,64652913","-46,84214115",SPRF-SP,DEL04/SP,UOP01-DEL04-SP
746231,17/01/2026,sábado,16:20:00,MG,153.0,"134,6",PRATA,Demais falhas mecânicas ou elétricas,Colisão lateral sentido oposto,Com Vítimas Feridas,Pleno dia,Decrescente,Chuva,Simples,Ponte;Declive;Reta,Não,4.0,0.0,0.0,1.0,1.0,2.0,0.0,7.0,"-19,51782925","-48,83655281",SPRF-MG,DEL15/MG,UOP03-DEL15-MG
746232,17/01/2026,sábado,11:40:00,MG,116.0,417,GOVERNADOR VALADARES,Acessar a via sem observar a presença dos outros veículos,Colisão transversal,Com Vítimas Feridas,Pleno dia,Crescente,Sol,Simples,Reta,Sim,2.0,0.0,0.0,1.0,1.0,0.0,0.0,2.0,"-18,91306657","-41,94125175",SPRF-MG,DEL06/MG,UOP01-DEL06-MG
746234,17/01/2026,sábado,15:45:00,MT,364.0,350,SANTO ANTONIO DO LEVERGER,Velocidade Incompatível,Saída de leito carroçável,Com Vítimas Feridas,Pleno dia,Crescente,Céu Claro,Simples,Declive;Curva,Sim,2.0,0.0,0.0,1.0,1.0,0.0,0.0,2.0,"-15,79359782","-55,58605492",SPRF-MT,DEL05/MT,UOP02-DEL05-MT
746242,17/01/2026,sábado,16:35:00,CE,222.0,"308,2",TIANGUA,Chuva,Saída de leito carroçável,Sem Vítimas,Pleno dia,Decrescente,Chuva,Simples,Curva,Não,2.0,0.0,0.0,0.0,0.0,2.0,0.0,1.0,"-3,69969502","-40,97603051",SPRF-CE,DEL04/CE,UOP02-DEL04-CE
746244,17/01/2026,sábado,14:30:00,RJ,116.0,116,MAGE,Condutor deixou de manter distância do veículo da frente,Colisão traseira,Com Vítimas Feridas,Pleno dia,Decrescente,Nublado,Simples,Reta,Sim,2.0,0.0,0.0,1.0,1.0,1.0,0.0,2.0,"-22,58675247","-43,01735401",SPRF-RJ,DEL04/RJ,UOP02-DEL04-RJ
746246,17/01/2026,sábado,11:21:00,PA,163.0,549,TRAIRAO,Transitar na contramão,Colisão frontal,Com Vítimas Feridas,Pleno dia,Decrescente,Céu Claro,Simples,Reta,Não,4.0,0.0,0.0,1.0,1.0,1.0,0.0,12.0,"-5,1854333","-56,054335",SPRF-PA,DEL05/PA,UOP03-DEL05-PA
746250,17/01/2026,sábado,17:30:00,PR,376.0,"227,8",APUCARANA,Transitar na contramão,Colisão frontal,Com Vítimas Feridas,Pleno dia,Crescente,Céu Claro,Dupla,Reta,Não,3.0,0.0,1.0,0.0,1.0,1.0,0.0,3.0,"-23,57637","-51,55215",SPRF-PR,DEL07/PR,UOP03-DEL07-PR
746257,17/01/2026,sábado,18:30:00,PR,116.0,"134,6",FAZENDA RIO GRANDE,Ingestão de álcool pelo condutor,Colisão lateral mesmo sentido,Com Vítimas Feridas,Anoitecer,Decrescente,Chuva,Simples,Declive,Não,4.0,0.0,1.0,0.0,1.0,2.0,0.0,3.0,"-25,71281856","-49,31842089",SPRF-PR,DEL01/PR,UOP03-DEL01-PR
746260,17/01/2026,sábado,17:40:00,RJ,116.0,246,PIRAI,Acumulo de água sobre o pavimento,Saída de leito carroçável,Sem Vítimas,Anoitecer,Decrescente,Chuva,Dupla,Declive;Curva,Não,1.0,0.0,0.0,0.0,0.0,1.0,0.0,1.0,"-22,61403104","-43,93166397",SPRF-RJ,DEL07/RJ,UOP01-DEL07-RJ
746262,17/01/2026,sábado,17:30:00,BA,116.0,"653,5",JEQUIE,Condutor deixou de manter distância do veículo da frente,Engavetamento,Com Vítimas Feridas,Pleno dia,Decrescente,Céu Claro,Simples,Reta,Não,4.0,0.0,1.0,0.0,1.0,2.0,0.0,6.0,"-13,69277","-40,09527",SPRF-BA,DEL03/BA,UOP01-DEL03-BA
746276,17/01/2026,sábado,19:00:00,SP,116.0,315,JUQUITIBA,Ausência de reação do condutor,Colisão frontal,Com Vítimas Feridas,Plena Noite,Decrescente,Chuva,Dupla,Curva,Não,2.0,0.0,1.0,0.0,1.0,1.0,0.0,2.0,"-23,903313","-46,991016",SPRF-SP,DEL04/SP,UOP03-DEL04-SP
746283,17/01/2026,sábado,17:30:00,MA,316.0,142,NOVA OLINDA DO MARANHAO,Pista esburacada,Colisão frontal,Com Vítimas Fatais,Pleno dia,Decrescente,Céu Claro,Simples,Reta,Não,3.0,1.0,0.0,0.0,0.0,1.0,0.0,2.0,"-2,77982309","-45,71273804",SPRF-MA,DEL02-MA,UOP02-DEL02-MA
746286,17/01/2026,sábado,17:30:00,RO,364.0,12,VILHENA,Reação tardia ou ineficiente do condutor,Colisão traseira,Com Vítimas Feridas,Pleno dia,Crescente,Chuva,Dupla,Reta,Sim,2.0,0.0,1.0,0.0,1.0,1.0,0.0,2.0,"-12,74307933","-60,12396812",SPRF-RO,DEL04-RO,UOP01-DEL04-RO
746288,17/01/2026,sábado,20:55:00,SC,470.0,117,IBIRAMA,Ingestão de álcool pelo condutor,Colisão lateral sentido oposto,Com Vítimas Feridas,Plena Noite,Decrescente,Céu Claro,Simples,Curva,Não,3.0,0.0,0.0,1.0,1.0,1.0,0.0,3.0,"-27,09267593","-49,52293396",SPRF-SC,DEL04/SC,UOP02-DEL04-SC
746294,17/01/2026,sábado,21:00:00,MG,153.0,19,CENTRALINA,Demais falhas mecânicas ou elétricas,Incêndio,Sem Vítimas,Plena Noite,Crescente,Céu Claro,Dupla,Reta,Sim,2.0,0.0,0.0,0.0,0.0,1.0,0.0,2.0,"-18,587","-49,182",SPRF-MG,DEL15/MG,UOP03-DEL15-MG
746312,17/01/2026,sábado,22:00:00,PR,116.0,"131,9",FAZENDA RIO GRANDE,Acessar a via sem observar a presença dos outros veículos,Colisão lateral mesmo sentido,Com Vítimas Feridas,Plena Noite,Crescente,Céu Claro,Dupla,Aclive,Não,3.0,0.0,1.0,1.0,2.0,1.0,0.0,2.0,"-25,690981","-49,317287",SPRF-PR,DEL01/PR,UOP03-DEL01-PR
746319,17/01/2026,sábado,20:40:00,PA,230.0,679,ALTAMIRA,Transitar na contramão,Colisão frontal,Com Vítimas Feridas,Plena Noite,Decrescente,Nublado,Simples,Reta,Não,2.0,0.0,1.0,0.0,1.0,1.0,0.0,2.0,"-3,27119232","-52,39480734",SPRF-PA,DEL04/PA,UOP01-DEL04-PA
746357,17/01/2026,sábado,20:00:00,PE,116.0,74,CABROBO,Manobra de mudança de faixa,Colisão frontal,Com Vítimas Feridas,Plena Noite,Crescente,Céu Claro,Simples,Declive,Não,4.0,0.0,2.0,1.0,3.0,0.0,0.0,3.0,"-8,475215","-39,201832",SPRF-PE,DEL05/PE,UOP03-DEL05-PE
746368,18/01/2026,domingo,04:30:00,MT,364.0,115,PEDRA PRETA,Demais falhas mecânicas ou elétricas,Tombamento,Com Vítimas Feridas,Plena Noite,Decrescente,Céu Claro,Simples,Curva;Declive,Não,3.0,0.0,1.0,0.0,1.0,1.0,0.0,6.0,"-16,82921178","-54,00569737",SPRF-MT,DEL02/MT,UOP02-DEL02-MT
746372,18/01/2026,domingo,05:40:00,AL,101.0,85,RIO LARGO,Ausência de reação do condutor,Tombamento,Com Vítimas Fatais,Amanhecer,Crescente,Céu Claro,Dupla,Declive;Curva,Não,2.0,1.0,0.0,0.0,0.0,0.0,0.0,2.0,"-9,45908003","-35,87991712",SPRF-AL,DEL01-AL,UOP01-DEL01-AL
746374,18/01/2026,domingo,05:53:00,MG,381.0,"483,5",BETIM,Ausência de reação do condutor,Colisão traseira,Com Vítimas Feridas,Amanhecer,Decrescente,Garoa/Chuvisco,Múltipla,Reta,Sim,2.0,0.0,1.0,0.0,1.0,0.0,0.0,2.0,"-19,95979596","-44,0843926",SPRF-MG,DEL01/MG,UOP03-DEL01-MG
746375,18/01/2026,domingo,06:00:00,RJ,116.0,263,VOLTA REDONDA,Condutor deixou de manter distância do veículo da frente,Colisão traseira,Com Vítimas Feridas,Amanhecer,Decrescente,Nublado,Dupla,Declive;Reta,Não,6.0,0.0,4.0,0.0,4.0,2.0,0.0,2.0,"-22,5921937","-44,0726695",SPRF-RJ,DEL07/RJ,UOP02-DEL07-RJ
746382,17/01/2026,sábado,21:15:00,GO,364.0,"43,1",CACHOEIRA ALTA,Transitar na contramão,Colisão frontal,Com Vítimas Fatais,Plena Noite,Crescente,Nublado,Simples,Aclive;Curva,Não,8.0,4.0,0.0,0.0,0.0,3.0,0.0,3.0,"-18,851577","-50,847438",SPRF-GO,DEL05/GO,UOP02-DEL05-GO
746405,18/01/2026,domingo,09:25:00,TO,153.0,"388,5",RIO DOS BOIS,Acostamento em desnível,Tombamento,Com Vítimas Feridas,Pleno dia,Crescente,Garoa/Chuvisco,Simples,Reta,Não,1.0,0.0,1.0,0.0,1.0,0.0,0.0,1.0,"-9,314137","-48,545355",SPRF-TO,DEL02-TO,UOP02-DEL02-TO
746408,18/01/2026,domingo,09:00:00,SP,116.0,399,MIRACATU,Ausência de reação do condutor,Colisão traseira,Sem Vítimas,Pleno dia,Crescente,Sol,Dupla,Reta,Não,3.0,0.0,0.0,0.0,0.0,1.0,0.0,3.0,"-24,3079864","-47,501182",SPRF-SP,DEL04/SP,UOP02-DEL04-SP
746413,15/01/2026,quinta-feira,07:20:00,DF,70.0,5,BRASILIA,Manobra de mudança de faixa,Colisão lateral mesmo sentido,Sem Vítimas,Pleno dia,Decrescente,Nublado,Dupla,Reta,Não,4.0,0.0,0.0,0.0,0.0,3.0,0.0,3.0,"-15,7909","-48,106537",SPRF-DF,DEL03-DF,UOP02-DEL03-DF
746422,18/01/2026,domingo,07:00:00,MG,365.0,255,JOAO PINHEIRO,Manobra de mudança de faixa,Colisão frontal,Com Vítimas Fatais,Pleno dia,Crescente,Céu Claro,Simples,Reta,Não,4.0,2.0,0.0,0.0,0.0,1.0,0.0,4.0,"-17,85492406","-45,47524452",SPRF-MG,DEL10/MG,UOP02-DEL010-MG
746435,18/01/2026,domingo,10:10:00,RO,364.0,383,OURO PRETO DO OESTE,Condutor deixou de manter distância do veículo da frente,Colisão traseira,Com Vítimas Feridas,Pleno dia,Crescente,Céu Claro,Simples,Reta,Não,5.0,0.0,1.0,0.0,1.0,4.0,0.0,2.0,"-10,721187","-62,24327",SPRF-RO,DEL02-RO,UOP01-DEL02-RO
746439,18/01/2026,domingo,08:20:00,PE,232.0,367,SERRA TALHADA,Condutor deixou de manter distância do veículo da frente,Engavetamento,Com Vítimas Feridas,Pleno dia,Decrescente,Sol,Simples,Aclive;Curva,Não,8.0,0.0,2.0,0.0,2.0,5.0,0.0,4.0,"-7,9921152","-38,2631936",SPRF-PE,DEL04/PE,UOP01-DEL04-PE
746447,18/01/2026,domingo,12:40:00,MG,381.0,483,BETIM,Ausência de reação do condutor,Colisão traseira,Com Vítimas Feridas,Pleno dia,Crescente,Chuva,Dupla,Curva,Não,5.0,0.0,3.0,0.0,3.0,1.0,0.0,2.0,"-19,95898921","-44,08095717",SPRF-MG,DEL01/MG,UOP03-DEL01-MG
746451,18/01/2026,domingo,07:15:00,AM,174.0,910,MANAUS,Reação tardia ou ineficiente do condutor,Colisão traseira,Com Vítimas Fatais,Amanhecer,Crescente,Céu Claro,Simples,Aclive,Não,5.0,1.0,0.0,0.0,0.0,2.0,0.0,4.0,"-3,0227","-60,0264",SPRF-AM,DEL01-AM,UOP01-DEL01-AM
746455,18/01/2026,domingo,14:20:00,PA,10.0,"176,2",PARAGOMINAS,Velocidade Incompatível,Tombamento,Com Vítimas Feridas,Pleno dia,Crescente,Céu Claro,Simples,Rotatória,Não,2.0,0.0,1.0,0.0,1.0,0.0,0.0,2.0,"-2,894757","-47,433507",SPRF-PA,DEL02/PA,UOP01-DEL02-PA
746456,18/01/2026,domingo,14:00:00,MG,381.0,360,SAO GONCALO DO RIO ABAIXO,Reação tardia ou ineficiente do condutor,Colisão frontal,Com Vítimas Fatais,Pleno dia,Crescente,Garoa/Chuvisco,Simples,Curva,Não,5.0,2.0,0.0,0.0,0.0,1.0,0.0,4.0,"-19,855","-43,243",SPRF-MG,DEL03/MG,UOP01-DEL03-MG
746457,18/01/2026,domingo,13:50:00,PR,277.0,"621,8",CEU AZUL,Reação tardia ou ineficiente do condutor,Colisão lateral mesmo sentido,Com Vítimas Feridas,Pleno dia,Crescente,Céu Claro,Simples,Reta,Não,3.0,0.0,1.0,0.0,1.0,2.0,0.0,3.0,"-25,0854846","-53,7167143",SPRF-PR,DEL05/PR,UOP02-DEL05-PR
746465,18/01/2026,domingo,13:00:00,SP,116.0,465,PARIQUERA-ACU,Demais falhas mecânicas ou elétricas,Incêndio,Sem Vítimas,Pleno dia,Crescente,Sol,Dupla,Reta;Declive,Não,1.0,0.0,0.0,0.0,0.0,1.0,0.0,1.0,"-24,64384887","-47,91860746",SPRF-SP,DEL05/SP,UOP01-DEL05-SP
746471,18/01/2026,domingo,14:50:00,ES,101.0,263,SERRA,Ultrapassagem Indevida,Colisão lateral mesmo sentido,Com Vítimas Feridas,Pleno dia,Crescente,Céu Claro,Dupla,Em Obras;Reta;Aclive,Não,3.0,0.0,2.0,0.0,2.0,1.0,0.0,2.0,"-20,165819","-40,272872",SPRF-ES,DEL02-ES,UOP01-DEL02-ES
746485,18/01/2026,domingo,15:50:00,BA,101.0,173,FEIRA DE SANTANA,Acessar a via sem observar a presença dos outros veículos,Colisão transversal,Com Vítimas Feridas,Pleno dia,Decrescente,Céu Claro,Simples,Retorno Regulamentado;Reta,Não,5.0,0.0,1.0,2.0,3.0,2.0,0.0,3.0,"-12,3759949","-38,8782081",SPRF-BA,DEL11/BA,UOP02-DEL11-BA
746488,18/01/2026,domingo,15:00:00,PR,476.0,"326,5",PAULA FREITAS,Velocidade Incompatível,Tombamento,Com Vítimas Feridas,Pleno dia,Crescente,Céu Claro,Simples,Curva,Não,4.0,0.0,2.0,0.0,2.0,1.0,0.0,3.0,"-26,09693111","-50,79166564",SPRF-PR,DEL02/PR,UOP03-DEL02-PR
746509,18/01/2026,domingo,15:02:00,MS,158.0,"194,9",SELVIRIA,Ingestão de álcool pelo condutor,Colisão lateral sentido oposto,Com Vítimas Feridas,Pleno dia,Decrescente,Céu Claro,Simples,Reta,Não,2.0,0.0,0.0,1.0,1.0,1.0,0.0,2.0,"-20,353868","-51,414622",SPRF-MS,DEL08/MS,UOP01-DEL08-MS
746523,18/01/2026,domingo,17:50:00,PR,277.0,"2,8",PARANAGUA,Ausência de reação do condutor,Colisão traseira,Com Vítimas Fatais,Pleno dia,Crescente,Céu Claro,Simples,Interseção de Vias;Rotatória,Não,4.0,1.0,0.0,1.0,1.0,1.0,0.0,5.0,"-25,546179","-48,560173",SPRF-PR,DEL01/PR,UOP05-DEL01-PR
746540,18/01/2026,domingo,16:10:00,PR,116.0,28,CAMPINA GRANDE DO SUL,Reação tardia ou ineficiente do condutor,Tombamento,Com Vítimas Feridas,Pleno dia,Decrescente,Nublado,Dupla,Declive;Curva;Ponte,Não,2.0,0.0,1.0,0.0,1.0,0.0,0.0,3.0,"-25,1117971","-48,80260913",SPRF-PR,DEL01/PR,UOP02-DEL01-PR
746546,18/01/2026,domingo,18:35:00,CE,222.0,232,SOBRAL,Reação tardia ou ineficiente do condutor,Colisão traseira,Com Vítimas Feridas,Plena Noite,Decrescente,Céu Claro,Simples,Reta,Não,2.0,0.0,0.0,1.0,1.0,1.0,0.0,2.0,"-3,709834","-40,415894",SPRF-CE,DEL04/CE,UOP01-DEL04-CE
746550,18/01/2026,domingo,20:20:00,RJ,101.0,269,RIO BONITO,Trafegar com motocicleta (ou similar) entre as faixas,Colisão lateral mesmo sentido,Com Vítimas Feridas,Plena Noite,Crescente,Céu Claro,Dupla,Reta,Sim,5.0,0.0,1.0,0.0,1.0,3.0,0.0,4.0,"-22,71360418","-42,67502209",SPRF-RJ,DEL02/RJ,UOP03-DEL02-RJ
746553,18/01/2026,domingo,19:46:00,MG,116.0,"479,2",DOM CAVATI,Ultrapassagem Indevida,Colisão transversal,Com Vítimas Feridas,Plena Noite,Decrescente,Céu Claro,Simples,Reta,Sim,2.0,0.0,0.0,1.0,1.0,1.0,0.0,2.0,"-19,38015054","-42,11093188",SPRF-MG,DEL06/MG,UOP02-DEL06-MG
746568,18/01/2026,domingo,20:50:00,RS,290.0,"46,5",GLORINHA,Condutor Dormindo,Colisão com objeto,Sem Vítimas,Plena Noite,Crescente,Céu Claro,Dupla,Reta,Não,2.0,0.0,0.0,0.0,0.0,1.0,0.0,2.0,"-29,89335789","-50,72640292",SPRF-RS,DEL03/RS,UOP01-DEL03-RS
746582,18/01/2026,domingo,22:00:00,PB,230.0,"196,6",POCINHOS,Ausência de reação do condutor,Saída de leito carroçável,Com Vítimas Feridas,Plena Noite,Crescente,Céu Claro,Simples,Reta,Não,2.0,0.0,1.0,0.0,1.0,1.0,0.0,1.0,"-7,1165532","-36,203028",SPRF-PB,DEL02-PB,UOP02-DEL02-PB
746600,18/01/2026,domingo,23:30:00,SE,101.0,79,LARANJEIRAS,Ingestão de álcool pelo condutor,Colisão traseira,Sem Vítimas,Plena Noite,Crescente,Céu Claro,Dupla,Reta,Não,3.0,0.0,0.0,0.0,0.0,2.0,0.0,3.0,"-10,80767738","-37,14065552",SPRF-SE,DEL01-SE,UOP01-DEL01-SE
746601,19/01/2026,segunda-feira,01:30:00,SP,381.0,18,BRAGANCA PAULISTA,Ausência de reação do condutor,Colisão traseira,Com Vítimas Feridas,Plena Noite,Decrescente,Chuva,Múltipla,Declive;Reta,Não,2.0,0.0,1.0,1.0,2.0,0.0,0.0,2.0,"-22,96363303","-46,48312855",SPRF-SP,DEL03/SP,UOP02-DEL03-SP
746605,18/01/2026,domingo,23:45:00,SC,282.0,"620,3",IRACEMINHA,Condutor Dormindo,Saída de leito carroçável,Com Vítimas Fatais,Plena Noite,Decrescente,Ignorado,Simples,Curva;Aclive,Não,1.0,1.0,0.0,0.0,0.0,0.0,0.0,1.0,"-26,80291044","-53,31177033",SPRF-SC,DEL07/SC,UOP02-DEL07-SC
746611,18/01/2026,domingo,22:17:00,RN,304.0,226,CAICARA DO RIO DO VENTO,Transitar na contramão,Colisão lateral mesmo sentido,Sem Vítimas,Plena Noite,Crescente,Céu Claro,Simples,Reta,Não,3.0,0.0,0.0,0.0,0.0,1.0,0.0,3.0,"-5,75668434","-35,96460041",SPRF-RN,DEL01-RN,UOP03-DEL01-RN
746619,19/01/2026,segunda-feira,00:30:00,RJ,101.0,226,SILVA JARDIM,Mal súbito do condutor,Saída de leito carroçável,Com Vítimas Feridas,Plena Noite,Crescente,Nublado,Dupla,Reta,Não,1.0,0.0,1.0,0.0,1.0,0.0,0.0,1.0,"-22,57483843","-42,37938207",SPRF-RJ,DEL02/RJ,UOP03-DEL02-RJ
746622,19/01/2026,segunda-feira,05:24:00,PI,343.0,"334,9",TERESINA,Avarias e/ou desgaste excessivo no pneu,Colisão com objeto,Com Vítimas Feridas,Amanhecer,Crescente,Chuva,Dupla,Retorno Regulamentado;Reta,Sim,2.0,0.0,1.0,1.0,2.0,0.0,0.0,1.0,"-5,05835091","-42,68983912",SPRF-PI,DEL01-PI,UOP01-DEL01-PI
746627,19/01/2026,segunda-feira,04:00:00,MG,365.0,155,PIRAPORA,Acesso irregular,Colisão transversal,Com Vítimas Feridas,Amanhecer,Decrescente,Nublado,Simples,Reta,Não,3.0,0.0,2.0,0.0,2.0,1.0,0.0,2.0,"-17,31034","-44,89496",SPRF-MG,DEL10/MG,UOP02-DEL010-MG
746630,19/01/2026,segunda-feira,06:10:00,GO,60.0,"16,8",ALEXANIA,Reação tardia ou ineficiente do condutor,Colisão traseira,Com Vítimas Feridas,Pleno dia,Decrescente,Céu Claro,Dupla,Reta;Aclive,Não,2.0,0.0,1.0,0.0,1.0,1.0,0.0,2.0,"-16,117678","-48,373353",SPRF-DF,DEL03-DF,UOP01-DEL03-DF
746631,19/01/2026,segunda-feira,07:00:00,MG,381.0,326,NOVA ERA,Acessar a via sem observar a presença dos outros veículos,Colisão transversal,Com Vítimas Feridas,Pleno dia,Crescente,Nublado,Simples,Interseção de Vias;Reta,Não,4.0,0.0,1.0,0.0,1.0,3.0,0.0,2.0,"-19,774","-43,045",SPRF-MG,DEL03/MG,UOP02-DEL03-MG