id,data_inversa,dia_semana,horario,uf,br,km,municipio,causa_acidente,tipo_acidente,classificacao_acidente,fase_dia,sentido_via,condicao_metereologica,tipo_pista,tracado_via,uso_solo,pessoas,mortos,feridos_leves,feridos_graves,feridos,ilesos,ignorados,veiculos,latitude,longitude,regional,delegacia,uop
746944,20/01/2026,terça-feira,11:00:00,SC,282.0,"423,8",VARGEM BONITA,Velocidade Incompatível,Tombamento,Com Vítimas Feridas,Pleno dia,Decrescente,Céu Claro,Simples,Curva;Declive,Não,2.0,0.0,1.0,0.0,1.0,0.0,0.0,2.0,"-26,99233694","-51,75195979",SPRF-SC,DEL07/SC,UOP05-DEL07-SC
746945,20/01/2026,terça-feira,17:35:00,PR,376.0,624,SAO JOSE DOS PINHAIS,Acesso irregular,Atropelamento de Pedestre,Com Vítimas Fatais,Pleno dia,Crescente,Céu Claro,Dupla,Reta,Sim,2.0,1.0,0.0,0.0,0.0,1.0,0.0,2.0,"-25,654685","-49,156623",SPRF-PR,DEL01/PR,UOP04-DEL01-PR
746946,20/01/2026,terça-feira,16:00:00,BA,116.0,508,SANTA TERESINHA,Demais falhas mecânicas ou elétricas,Incêndio,Sem Vítimas,Pleno dia,Decrescente,Nublado,Simples,Curva,Não,2.0,0.0,0.0,0.0,0.0,1.0,0.0,3.0,"-12,650573","-39,608538",SPRF-BA,DEL02/BA,UOP01-DEL02-BA
746964,10/01/2026,sábado,04:00:00,TO,153.0,"353,5",FORTALEZA DO TABOCAO,Velocidade Incompatível,Colisão traseira,Com Vítimas Fatais,Plena Noite,Crescente,Nublado,Simples,Reta,Não,6.0,1.0,0.0,2.0,2.0,1.0,0.0,4.0,"-9,00972","-48,50188",SPRF-TO,DEL02-TO,UOP02-DEL02-TO
746973,20/01/2026,terça-feira,16:20:00,PR,163.0,"313,6",TERRA ROXA,Reação tardia ou ineficiente do condutor,Tombamento,Sem Vítimas,Pleno dia,Decrescente,Céu Claro,Simples,Curva;Declive,Não,2.0,0.0,0.0,0.0,0.0,1.0,0.0,2.0,"-24,35479517","-54,14936766",SPRF-PR,DEL06/PR,UOP02-DEL06-PR
746982,20/01/2026,terça-feira,20:40:00,BA,116.0,527,ITATIM,Velocidade Incompatível,Engavetamento,Com Vítimas Fatais,Plena Noite,Crescente,Chuva,Simples,Reta,Não,6.0,2.0,1.0,0.0,1.0,2.0,0.0,7.0,"-12,728941","-39,776478",SPRF-BA,DEL03/BA,UOP02-DEL03-BA
746989,20/01/2026,terça-feira,22:00:00,MG,365.0,"655,8",MONTE ALEGRE DE MINAS,Condutor Dormindo,Colisão traseira,Com Vítimas Feridas,Plena Noite,Decrescente,Nublado,Dupla,Reta,Não,3.0,0.0,1.0,1.0,2.0,1.0,0.0,2.0,"-18,889214","-48,625914",SPRF-MG,DEL15/MG,UOP01-DEL15-MG
746990,20/01/2026,terça-feira,18:10:00,MS,262.0,"775,8",CORUMBA,Objeto estático sobre o leito carroçável,Colisão com objeto,Com Vítimas Feridas,Pleno dia,Crescente,Nublado,Simples,Reta,Sim,3.0,0.0,1.0,0.0,1.0,1.0,0.0,3.0,"-19,02696965","-57,66465457",SPRF-MS,DEL03/MS,UOP03-DEL03-MS
746991,20/01/2026,terça-feira,22:00:00,MA,316.0,516,CAXIAS,Ausência de reação do condutor,Colisão lateral sentido oposto,Com Vítimas Feridas,Plena Noite,Crescente,Chuva,Simples,Curva,Não,2.0,0.0,1.0,0.0,1.0,1.0,0.0,2.0,"-4,768275","-43,631923",SPRF-MA,DEL03-MA,UOP02-DEL03-MA
746993,20/01/2026,terça-feira,21:58:00,SC,280.0,"7,8",SAO FRANCISCO DO SUL,Acessar a via sem observar a presença dos outros veículos,Colisão transversal,Com Vítimas Fatais,Plena Noite,Decrescente,Nublado,Simples,Reta;Interseção de Vias,Sim,4.0,1.0,0.0,0.0,0.0,1.0,0.0,5.0,"-26,276635","-48,645312",SPRF-SC,DEL03/SC,UOP03-DEL03-SC
746995,20/01/2026,terça-feira,22:35:00,PR,277.0,336,GUARAPUAVA,Transitar na contramão,Colisão lateral sentido oposto,Com Vítimas Feridas,Plena Noite,Crescente,Céu Claro,Simples,Curva,Sim,3.0,0.0,1.0,0.0,1.0,1.0,0.0,5.0,"-25,35301167","-51,36491333",SPRF-PR,DEL08/PR,UOP01-DEL08-PR
746998,21/01/2026,quarta-feira,01:25:00,SP,116.0,168,JACAREI,Demais falhas mecânicas ou elétricas,Incêndio,Sem Vítimas,Plena Noite,Crescente,Nublado,Dupla,Reta,Sim,1.0,0.0,0.0,0.0,0.0,1.0,0.0,1.0,"-23,30439169","-46,03197317",SPRF-SP,DEL02/SP,UOP01-DEL02-SP
746999,21/01/2026,quarta-feira,01:40:00,TO,153.0,347,FORTALEZA DO TABOCAO,Acessar a via sem observar a presença dos outros veículos,Colisão transversal,Com Vítimas Feridas,Plena Noite,Crescente,Céu Claro,Simples,Reta,Não,6.0,0.0,2.0,1.0,3.0,2.0,0.0,2.0,"-8,95322611","-48,4999162",SPRF-TO,DEL02-TO,UOP02-DEL02-TO
747005,21/01/2026,quarta-feira,02:25:00,SP,116.0,438,REGISTRO,Reação tardia ou ineficiente do condutor,Colisão traseira,Com Vítimas Feridas,Plena Noite,Decrescente,Céu Claro,Dupla,Reta,Não,5.0,0.0,1.0,0.0,1.0,3.0,0.0,7.0,"-24,4507913","-47,80847383",SPRF-SP,DEL05/SP,UOP01-DEL05-SP
747013,21/01/2026,quarta-feira,06:20:00,SC,101.0,"8,3",GARUVA,Condutor Dormindo,Colisão traseira,Com Vítimas Feridas,Pleno dia,Decrescente,Céu Claro,Dupla,Reta,Sim,6.0,0.0,1.0,0.0,1.0,4.0,0.0,6.0,"-26,04015857","-48,8596743",SPRF-SC,DEL03/SC,UOP01-DEL03-SC
747014,20/01/2026,terça-feira,20:40:00,MG,365.0,341,VARJAO DE MINAS,Acumulo de água sobre o pavimento,Saída de leito carroçável,Sem Vítimas,Plena Noite,Decrescente,Chuva,Simples,Reta;Declive,Não,2.0,0.0,0.0,0.0,0.0,1.0,0.0,2.0,"-18,35997","-46,01888",SPRF-MG,DEL10/MG,UOP01-DEL10-MG
747018,21/01/2026,quarta-feira,06:15:00,PE,232.0,"80,3",GRAVATA,Reação tardia ou ineficiente do condutor,Colisão lateral mesmo sentido,Com Vítimas Feridas,Pleno dia,Crescente,Céu Claro,Dupla,Reta,Não,2.0,0.0,1.0,0.0,1.0,1.0,0.0,2.0,"-8,196718","-35,574745",SPRF-PE,DEL02/PE,UOP02-DEL02PE
747020,21/01/2026,quarta-feira,06:50:00,BA,101.0,207,GOVERNADOR MANGABEIRA,Condutor Dormindo,Colisão lateral sentido oposto,Com Vítimas Feridas,Pleno dia,Decrescente,Céu Claro,Simples,Reta,Não,4.0,0.0,1.0,0.0,1.0,2.0,0.0,4.0,"-12,602","-39,056",SPRF-BA,DEL11/BA,UOP01-DEL11-BA
747022,21/01/2026,quarta-feira,05:55:00,PR,376.0,"668,6",GUARATUBA,Demais falhas mecânicas ou elétricas,Incêndio,Sem Vítimas,Amanhecer,Crescente,Nublado,Dupla,Curva;Declive,Não,2.0,0.0,0.0,0.0,0.0,1.0,0.0,2.0,"-25,872327","-48,936937",SPRF-PR,DEL01/PR,UOP04-DEL01-PR
747024,21/01/2026,quarta-feira,23:40:00,PA,316.0,124,NOVA TIMBOTEUA,Demais falhas mecânicas ou elétricas,Incêndio,Sem Vítimas,Plena Noite,Decrescente,Céu Claro,Simples,Reta,Não,2.0,0.0,0.0,0.0,0.0,1.0,0.0,3.0,"-1,308643","-47,39385",SPRF-PA,DEL01/PA,UOP02-DEL01-PA
747029,21/01/2026,quarta-feira,06:45:00,PR,116.0,143,MANDIRITUBA,Ultrapassagem Indevida,Colisão lateral mesmo sentido,Sem Vítimas,Pleno dia,Decrescente,Nublado,Simples,Reta,Não,2.0,0.0,0.0,0.0,0.0,2.0,0.0,2.0,"-25,797348","-49,329097",SPRF-PR,DEL01/PR,UOP03-DEL01-PR
747033,21/01/2026,quarta-feira,06:45:00,MG,153.0,"225,3",FRUTAL,Condutor deixou de manter distância do veículo da frente,Colisão traseira,Com Vítimas Feridas,Pleno dia,Crescente,Nublado,Simples,Reta,Não,4.0,0.0,1.0,0.0,1.0,2.0,0.0,3.0,"-20,1335918","-49,10972156",SPRF-MG,DEL13/MG,UOP02-DEL13-MG
747035,21/01/2026,quarta-feira,07:30:00,SP,153.0,"76,9",BADY BASSITT,Velocidade Incompatível,Colisão traseira,Com Vítimas Feridas,Pleno dia,Decrescente,Sol,Dupla,Aclive,Não,3.0,0.0,1.0,0.0,1.0,1.0,0.0,3.0,"-20,901783","-49,4518",SPRF-SP,DEL09/SP,UOP01-DEL09-SP
747043,05/01/2026,segunda-feira,10:40:00,BA,101.0,685,EUNAPOLIS,Velocidade Incompatível,Engavetamento,Com Vítimas Feridas,Pleno dia,Crescente,Céu Claro,Simples,Reta;Aclive,Não,6.0,0.0,1.0,1.0,2.0,4.0,0.0,5.0,"-16,131116","-39,603143",SPRF-BA,DEL09/BA,UOP03-DEL09-BA
747052,21/01/2026,quarta-feira,06:55:00,MG,381.0,"310,8",NOVA ERA,Ultrapassagem Indevida,Colisão frontal,Com Vítimas Fatais,Pleno dia,Decrescente,Chuva,Simples,Curva,Não,5.0,1.0,0.0,3.0,3.0,1.0,0.0,2.0,"-19,67548","-42,97838",SPRF-MG,DEL03/MG,UOP02-DEL03-MG
747053,12/01/2026,segunda-feira,03:37:00,SC,282.0,42,AGUAS MORNAS,Velocidade Incompatível,Colisão lateral sentido oposto,Com Vítimas Fatais,Plena Noite,Decrescente,Nublado,Simples,Aclive;Curva,Sim,3.0,1.0,1.0,0.0,1.0,0.0,0.0,3.0,"-27,7206","-48,8875",SPRF-SC,DEL01/SC,UOP03-DEL01-SC
747058,21/01/2026,quarta-feira,07:00:00,RS,285.0,295,PASSO FUNDO,Condutor deixou de manter distância do veículo da frente,Engavetamento,Com Vítimas Feridas,Pleno dia,Decrescente,Céu Claro,Simples,Reta,Sim,4.0,0.0,1.0,0.0,1.0,3.0,0.0,4.0,"-28,23624827","-52,37785173",SPRF-RS,DEL08/RS,UOP03-DEL08-RS
747064,21/01/2026,quarta-feira,08:00:00,PR,376.0,603,CURITIBA,Entrada inopinada do pedestre,Atropelamento de Pedestre,Com Vítimas Feridas,Pleno dia,Crescente,Sol,Dupla,Reta;Aclive,Sim,2.0,0.0,1.0,0.0,1.0,1.0,0.0,2.0,"-25,53181207","-49,32304502",SPRF-PR,DEL01/PR,UOP03-DEL01-PR
747066,21/01/2026,quarta-feira,09:40:00,ES,101.0,299,VIANA,Reação tardia ou ineficiente do condutor,Colisão traseira,Com Vítimas Feridas,Pleno dia,Decrescente,Chuva,Dupla,Declive;Reta,Sim,6.0,0.0,2.0,0.0,2.0,3.0,0.0,4.0,"-20,358537","-40,42228",SPRF-ES,DEL01-ES,UOP01-DEL01-ES
747068,21/01/2026,quarta-feira,10:23:00,PA,308.0,156,CAPANEMA,Reação tardia ou ineficiente do condutor,Colisão traseira,Com Vítimas Feridas,Pleno dia,Crescente,Nublado,Simples,Reta,Sim,2.0,0.0,0.0,1.0,1.0,1.0,0.0,2.0,"-1,210077","-47,14916",SPRF-PA,DEL01/PA,UOP03-DEL01-PA
747070,21/01/2026,quarta-feira,08:00:00,BA,116.0,338,TEOFILANDIA,Acesso irregular,Colisão lateral sentido oposto,Com Vítimas Feridas,Pleno dia,Crescente,Céu Claro,Simples,Reta,Sim,3.0,0.0,1.0,0.0,1.0,1.0,0.0,3.0,"-11,493326","-38,997398",SPRF-BA,DEL02/BA,UOP01-DEL02-BA
747072,21/01/2026,quarta-feira,09:50:00,MG,381.0,678,PERDOES,Condutor usando celular,Tombamento,Com Vítimas Feridas,Pleno dia,Crescente,Nublado,Dupla,Reta,Não,2.0,0.0,1.0,0.0,1.0,0.0,0.0,2.0,"-21,10884375","-45,09132385",SPRF-MG,DEL04/MG,UOP02-DEL04-MG
747074,21/01/2026,quarta-feira,09:25:00,MT,70.0,283,PRIMAVERA DO LESTE,Acessar a via sem observar a presença dos outros veículos,Colisão transversal,Com Vítimas Feridas,Pleno dia,Decrescente,Chuva,Simples,Curva,Sim,4.0,0.0,2.0,0.0,2.0,1.0,0.0,3.0,"-15,5727943","-54,31635261",SPRF-MT,DEL05/MT,UOP01-DEL05-MT
747082,21/01/2026,quarta-feira,11:30:00,PR,277.0,"7,7",PARANAGUA,Desrespeitar a preferência no cruzamento,Colisão transversal,Com Vítimas Feridas,Pleno dia,Decrescente,Sol,Simples,Reta;Interseção de Vias,Sim,3.0,0.0,1.0,0.0,1.0,1.0,0.0,6.0,"-25,506499","-48,516225",SPRF-PR,DEL01/PR,UOP05-DEL01-PR
747088,21/01/2026,quarta-feira,10:35:00,MT,163.0,971,TERRA NOVA DO NORTE,Acumulo de água sobre o pavimento,Colisão lateral sentido oposto,Com Vítimas Feridas,Pleno dia,Crescente,Chuva,Simples,Declive;Curva,Não,4.0,0.0,1.0,0.0,1.0,2.0,0.0,8.0,"-10,71924113","-55,12778313",SPRF-MT,DEL06/MT,UOP03-DEL06-MT
747092,21/01/2026,quarta-feira,10:30:00,RJ,101.0,"190,1",CASIMIRO DE ABREU,Transitar na contramão,Colisão frontal,Com Vítimas Feridas,Pleno dia,Crescente,Chuva,Simples,Curva,Não,4.0,0.0,3.0,1.0,4.0,0.0,0.0,2.0,"-22,45783602","-42,06158638",SPRF-RJ,DEL08/RJ,UOP04-DEL08-RJ
747093,21/01/2026,quarta-feira,12:10:00,GO,60.0,171,GOIANIA,Demais falhas mecânicas ou elétricas,Incêndio,Sem Vítimas,Pleno dia,Decrescente,Nublado,Dupla,Reta,Não,2.0,0.0,0.0,0.0,0.0,1.0,0.0,2.0,"-16,73392837","-49,40035408",SPRF-GO,DEL01/GO,UOP02-DEL01-GO
747099,21/01/2026,quarta-feira,12:05:00,CE,222.0,"24,5",CAUCAIA,Conversão proibida,Colisão lateral mesmo sentido,Com Vítimas Feridas,Pleno dia,Crescente,Céu Claro,Dupla,Reta,Não,4.0,0.0,0.0,1.0,1.0,2.0,0.0,3.0,"-3,727767","-38,774558",SPRF-CE,DEL01/CE,UOP01-DEL01-CE
747102,21/01/2026,quarta-feira,13:50:00,PR,277.0,31,MORRETES,Ausência de reação do condutor,Colisão traseira,Com Vítimas Feridas,Pleno dia,Decrescente,Céu Claro,Dupla,Declive;Reta,Não,4.0,0.0,2.0,0.0,2.0,1.0,0.0,7.0,"-25,556978","-48,8046475",SPRF-PR,DEL01/PR,UOP05-DEL01-PR
747107,21/01/2026,quarta-feira,13:00:00,RS,392.0,"283,5",SAO SEPE,Reação tardia ou ineficiente do condutor,Saída de leito carroçável,Com Vítimas Fatais,Pleno dia,Decrescente,Céu Claro,Múltipla,Reta,Não,3.0,1.0,1.0,0.0,1.0,0.0,0.0,2.0,"-30,277917","-53,54184",SPRF-RS,DEL09/RS,UOP02-DEL09-RS
747113,21/01/2026,quarta-feira,12:40:00,MG,40.0,655,CRISTIANO OTONI,Condutor deixou de manter distância do veículo da frente,Colisão lateral mesmo sentido,Sem Vítimas,Pleno dia,Crescente,Chuva,Dupla,Curva;Aclive,Não,4.0,0.0,0.0,0.0,0.0,3.0,0.0,4.0,"-20,87934297","-43,80111694",SPRF-MG,DEL05/MG,UOP02-DEL05-MG
747121,21/01/2026,quarta-feira,14:30:00,ES,101.0,239,FUNDAO,Ingestão de álcool pelo condutor,Colisão transversal,Sem Vítimas,Pleno dia,Crescente,Garoa/Chuvisco,Simples,Declive;Curva,Não,3.0,0.0,0.0,0.0,0.0,2.0,0.0,3.0,"-20,01008988","-40,40684491",SPRF-ES,DEL02-ES,UOP01-DEL02-ES
747123,05/01/2026,segunda-feira,03:15:00,RO,364.0,"435,4",JARU,Curva acentuada,Tombamento,Com Vítimas Fatais,Plena Noite,Crescente,Garoa/Chuvisco,Simples,Curva,Não,6.0,2.0,3.0,0.0,3.0,0.0,0.0,2.0,"-10,38984244","-62,54046377",SPRF-RO,DEL03-RO,UOP02-DEL03-RO
747125,21/01/2026,quarta-feira,14:30:00,ES,101.0,262,SERRA,Condutor deixou de manter distância do veículo da frente,Colisão traseira,Com Vítimas Feridas,Pleno dia,Decrescente,Chuva,Dupla,Aclive;Reta,Sim,7.0,0.0,1.0,1.0,2.0,5.0,0.0,4.0,"-20,16213","-40,27526",SPRF-ES,DEL02-ES,UOP01-DEL02-ES
747126,21/01/2026,quarta-feira,15:10:00,ES,101.0,"287,6",CARIACICA,Reação tardia ou ineficiente do condutor,Colisão traseira,Com Vítimas Fatais,Pleno dia,Crescente,Chuva,Dupla,Reta;Retorno Regulamentado,Sim,4.0,1.0,2.0,0.0,2.0,1.0,0.0,3.0,"-20,26843724","-40,38870335",SPRF-ES,DEL01-ES,UOP01-DEL01-ES
747135,21/01/2026,quarta-feira,13:30:00,GO,70.0,"19,5",COCALZINHO DE GOIAS,Ultrapassagem Indevida,Colisão traseira,Com Vítimas Feridas,Pleno dia,Crescente,Céu Claro,Simples,Reta;Aclive,Não,3.0,0.0,1.0,0.0,1.0,1.0,0.0,3.0,"-15,743248","-48,369097",SPRF-DF,DEL03-DF,UOP02-DEL03-DF
747143,21/01/2026,quarta-feira,12:30:00,MS,163.0,"167,7",JUTI,Demais falhas mecânicas ou elétricas,Incêndio,Sem Vítimas,Pleno dia,Crescente,Sol,Simples,Reta,Não,2.0,0.0,0.0,0.0,0.0,1.0,0.0,2.0,"-22,889797","-54,57939",SPRF-MS,DEL09/MS,UOP01-DEL09-MS
747144,21/01/2026,quarta-feira,16:20:00,SE,235.0,"0,1",ARACAJU,Condutor deixou de manter distância do veículo da frente,Colisão traseira,Com Vítimas Feridas,Pleno dia,Crescente,Céu Claro,Dupla,Reta,Sim,2.0,0.0,0.0,1.0,1.0,1.0,0.0,2.0,"-10,91009912","-37,07547633",SPRF-SE,DEL01-SE,UOP01-DEL01-SE
747148,21/01/2026,quarta-feira,16:45:00,MG,40.0,"495,5",PEDRO LEOPOLDO,Condutor deixou de manter distância do veículo da frente,Colisão lateral mesmo sentido,Sem Vítimas,Pleno dia,Crescente,Garoa/Chuvisco,Dupla,Aclive;Reta,Não,6.0,0.0,0.0,0.0,0.0,5.0,0.0,4.0,"-19,6661881","-44,1948746",SPRF-MG,DEL02/MG,UOP01-DEL02-MG
747149,21/01/2026,quarta-feira,06:00:00,RJ,101.0,306,SAO GONCALO,Condutor deixou de manter distância do veículo da frente,Colisão traseira,Com Vítimas Feridas,Pleno dia,Crescente,Chuva,Dupla,Reta,Sim,2.0,0.0,1.0,0.0,1.0,1.0,0.0,2.0,"-22,79114675","-43,00492806",SPRF-RJ,DEL02/RJ,UOP02-DEL02-RJ
747153,21/01/2026,quarta-feira,12:00:00,RO,364.0,350,JI-PARANA,Acessar a via sem observar a presença dos outros veículos,Colisão transversal,Com Vítimas Feridas,Pleno dia,Crescente,Céu Claro,Simples,Reta,Não,3.0,0.0,0.0,1.0,1.0,1.0,0.0,4.0,"-10,839732","-62,00727",SPRF-RO,DEL02-RO,UOP01-DEL02-RO
747154,21/01/2026,quarta-feira,15:05:00,AC,317.0,276,EPITACIOLANDIA,Acumulo de água sobre o pavimento,Saída de leito carroçável,Sem Vítimas,Pleno dia,Decrescente,Chuva,Simples,Declive;Curva,Não,1.0,0.0,0.0,0.0,0.0,1.0,0.0,1.0,"-10,97618832","-68,63897324",SPRF-AC,DEL01-AC,UOP02-DEL01-AC
747159,21/01/2026,quarta-feira,17:40:00,RS,290.0,78,GRAVATAI,Reação tardia ou ineficiente do condutor,Colisão com objeto,Com Vítimas Feridas,Pleno dia,Decrescente,Céu Claro,Múltipla,Reta,Não,2.0,0.0,1.0,0.0,1.0,0.0,0.0,2.0,"-29,95418073","-51,04009565",SPRF-RS,DEL01/RS,UOP01-DEL01-RS
747163,21/01/2026,quarta-feira,16:00:00,GO,60.0,423,RIO VERDE,Condutor Dormindo,Colisão traseira,Com Vítimas Feridas,Pleno dia,Decrescente,Chuva,Dupla,Aclive;Reta,Não,3.0,0.0,1.0,0.0,1.0,1.0,0.0,3.0,"-17,813922","-51,274478",SPRF-GO,DEL04/GO,UOP02-DEL04-GO
747167,19/01/2026,segunda-feira,14:20:00,SE,101.0,104,SAO CRISTOVAO,Reação tardia ou ineficiente do condutor,Colisão com objeto,Sem Vítimas,Pleno dia,Crescente,Sol,Dupla,Reta,Não,3.0,0.0,0.0,0.0,0.0,1.0,0.0,2.0,"-10,958003","-37,234472",SPRF-SE,DEL02-SE,UOP01-DEL02-SE
747168,21/01/2026,quarta-feira,16:10:00,GO,153.0,581,PIRACANJUBA,Chuva,Saída de leito carroçável,Com Vítimas Feridas,Pleno dia,Crescente,Chuva,Dupla,Curva,Não,3.0,0.0,1.0,0.0,1.0,2.0,0.0,3.0,"-17,37561266","-49,23871703",SPRF-GO,DEL03/GO,UOP01-DEL03-GO
747174,21/01/2026,quarta-feira,18:00:00,MS,262.0,326,CAMPO GRANDE,Condutor deixou de manter distância do veículo da frente,Colisão traseira,Com Vítimas Feridas,Pleno dia,Crescente,Céu Claro,Dupla,Reta,Sim,3.0,0.0,0.0,1.0,1.0,1.0,0.0,2.0,"-20,46851617","-54,53483979",SPRF-MS,DEL01/MS,UOP01-DEL01-MS
747184,21/01/2026,quarta-feira,19:10:00,RJ,101.0,67,CAMPOS DOS GOYTACAZES,Ausência de reação do condutor,Atropelamento de Pedestre,Com Vítimas Feridas,Anoitecer,Crescente,Chuva,Dupla,Reta,Não,5.0,0.0,1.0,0.0,1.0,3.0,0.0,3.0,"-21,8358885","-41,42118735",SPRF-RJ,DEL08/RJ,UOP02-DEL08-RJ
747197,21/01/2026,quarta-feira,19:40:00,MG,40.0,"716,9",BARBACENA,Reação tardia ou ineficiente do condutor,Colisão traseira,Com Vítimas Feridas,Plena Noite,Crescente,Chuva,Dupla,Reta,Não,4.0,0.0,0.0,1.0,1.0,2.0,0.0,3.0,"-21,2774521","-43,6466675",SPRF-MG,DEL05/MG,UOP01-DEL05-MG
747201,21/01/2026,quarta-feira,15:00:00,RJ,40.0,18,TRES RIOS,Chuva,Colisão com objeto,Com Vítimas Feridas,Pleno dia,Crescente,Chuva,Dupla,Curva,Sim,2.0,0.0,1.0,0.0,1.0,1.0,0.0,1.0,"-22,10317577","-43,16996098",SPRF-RJ,DEL05/RJ,UOP02-DEL05-RJ
747202,21/01/2026,quarta-feira,20:55:00,CE,116.0,383,ICO,Reação tardia ou ineficiente do condutor,Colisão com objeto,Sem Vítimas,Plena Noite,Decrescente,Céu Claro,Simples,Reta,Não,1.0,0.0,0.0,0.0,0.0,1.0,0.0,1.0,"-6,46225037","-38,85504842",SPRF-CE,DEL05/CE,UOP01-DEL05-CE
747203,21/01/2026,quarta-feira,20:58:00,MG,365.0,566,INDIANOPOLIS,Mal súbito do condutor,Saída de leito carroçável,Com Vítimas Feridas,Plena Noite,Decrescente,Chuva,Simples,Reta,Não,1.0,0.0,1.0,0.0,1.0,0.0,0.0,1.0,"-18,92674767","-47,75859833",SPRF-MG,DEL15/MG,UOP02-DEL15-MG
747210,21/01/2026,quarta-feira,19:05:00,SC,282.0,"643,3",SAO MIGUEL DO OESTE,Acessar a via sem observar a presença dos outros veículos,Colisão transversal,Com Vítimas Feridas,Pleno dia,Decrescente,Céu Claro,Simples,Reta,Não,4.0,0.0,2.0,0.0,2.0,1.0,0.0,3.0,"-26,76997658","-53,47411601",SPRF-SC,DEL07/SC,UOP03-DEL07-SC
747213,21/01/2026,quarta-feira,20:30:00,PE,232.0,"33,7",MORENO,Manobra de mudança de faixa,Colisão lateral mesmo sentido,Com Vítimas Feridas,Plena Noite,Decrescente,Céu Claro,Dupla,Reta,Não,4.0,0.0,2.0,0.0,2.0,2.0,0.0,2.0,"-8,10693","-35,182557",SPRF-PE,DEL02/PE,UOP02-DEL02PE
747214,21/01/2026,quarta-feira,21:40:00,DF,20.0,18,BRASILIA,Chuva,Saída de leito carroçável,Sem Vítimas,Plena Noite,Crescente,Chuva,Múltipla,Reta,Sim,1.0,0.0,0.0,0.0,0.0,1.0,0.0,1.0,"-15,58930053","-47,61997163",SPRF-DF,DEL02-DF,UOP01-DEL02-DF
747215,21/01/2026,quarta-feira,15:00:00,RO,364.0,"410,8",JARU,Condutor deixou de manter distância do veículo da frente,Colisão traseira,Sem Vítimas,Pleno dia,Decrescente,Nublado,Simples,Curva;Declive,Não,3.0,0.0,0.0,0.0,0.0,1.0,0.0,3.0,"-10,525604","-62,394316",SPRF-RO,DEL03-RO,UOP02-DEL03-RO
747222,21/01/2026,quarta-feira,22:00:00,PR,369.0,"156,1",LONDRINA,Condutor deixou de manter distância do veículo da frente,Colisão traseira,Com Vítimas Feridas,Plena Noite,Decrescente,Céu Claro,Dupla,Reta,Não,3.0,0.0,1.0,0.0,1.0,1.0,0.0,5.0,"-23,291385","-51,217834",SPRF-PR,DEL07/PR,UOP01-DEL07-PR
747223,21/01/2026,quarta-feira,22:40:00,SP,116.0,"106,2",TAUBATE,Condutor deixou de manter distância do veículo da frente,Colisão traseira,Com Vítimas Feridas,Plena Noite,Decrescente,Nublado,Dupla,Reta,Sim,5.0,0.0,3.0,0.0,3.0,1.0,0.0,3.0,"-23,01580879","-45,52706285",SPRF-SP,DEL02/SP,UOP02-DEL02-SP
747224,21/01/2026,quarta-feira,22:28:00,SC,101.0,"98,9",BALNEARIO PICARRAS,Suicídio (presumido),Atropelamento de Pedestre,Com Vítimas Fatais,Plena Noite,Crescente,Nublado,Dupla,Reta,Sim,4.0,1.0,0.0,0.0,0.0,2.0,0.0,3.0,"-26,74857207","-48,69543298",SPRF-SC,DEL03/SC,UOP02-DEL03-SC
747225,21/01/2026,quarta-feira,22:20:00,PR,277.0,595,CASCAVEL,Ingestão de álcool pelo condutor,Colisão traseira,Sem Vítimas,Plena Noite,Crescente,Céu Claro,Múltipla,Aclive,Sim,4.0,0.0,0.0,0.0,0.0,3.0,0.0,3.0,"-24,98156","-53,478154",SPRF-PR,DEL04/PR,UOP01-DEL04-PR
747226,21/01/2026,quarta-feira,23:45:00,SP,116.0,104,TAUBATE,Velocidade Incompatível,Colisão traseira,Com Vítimas Feridas,Plena Noite,Decrescente,Céu Claro,Dupla,Reta,Não,3.0,0.0,1.0,0.0,1.0,1.0,0.0,3.0,"-23,00003651","-45,49963792",SPRF-SP,DEL02/SP,UOP02-DEL02-SP
747227,21/01/2026,quarta-feira,22:00:00,GO,50.0,202,CAMPO ALEGRE DE GOIAS,Condutor Dormindo,Saída de leito carroçável,Com Vítimas Feridas,Plena Noite,Decrescente,Chuva,Dupla,Reta,Não,2.0,0.0,1.0,0.0,1.0,0.0,0.0,2.0,"-17,590052","-47,808483",SPRF-GO,DEL06/GO,UOP01-DEL06-GO
747229,21/01/2026,quarta-feira,21:30:00,PE,232.0,63,POMBOS,Velocidade Incompatível,Tombamento,Sem Vítimas,Plena Noite,Decrescente,Nublado,Dupla,Curva;Declive,Não,1.0,0.0,0.0,0.0,0.0,1.0,0.0,1.0,"-8,158717","-35,430975",SPRF-PE,DEL02/PE,UOP02-DEL02PE
747230,21/01/2026,quarta-feira,23:08:00,PE,423.0,54,LAJEDO,Transitar na contramão,Colisão lateral sentido oposto,Com Vítimas Feridas,Plena Noite,Crescente,Céu Claro,Simples,Curva,Não,3.0,0.0,1.0,1.0,2.0,0.0,0.0,3.0,"-8,6129111","-36,2969439",SPRF-PE,DEL03/PE,UOP01-DEL03-PE