id,data_inversa,dia_semana,horario,uf,br,km,municipio,causa_acidente,tipo_acidente,classificacao_acidente,fase_dia,sentido_via,condicao_metereologica,tipo_pista,tracado_via,uso_solo,pessoas,mortos,feridos_leves,feridos_graves,feridos,ilesos,ignorados,veiculos,latitude,longitude,regional,delegacia,uop
747555,23/01/2026,sexta-feira,16:00:00,MG,381.0,753,TRES CORACOES,Ausência de reação do condutor,Saída de leito carroçável,Com Vítimas Feridas,Pleno dia,Decrescente,Chuva,Dupla,Curva,Não,4.0,0.0,1.0,1.0,2.0,1.0,0.0,4.0,"-21,664732","-45,309373",SPRF-MG,DEL16/MG,UOP02-DEL16-MG
747556,23/01/2026,sexta-feira,15:40:00,DF,60.0,"13,9",BRASILIA,Acumulo de água sobre o pavimento,Saída de leito carroçável,Sem Vítimas,Pleno dia,Crescente,Chuva,Dupla,Reta,Não,1.0,0.0,0.0,0.0,0.0,1.0,0.0,1.0,"-15,934744","-48,169326",SPRF-DF,DEL03-DF,UOP01-DEL03-DF
747557,23/01/2026,sexta-feira,15:00:00,RS,386.0,164,ALMIRANTE TAMANDARE DO SUL,Ausência de reação do condutor,Saída de leito carroçável,Com Vítimas Feridas,Pleno dia,Crescente,Céu Claro,Simples,Reta,Não,4.0,0.0,2.0,0.0,2.0,2.0,0.0,1.0,"-28,19266","-52,8276",SPRF-RS,DEL08/RS,UOP01-DEL08-RS
747558,23/01/2026,sexta-feira,15:45:00,MG,40.0,515,RIBEIRAO DAS NEVES,Reação tardia ou ineficiente do condutor,Colisão traseira,Com Vítimas Feridas,Pleno dia,Crescente,Chuva,Dupla,Aclive;Reta,Sim,6.0,0.0,1.0,0.0,1.0,3.0,0.0,7.0,"-19,80763093","-44,09595648",SPRF-MG,DEL01/MG,UOP02-DEL01-MG
747562,23/01/2026,sexta-feira,15:20:00,MG,116.0,765,LEOPOLDINA,Acessar a via sem observar a presença dos outros veículos,Colisão transversal,Com Vítimas Feridas,Pleno dia,Crescente,Chuva,Simples,Interseção de Vias;Rotatória,Sim,2.0,0.0,1.0,0.0,1.0,1.0,0.0,2.0,"-21,52045631","-42,6508335",SPRF-MG,DEL07/MG,UOP01-DEL07-MG
747569,23/01/2026,sexta-feira,15:45:00,MG,365.0,475,PATROCINIO,Ausência de reação do condutor,Colisão traseira,Com Vítimas Feridas,Pleno dia,Crescente,Céu Claro,Simples,Curva,Sim,10.0,0.0,7.0,0.0,7.0,2.0,0.0,4.0,"-18,92151","-47,01673",SPRF-MG,DEL10/MG,UOP01-DEL10-MG
747595,23/01/2026,sexta-feira,17:50:00,SC,101.0,396,MARACAJA,Condutor deixou de manter distância do veículo da frente,Colisão traseira,Com Vítimas Fatais,Pleno dia,Decrescente,Nublado,Dupla,Aclive;Reta,Não,3.0,1.0,0.0,0.0,0.0,1.0,0.0,3.0,"-28,83672717","-49,42115871",SPRF-SC,DEL02/SC,UOP02-DEL02-SC
747597,23/01/2026,sexta-feira,18:50:00,PR,163.0,182,SANTA TEREZA DO OESTE,Velocidade Incompatível,Colisão lateral mesmo sentido,Com Vítimas Feridas,Anoitecer,Decrescente,Céu Claro,Dupla,Curva,Sim,3.0,0.0,1.0,0.0,1.0,1.0,0.0,3.0,"-25,1349459","-53,5840854",SPRF-PR,DEL05/PR,UOP05-DEL05-PR
747598,23/01/2026,sexta-feira,06:00:00,MA,222.0,"328,7",IGARAPE DO MEIO,Acostamento em desnível,Tombamento,Sem Vítimas,Amanhecer,Crescente,Céu Claro,Simples,Reta,Não,2.0,0.0,0.0,0.0,0.0,1.0,0.0,2.0,"-3,58640847","-45,06351471",SPRF-MA,DEL02-MA,UOP01-DEL02-MA
747600,23/01/2026,sexta-feira,19:05:00,BA,116.0,414,FEIRA DE SANTANA,Acessar a via sem observar a presença dos outros veículos,Colisão com objeto,Com Vítimas Feridas,Plena Noite,Crescente,Céu Claro,Dupla,Reta,Não,3.0,0.0,0.0,2.0,2.0,1.0,0.0,2.0,"-12,1578833","-38,9651433",SPRF-BA,DEL02/BA,UOP01-DEL02-BA
747604,23/01/2026,sexta-feira,17:30:00,ES,101.0,78,SAO MATEUS,Problema com o freio,Incêndio,Sem Vítimas,Anoitecer,Crescente,Nublado,Simples,Declive,Não,2.0,0.0,0.0,0.0,0.0,1.0,0.0,3.0,"-18,8098114","-39,89761703",SPRF-ES,DEL04-ES,UOP02-DEL04-ES
747608,23/01/2026,sexta-feira,17:41:00,MS,163.0,213,CAARAPO,Ultrapassagem Indevida,Colisão lateral mesmo sentido,Com Vítimas Fatais,Pleno dia,Decrescente,Céu Claro,Simples,Declive;Reta,Não,7.0,1.0,3.0,1.0,4.0,1.0,0.0,7.0,"-22,5722742","-54,81900662",SPRF-MS,DEL04/MS,UOP02-DEL04-MS
747618,23/01/2026,sexta-feira,20:40:00,ES,101.0,"65,3",SAO MATEUS,Ingestão de álcool pelo condutor,Colisão lateral sentido oposto,Sem Vítimas,Anoitecer,Crescente,Céu Claro,Simples,Reta,Não,3.0,0.0,0.0,0.0,0.0,2.0,0.0,4.0,"-18,7140508","-39,8782362",SPRF-ES,DEL04-ES,UOP02-DEL04-ES
747621,23/01/2026,sexta-feira,19:35:00,SE,101.0,142,ESTANCIA,Falta de elemento de contenção que evite a saída do leito carroçável,Saída de leito carroçável,Sem Vítimas,Plena Noite,Crescente,Céu Claro,Dupla,Reta,Não,2.0,0.0,0.0,0.0,0.0,0.0,1.0,2.0,"-11,1896624","-37,4051279",SPRF-SE,DEL02-SE,UOP01-DEL02-SE
747625,23/01/2026,sexta-feira,20:20:00,RJ,101.0,69,CAMPOS DOS GOYTACAZES,Retorno proibido,Colisão traseira,Com Vítimas Feridas,Plena Noite,Crescente,Chuva,Simples,Reta,Sim,4.0,0.0,1.0,0.0,1.0,2.0,0.0,4.0,"-21,774603","-41,362",SPRF-RJ,DEL08/RJ,UOP02-DEL08-RJ
747629,23/01/2026,sexta-feira,20:00:00,RJ,40.0,110,DUQUE DE CAXIAS,Objeto estático sobre o leito carroçável,Colisão traseira,Com Vítimas Feridas,Plena Noite,Crescente,Chuva,Dupla,Reta,Não,3.0,0.0,1.0,0.0,1.0,1.0,0.0,3.0,"-22,66627","-43,28488",SPRF-RJ,DEL01/RJ,UOP02-DEL01-RJ
747631,23/01/2026,sexta-feira,20:10:00,MT,163.0,983,TERRA NOVA DO NORTE,Ausência de sinalização,Colisão traseira,Com Vítimas Fatais,Plena Noite,Crescente,Nublado,Simples,Reta,Não,3.0,1.0,0.0,0.0,0.0,1.0,0.0,4.0,"-10,637859","-55,133539",SPRF-MT,DEL06/MT,UOP03-DEL06-MT
747634,23/01/2026,sexta-feira,22:20:00,RJ,101.0,243,SILVA JARDIM,Acessar a via sem observar a presença dos outros veículos,Colisão traseira,Sem Vítimas,Plena Noite,Decrescente,Céu Claro,Dupla,Reta,Não,2.0,0.0,0.0,0.0,0.0,2.0,0.0,2.0,"-22,639375","-42,46748",SPRF-RJ,DEL02/RJ,UOP03-DEL02-RJ
747641,23/01/2026,sexta-feira,21:01:00,AL,101.0,"36,2",JOAQUIM GOMES,Velocidade Incompatível,Colisão traseira,Com Vítimas Feridas,Plena Noite,Decrescente,Nublado,Dupla,Curva,Não,2.0,0.0,0.0,1.0,1.0,0.0,0.0,2.0,"-9,134766","-35,77137",SPRF-AL,DEL01-AL,UOP02-DEL01-AL
747646,23/01/2026,sexta-feira,19:07:00,PR,277.0,372,GUARAPUAVA,Condutor deixou de manter distância do veículo da frente,Colisão frontal,Com Vítimas Feridas,Pleno dia,Crescente,Céu Claro,Simples,Declive;Reta,Não,6.0,0.0,1.0,0.0,1.0,4.0,0.0,6.0,"-25,42264","-51,66581",SPRF-PR,DEL08/PR,UOP01-DEL08-PR
747647,23/01/2026,sexta-feira,23:20:00,PB,104.0,130,CAMPINA GRANDE,Conversão proibida,Colisão lateral mesmo sentido,Com Vítimas Feridas,Plena Noite,Crescente,Céu Claro,Simples,Em Obras;Reta,Sim,2.0,0.0,0.0,1.0,1.0,1.0,0.0,2.0,"-7,282482","-35,889187",SPRF-PB,DEL02-PB,UOP01-DEL02-PB
747651,24/01/2026,sábado,00:00:00,SP,116.0,"103,2",TAUBATE,Ausência de reação do condutor,Engavetamento,Com Vítimas Feridas,Plena Noite,Decrescente,Nublado,Dupla,Reta;Declive,Não,10.0,0.0,3.0,1.0,4.0,5.0,0.0,4.0,"-22,99945851","-45,4985318",SPRF-SP,DEL02/SP,UOP02-DEL02-SP
747652,23/01/2026,sexta-feira,14:20:00,MS,463.0,"45,6",PONTA PORA,Reação tardia ou ineficiente do condutor,Saída de leito carroçável,Sem Vítimas,Pleno dia,Decrescente,Céu Claro,Simples,Reta,Não,3.0,0.0,0.0,0.0,0.0,1.0,0.0,4.0,"-22,343699","-55,203225",SPRF-MS,DEL04/MS,UOP03-DEL04-MS
747654,24/01/2026,sábado,01:30:00,SC,282.0,"644,5",SAO MIGUEL DO OESTE,Velocidade Incompatível,Saída de leito carroçável,Com Vítimas Feridas,Plena Noite,Decrescente,Céu Claro,Simples,Curva,Não,2.0,0.0,1.0,0.0,1.0,1.0,0.0,2.0,"-26,76503374","-53,48541347",SPRF-SC,DEL07/SC,UOP03-DEL07-SC
747660,24/01/2026,sábado,03:00:00,MG,262.0,"397,9",PARA DE MINAS,Velocidade Incompatível,Tombamento,Com Vítimas Feridas,Plena Noite,Crescente,Nublado,Dupla,Curva,Não,4.0,0.0,0.0,1.0,1.0,2.0,0.0,3.0,"-19,88997855","-44,62210715",SPRF-MG,DEL01/MG,UOP03-DEL01-MG
747663,24/01/2026,sábado,03:00:00,ES,101.0,"62,3",SAO MATEUS,Transitar na contramão,Colisão lateral sentido oposto,Com Vítimas Feridas,Plena Noite,Crescente,Céu Claro,Dupla,Aclive,Não,2.0,0.0,0.0,1.0,1.0,0.0,0.0,2.0,"-18,648944","-39,8734455",SPRF-ES,DEL04-ES,UOP02-DEL04-ES
747664,24/01/2026,sábado,02:10:00,PA,10.0,"218,8",IPIXUNA DO PARA,Reação tardia ou ineficiente do condutor,Saída de leito carroçável,Com Vítimas Fatais,Plena Noite,Crescente,Chuva,Simples,Curva;Declive,Não,3.0,1.0,1.0,0.0,1.0,0.0,0.0,2.0,"-2,518883","-47,506147",SPRF-PA,DEL02/PA,UOP01-DEL02-PA
747665,24/01/2026,sábado,01:40:00,MG,116.0,"249,8",TEOFILO OTONI,Demais falhas mecânicas ou elétricas,Incêndio,Sem Vítimas,Plena Noite,Decrescente,Nublado,Simples,Curva,Não,2.0,0.0,0.0,0.0,0.0,1.0,0.0,2.0,"-17,642398","-41,498358",SPRF-MG,DEL11/MG,UOP01-DEL11-MG
747677,23/01/2026,sexta-feira,06:00:00,RS,116.0,311,GUAIBA,Demais falhas mecânicas ou elétricas,Saída de leito carroçável,Sem Vítimas,Pleno dia,Decrescente,Céu Claro,Dupla,Curva,Não,1.0,0.0,0.0,0.0,0.0,1.0,0.0,1.0,"-30,2045377","-51,4008804",SPRF-RS,DEL02/RS,UOP01-DEL02-RS
747684,24/01/2026,sábado,03:30:00,GO,414.0,209,NIQUELANDIA,Chuva,Derramamento de carga,Sem Vítimas,Plena Noite,Crescente,Chuva,Simples,Curva,Não,2.0,0.0,0.0,0.0,0.0,1.0,0.0,3.0,"-14,50424179","-48,51905823",SPRF-GO,DEL07/GO,UOP02-DEL07-GO
747690,24/01/2026,sábado,06:15:00,BA,324.0,605,SIMOES FILHO,Reação tardia ou ineficiente do condutor,Saída de leito carroçável,Com Vítimas Feridas,Pleno dia,Crescente,Nublado,Dupla,Reta,Sim,2.0,0.0,1.0,0.0,1.0,1.0,0.0,2.0,"-12,802095","-38,403998",SPRF-BA,DEL01/BA,UOP01-DEL01-BA
747692,24/01/2026,sábado,03:55:00,MG,262.0,"449,9",NOVA SERRANA,Ultrapassagem Indevida,Colisão frontal,Com Vítimas Feridas,Pleno dia,Crescente,Céu Claro,Simples,Reta,Não,2.0,0.0,1.0,1.0,2.0,0.0,0.0,2.0,"-19,82458","-45,07931",SPRF-MG,DEL08/MG,UOP03-DEL08-MG
747694,24/01/2026,sábado,05:35:00,BA,324.0,"607,5",SIMOES FILHO,Ausência de reação do condutor,Colisão traseira,Com Vítimas Fatais,Amanhecer,Crescente,Céu Claro,Dupla,Reta;Aclive,Sim,6.0,1.0,2.0,2.0,4.0,1.0,0.0,2.0,"-12,818107","-38,407198",SPRF-BA,DEL01/BA,UOP01-DEL01-BA
747696,24/01/2026,sábado,07:53:00,SP,116.0,565,BARRA DO TURVO,Chuva,Colisão transversal,Com Vítimas Feridas,Pleno dia,Crescente,Garoa/Chuvisco,Dupla,Declive;Curva,Não,3.0,0.0,0.0,1.0,1.0,1.0,0.0,4.0,"-25,04906492","-48,55311853",SPRF-SP,DEL05/SP,UOP02-DEL05-SP
747698,24/01/2026,sábado,06:20:00,RS,386.0,"20,9",FREDERICO WESTPHALEN,Transitar na contramão,Colisão frontal,Com Vítimas Fatais,Pleno dia,Crescente,Céu Claro,Simples,Curva,Não,2.0,1.0,0.0,0.0,0.0,1.0,0.0,2.0,"-27,2721217","-53,3479602",SPRF-RS,DEL08/RS,UOP02-DEL08-RS
747704,23/01/2026,sexta-feira,15:30:00,GO,364.0,352,MINEIROS,Reação tardia ou ineficiente do condutor,Tombamento,Com Vítimas Feridas,Pleno dia,Crescente,Céu Claro,Simples,Curva;Declive,Não,1.0,0.0,1.0,0.0,1.0,0.0,0.0,1.0,"-17,379433","-52,92548",SPRF-GO,DEL05/GO,UOP01-DEL05-GO
747714,24/01/2026,sábado,09:00:00,PR,476.0,210,LAPA,Ausência de reação do condutor,Saída de leito carroçável,Com Vítimas Feridas,Pleno dia,Crescente,Sol,Simples,Curva;Aclive,Não,3.0,0.0,1.0,0.0,1.0,1.0,0.0,4.0,"-25,7845945","-49,8455222",SPRF-PR,DEL01/PR,UOP06-DEL01-PR
747720,23/01/2026,sexta-feira,17:26:00,MT,163.0,1004,TERRA NOVA DO NORTE,Ultrapassagem Indevida,Saída de leito carroçável,Com Vítimas Feridas,Pleno dia,Decrescente,Chuva,Simples,Reta,Não,2.0,0.0,1.0,0.0,1.0,0.0,0.0,2.0,"-10,45576","-55,063735",SPRF-MT,DEL06/MT,UOP03-DEL06-MT
747737,24/01/2026,sábado,12:24:00,SE,101.0,91,NOSSA SENHORA DO SOCORRO,Velocidade Incompatível,Saída de leito carroçável,Com Vítimas Feridas,Pleno dia,Crescente,Céu Claro,Dupla,Curva,Não,2.0,0.0,1.0,0.0,1.0,0.0,0.0,2.0,"-10,90099","-37,13236",SPRF-SE,DEL01-SE,UOP01-DEL01-SE
747738,24/01/2026,sábado,11:45:00,ES,262.0,81,DOMINGOS MARTINS,Velocidade Incompatível,Tombamento,Com Vítimas Feridas,Pleno dia,Decrescente,Sol,Simples,Curva,Não,2.0,0.0,0.0,1.0,1.0,0.0,0.0,2.0,"-20,40770758","-40,9479332",SPRF-ES,DEL01-ES,UOP02-DEL01-ES
747739,24/01/2026,sábado,12:20:00,MG,116.0,"515,4",UBAPORANGA,Demais falhas mecânicas ou elétricas,Saída de leito carroçável,Com Vítimas Feridas,Pleno dia,Crescente,Nublado,Simples,Curva,Não,1.0,0.0,1.0,0.0,1.0,0.0,0.0,1.0,"-19,6947031","-42,1179156",SPRF-MG,DEL06/MG,UOP02-DEL06-MG
747746,24/01/2026,sábado,13:20:00,RJ,101.0,229,SILVA JARDIM,Reação tardia ou ineficiente do condutor,Saída de leito carroçável,Sem Vítimas,Pleno dia,Decrescente,Nublado,Dupla,Curva,Não,5.0,0.0,0.0,0.0,0.0,4.0,0.0,4.0,"-22,56598809","-42,37255096",SPRF-RJ,DEL02/RJ,UOP03-DEL02-RJ
747748,24/01/2026,sábado,12:33:00,PE,101.0,"65,6",RECIFE,Reação tardia ou ineficiente do condutor,Engavetamento,Com Vítimas Feridas,Pleno dia,Decrescente,Céu Claro,Múltipla,Reta,Sim,4.0,0.0,1.0,0.0,1.0,2.0,0.0,5.0,"-8,03048","-34,94283",SPRF-PE,DEL01/PE,UOP01-DEL01-PE
747758,24/01/2026,sábado,13:40:00,SP,116.0,327,JUQUITIBA,Manobra de mudança de faixa,Colisão traseira,Com Vítimas Feridas,Pleno dia,Decrescente,Céu Claro,Dupla,Reta,Não,6.0,0.0,1.0,0.0,1.0,4.0,0.0,3.0,"-23,93610765","-47,07685661",SPRF-SP,DEL04/SP,UOP03-DEL04-SP
747759,24/01/2026,sábado,15:02:00,PR,376.0,"622,1",SAO JOSE DOS PINHAIS,Velocidade Incompatível,Colisão traseira,Com Vítimas Feridas,Pleno dia,Decrescente,Céu Claro,Dupla,Aclive,Não,4.0,0.0,1.0,0.0,1.0,1.0,0.0,4.0,"-25,632038","-49,16275",SPRF-PR,DEL01/PR,UOP04-DEL01-PR
747761,24/01/2026,sábado,15:00:00,MG,365.0,427,PATOS DE MINAS,Transitar na contramão,Colisão frontal,Com Vítimas Fatais,Pleno dia,Decrescente,Garoa/Chuvisco,Simples,Declive;Reta;Ponte,Não,3.0,2.0,0.0,0.0,0.0,0.0,0.0,5.0,"-18,74407","-46,63098",SPRF-MG,DEL10/MG,UOP01-DEL10-MG
747771,11/01/2026,domingo,17:15:00,MG,40.0,"505,3",RIBEIRAO DAS NEVES,Ingestão de álcool pelo condutor,Colisão lateral mesmo sentido,Sem Vítimas,Pleno dia,Crescente,Céu Claro,Dupla,Declive;Reta,Sim,3.0,0.0,0.0,0.0,0.0,0.0,1.0,3.0,"-19,74136","-44,14881",SPRF-MG,DEL02/MG,UOP01-DEL02-MG
747775,24/01/2026,sábado,12:14:00,MG,365.0,253,BURITIZEIRO,Ausência de reação do condutor,Saída de leito carroçável,Com Vítimas Feridas,Pleno dia,Decrescente,Nublado,Simples,Aclive;Curva,Não,2.0,0.0,1.0,0.0,1.0,0.0,0.0,2.0,"-17,51179","-45,28023",SPRF-MG,DEL10/MG,UOP02-DEL010-MG
747780,24/01/2026,sábado,16:12:00,SC,116.0,283,CAPAO ALTO,Fumaça,Colisão com objeto,Com Vítimas Feridas,Pleno dia,Crescente,Céu Claro,Simples,Aclive;Reta,Não,3.0,0.0,1.0,0.0,1.0,1.0,0.0,3.0,"-28,06531","-50,5744643",SPRF-SC,DEL05/SC,UOP02-DEL05-SC
747782,24/01/2026,sábado,16:50:00,PE,101.0,83,JABOATAO DOS GUARARAPES,Condutor deixou de manter distância do veículo da frente,Colisão traseira,Sem Vítimas,Pleno dia,Decrescente,Céu Claro,Dupla,Aclive;Curva,Não,2.0,0.0,0.0,0.0,0.0,2.0,0.0,2.0,"-8,17716875","-34,94455934",SPRF-PE,DEL01/PE,UOP01-DEL01-PE
747787,24/01/2026,sábado,17:20:00,SC,101.0,176,GOVERNADOR CELSO RAMOS,Manobra de mudança de faixa,Colisão lateral mesmo sentido,Com Vítimas Feridas,Pleno dia,Decrescente,Nublado,Dupla,Interseção de Vias;Curva,Não,3.0,0.0,1.0,0.0,1.0,1.0,0.0,3.0,"-27,35039187","-48,63248197",SPRF-SC,DEL01/SC,UOP01-DEL01-SC
747797,24/01/2026,sábado,14:00:00,GO,153.0,577,PROFESSOR JAMIL,Acumulo de água sobre o pavimento,Saída de leito carroçável,Com Vítimas Feridas,Pleno dia,Crescente,Chuva,Dupla,Reta,Não,2.0,0.0,1.0,0.0,1.0,0.0,0.0,2.0,"-17,35591","-49,248228",SPRF-GO,DEL03/GO,UOP01-DEL03-GO
747798,24/01/2026,sábado,17:10:00,RS,290.0,568,ALEGRETE,Manobra de mudança de faixa,Tombamento,Com Vítimas Feridas,Pleno dia,Crescente,Céu Claro,Simples,Declive;Reta,Não,2.0,0.0,1.0,0.0,1.0,0.0,0.0,2.0,"-29,84472842","-55,66034015",SPRF-RS,DEL13/RS,UOP02-DEL13-RS
747801,24/01/2026,sábado,17:45:00,SC,101.0,262,GAROPABA,Reação tardia ou ineficiente do condutor,Colisão lateral mesmo sentido,Com Vítimas Feridas,Pleno dia,Decrescente,Céu Claro,Múltipla,Reta,Não,7.0,0.0,3.0,0.0,3.0,3.0,0.0,3.0,"-28,03851454","-48,71081328",SPRF-SC,DEL02/SC,UOP03-DEL02-SC
747803,24/01/2026,sábado,15:20:00,RS,285.0,598,SANTO ANTONIO DAS MISSOES,Acessar a via sem observar a presença dos outros veículos,Colisão transversal,Com Vítimas Feridas,Pleno dia,Crescente,Sol,Simples,Reta,Sim,3.0,0.0,1.0,0.0,1.0,1.0,0.0,3.0,"-28,48906133","-55,25110245",SPRF-RS,DEL12/RS,UOP01-DEL12-RS
747811,24/01/2026,sábado,19:00:00,ES,101.0,"299,6",VIANA,Demais falhas mecânicas ou elétricas,Engavetamento,Com Vítimas Feridas,Plena Noite,Crescente,Nublado,Simples,Aclive,Sim,5.0,0.0,1.0,0.0,1.0,3.0,0.0,4.0,"-20,3559495","-40,4278698",SPRF-ES,DEL01-ES,UOP01-DEL01-ES
747812,24/01/2026,sábado,11:40:00,BA,116.0,226,EUCLIDES DA CUNHA,Área urbana sem a presença de local apropriado para a travessia de pedestres,Atropelamento de Pedestre,Com Vítimas Feridas,Pleno dia,Decrescente,Céu Claro,Simples,Reta,Não,2.0,0.0,0.0,1.0,1.0,0.0,0.0,2.0,"-10,59840303","-38,97460707",SPRF-BA,DEL07/BA,UOP03-DEL07-BA
747813,24/01/2026,sábado,12:00:00,MT,163.0,112,RONDONOPOLIS,Reação tardia ou ineficiente do condutor,Colisão com objeto,Com Vítimas Fatais,Pleno dia,Crescente,Sol,Dupla,Declive;Reta,Não,9.0,2.0,2.0,3.0,5.0,1.0,0.0,8.0,"-16,54869139","-54,67216076",SPRF-MT,DEL02/MT,UOP01-DEL02-MT
747829,24/01/2026,sábado,21:05:00,ES,262.0,"43,2",DOMINGOS MARTINS,Ingestão de álcool pelo condutor,Saída de leito carroçável,Com Vítimas Feridas,Plena Noite,Decrescente,Céu Claro,Simples,Curva;Aclive,Sim,1.0,0.0,1.0,0.0,1.0,0.0,0.0,1.0,"-20,38505403","-40,64456487",SPRF-ES,DEL01-ES,UOP01-DEL01-ES
747833,24/01/2026,sábado,21:10:00,BA,116.0,"474,5",SANTO ESTEVAO,Ingestão de álcool pelo condutor,Colisão traseira,Sem Vítimas,Plena Noite,Decrescente,Céu Claro,Dupla,Reta,Não,3.0,0.0,0.0,0.0,0.0,2.0,0.0,3.0,"-12,501223","-39,352655",SPRF-BA,DEL02/BA,UOP01-DEL02-BA
747837,24/01/2026,sábado,16:40:00,MS,158.0,"28,6",PARANAIBA,Demais falhas mecânicas ou elétricas,Eventos atípicos,Sem Vítimas,Pleno dia,Decrescente,Céu Claro,Simples,Reta;Aclive,Não,3.0,0.0,0.0,0.0,0.0,2.0,0.0,3.0,"-19,222193","-51,522617",SPRF-MS,DEL08/MS,UOP01-DEL08-MS
747842,24/01/2026,sábado,22:22:00,RJ,101.0,323,NITEROI,Condutor deixou de manter distância do veículo da frente,Colisão traseira,Com Vítimas Feridas,Pleno dia,Crescente,Nublado,Dupla,Reta,Sim,2.0,0.0,1.0,0.0,1.0,0.0,0.0,2.0,"-22,87681822","-43,11739612",SPRF-RJ,DEL02/RJ,UOP01-DEL02-RJ
747843,24/01/2026,sábado,21:45:00,PR,376.0,"182,5",SARANDI,Demais falhas mecânicas ou elétricas,Incêndio,Sem Vítimas,Plena Noite,Crescente,Céu Claro,Múltipla,Reta,Sim,2.0,0.0,0.0,0.0,0.0,1.0,0.0,2.0,"-23,43333703","-51,88510634",SPRF-PR,DEL09/PR,UOP01-DEL09-PR
747847,24/01/2026,sábado,21:45:00,RJ,101.0,"404,4",ITAGUAI,Acessar a via sem observar a presença dos outros veículos,Colisão traseira,Sem Vítimas,Plena Noite,Decrescente,Chuva,Dupla,Reta,Sim,4.0,0.0,0.0,0.0,0.0,3.0,0.0,4.0,"-22,86492021","-43,79860489",SPRF-RJ,DEL03/RJ,UOP01-DEL03-RJ
747848,24/01/2026,sábado,19:50:00,RS,116.0,166,CAXIAS DO SUL,Velocidade Incompatível,Colisão transversal,Com Vítimas Feridas,Plena Noite,Decrescente,Céu Claro,Simples,Curva,Não,5.0,0.0,0.0,2.0,2.0,1.0,0.0,3.0,"-29,25025901","-51,15939201",SPRF-RS,DEL05/RS,UOP02-DEL05-RS
747849,24/01/2026,sábado,20:26:00,GO,50.0,310,CUMARI,Problema com o freio,Incêndio,Sem Vítimas,Plena Noite,Crescente,Céu Claro,Dupla,Reta,Não,2.0,0.0,0.0,0.0,0.0,1.0,0.0,2.0,"-18,400626","-48,075229",SPRF-GO,DEL06/GO,UOP01-DEL06-GO
747859,24/01/2026,sábado,21:30:00,PR,476.0,309,PAULO FRONTIN,Velocidade Incompatível,Saída de leito carroçável,Com Vítimas Feridas,Plena Noite,Decrescente,Nublado,Simples,Reta,Não,2.0,0.0,1.0,0.0,1.0,0.0,0.0,3.0,"-26,04020375","-50,70264673",SPRF-PR,DEL02/PR,UOP03-DEL02-PR
747860,25/01/2026,domingo,00:30:00,PR,476.0,182,LAPA,Velocidade Incompatível,Saída de leito carroçável,Com Vítimas Feridas,Plena Noite,Decrescente,Céu Claro,Simples,Curva,Não,1.0,0.0,0.0,1.0,1.0,0.0,0.0,1.0,"-25,7169525","-49,6138947",SPRF-PR,DEL01/PR,UOP06-DEL01-PR
747869,25/01/2026,domingo,01:10:00,RS,293.0,4,PELOTAS,Manobra de mudança de faixa,Colisão lateral mesmo sentido,Com Vítimas Feridas,Plena Noite,Decrescente,Céu Claro,Simples,Reta;Interseção de Vias,Sim,3.0,0.0,2.0,0.0,2.0,1.0,0.0,2.0,"-31,75694431","-52,3898549",SPRF-RS,DEL07/RS,UOP01-DEL07-RS
747873,25/01/2026,domingo,00:10:00,SP,459.0,17,PIQUETE,Acumulo de água sobre o pavimento,Colisão lateral sentido oposto,Com Vítimas Feridas,Plena Noite,Crescente,Chuva,Simples,Curva;Aclive,Não,2.0,0.0,1.0,0.0,1.0,1.0,0.0,2.0,"-22,6298563","-45,16170502",SPRF-SP,DEL08/SP,UOP02-DEL08-SP
747874,25/01/2026,domingo,03:10:00,BA,101.0,713,EUNAPOLIS,Reação tardia ou ineficiente do condutor,Colisão lateral sentido oposto,Sem Vítimas,Plena Noite,Crescente,Chuva,Simples,Reta,Não,3.0,0.0,0.0,0.0,0.0,1.0,0.0,5.0,"-16,339847","-39,581022",SPRF-BA,DEL09/BA,UOP01-DEL09-BA
747879,25/01/2026,domingo,04:50:00,SC,101.0,"209,6",SAO JOSE,Ingestão de álcool pelo condutor,Colisão traseira,Com Vítimas Feridas,Plena Noite,Crescente,Nublado,Múltipla,Reta,Sim,3.0,0.0,0.0,1.0,1.0,1.0,0.0,3.0,"-27,61828172","-48,64466608",SPRF-SC,DEL01/SC,UOP01-DEL01-SC
747881,25/01/2026,domingo,05:00:00,MG,381.0,"879,8",ESTIVA,Ausência de reação do condutor,Colisão traseira,Com Vítimas Feridas,Amanhecer,Crescente,Nublado,Dupla,Aclive;Reta,Não,5.0,0.0,2.0,0.0,2.0,2.0,0.0,2.0,"-22,45253428","-46,00266767",SPRF-MG,DEL16/MG,UOP01-DEL16-MG
747889,24/01/2026,sábado,21:26:00,MT,364.0,221,RONDONOPOLIS,Condutor deixou de manter distância do veículo da frente,Colisão traseira,Com Vítimas Feridas,Plena Noite,Decrescente,Céu Claro,Dupla,Declive,Não,5.0,0.0,3.0,0.0,3.0,1.0,0.0,4.0,"-16,34020183","-54,74514122",SPRF-MT,DEL02/MT,UOP01-DEL02-MT
747892,24/01/2026,sábado,22:30:00,MG,40.0,"305,5",TRES MARIAS,Estacionar ou parar em local proibido,Colisão traseira,Sem Vítimas,Plena Noite,Decrescente,Nublado,Simples,Reta,Sim,3.0,0.0,0.0,0.0,0.0,1.0,0.0,3.0,"-18,4008","-45,0962",SPRF-MG,DEL14/MG,UOP02-DEL14-MG