id,data_inversa,dia_semana,horario,uf,br,km,municipio,causa_acidente,tipo_acidente,classificacao_acidente,fase_dia,sentido_via,condicao_metereologica,tipo_pista,tracado_via,uso_solo,pessoas,mortos,feridos_leves,feridos_graves,feridos,ilesos,ignorados,veiculos,latitude,longitude,regional,delegacia,uop
747899,25/01/2026,domingo,06:25:00,PR,277.0,678,MEDIANEIRA,Ingestão de álcool pelo condutor,Colisão traseira,Com Vítimas Feridas,Amanhecer,Decrescente,Céu Claro,Dupla,Retorno Regulamentado;Reta,Não,4.0,0.0,2.0,0.0,2.0,2.0,0.0,2.0,"-25,31423555","-54,15101051",SPRF-PR,DEL05/PR,UOP01-DEL05-PR
747919,25/01/2026,domingo,08:05:00,PR,277.0,"585,9",CASCAVEL,Ingestão de álcool pelo condutor,Colisão traseira,Com Vítimas Feridas,Pleno dia,Crescente,Céu Claro,Dupla,Reta,Não,4.0,0.0,1.0,0.0,1.0,2.0,0.0,3.0,"-24,96947093","-53,39756971",SPRF-PR,DEL04/PR,UOP01-DEL04-PR
747921,21/01/2026,quarta-feira,06:50:00,RN,101.0,103,PARNAMIRIM,Condutor deixou de manter distância do veículo da frente,Colisão traseira,Com Vítimas Feridas,Pleno dia,Decrescente,Céu Claro,Múltipla,Reta,Sim,3.0,0.0,1.0,1.0,2.0,0.0,0.0,2.0,"-5,89045001","-35,24916021",SPRF-RN,DEL01-RN,UOP01-DEL01-RN
747923,25/01/2026,domingo,08:30:00,MG,365.0,"650,2",UBERLANDIA,Demais falhas mecânicas ou elétricas,Incêndio,Sem Vítimas,Pleno dia,Crescente,Sol,Dupla,Reta;Declive,Não,1.0,0.0,0.0,0.0,0.0,1.0,0.0,1.0,"-18,87400634","-48,53319883",SPRF-MG,DEL15/MG,UOP01-DEL15-MG
747928,25/01/2026,domingo,04:40:00,CE,116.0,"389,9",ICO,Reação tardia ou ineficiente do condutor,Saída de leito carroçável,Com Vítimas Fatais,Plena Noite,Decrescente,Céu Claro,Simples,Reta;Declive,Não,2.0,1.0,0.0,0.0,0.0,0.0,0.0,2.0,"-6,52237","-38,86157",SPRF-CE,DEL05/CE,UOP01-DEL05-CE
747936,25/01/2026,domingo,09:25:00,MG,251.0,"401,2",GRAO MOGOL,Ausência de reação do condutor,Colisão com objeto,Com Vítimas Feridas,Pleno dia,Crescente,Nublado,Simples,Reta;Declive,Não,2.0,0.0,0.0,1.0,1.0,0.0,0.0,10.0,"-16,228","-42,90313",SPRF-MG,DEL12/MG,UOP01-DEL12-MG
747937,25/01/2026,domingo,07:45:00,MG,116.0,"552,7",SANTA BARBARA DO LESTE,Velocidade Incompatível,Incêndio,Com Vítimas Feridas,Pleno dia,Decrescente,Céu Claro,Simples,Reta,Não,2.0,0.0,1.0,0.0,1.0,0.0,0.0,2.0,"-19,99948309","-42,14115143",SPRF-MG,DEL06/MG,UOP02-DEL06-MG
747940,25/01/2026,domingo,10:30:00,SE,101.0,203,CRISTINAPOLIS,Pista Escorregadia,Queda de ocupante de veículo,Com Vítimas Feridas,Pleno dia,Decrescente,Nublado,Simples,Reta,Não,3.0,0.0,1.0,0.0,1.0,1.0,0.0,5.0,"-11,502328","-37,784843",SPRF-SE,DEL02-SE,UOP03-DEL02-SE
747944,25/01/2026,domingo,08:30:00,MT,174.0,334,CONQUISTA DOESTE,Condutor deixou de manter distância do veículo da frente,Colisão lateral mesmo sentido,Com Vítimas Feridas,Pleno dia,Decrescente,Nublado,Simples,Reta,Não,5.0,0.0,2.0,0.0,2.0,2.0,0.0,4.0,"-14,849247","-59,306732",SPRF-MT,DEL04/MT,UOP01-DEL04-MT
747950,25/01/2026,domingo,17:02:00,MT,163.0,750,SORRISO,Trafegar com motocicleta (ou similar) entre as faixas,Colisão lateral mesmo sentido,Com Vítimas Feridas,Pleno dia,Crescente,Céu Claro,Dupla,Curva;Interseção de Vias,Sim,4.0,0.0,1.0,1.0,2.0,1.0,0.0,5.0,"-12,57185941","-55,72682835",SPRF-MT,DEL06/MT,UOP01-DEL06-MT
747956,25/01/2026,domingo,11:41:00,ES,101.0,"370,2",ANCHIETA,Acessar a via sem observar a presença dos outros veículos,Colisão transversal,Com Vítimas Feridas,Pleno dia,Crescente,Céu Claro,Simples,Retorno Regulamentado;Reta;Em Obras,Não,4.0,0.0,1.0,1.0,2.0,1.0,0.0,3.0,"-20,77089919","-40,76339118",SPRF-ES,DEL03-ES,UOP01-DEL03-ES
747958,25/01/2026,domingo,20:40:00,PA,230.0,701,BRASIL NOVO,Transitar na contramão,Colisão frontal,Com Vítimas Feridas,Plena Noite,Crescente,Nublado,Simples,Reta,Não,3.0,0.0,1.0,0.0,1.0,1.0,0.0,2.0,"-3,31997","-52,56798",SPRF-PA,DEL04/PA,UOP01-DEL04-PA
747959,25/01/2026,domingo,15:10:00,RO,364.0,228,CACOAL,Ausência de reação do condutor,Colisão traseira,Com Vítimas Fatais,Pleno dia,Crescente,Nublado,Simples,Reta,Não,9.0,1.0,0.0,1.0,1.0,6.0,0.0,5.0,"-11,489748","-61,380843",SPRF-RO,DEL02-RO,UOP02-DEL02-RO
747975,25/01/2026,domingo,18:30:00,BA,101.0,824,PRADO,Velocidade Incompatível,Tombamento,Com Vítimas Feridas,Plena Noite,Crescente,Nublado,Simples,Declive;Curva,Não,4.0,0.0,1.0,0.0,1.0,0.0,0.0,2.0,"-17,14358","-39,568391",SPRF-BA,DEL09/BA,UOP02-DEL09-BA
747980,25/01/2026,domingo,23:44:00,BA,116.0,"15,8",VITORIA DA CONQUISTA,Acessar a via sem observar a presença dos outros veículos,Colisão transversal,Com Vítimas Feridas,Plena Noite,Crescente,Nevoeiro/Neblina,Simples,Reta,Sim,4.0,0.0,3.0,0.0,3.0,0.0,0.0,2.0,"-14,901201","-40,852212",SPRF-BA,DEL08/BA,UOP01-DEL08-BA
747981,25/01/2026,domingo,13:40:00,BA,116.0,"701,9",JEQUIE,Curva acentuada,Tombamento,Com Vítimas Feridas,Pleno dia,Decrescente,Chuva,Simples,Curva,Não,2.0,0.0,1.0,0.0,1.0,0.0,0.0,2.0,"-14,06856543","-40,20644188",SPRF-BA,DEL03/BA,UOP01-DEL03-BA
747984,25/01/2026,domingo,23:55:00,RS,386.0,"395,7",TRIUNFO,Pedestre andava na pista,Atropelamento de Pedestre,Com Vítimas Fatais,Plena Noite,Crescente,Céu Claro,Simples,Curva,Não,3.0,1.0,0.0,0.0,0.0,1.0,0.0,3.0,"-29,72698843","-51,63410555",SPRF-RS,DEL04/RS,UOP02-DEL04-RS
747987,25/01/2026,domingo,23:30:00,MS,262.0,245,RIBAS DO RIO PARDO,Condutor Dormindo,Colisão frontal,Com Vítimas Feridas,Plena Noite,Crescente,Nublado,Simples,Reta,Não,3.0,0.0,0.0,1.0,1.0,1.0,0.0,3.0,"-20,455233","-53,73217",SPRF-MS,DEL01/MS,UOP05-DEL01-MS
747996,25/01/2026,domingo,17:00:00,MT,364.0,398,CUIABA,Demais falhas mecânicas ou elétricas,Colisão com objeto,Com Vítimas Feridas,Pleno dia,Crescente,Nublado,Dupla,Reta,Sim,6.0,0.0,0.0,1.0,1.0,5.0,0.0,2.0,"-15,66694","-55,95803",SPRF-MT,DEL01/MT,UOP02-DEL01-MT
748002,25/01/2026,domingo,15:00:00,MG,262.0,545,LUZ,Velocidade Incompatível,Tombamento,Com Vítimas Feridas,Pleno dia,Decrescente,Céu Claro,Simples,Curva;Declive,Não,2.0,0.0,1.0,0.0,1.0,0.0,0.0,3.0,"-19,708505","-45,916525",SPRF-MG,DEL08/MG,UOP02-DEL08-MG
748008,26/01/2026,segunda-feira,03:00:00,SC,101.0,14,GARUVA,Demais falhas mecânicas ou elétricas,Eventos atípicos,Sem Vítimas,Plena Noite,Decrescente,Céu Claro,Dupla,Reta;Aclive,Não,2.0,0.0,0.0,0.0,0.0,1.0,0.0,2.0,"-26,09339566","-48,8647601",SPRF-SC,DEL03/SC,UOP01-DEL03-SC
748014,26/01/2026,segunda-feira,04:00:00,PR,376.0,292,SERTANOPOLIS,Ausência de reação do condutor,Tombamento,Com Vítimas Feridas,Plena Noite,Crescente,Céu Claro,Dupla,Curva;Aclive;Viaduto,Não,1.0,0.0,1.0,0.0,1.0,0.0,0.0,1.0,-23,-51,SPRF-PR,DEL07/PR,UOP02-DEL07-PR
748015,25/01/2026,domingo,14:05:00,MG,365.0,"856,4",SANTA VITORIA,Mal súbito do condutor,Colisão frontal,Com Vítimas Fatais,Pleno dia,Decrescente,Chuva,Simples,Reta,Não,4.0,3.0,0.0,0.0,0.0,0.0,0.0,4.0,"-19,031389","-50,375675",SPRF-MG,DEL15/MG,UOP03-DEL15-MG
748021,25/01/2026,domingo,13:30:00,SC,470.0,"193,7",POUSO REDONDO,Velocidade Incompatível,Tombamento,Com Vítimas Feridas,Pleno dia,Decrescente,Céu Claro,Simples,Curva;Declive,Não,2.0,0.0,0.0,1.0,1.0,0.0,0.0,2.0,"-27,30194047","-50,07982342",SPRF-SC,DEL04/SC,UOP02-DEL04-SC
748028,25/01/2026,domingo,22:00:00,MG,50.0,124,UBERABA,Entrada inopinada do pedestre,Atropelamento de Pedestre,Com Vítimas Feridas,Plena Noite,Decrescente,Céu Claro,Simples,Reta,Não,3.0,0.0,1.0,0.0,1.0,1.0,0.0,3.0,"-19,34282","-48,094675",SPRF-MG,DEL13/MG,UOP01-DEL13-MG
748032,25/01/2026,domingo,12:20:00,MG,116.0,"665,2",SAO FRANCISCO DO GLORIA,Ausência de reação do condutor,Tombamento,Com Vítimas Feridas,Pleno dia,Crescente,Céu Claro,Simples,Curva,Não,2.0,0.0,2.0,0.0,2.0,0.0,0.0,1.0,"-20,80650878","-42,31058121",SPRF-MG,DEL07/MG,UOP02-DEL07-MG
748044,25/01/2026,domingo,09:00:00,SC,282.0,443,PONTE SERRADA,Velocidade Incompatível,Colisão com objeto,Com Vítimas Feridas,Pleno dia,Crescente,Sol,Simples,Curva,Não,2.0,0.0,1.0,0.0,1.0,0.0,0.0,2.0,"-26,9227405","-51,87943053",SPRF-SC,DEL07/SC,UOP04-DEL07-SC
748046,26/01/2026,segunda-feira,05:00:00,PR,163.0,260,TOLEDO,Demais falhas mecânicas ou elétricas,Incêndio,Sem Vítimas,Amanhecer,Crescente,Céu Claro,Dupla,Reta;Aclive,Não,1.0,0.0,0.0,0.0,0.0,1.0,0.0,1.0,"-24,6402867","-53,85840766",SPRF-PR,DEL06/PR,UOP02-DEL06-PR
748050,25/01/2026,domingo,16:30:00,GO,153.0,560,PROFESSOR JAMIL,Ausência de reação do condutor,Saída de leito carroçável,Sem Vítimas,Pleno dia,Crescente,Chuva,Dupla,Curva,Não,1.0,0.0,0.0,0.0,0.0,1.0,0.0,1.0,"-17,213506","-49,226073",SPRF-GO,DEL03/GO,UOP01-DEL03-GO
748057,26/01/2026,segunda-feira,06:00:00,MG,50.0,132,UBERABA,Manobra de mudança de faixa,Colisão traseira,Com Vítimas Feridas,Amanhecer,Decrescente,Céu Claro,Dupla,Aclive;Reta,Não,6.0,0.0,4.0,0.0,4.0,1.0,0.0,2.0,"-19,54743561","-48,03615332",SPRF-MG,DEL13/MG,UOP01-DEL13-MG
748058,25/01/2026,domingo,09:35:00,MG,381.0,531,ITATIAIUCU,Pista esburacada,Saída de leito carroçável,Com Vítimas Feridas,Pleno dia,Decrescente,Céu Claro,Dupla,Curva,Não,3.0,0.0,0.0,1.0,1.0,1.0,0.0,2.0,"-20,164472","-44,364765",SPRF-MG,DEL04/MG,UOP03-DEL04-MG
748060,25/01/2026,domingo,09:50:00,RO,364.0,767,PORTO VELHO,Acumulo de água sobre o pavimento,Colisão transversal,Sem Vítimas,Pleno dia,Crescente,Chuva,Simples,Reta,Não,3.0,0.0,0.0,0.0,0.0,3.0,0.0,2.0,"-9,16343583","-64,202279",SPRF-RO,DEL01-RO,UOP02-DEL01-RO
748065,26/01/2026,segunda-feira,06:50:00,MS,163.0,462,CAMPO GRANDE,Manobra de mudança de faixa,Tombamento,Com Vítimas Feridas,Pleno dia,Crescente,Céu Claro,Simples,Reta,Não,2.0,0.0,1.0,0.0,1.0,1.0,0.0,2.0,"-20,61709443","-54,57503406",SPRF-MS,DEL01/MS,UOP01-DEL01-MS
748066,25/01/2026,domingo,11:00:00,PR,153.0,518,GENERAL CARNEIRO,Acumulo de areia ou detritos sobre o pavimento,Colisão frontal,Com Vítimas Feridas,Pleno dia,Decrescente,Céu Claro,Simples,Curva,Não,2.0,0.0,1.0,0.0,1.0,1.0,0.0,2.0,"-26,60096247","-51,46327239",SPRF-PR,DEL02/PR,UOP03-DEL02-PR
748070,25/01/2026,domingo,18:20:00,MT,70.0,316,DOM AQUINO,Ultrapassagem Indevida,Colisão lateral sentido oposto,Com Vítimas Feridas,Anoitecer,Decrescente,Céu Claro,Simples,Curva,Não,5.0,0.0,1.0,0.0,1.0,3.0,0.0,9.0,"-15,509175","-54,641376",SPRF-MT,DEL05/MT,UOP01-DEL05-MT
748075,26/01/2026,segunda-feira,06:00:00,RO,364.0,"504,2",ARIQUEMES,Ausência de reação do condutor,Colisão traseira,Sem Vítimas,Pleno dia,Crescente,Nublado,Simples,Reta,Não,3.0,0.0,0.0,0.0,0.0,3.0,0.0,2.0,"-10,002693","-63,00899",SPRF-RO,DEL03-RO,UOP01-DEL03-RO
748077,26/01/2026,segunda-feira,07:00:00,RJ,116.0,210,SEROPEDICA,Conversão proibida,Colisão transversal,Com Vítimas Feridas,Pleno dia,Crescente,Nublado,Dupla,Reta,Não,4.0,0.0,1.0,0.0,1.0,2.0,0.0,3.0,"-22,720075","-43,688195",SPRF-RJ,DEL06/RJ,UOP02-DEL06-RJ
748078,25/01/2026,domingo,10:10:00,MT,163.0,"1073,6",GUARANTA DO NORTE,Demais falhas mecânicas ou elétricas,Incêndio,Sem Vítimas,Pleno dia,Crescente,Sol,Simples,Reta,Não,2.0,0.0,0.0,0.0,0.0,1.0,0.0,4.0,"-9,8762","-54,8964",SPRF-MT,DEL06/MT,UOP03-DEL06-MT
748084,26/01/2026,segunda-feira,07:00:00,GO,153.0,308,RIALMA,Ingestão de álcool pelo condutor,Colisão traseira,Com Vítimas Feridas,Pleno dia,Crescente,Nevoeiro/Neblina,Simples,Reta;Aclive,Não,2.0,0.0,1.0,0.0,1.0,0.0,0.0,2.0,"-15,375405","-49,556461",SPRF-GO,DEL02/GO,UOP02-DEL02-GO
748090,26/01/2026,segunda-feira,07:55:00,BA,101.0,900,CARAVELAS,Acessar a via sem observar a presença dos outros veículos,Colisão frontal,Com Vítimas Feridas,Pleno dia,Decrescente,Céu Claro,Simples,Reta,Não,3.0,0.0,2.0,0.0,2.0,1.0,0.0,2.0,"-17,655298","-39,771633",SPRF-BA,DEL09/BA,UOP02-DEL09-BA
748096,26/01/2026,segunda-feira,08:30:00,PR,376.0,488,PONTA GROSSA,Ausência de reação do condutor,Colisão traseira,Com Vítimas Feridas,Pleno dia,Crescente,Céu Claro,Dupla,Reta;Aclive,Não,5.0,0.0,1.0,0.0,1.0,4.0,0.0,2.0,"-25,1310874","-50,17112659",SPRF-PR,DEL03/PR,UOP03-DEL03-PR
748107,26/01/2026,segunda-feira,01:30:00,BA,242.0,207,ITABERABA,Manobra de mudança de faixa,Colisão lateral sentido oposto,Com Vítimas Feridas,Plena Noite,Decrescente,Céu Claro,Simples,Reta;Aclive,Não,3.0,0.0,1.0,0.0,1.0,1.0,0.0,4.0,"-12,51903902","-39,96379852",SPRF-BA,DEL06/BA,UOP02-DEL06-BA
748109,26/01/2026,segunda-feira,09:30:00,MG,381.0,481,CONTAGEM,Pista esburacada,Colisão lateral mesmo sentido,Com Vítimas Feridas,Pleno dia,Crescente,Céu Claro,Múltipla,Reta,Sim,4.0,0.0,1.0,0.0,1.0,2.0,0.0,5.0,"-19,95824397","-44,059762",SPRF-MG,DEL01/MG,UOP03-DEL01-MG
748110,26/01/2026,segunda-feira,06:25:00,MG,381.0,"524,9",BRUMADINHO,Velocidade Incompatível,Colisão com objeto,Com Vítimas Feridas,Pleno dia,Crescente,Nublado,Dupla,Curva;Declive,Não,1.0,0.0,1.0,0.0,1.0,0.0,0.0,1.0,"-20,14382669","-44,32054218",SPRF-MG,DEL04/MG,UOP03-DEL04-MG
748111,26/01/2026,segunda-feira,08:25:00,PR,376.0,"675,9",GUARATUBA,Demais falhas mecânicas ou elétricas,Incêndio,Sem Vítimas,Pleno dia,Crescente,Nublado,Simples,Retorno Regulamentado;Reta,Não,2.0,0.0,0.0,0.0,0.0,1.0,0.0,2.0,"-25,94567451","-48,90796116",SPRF-PR,DEL01/PR,UOP04-DEL01-PR
748114,26/01/2026,segunda-feira,09:00:00,MA,135.0,69,SANTA RITA,Ultrapassagem Indevida,Colisão lateral mesmo sentido,Com Vítimas Fatais,Pleno dia,Crescente,Céu Claro,Dupla,Reta,Sim,3.0,1.0,0.0,0.0,0.0,1.0,0.0,5.0,"-3,13853163","-44,32530332",SPRF-MA,DEL01-MA,UOP02-DEL01-MA
748115,26/01/2026,segunda-feira,10:44:00,CE,304.0,"53,3",ARACATI,Acessar a via sem observar a presença dos outros veículos,Colisão transversal,Com Vítimas Feridas,Pleno dia,Crescente,Céu Claro,Simples,Reta;Interseção de Vias,Não,4.0,0.0,0.0,1.0,1.0,2.0,0.0,3.0,"-4,57354707","-37,7377766",SPRF-CE,DEL03/CE,UOP02-DEL03-CE
748119,26/01/2026,segunda-feira,07:00:00,PE,110.0,101,SERTANIA,Reação tardia ou ineficiente do condutor,Tombamento,Com Vítimas Feridas,Pleno dia,Crescente,Sol,Simples,Reta,Não,1.0,0.0,1.0,0.0,1.0,0.0,0.0,1.0,"-8,383802","-37,317643",SPRF-PE,DEL04/PE,UOP02-DEL04-PE
748128,26/01/2026,segunda-feira,10:00:00,MG,40.0,"734,1",SANTOS DUMONT,Condutor Dormindo,Saída de leito carroçável,Com Vítimas Feridas,Pleno dia,Crescente,Nublado,Simples,Curva,Não,1.0,0.0,1.0,0.0,1.0,0.0,0.0,1.0,"-21,3850481","-43,57004643",SPRF-MG,DEL05/MG,UOP01-DEL05-MG
748134,25/01/2026,domingo,17:45:00,MT,364.0,479,JANGADA,Ingestão de álcool pelo condutor,Saída de leito carroçável,Sem Vítimas,Anoitecer,Decrescente,Nublado,Simples,Reta;Aclive,Não,2.0,0.0,0.0,0.0,0.0,1.0,0.0,4.0,"-15,24738245","-56,47398518",SPRF-MT,DEL01/MT,UOP02-DEL01-MT
748138,26/01/2026,segunda-feira,13:30:00,MT,163.0,931,ITAUBA,Ultrapassagem Indevida,Colisão lateral mesmo sentido,Com Vítimas Feridas,Pleno dia,Decrescente,Céu Claro,Simples,Reta,Não,3.0,0.0,0.0,1.0,1.0,1.0,0.0,6.0,"-11,049058","-55,271405",SPRF-MT,DEL06/MT,UOP02-DEL06-MT
748142,26/01/2026,segunda-feira,15:50:00,MG,365.0,753,ITUIUTABA,Conversão proibida,Colisão transversal,Com Vítimas Feridas,Pleno dia,Decrescente,Céu Claro,Simples,Reta;Declive,Sim,2.0,0.0,1.0,1.0,2.0,0.0,0.0,2.0,"-18,96622965","-49,48984623",SPRF-MG,DEL15/MG,UOP03-DEL15-MG
748143,26/01/2026,segunda-feira,14:30:00,TO,153.0,288,PRESIDENTE KENNEDY,Demais falhas mecânicas ou elétricas,Incêndio,Sem Vítimas,Pleno dia,Crescente,Nublado,Simples,Declive;Reta,Não,2.0,0.0,0.0,0.0,0.0,1.0,0.0,2.0,"-8,428933","-48,482425",SPRF-TO,DEL02-TO,UOP02-DEL02-TO
748144,26/01/2026,segunda-feira,15:35:00,PE,101.0,119,ESCADA,Manobra de mudança de faixa,Colisão traseira,Com Vítimas Feridas,Pleno dia,Decrescente,Céu Claro,Dupla,Reta,Não,4.0,0.0,2.0,1.0,3.0,0.0,0.0,2.0,"-8,353082","-35,170482",SPRF-PE,DEL01/PE,UOP03-DEL01-PE
748150,26/01/2026,segunda-feira,16:20:00,DF,20.0,6,BRASILIA,Problema com o freio,Saída de leito carroçável,Com Vítimas Feridas,Pleno dia,Crescente,Céu Claro,Dupla,Aclive,Sim,7.0,0.0,0.0,5.0,5.0,1.0,0.0,3.0,"-15,664827","-47,805373",SPRF-DF,DEL02-DF,UOP01-DEL02-DF
748156,26/01/2026,segunda-feira,12:00:00,BA,101.0,"871,8",TEIXEIRA DE FREITAS,Reação tardia ou ineficiente do condutor,Colisão traseira,Com Vítimas Feridas,Pleno dia,Decrescente,Céu Claro,Simples,Curva;Declive,Não,5.0,0.0,3.0,0.0,3.0,1.0,0.0,3.0,"-17,501328","-39,70216",SPRF-BA,DEL09/BA,UOP02-DEL09-BA
748161,26/01/2026,segunda-feira,14:50:00,MG,40.0,"586,7",ITABIRITO,Velocidade Incompatível,Saída de leito carroçável,Com Vítimas Feridas,Pleno dia,Crescente,Nublado,Simples,Curva,Não,2.0,0.0,1.0,0.0,1.0,0.0,0.0,2.0,"-20,34859036","-43,92243862",SPRF-MG,DEL01/MG,UOP02-DEL01-MG
748166,26/01/2026,segunda-feira,17:08:00,RJ,356.0,"174,4",SAO JOAO DA BARRA,Reação tardia ou ineficiente do condutor,Colisão transversal,Com Vítimas Feridas,Pleno dia,Crescente,Céu Claro,Simples,Interseção de Vias;Curva,Não,3.0,0.0,0.0,1.0,1.0,1.0,0.0,3.0,"-21,718062","-41,057405",SPRF-RJ,DEL08/RJ,UOP02-DEL08-RJ
748167,26/01/2026,segunda-feira,12:50:00,MG,365.0,445,GUIMARANIA,Reação tardia ou ineficiente do condutor,Saída de leito carroçável,Sem Vítimas,Pleno dia,Decrescente,Céu Claro,Dupla,Aclive,Não,2.0,0.0,0.0,0.0,0.0,1.0,0.0,2.0,"-18,81002","-46,76996",SPRF-MG,DEL10/MG,UOP01-DEL10-MG
748168,22/01/2026,quinta-feira,16:00:00,MT,70.0,124,GENERAL CARNEIRO,Ausência de reação do condutor,Tombamento,Sem Vítimas,Pleno dia,Decrescente,Céu Claro,Simples,Curva,Não,2.0,0.0,0.0,0.0,0.0,1.0,0.0,4.0,"-15,598798","-53,11914",SPRF-MT,DEL07/MT,UOP01-DEL07-MT
748180,26/01/2026,segunda-feira,17:59:00,PE,101.0,"68,5",RECIFE,Manobra de mudança de faixa,Colisão lateral mesmo sentido,Com Vítimas Feridas,Pleno dia,Decrescente,Céu Claro,Dupla,Reta,Sim,7.0,0.0,1.0,1.0,2.0,3.0,0.0,6.0,"-8,05482","-34,94632",SPRF-PE,DEL01/PE,UOP01-DEL01-PE
748182,26/01/2026,segunda-feira,15:00:00,MA,316.0,248,BOM JARDIM,Demais falhas mecânicas ou elétricas,Incêndio,Com Vítimas Feridas,Pleno dia,Decrescente,Nublado,Simples,Reta,Não,1.0,0.0,0.0,1.0,1.0,0.0,0.0,1.0,"-3,64206","-45,490392",SPRF-MA,DEL02-MA,UOP01-DEL02-MA
748183,26/01/2026,segunda-feira,17:05:00,MT,364.0,563,NOBRES,Ausência de reação do condutor,Colisão traseira,Com Vítimas Feridas,Pleno dia,Crescente,Céu Claro,Simples,Viaduto,Sim,3.0,0.0,1.0,0.0,1.0,1.0,0.0,4.0,"-14,71586668","-56,32295609",SPRF-MT,DEL01/MT,UOP01-DEL01-MT
748187,26/01/2026,segunda-feira,13:30:00,PR,153.0,135,VENTANIA,Velocidade Incompatível,Tombamento,Com Vítimas Feridas,Pleno dia,Crescente,Céu Claro,Simples,Curva;Declive,Não,2.0,0.0,0.0,1.0,1.0,0.0,0.0,2.0,"-24,04182955","-50,25038354",SPRF-PR,DEL07/PR,UOP04-DEL07-PR
748195,26/01/2026,segunda-feira,07:10:00,MT,163.0,1102,GUARANTA DO NORTE,Velocidade Incompatível,Tombamento,Com Vítimas Feridas,Pleno dia,Decrescente,Nublado,Simples,Curva,Não,3.0,0.0,1.0,0.0,1.0,0.0,0.0,4.0,"-9,7596628","-54,89572704",SPRF-MT,DEL06/MT,UOP03-DEL06-MT
748203,24/01/2026,sábado,14:22:00,PA,163.0,500,ITAITUBA,Reação tardia ou ineficiente do condutor,Tombamento,Com Vítimas Feridas,Pleno dia,Crescente,Chuva,Simples,Curva;Declive,Não,2.0,0.0,1.0,0.0,1.0,0.0,0.0,4.0,"-5,4997","-55,831",SPRF-PA,DEL05/PA,UOP03-DEL05-PA
748207,26/01/2026,segunda-feira,18:00:00,SC,163.0,"71,2",SAO MIGUEL DO OESTE,Acessar a via sem observar a presença dos outros veículos,Colisão transversal,Com Vítimas Feridas,Pleno dia,Crescente,Céu Claro,Dupla,Reta;Interseção de Vias,Sim,3.0,0.0,0.0,1.0,1.0,1.0,0.0,4.0,"-26,72547564","-53,51306168",SPRF-SC,DEL07/SC,UOP03-DEL07-SC
748222,26/01/2026,segunda-feira,21:50:00,BA,324.0,589,CANDEIAS,Animais na Pista,Atropelamento de Animal,Com Vítimas Feridas,Plena Noite,Decrescente,Céu Claro,Dupla,Reta,Não,5.0,0.0,3.0,0.0,3.0,1.0,0.0,3.0,"-12,6859783","-38,4662117",SPRF-BA,DEL01/BA,UOP01-DEL01-BA
748227,26/01/2026,segunda-feira,21:30:00,PR,277.0,359,GUARAPUAVA,Conversão proibida,Colisão frontal,Com Vítimas Feridas,Plena Noite,Crescente,Céu Claro,Simples,Reta,Não,4.0,0.0,3.0,0.0,3.0,1.0,0.0,2.0,"-25,39790614","-51,53515613",SPRF-PR,DEL08/PR,UOP01-DEL08-PR
748228,26/01/2026,segunda-feira,22:20:00,SE,235.0,"14,9",NOSSA SENHORA DO SOCORRO,Pedestre andava na pista,Atropelamento de Pedestre,Com Vítimas Feridas,Plena Noite,Crescente,Céu Claro,Simples,Reta,Não,2.0,0.0,1.0,0.0,1.0,0.0,0.0,2.0,"-10,85214272","-37,19909415",SPRF-SE,DEL01-SE,UOP01-DEL01-SE
748230,26/01/2026,segunda-feira,23:08:00,RJ,101.0,327,NITEROI,Ausência de reação do condutor,Colisão traseira,Com Vítimas Fatais,Plena Noite,Crescente,Céu Claro,Múltipla,Reta,Não,3.0,1.0,0.0,0.0,0.0,1.0,0.0,3.0,"-22,86986447","-43,16621399",SPRF-RJ,DEL02/RJ,UOP01-DEL02-RJ
748236,27/01/2026,terça-feira,01:30:00,SP,116.0,279,EMBU DAS ARTES,Pedestre andava na pista,Atropelamento de Pedestre,Com Vítimas Feridas,Plena Noite,Decrescente,Céu Claro,Dupla,Reta,Sim,3.0,0.0,1.0,0.0,1.0,1.0,0.0,3.0,"-23,6439415","-46,83969498",SPRF-SP,DEL04/SP,UOP01-DEL04-SP
748237,26/01/2026,segunda-feira,20:00:00,PI,135.0,"288,8",CRISTINO CASTRO,Reação tardia ou ineficiente do condutor,Colisão frontal,Com Vítimas Fatais,Plena Noite,Crescente,Nublado,Simples,Reta;Declive,Não,6.0,3.0,0.0,1.0,1.0,0.0,0.0,6.0,"-8,649808","-44,034072",SPRF-PI,DEL03-PI,UOP02-DEL03-PI
748238,26/01/2026,segunda-feira,22:10:00,MT,364.0,350,SANTO ANTONIO DO LEVERGER,Demais falhas mecânicas ou elétricas,Saída de leito carroçável,Com Vítimas Feridas,Plena Noite,Crescente,Ignorado,Dupla,Declive;Curva,Não,2.0,0.0,1.0,0.0,1.0,0.0,0.0,2.0,"-15,79357147","-55,58561683",SPRF-MT,DEL05/MT,UOP02-DEL05-MT
748239,27/01/2026,terça-feira,04:20:00,MG,153.0,24,CENTRALINA,Ausência de reação do condutor,Saída de leito carroçável,Com Vítimas Feridas,Plena Noite,Crescente,Céu Claro,Dupla,Declive;Reta,Não,3.0,0.0,1.0,1.0,2.0,0.0,0.0,2.0,"-18,6321976","-49,1833232",SPRF-MG,DEL15/MG,UOP03-DEL15-MG