id,data_inversa,dia_semana,horario,uf,br,km,municipio,causa_acidente,tipo_acidente,classificacao_acidente,fase_dia,sentido_via,condicao_metereologica,tipo_pista,tracado_via,uso_solo,pessoas,mortos,feridos_leves,feridos_graves,feridos,ilesos,ignorados,veiculos,latitude,longitude,regional,delegacia,uop
748240,27/01/2026,terça-feira,02:55:00,RS,116.0,253,SAPUCAIA DO SUL,Condutor Dormindo,Colisão com objeto,Sem Vítimas,Plena Noite,Crescente,Céu Claro,Múltipla,Viaduto,Sim,2.0,0.0,0.0,0.0,0.0,1.0,0.0,2.0,"-29,81665026","-51,16971471",SPRF-RS,DEL01/RS,UOP02-DEL01-RS
748242,27/01/2026,terça-feira,05:20:00,RJ,101.0,"63,5",CAMPOS DOS GOYTACAZES,Condutor desrespeitou a iluminação vermelha do semáforo,Colisão transversal,Com Vítimas Feridas,Amanhecer,Crescente,Céu Claro,Simples,Reta;Interseção de Vias,Não,3.0,0.0,1.0,0.0,1.0,1.0,0.0,3.0,"-21,745109","-41,335145",SPRF-RJ,DEL08/RJ,UOP02-DEL08-RJ
748254,27/01/2026,terça-feira,08:05:00,SC,282.0,220,LAGES,Ultrapassagem Indevida,Colisão lateral mesmo sentido,Sem Vítimas,Pleno dia,Crescente,Céu Claro,Simples,Rotatória,Sim,3.0,0.0,0.0,0.0,0.0,3.0,0.0,2.0,"-27,794612","-50,327574",SPRF-SC,DEL05/SC,UOP01-DEL05-SC
748255,27/01/2026,terça-feira,08:00:00,PR,476.0,144,CURITIBA,Manobra de mudança de faixa,Colisão lateral mesmo sentido,Com Vítimas Feridas,Pleno dia,Decrescente,Nublado,Dupla,Reta,Sim,4.0,0.0,1.0,0.0,1.0,2.0,0.0,5.0,"-25,54340834","-49,31416406",SPRF-PR,DEL01/PR,UOP06-DEL01-PR
748270,24/01/2026,sábado,07:10:00,RS,285.0,646,SANTO ANTONIO DAS MISSOES,Condutor Dormindo,Colisão lateral sentido oposto,Sem Vítimas,Pleno dia,Crescente,Céu Claro,Simples,Reta,Não,3.0,0.0,0.0,0.0,0.0,2.0,0.0,3.0,"-28,60761624","-55,70685133",SPRF-RS,DEL12/RS,UOP01-DEL12-RS
748278,27/01/2026,terça-feira,08:55:00,SP,116.0,"379,6",MIRACATU,Reação tardia ou ineficiente do condutor,Colisão traseira,Com Vítimas Feridas,Pleno dia,Decrescente,Sol,Dupla,Reta,Não,4.0,0.0,2.0,0.0,2.0,2.0,0.0,2.0,"-24,21607027","-47,36742069",SPRF-SP,DEL04/SP,UOP02-DEL04-SP
748279,27/01/2026,terça-feira,10:15:00,DF,40.0,3,BRASILIA,Velocidade Incompatível,Tombamento,Com Vítimas Feridas,Pleno dia,Crescente,Sol,Dupla,Reta,Sim,5.0,0.0,1.0,1.0,2.0,3.0,0.0,3.0,"-16,01206","-47,98238",SPRF-DF,DEL01-DF,UOP01-DEL01-DF
748281,27/01/2026,terça-feira,09:45:00,BA,324.0,532,CONCEICAO DO JACUIPE,Velocidade Incompatível,Saída de leito carroçável,Com Vítimas Feridas,Pleno dia,Decrescente,Céu Claro,Dupla,Reta,Não,2.0,0.0,1.0,0.0,1.0,1.0,0.0,1.0,"-12,353805","-38,831307",SPRF-BA,DEL11/BA,UOP02-DEL11-BA
748282,27/01/2026,terça-feira,08:35:00,MG,116.0,88,MEDINA,Reação tardia ou ineficiente do condutor,Colisão traseira,Com Vítimas Feridas,Pleno dia,Crescente,Céu Claro,Simples,Curva;Declive,Não,7.0,0.0,4.0,0.0,4.0,2.0,0.0,3.0,"-16,336574","-41,469995",SPRF-MG,DEL11/MG,UOP02-DEL11-MG
748283,27/01/2026,terça-feira,10:50:00,MG,354.0,"752,7",ITAMONTE,Condutor deixou de manter distância do veículo da frente,Colisão traseira,Sem Vítimas,Pleno dia,Crescente,Sol,Simples,Reta;Interseção de Vias,Sim,4.0,0.0,0.0,0.0,0.0,4.0,0.0,2.0,"-22,276","-44,876",SPRF-MG,DEL17/MG,UOP01-DEL17-MG
748284,27/01/2026,terça-feira,10:40:00,GO,153.0,699,ITUMBIARA,Condutor deixou de manter distância do veículo da frente,Colisão traseira,Com Vítimas Feridas,Pleno dia,Crescente,Céu Claro,Dupla,Retorno Regulamentado,Sim,5.0,0.0,1.0,0.0,1.0,4.0,0.0,2.0,"-18,37755904","-49,2102626",SPRF-GO,DEL03/GO,UOP02-DEL03-GO
748287,27/01/2026,terça-feira,08:30:00,MG,381.0,691,LAVRAS,Acessar a via sem observar a presença dos outros veículos,Colisão traseira,Com Vítimas Feridas,Pleno dia,Decrescente,Nublado,Dupla,Reta,Não,2.0,0.0,1.0,0.0,1.0,1.0,0.0,2.0,"-21,210203","-45,123555",SPRF-MG,DEL04/MG,UOP02-DEL04-MG
748294,25/01/2026,domingo,21:40:00,RO,364.0,369,JI-PARANA,Ausência de reação do condutor,Colisão traseira,Com Vítimas Feridas,Plena Noite,Decrescente,Nublado,Múltipla,Reta,Sim,3.0,0.0,0.0,1.0,1.0,0.0,0.0,5.0,"-10,899148","-61,930767",SPRF-RO,DEL02-RO,UOP01-DEL02-RO
748295,27/01/2026,terça-feira,12:45:00,MA,135.0,12,SAO LUIS,Retorno proibido,Colisão traseira,Com Vítimas Feridas,Pleno dia,Crescente,Nublado,Dupla,Reta,Sim,2.0,0.0,1.0,0.0,1.0,1.0,0.0,2.0,"-2,672255","-44,29162",SPRF-MA,DEL01-MA,UOP01-DEL01-MA
748297,27/01/2026,terça-feira,10:50:00,MG,381.0,492,BETIM,Mal súbito do condutor,Colisão com objeto,Com Vítimas Feridas,Pleno dia,Crescente,Céu Claro,Simples,Reta,Sim,3.0,0.0,1.0,0.0,1.0,1.0,0.0,3.0,"-19,96399101","-44,16950226",SPRF-MG,DEL01/MG,UOP03-DEL01-MG
748303,27/01/2026,terça-feira,11:30:00,MG,251.0,428,GRAO MOGOL,Velocidade Incompatível,Tombamento,Com Vítimas Fatais,Pleno dia,Decrescente,Céu Claro,Simples,Curva;Declive,Não,2.0,1.0,0.0,0.0,0.0,0.0,0.0,2.0,"-16,32524","-43,12292",SPRF-MG,DEL12/MG,UOP01-DEL12-MG
748308,27/01/2026,terça-feira,13:00:00,PR,376.0,4,MARINGA,Demais falhas mecânicas ou elétricas,Incêndio,Sem Vítimas,Pleno dia,Decrescente,Céu Claro,Dupla,Reta,Não,2.0,0.0,0.0,0.0,0.0,1.0,0.0,2.0,"-23,38022404","-51,95874151",SPRF-PR,DEL09/PR,UOP01-DEL09-PR
748312,27/01/2026,terça-feira,14:10:00,PR,376.0,621,SAO JOSE DOS PINHAIS,Reação tardia ou ineficiente do condutor,Colisão traseira,Com Vítimas Feridas,Pleno dia,Decrescente,Céu Claro,Dupla,Reta,Não,3.0,0.0,0.0,1.0,1.0,1.0,0.0,3.0,"-25,62650352","-49,1651028",SPRF-PR,DEL01/PR,UOP04-DEL01-PR
748317,23/01/2026,sexta-feira,22:50:00,SE,101.0,"105,1",SAO CRISTOVAO,Ausência de reação do condutor,Colisão com objeto,Sem Vítimas,Plena Noite,Decrescente,Céu Claro,Dupla,Reta,Não,1.0,0.0,0.0,0.0,0.0,1.0,0.0,1.0,"-10,95826373","-37,2346501",SPRF-SE,DEL02-SE,UOP01-DEL02-SE
748318,27/01/2026,terça-feira,14:30:00,PR,277.0,"214,2",PALMEIRA,Ausência de reação do condutor,Colisão lateral sentido oposto,Sem Vítimas,Pleno dia,Crescente,Céu Claro,Simples,Curva;Declive,Não,4.0,0.0,0.0,0.0,0.0,3.0,0.0,7.0,"-25,456128","-50,338455",SPRF-PR,DEL08/PR,UOP02-DEL08-PR
748327,27/01/2026,terça-feira,14:20:00,MG,262.0,"33,2",MANHUACU,Manobra de mudança de faixa,Colisão lateral mesmo sentido,Com Vítimas Feridas,Pleno dia,Decrescente,Céu Claro,Simples,Reta,Não,2.0,0.0,1.0,0.0,1.0,1.0,0.0,2.0,"-20,25954","-42,017451",SPRF-MG,DEL06/MG,UOP03-DEL06-MG
748329,27/01/2026,terça-feira,15:50:00,ES,101.0,302,VIANA,Pedestre andava na pista,Atropelamento de Pedestre,Com Vítimas Feridas,Pleno dia,Decrescente,Céu Claro,Dupla,Curva,Não,2.0,0.0,0.0,1.0,1.0,1.0,0.0,2.0,"-20,37441288","-40,44250073",SPRF-ES,DEL01-ES,UOP01-DEL01-ES
748330,27/01/2026,terça-feira,15:30:00,SE,101.0,"203,3",CRISTINAPOLIS,Reação tardia ou ineficiente do condutor,Tombamento,Com Vítimas Feridas,Pleno dia,Crescente,Sol,Simples,Declive;Reta,Não,3.0,0.0,1.0,0.0,1.0,1.0,0.0,4.0,"-11,49651","-37,7808",SPRF-SE,DEL02-SE,UOP03-DEL02-SE
748333,27/01/2026,terça-feira,14:30:00,RN,304.0,"241,7",RIACHUELO,Acessar a via sem observar a presença dos outros veículos,Colisão lateral mesmo sentido,Com Vítimas Feridas,Pleno dia,Crescente,Sol,Simples,Reta,Sim,3.0,0.0,1.0,0.0,1.0,1.0,0.0,3.0,"-5,80993906","-35,82370162",SPRF-RN,DEL01-RN,UOP02-DEL01-RN
748338,27/01/2026,terça-feira,16:00:00,MG,381.0,"811,7",CAREACU,Reação tardia ou ineficiente do condutor,Colisão traseira,Com Vítimas Feridas,Pleno dia,Decrescente,Céu Claro,Dupla,Curva,Não,4.0,0.0,0.0,1.0,1.0,2.0,0.0,3.0,"-22,007772","-45,677767",SPRF-MG,DEL16/MG,UOP02-DEL16-MG
748341,27/01/2026,terça-feira,15:40:00,MG,381.0,502,BETIM,Condutor deixou de manter distância do veículo da frente,Colisão traseira,Com Vítimas Feridas,Pleno dia,Crescente,Nublado,Múltipla,Reta,Não,2.0,0.0,1.0,0.0,1.0,1.0,0.0,2.0,"-20,01741763","-44,2249018",SPRF-MG,DEL01/MG,UOP03-DEL01-MG
748342,27/01/2026,terça-feira,16:55:00,GO,414.0,305,VILA PROPICIO,Transitar na contramão,Colisão frontal,Com Vítimas Fatais,Anoitecer,Crescente,Céu Claro,Simples,Reta,Não,3.0,1.0,0.0,0.0,0.0,1.0,0.0,3.0,"-15,25119","-48,688463",SPRF-GO,DEL02/GO,UOP01-DEL02-GO
748344,27/01/2026,terça-feira,14:15:00,SC,101.0,"50,5",JOINVILLE,Carga excessiva e/ou mal acondicionada,Derramamento de carga,Com Vítimas Feridas,Pleno dia,Decrescente,Céu Claro,Dupla,Reta,Não,2.0,0.0,1.0,0.0,1.0,1.0,0.0,2.0,"-26,39081851","-48,83975856",SPRF-SC,DEL03/SC,UOP01-DEL03-SC
748349,27/01/2026,terça-feira,12:55:00,RS,287.0,"329,5",SAO VICENTE DO SUL,Acessar a via sem observar a presença dos outros veículos,Colisão transversal,Com Vítimas Feridas,Pleno dia,Decrescente,Céu Claro,Simples,Interseção de Vias,Não,3.0,0.0,1.0,0.0,1.0,1.0,0.0,4.0,"-29,685088","-54,664082",SPRF-RS,DEL09/RS,UOP01-DEL09-RS
748351,27/01/2026,terça-feira,10:10:00,PR,369.0,"67,9",SANTA MARIANA,Velocidade Incompatível,Tombamento,Com Vítimas Feridas,Pleno dia,Crescente,Céu Claro,Simples,Aclive,Não,2.0,0.0,1.0,0.0,1.0,0.0,0.0,2.0,"-23,1303071","-50,4698305",SPRF-PR,DEL07/PR,UOP05-DEL07-PR
748352,27/01/2026,terça-feira,17:00:00,RS,386.0,439,CANOAS,Velocidade Incompatível,Tombamento,Com Vítimas Feridas,Pleno dia,Decrescente,Céu Claro,Múltipla,Declive;Curva,Sim,2.0,0.0,1.0,0.0,1.0,0.0,0.0,2.0,"-29,8821322","-51,23464465",SPRF-RS,DEL04/RS,UOP02-DEL04-RS
748367,27/01/2026,terça-feira,17:00:00,MG,251.0,"316,7",SALINAS,Condutor deixou de manter distância do veículo da frente,Colisão traseira,Com Vítimas Feridas,Pleno dia,Decrescente,Sol,Simples,Reta,Não,5.0,0.0,4.0,0.0,4.0,0.0,0.0,2.0,"-16,16064315","-42,31375694",SPRF-MG,DEL12/MG,UOP02-DEL12-MG
748370,27/01/2026,terça-feira,07:20:00,MG,116.0,410,GOVERNADOR VALADARES,Acessar a via sem observar a presença dos outros veículos,Colisão transversal,Com Vítimas Feridas,Pleno dia,Decrescente,Céu Claro,Dupla,Retorno Regulamentado,Sim,2.0,0.0,1.0,0.0,1.0,1.0,0.0,2.0,"-18,860786","-41,974422",SPRF-MG,DEL06/MG,UOP01-DEL06-MG
748373,27/01/2026,terça-feira,18:40:00,MG,40.0,"516,8",RIBEIRAO DAS NEVES,Manobra de mudança de faixa,Colisão lateral mesmo sentido,Com Vítimas Feridas,Plena Noite,Crescente,Céu Claro,Dupla,Curva;Aclive,Sim,3.0,0.0,1.0,0.0,1.0,1.0,0.0,3.0,"-19,8225163","-44,084188",SPRF-MG,DEL01/MG,UOP02-DEL01-MG
748374,27/01/2026,terça-feira,17:20:00,PE,104.0,"83,8",AGRESTINA,Ausência de reação do condutor,Colisão transversal,Com Vítimas Feridas,Anoitecer,Decrescente,Céu Claro,Simples,Reta;Aclive,Não,3.0,0.0,1.0,0.0,1.0,1.0,0.0,4.0,"-8,43142","-35,95882",SPRF-PE,DEL02/PE,UOP01-DEL02-PE
748375,27/01/2026,terça-feira,14:28:00,BA,324.0,540,AMELIA RODRIGUES,Acumulo de óleo sobre o pavimento,Saída de leito carroçável,Com Vítimas Feridas,Pleno dia,Decrescente,Chuva,Dupla,Reta,Não,2.0,0.0,1.0,0.0,1.0,0.0,0.0,2.0,"-12,39437142","-38,77489328",SPRF-BA,DEL11/BA,UOP02-DEL11-BA
748376,27/01/2026,terça-feira,19:30:00,ES,101.0,"382,7",RIO NOVO DO SUL,Entrada inopinada do pedestre,Atropelamento de Pedestre,Com Vítimas Fatais,Plena Noite,Crescente,Céu Claro,Simples,Reta,Não,2.0,1.0,0.0,0.0,0.0,1.0,0.0,2.0,"-20,82335683","-40,851717",SPRF-ES,DEL03-ES,UOP01-DEL03-ES
748385,27/01/2026,terça-feira,19:30:00,PE,423.0,"22,2",SAO CAITANO,Reação tardia ou ineficiente do condutor,Capotamento,Com Vítimas Feridas,Plena Noite,Crescente,Céu Claro,Simples,Curva,Não,1.0,0.0,1.0,0.0,1.0,0.0,0.0,1.0,"-8,354017","-36,171949",SPRF-PE,DEL03/PE,UOP02-DEL03-PE
748400,27/01/2026,terça-feira,18:00:00,MT,70.0,509,CUIABA,Manobra de mudança de faixa,Colisão lateral mesmo sentido,Com Vítimas Feridas,Anoitecer,Crescente,Céu Claro,Dupla,Reta,Não,5.0,0.0,1.0,0.0,1.0,3.0,0.0,6.0,"-15,7","-56,081",SPRF-MT,DEL01/MT,UOP02-DEL01-MT
748403,27/01/2026,terça-feira,17:30:00,MG,40.0,234,SAO GONCALO DO ABAETE,Demais falhas mecânicas ou elétricas,Tombamento,Com Vítimas Feridas,Anoitecer,Crescente,Céu Claro,Simples,Reta,Não,3.0,0.0,2.0,0.0,2.0,0.0,0.0,2.0,"-18,02322111","-45,53858757",SPRF-MG,DEL14/MG,UOP02-DEL14-MG
748404,27/01/2026,terça-feira,19:30:00,MG,40.0,332,FELIXLANDIA,Reação tardia ou ineficiente do condutor,Colisão traseira,Com Vítimas Feridas,Plena Noite,Crescente,Nublado,Simples,Declive,Não,3.0,0.0,1.0,0.0,1.0,1.0,0.0,3.0,"-18,575369","-45,017054",SPRF-MG,DEL14/MG,UOP02-DEL14-MG
748412,27/01/2026,terça-feira,22:01:00,BA,101.0,"83,3",EUNAPOLIS,Entrada inopinada do pedestre,Atropelamento de Pedestre,Com Vítimas Feridas,Plena Noite,Decrescente,Céu Claro,Simples,Reta,Sim,3.0,0.0,1.0,0.0,1.0,1.0,0.0,3.0,"-16,373202","-39,573165",SPRF-BA,DEL01/BA,UOP04-DEL01-BA
748415,27/01/2026,terça-feira,23:29:00,MS,359.0,212,COXIM,Ausência de reação do condutor,Colisão com objeto,Com Vítimas Feridas,Plena Noite,Crescente,Garoa/Chuvisco,Simples,Reta,Não,2.0,0.0,1.0,0.0,1.0,0.0,0.0,2.0,"-18,476","-54,582",SPRF-MS,DEL06/MS,UOP01-DEL06-MS
748417,28/01/2026,quarta-feira,01:45:00,SP,116.0,122,CACAPAVA,Ausência de reação do condutor,Colisão traseira,Com Vítimas Feridas,Plena Noite,Decrescente,Céu Claro,Dupla,Reta,Não,2.0,0.0,0.0,1.0,1.0,1.0,0.0,2.0,"-23,08377318","-45,6641798",SPRF-SP,DEL02/SP,UOP02-DEL02-SP
748418,28/01/2026,quarta-feira,04:04:00,SP,116.0,199,ARUJA,Ausência de reação do condutor,Colisão traseira,Com Vítimas Feridas,Plena Noite,Crescente,Vento,Dupla,Aclive;Reta,Sim,3.0,0.0,1.0,0.0,1.0,1.0,0.0,4.0,"-23,4020333","-46,3134483",SPRF-SP,DEL01/SP,UOP01-DEL01-SP
748419,28/01/2026,quarta-feira,01:15:00,PR,277.0,"410,9",CANDOI,Ultrapassagem Indevida,Colisão frontal,Com Vítimas Fatais,Plena Noite,Decrescente,Céu Claro,Simples,Reta;Declive,Não,2.0,1.0,0.0,0.0,0.0,1.0,0.0,2.0,"-25,427","-52,0116",SPRF-PR,DEL04/PR,UOP02-DEL04-PR
748422,28/01/2026,quarta-feira,05:25:00,TO,153.0,498,PARAISO DO TOCANTINS,Condutor deixou de manter distância do veículo da frente,Colisão traseira,Com Vítimas Feridas,Amanhecer,Decrescente,Chuva,Simples,Reta,Sim,3.0,0.0,0.0,1.0,1.0,1.0,0.0,5.0,"-10,186802","-48,880048",SPRF-TO,DEL01-TO,UOP01-DEL01-TO
748425,27/01/2026,terça-feira,15:10:00,PR,153.0,"519,1",GENERAL CARNEIRO,Condutor Dormindo,Colisão frontal,Com Vítimas Feridas,Pleno dia,Crescente,Sol,Simples,Curva,Não,3.0,0.0,0.0,1.0,1.0,1.0,0.0,3.0,"-26,59207","-51,45449",SPRF-PR,DEL02/PR,UOP03-DEL02-PR
748430,28/01/2026,quarta-feira,05:50:00,RS,116.0,"64,2",CAMPESTRE DA SERRA,Transitar na contramão,Colisão frontal,Com Vítimas Feridas,Amanhecer,Crescente,Céu Claro,Simples,Declive;Curva,Não,2.0,0.0,1.0,0.0,1.0,0.0,0.0,2.0,"-28,67244","-51,06388",SPRF-RS,DEL05/RS,UOP03-DEL05-RS
748431,28/01/2026,quarta-feira,02:30:00,MT,70.0,121,GENERAL CARNEIRO,Reação tardia ou ineficiente do condutor,Capotamento,Com Vítimas Feridas,Plena Noite,Crescente,Céu Claro,Simples,Reta,Não,3.0,0.0,1.0,0.0,1.0,1.0,0.0,2.0,"-15,609117","-53,098363",SPRF-MT,DEL07/MT,UOP01-DEL07-MT
748433,28/01/2026,quarta-feira,05:45:00,PR,153.0,"30,6",SANTO ANTONIO DA PLATINA,Condutor Dormindo,Colisão frontal,Com Vítimas Feridas,Amanhecer,Decrescente,Céu Claro,Simples,Reta,Não,3.0,0.0,0.0,1.0,1.0,1.0,0.0,3.0,"-23,2235415","-50,02182162",SPRF-PR,DEL07/PR,UOP04-DEL07-PR
748436,28/01/2026,quarta-feira,06:55:00,PE,232.0,"10,1",JABOATAO DOS GUARARAPES,Condutor deixou de manter distância do veículo da frente,Colisão traseira,Com Vítimas Feridas,Pleno dia,Decrescente,Nublado,Dupla,Reta;Declive,Sim,4.0,0.0,1.0,0.0,1.0,3.0,0.0,3.0,"-8,07944","-34,988007",SPRF-PE,DEL01/PE,UOP01-DEL01-PE
748440,28/01/2026,quarta-feira,08:07:00,SP,116.0,280,EMBU DAS ARTES,Manobra de mudança de faixa,Colisão traseira,Com Vítimas Feridas,Pleno dia,Decrescente,Céu Claro,Dupla,Reta,Sim,5.0,0.0,2.0,0.0,2.0,0.0,0.0,5.0,"-23,6457988","-46,84112215",SPRF-SP,DEL04/SP,UOP01-DEL04-SP
748446,28/01/2026,quarta-feira,07:30:00,PR,277.0,285,PRUDENTOPOLIS,Acessar a via sem observar a presença dos outros veículos,Colisão lateral mesmo sentido,Com Vítimas Feridas,Pleno dia,Decrescente,Céu Claro,Simples,Reta;Retorno Regulamentado,Sim,4.0,0.0,2.0,0.0,2.0,1.0,0.0,4.0,"-25,31988001","-50,96935272",SPRF-PR,DEL08/PR,UOP02-DEL08-PR
748448,28/01/2026,quarta-feira,07:50:00,PR,376.0,"668,4",GUARATUBA,Reação tardia ou ineficiente do condutor,Colisão traseira,Com Vítimas Feridas,Pleno dia,Crescente,Céu Claro,Dupla,Declive,Não,4.0,0.0,1.0,0.0,1.0,2.0,0.0,5.0,"-25,869683","-48,934905",SPRF-PR,DEL01/PR,UOP04-DEL01-PR
748450,28/01/2026,quarta-feira,09:05:00,SC,101.0,147,ITAPEMA,Acessar a via sem observar a presença dos outros veículos,Colisão lateral mesmo sentido,Com Vítimas Feridas,Pleno dia,Decrescente,Sol,Dupla,Interseção de Vias,Sim,4.0,0.0,1.0,0.0,1.0,2.0,0.0,3.0,"-27,08905493","-48,61271795",SPRF-SC,DEL04/SC,UOP03-DEL04-SC
748459,28/01/2026,quarta-feira,09:30:00,MG,381.0,490,BETIM,Ausência de reação do condutor,Colisão traseira,Com Vítimas Feridas,Pleno dia,Decrescente,Céu Claro,Dupla,Aclive;Reta,Não,2.0,0.0,2.0,0.0,2.0,0.0,0.0,1.0,"-19,956844","-44,150464",SPRF-MG,DEL01/MG,UOP03-DEL01-MG
748461,28/01/2026,quarta-feira,07:30:00,SC,280.0,"29,5",ARAQUARI,Desrespeitar a preferência no cruzamento,Colisão transversal,Com Vítimas Feridas,Pleno dia,Decrescente,Céu Claro,Simples,Reta,Não,2.0,0.0,0.0,1.0,1.0,1.0,0.0,2.0,"-26,413238","-48,757712",SPRF-SC,DEL03/SC,UOP03-DEL03-SC
748464,28/01/2026,quarta-feira,08:00:00,MG,153.0,90,PRATA,Demais falhas mecânicas ou elétricas,Incêndio,Sem Vítimas,Pleno dia,Crescente,Céu Claro,Dupla,Aclive,Não,2.0,0.0,0.0,0.0,0.0,1.0,0.0,2.0,"-19,149403","-48,962373",SPRF-MG,DEL15/MG,UOP03-DEL15-MG
748471,28/01/2026,quarta-feira,06:43:00,RJ,101.0,58,CAMPOS DOS GOYTACAZES,Acessar a via sem observar a presença dos outros veículos,Colisão transversal,Com Vítimas Fatais,Pleno dia,Crescente,Céu Claro,Simples,Reta;Interseção de Vias,Sim,2.0,1.0,0.0,0.0,0.0,1.0,0.0,2.0,"-21,707921","-41,309113",SPRF-RJ,DEL08/RJ,UOP01-DEL08-RJ
748474,28/01/2026,quarta-feira,11:25:00,MG,40.0,272,SAO GONCALO DO ABAETE,Acessar a via sem observar a presença dos outros veículos,Colisão transversal,Com Vítimas Feridas,Pleno dia,Crescente,Sol,Simples,Reta;Em Obras,Não,7.0,0.0,1.0,0.0,1.0,5.0,0.0,5.0,"-18,18678","-45,256",SPRF-MG,DEL14/MG,UOP02-DEL14-MG
748479,28/01/2026,quarta-feira,11:40:00,SP,116.0,441,REGISTRO,Ausência de reação do condutor,Colisão traseira,Com Vítimas Feridas,Pleno dia,Decrescente,Céu Claro,Dupla,Reta,Sim,3.0,0.0,1.0,0.0,1.0,1.0,0.0,3.0,"-24,47083658","-47,82360284",SPRF-SP,DEL05/SP,UOP01-DEL05-SP
748498,21/01/2026,quarta-feira,14:00:00,GO,60.0,465,JATAI,Demais falhas mecânicas ou elétricas,Saída de leito carroçável,Sem Vítimas,Pleno dia,Crescente,Céu Claro,Dupla,Reta,Não,2.0,0.0,0.0,0.0,0.0,1.0,0.0,2.0,"-17,893137","-51,66075",SPRF-GO,DEL05/GO,UOP01-DEL05-GO
748500,28/01/2026,quarta-feira,10:30:00,BA,324.0,591,CANDEIAS,Ausência de reação do condutor,Colisão traseira,Com Vítimas Feridas,Pleno dia,Crescente,Chuva,Dupla,Reta,Não,5.0,0.0,1.0,0.0,1.0,3.0,0.0,3.0,"-12,69515148","-38,46471643",SPRF-BA,DEL01/BA,UOP01-DEL01-BA
748503,28/01/2026,quarta-feira,14:20:00,GO,60.0,"92,2",ANAPOLIS,Acumulo de água sobre o pavimento,Saída de leito carroçável,Com Vítimas Feridas,Pleno dia,Decrescente,Chuva,Dupla,Curva,Sim,2.0,0.0,2.0,0.0,2.0,0.0,0.0,1.0,"-16,35231814","-48,91452882",SPRF-GO,DEL02/GO,UOP01-DEL02-GO
748505,28/01/2026,quarta-feira,13:00:00,MG,365.0,597,UBERLANDIA,Ausência de reação do condutor,Colisão frontal,Com Vítimas Feridas,Pleno dia,Crescente,Nublado,Múltipla,Declive;Curva,Não,2.0,0.0,0.0,1.0,1.0,1.0,0.0,2.0,"-18,8722238","-48,085338",SPRF-MG,DEL15/MG,UOP01-DEL15-MG
748506,28/01/2026,quarta-feira,13:50:00,BA,324.0,541,AMELIA RODRIGUES,Chuva,Colisão traseira,Sem Vítimas,Pleno dia,Decrescente,Chuva,Dupla,Declive,Não,2.0,0.0,0.0,0.0,0.0,1.0,0.0,2.0,"-12,3962665","-38,7688701",SPRF-BA,DEL11/BA,UOP02-DEL11-BA
748512,28/01/2026,quarta-feira,13:30:00,SE,101.0,183,UMBAUBA,Ausência de reação do condutor,Colisão lateral sentido oposto,Com Vítimas Feridas,Pleno dia,Crescente,Céu Claro,Simples,Reta;Declive,Sim,3.0,0.0,1.0,0.0,1.0,1.0,0.0,3.0,"-11,38313242","-37,66607606",SPRF-SE,DEL02-SE,UOP03-DEL02-SE
748513,28/01/2026,quarta-feira,15:00:00,ES,101.0,347,GUARAPARI,Ausência de sinalização,Colisão traseira,Com Vítimas Feridas,Pleno dia,Crescente,Céu Claro,Dupla,Reta,Não,4.0,0.0,0.0,1.0,1.0,2.0,0.0,3.0,"-20,65687994","-40,61868668",SPRF-ES,DEL03-ES,UOP01-DEL03-ES
748515,28/01/2026,quarta-feira,10:00:00,CE,116.0,495,BREJO SANTO,Reação tardia ou ineficiente do condutor,Engavetamento,Com Vítimas Feridas,Pleno dia,Decrescente,Céu Claro,Simples,Ponte;Reta;Em Obras,Não,12.0,0.0,7.0,1.0,8.0,3.0,0.0,6.0,"-7,428807","-38,970547",SPRF-CE,DEL05/CE,UOP03-DEL05-CE
748520,28/01/2026,quarta-feira,14:22:00,MT,364.0,277,JACIARA,Problema com o freio,Colisão lateral sentido oposto,Com Vítimas Fatais,Pleno dia,Decrescente,Chuva,Simples,Declive,Sim,8.0,1.0,3.0,0.0,3.0,3.0,0.0,11.0,"-15,95022961","-55,00116348",SPRF-MT,DEL05/MT,UOP02-DEL05-MT
748526,28/01/2026,quarta-feira,13:00:00,RO,364.0,33,VILHENA,Ultrapassagem Indevida,Incêndio,Sem Vítimas,Pleno dia,Crescente,Céu Claro,Simples,Reta,Não,2.0,0.0,0.0,0.0,0.0,2.0,0.0,2.0,"-12,52022954","-60,41174412",SPRF-RO,DEL04-RO,UOP01-DEL04-RO
748528,28/01/2026,quarta-feira,13:30:00,CE,222.0,126,ITAPAJE,Ultrapassagem Indevida,Saída de leito carroçável,Com Vítimas Feridas,Pleno dia,Crescente,Chuva,Simples,Reta;Declive,Não,2.0,0.0,1.0,0.0,1.0,0.0,0.0,2.0,"-3,702528","-39,609791",SPRF-CE,DEL04/CE,UOP03-DEL04-CE
748529,28/01/2026,quarta-feira,16:00:00,PA,155.0,83,RIO MARIA,Reação tardia ou ineficiente do condutor,Colisão lateral mesmo sentido,Com Vítimas Feridas,Pleno dia,Crescente,Céu Claro,Simples,Interseção de Vias,Sim,2.0,0.0,1.0,0.0,1.0,1.0,0.0,2.0,"-7,317288","-50,048087",SPRF-PA,DEL03/PA,UOP01-DEL03-PA