id,data_inversa,dia_semana,horario,uf,br,km,municipio,causa_acidente,tipo_acidente,classificacao_acidente,fase_dia,sentido_via,condicao_metereologica,tipo_pista,tracado_via,uso_solo,pessoas,mortos,feridos_leves,feridos_graves,feridos,ilesos,ignorados,veiculos,latitude,longitude,regional,delegacia,uop
748533,28/01/2026,quarta-feira,15:30:00,MT,364.0,402,CUIABA,Acesso irregular,Colisão transversal,Sem Vítimas,Pleno dia,Decrescente,Chuva,Dupla,Reta,Sim,7.0,0.0,0.0,0.0,0.0,6.0,0.0,4.0,"-15,65098324","-55,99716861",SPRF-MT,DEL01/MT,UOP02-DEL01-MT
748534,28/01/2026,quarta-feira,16:24:00,PE,232.0,82,GRAVATA,Condutor deixou de manter distância do veículo da frente,Colisão traseira,Com Vítimas Feridas,Pleno dia,Decrescente,Céu Claro,Dupla,Reta,Sim,2.0,0.0,0.0,1.0,1.0,1.0,0.0,2.0,"-8,20217","-35,59396",SPRF-PE,DEL02/PE,UOP02-DEL02PE
748535,28/01/2026,quarta-feira,11:35:00,MT,158.0,"520,8",CANARANA,Ultrapassagem Indevida,Colisão lateral mesmo sentido,Sem Vítimas,Pleno dia,Crescente,Nublado,Simples,Reta;Declive,Não,4.0,0.0,0.0,0.0,0.0,3.0,0.0,5.0,"-13,69364959","-52,01878309",SPRF-MT,DEL07/MT,UOP02-DEL07-MT
748539,28/01/2026,quarta-feira,15:30:00,SC,101.0,95,BARRA VELHA,Acessar a via sem observar a presença dos outros veículos,Colisão transversal,Com Vítimas Feridas,Pleno dia,Decrescente,Sol,Dupla,Interseção de Vias;Viaduto,Não,3.0,0.0,2.0,0.0,2.0,1.0,0.0,2.0,"-26,71845939","-48,70200098",SPRF-SC,DEL03/SC,UOP02-DEL03-SC
748545,28/01/2026,quarta-feira,15:30:00,GO,60.0,389,RIO VERDE,Acessar a via sem observar a presença dos outros veículos,Colisão lateral mesmo sentido,Com Vítimas Feridas,Pleno dia,Crescente,Céu Claro,Dupla,Reta,Sim,2.0,0.0,0.0,1.0,1.0,1.0,0.0,2.0,"-17,824455","-50,958367",SPRF-GO,DEL04/GO,UOP02-DEL04-GO
748546,28/01/2026,quarta-feira,15:50:00,BA,116.0,575,BREJOES,Acessar a via sem observar a presença dos outros veículos,Colisão frontal,Com Vítimas Feridas,Pleno dia,Crescente,Chuva,Simples,Reta;Aclive,Sim,3.0,0.0,1.0,0.0,1.0,2.0,0.0,2.0,"-13,0832133","-39,9622983",SPRF-BA,DEL03/BA,UOP02-DEL03-BA
748548,28/01/2026,quarta-feira,13:53:00,MT,364.0,400,CUIABA,Ausência de reação do condutor,Saída de leito carroçável,Sem Vítimas,Pleno dia,Decrescente,Chuva,Dupla,Viaduto,Não,2.0,0.0,0.0,0.0,0.0,1.0,0.0,2.0,"-15,65826133","-55,98013826",SPRF-MT,DEL01/MT,UOP02-DEL01-MT
748550,28/01/2026,quarta-feira,16:25:00,RS,392.0,"6,5",RIO GRANDE,Condutor deixou de manter distância do veículo da frente,Colisão traseira,Sem Vítimas,Pleno dia,Crescente,Céu Claro,Simples,Reta,Sim,4.0,0.0,0.0,0.0,0.0,3.0,0.0,4.0,"-32,0887558","-52,10715652",SPRF-RS,DEL07/RS,UOP02-DEL07-RS
748562,28/01/2026,quarta-feira,17:25:00,BA,415.0,49,ITABUNA,Conversão proibida,Colisão lateral mesmo sentido,Com Vítimas Feridas,Anoitecer,Decrescente,Céu Claro,Simples,Reta,Sim,4.0,0.0,1.0,0.0,1.0,2.0,0.0,3.0,"-14,819571","-39,305185",SPRF-BA,DEL05/BA,UOP01-DEL05-BA
748564,28/01/2026,quarta-feira,16:30:00,MG,251.0,349,FRUTA DE LEITE,Demais falhas mecânicas ou elétricas,Saída de leito carroçável,Sem Vítimas,Pleno dia,Decrescente,Céu Claro,Simples,Reta,Não,2.0,0.0,0.0,0.0,0.0,1.0,0.0,2.0,"-16,25694973","-42,51996517",SPRF-MG,DEL12/MG,UOP02-DEL12-MG
748566,28/01/2026,quarta-feira,14:40:00,RO,364.0,"296,1",PRESIDENTE MEDICI,Ausência de reação do condutor,Colisão traseira,Com Vítimas Feridas,Pleno dia,Crescente,Céu Claro,Simples,Reta,Não,2.0,0.0,1.0,0.0,1.0,1.0,0.0,2.0,"-11,299022","-61,892857",SPRF-RO,DEL02-RO,UOP01-DEL02-RO
748573,28/01/2026,quarta-feira,17:30:00,MG,251.0,471,FRANCISCO SA,Pista Escorregadia,Saída de leito carroçável,Com Vítimas Feridas,Anoitecer,Crescente,Chuva,Simples,Reta;Declive,Não,3.0,0.0,0.0,1.0,1.0,1.0,0.0,2.0,"-16,46626976","-43,43383572",SPRF-MG,DEL12/MG,UOP01-DEL12-MG
748575,28/01/2026,quarta-feira,18:29:00,CE,222.0,38,CAUCAIA,Transitar na contramão,Colisão frontal,Com Vítimas Fatais,Plena Noite,Decrescente,Céu Claro,Simples,Reta,Não,3.0,1.0,0.0,0.0,0.0,2.0,0.0,2.0,"-3,69048469","-38,89454985",SPRF-CE,DEL01/CE,UOP01-DEL01-CE
748576,28/01/2026,quarta-feira,13:50:00,RJ,116.0,136,MAGE,Demais falhas mecânicas ou elétricas,Incêndio,Sem Vítimas,Pleno dia,Decrescente,Céu Claro,Dupla,Reta,Não,1.0,0.0,0.0,0.0,0.0,1.0,0.0,1.0,"-22,64899107","-43,17699314",SPRF-RJ,DEL04/RJ,UOP02-DEL04-RJ
748578,28/01/2026,quarta-feira,16:05:00,MG,116.0,"537,2",SANTA RITA DE MINAS,Reação tardia ou ineficiente do condutor,Colisão traseira,Com Vítimas Feridas,Pleno dia,Crescente,Nublado,Simples,Reta,Sim,3.0,0.0,1.0,0.0,1.0,1.0,0.0,3.0,"-19,873409","-42,132641",SPRF-MG,DEL06/MG,UOP02-DEL06-MG
748579,28/01/2026,quarta-feira,20:00:00,SP,116.0,305,SAO LOURENCO DA SERRA,Transtornos Mentais (exceto suicidio),Colisão traseira,Com Vítimas Feridas,Plena Noite,Decrescente,Céu Claro,Múltipla,Aclive;Curva,Sim,5.0,0.0,1.0,0.0,1.0,3.0,0.0,8.0,"-23,842773","-46,932227",SPRF-SP,DEL04/SP,UOP01-DEL04-SP
748582,28/01/2026,quarta-feira,15:40:00,BA,242.0,497,OLIVEIRA DOS BREJINHOS,Problema com o freio,Incêndio,Sem Vítimas,Pleno dia,Crescente,Nublado,Simples,Curva,Não,2.0,0.0,0.0,0.0,0.0,1.0,0.0,2.0,"-12,38156","-42,41322",SPRF-BA,DEL06/BA,UOP01-DEL06-BA
748588,28/01/2026,quarta-feira,17:30:00,BA,116.0,223,EUCLIDES DA CUNHA,Velocidade Incompatível,Tombamento,Com Vítimas Feridas,Pleno dia,Crescente,Céu Claro,Simples,Reta,Não,2.0,0.0,1.0,0.0,1.0,0.0,0.0,2.0,"-10,56205277","-38,98987055",SPRF-BA,DEL07/BA,UOP03-DEL07-BA
748589,28/01/2026,quarta-feira,18:45:00,MG,365.0,505,PATROCINIO,Demais falhas mecânicas ou elétricas,Incêndio,Com Vítimas Feridas,Plena Noite,Crescente,Nublado,Simples,Reta,Não,1.0,0.0,1.0,0.0,1.0,0.0,0.0,1.0,"-18,95490071","-47,26246104",SPRF-MG,DEL10/MG,UOP01-DEL10-MG
748591,28/01/2026,quarta-feira,16:00:00,GO,153.0,"591,1",PIRACANJUBA,Frear bruscamente,Tombamento,Com Vítimas Feridas,Pleno dia,Decrescente,Nublado,Dupla,Aclive;Reta,Não,2.0,0.0,1.0,0.0,1.0,0.0,0.0,2.0,"-17,46816","-49,217813",SPRF-GO,DEL03/GO,UOP01-DEL03-GO
748593,28/01/2026,quarta-feira,21:05:00,SC,101.0,258,PAULO LOPES,Condutor deixou de manter distância do veículo da frente,Colisão traseira,Com Vítimas Feridas,Plena Noite,Decrescente,Céu Claro,Dupla,Aclive,Não,2.0,0.0,1.0,0.0,1.0,0.0,0.0,2.0,"-28,00733279","-48,69292665",SPRF-SC,DEL02/SC,UOP03-DEL02-SC
748597,28/01/2026,quarta-feira,20:30:00,PR,376.0,"238,4",APUCARANA,Ausência de reação do condutor,Colisão traseira,Com Vítimas Fatais,Plena Noite,Crescente,Céu Claro,Múltipla,Reta,Não,5.0,1.0,0.0,2.0,2.0,1.0,0.0,4.0,"-23,58362339","-51,46239383",SPRF-PR,DEL07/PR,UOP03-DEL07-PR
748599,28/01/2026,quarta-feira,18:30:00,MG,262.0,"709,9",PERDIZES,Demais falhas mecânicas ou elétricas,Incêndio,Sem Vítimas,Anoitecer,Crescente,Nublado,Simples,Reta,Não,2.0,0.0,0.0,0.0,0.0,1.0,0.0,4.0,"-19,621977","-47,238507",SPRF-MG,DEL08/MG,UOP01-DEL08-MG
748600,28/01/2026,quarta-feira,19:30:00,MG,381.0,948,EXTREMA,Acessar a via sem observar a presença dos outros veículos,Colisão transversal,Com Vítimas Feridas,Plena Noite,Crescente,Chuva,Dupla,Reta;Retorno Regulamentado,Sim,8.0,0.0,1.0,0.0,1.0,6.0,0.0,5.0,"-22,87312839","-46,3633287",SPRF-MG,DEL16/MG,UOP03-DEL16-MG
748605,28/01/2026,quarta-feira,18:40:00,GO,414.0,278,VILA PROPICIO,Ausência de reação do condutor,Colisão lateral sentido oposto,Com Vítimas Feridas,Anoitecer,Crescente,Nublado,Simples,Curva,Não,3.0,0.0,1.0,0.0,1.0,1.0,0.0,3.0,"-15,059015","-48,721398",SPRF-GO,DEL07/GO,UOP02-DEL07-GO
748607,29/01/2026,quinta-feira,00:10:00,SP,116.0,207,GUARULHOS,Pedestre andava na pista,Atropelamento de Pedestre,Com Vítimas Fatais,Plena Noite,Crescente,Céu Claro,Múltipla,Reta;Desvio Temporário;Em Obras,Sim,2.0,1.0,0.0,0.0,0.0,1.0,0.0,2.0,"-23,42085","-46,388807",SPRF-SP,DEL01/SP,UOP01-DEL01-SP
748608,28/01/2026,quarta-feira,21:45:00,MT,364.0,261,SAO PEDRO DA CIPA,Ausência de reação do condutor,Colisão lateral mesmo sentido,Com Vítimas Feridas,Plena Noite,Crescente,Nublado,Dupla,Reta,Sim,3.0,0.0,1.0,0.0,1.0,1.0,0.0,5.0,"-16,00595239","-54,91508452",SPRF-MT,DEL02/MT,UOP01-DEL02-MT
748609,28/01/2026,quarta-feira,21:50:00,SC,116.0,134,SANTA CECILIA,Ausência de reação do condutor,Colisão com objeto,Com Vítimas Feridas,Plena Noite,Decrescente,Chuva,Simples,Declive;Reta,Não,4.0,0.0,1.0,3.0,4.0,0.0,0.0,2.0,"-26,9246592","-50,4424057",SPRF-SC,DEL06/SC,UOP02-DEL06-SC
748613,28/01/2026,quarta-feira,23:45:00,MT,364.0,398,CUIABA,Avarias e/ou desgaste excessivo no pneu,Eventos atípicos,Sem Vítimas,Plena Noite,Crescente,Céu Claro,Dupla,Reta,Não,2.0,0.0,0.0,0.0,0.0,1.0,0.0,2.0,"-15,66350556","-55,96763527",SPRF-MT,DEL01/MT,UOP02-DEL01-MT
748616,29/01/2026,quinta-feira,02:10:00,ES,101.0,"443,6",MIMOSO DO SUL,Reação tardia ou ineficiente do condutor,Tombamento,Com Vítimas Feridas,Plena Noite,Decrescente,Céu Claro,Simples,Curva,Não,3.0,0.0,2.0,0.0,2.0,0.0,0.0,2.0,"-21,10377865","-41,25405382",SPRF-ES,DEL03-ES,UOP02-DEL03-ES
748618,29/01/2026,quinta-feira,00:30:00,RJ,493.0,"56,9",DUQUE DE CAXIAS,Reação tardia ou ineficiente do condutor,Colisão traseira,Com Vítimas Feridas,Plena Noite,Decrescente,Céu Claro,Dupla,Reta,Não,2.0,0.0,1.0,0.0,1.0,1.0,0.0,2.0,"-22,6644722","-43,36629868",SPRF-RJ,DEL01/RJ,UOP03-DEL01-RJ
748621,29/01/2026,quinta-feira,03:35:00,PR,116.0,13,QUATRO BARRAS,Condutor deixou de manter distância do veículo da frente,Colisão traseira,Com Vítimas Feridas,Plena Noite,Decrescente,Chuva,Dupla,Reta,Sim,2.0,0.0,1.0,0.0,1.0,1.0,0.0,2.0,"-25,36159068","-49,07831892",SPRF-PR,DEL01/PR,UOP02-DEL01-PR
748623,29/01/2026,quinta-feira,05:40:00,GO,153.0,523,HIDROLANDIA,Reação tardia ou ineficiente do condutor,Saída de leito carroçável,Com Vítimas Feridas,Amanhecer,Decrescente,Céu Claro,Dupla,Reta,Não,2.0,0.0,1.0,0.0,1.0,1.0,0.0,1.0,"-16,907152","-49,253846",SPRF-GO,DEL01/GO,UOP03-DEL01-GO
748624,29/01/2026,quinta-feira,04:35:00,SC,470.0,65,INDAIAL,Ingestão de álcool pelo condutor,Colisão frontal,Com Vítimas Feridas,Plena Noite,Crescente,Céu Claro,Simples,Reta;Em Obras,Sim,4.0,0.0,0.0,1.0,1.0,3.0,0.0,4.0,"-26,8706026","-49,21520978",SPRF-SC,DEL04/SC,UOP01-DEL04-SC
748629,28/01/2026,quarta-feira,22:00:00,MG,40.0,70,PARACATU,Ultrapassagem Indevida,Colisão lateral sentido oposto,Com Vítimas Feridas,Plena Noite,Decrescente,Ignorado,Simples,Reta,Não,6.0,0.0,1.0,2.0,3.0,2.0,0.0,2.0,"-17,24131944","-46,82362877",SPRF-MG,DEL14/MG,UOP01-DEL14-MG
748640,25/01/2026,domingo,11:30:00,SP,116.0,549,BARRA DO TURVO,Demais falhas mecânicas ou elétricas,Incêndio,Sem Vítimas,Pleno dia,Decrescente,Céu Claro,Simples,Curva,Não,2.0,0.0,0.0,0.0,0.0,1.0,0.0,2.0,"-24,9661448","-48,4695407",SPRF-SP,DEL05/SP,UOP02-DEL05-SP
748643,29/01/2026,quinta-feira,06:50:00,ES,101.0,"53,6",CONCEICAO DA BARRA,Condutor deixou de manter distância do veículo da frente,Colisão traseira,Com Vítimas Feridas,Pleno dia,Crescente,Céu Claro,Simples,Aclive;Reta,Não,22.0,0.0,8.0,0.0,8.0,13.0,0.0,4.0,"-18,62374191","-39,88120526",SPRF-ES,DEL04-ES,UOP02-DEL04-ES
748646,29/01/2026,quinta-feira,08:20:00,MG,381.0,789,SAO GONCALO DO SAPUCAI,Acessar a via sem observar a presença dos outros veículos,Colisão traseira,Com Vítimas Feridas,Pleno dia,Decrescente,Céu Claro,Dupla,Reta,Não,4.0,0.0,0.0,1.0,1.0,1.0,0.0,5.0,"-21,8736463","-45,5392002",SPRF-MG,DEL16/MG,UOP02-DEL16-MG
748657,29/01/2026,quinta-feira,06:44:00,PR,116.0,"44,4",CAMPINA GRANDE DO SUL,Chuva,Saída de leito carroçável,Com Vítimas Feridas,Pleno dia,Decrescente,Chuva,Dupla,Curva,Não,7.0,0.0,3.0,1.0,4.0,2.0,0.0,5.0,"-25,194008","-48,888267",SPRF-PR,DEL01/PR,UOP02-DEL01-PR
748669,29/01/2026,quinta-feira,10:15:00,MG,116.0,"276,3",TEOFILO OTONI,Entrada inopinada do pedestre,Atropelamento de Pedestre,Com Vítimas Feridas,Pleno dia,Decrescente,Sol,Múltipla,Reta,Sim,4.0,0.0,1.0,0.0,1.0,1.0,0.0,3.0,"-17,85410709","-41,51419044",SPRF-MG,DEL11/MG,UOP01-DEL11-MG
748670,29/01/2026,quinta-feira,10:30:00,RJ,393.0,131,SAPUCAIA,Velocidade Incompatível,Tombamento,Com Vítimas Feridas,Pleno dia,Crescente,Sol,Simples,Curva;Declive,Sim,2.0,0.0,1.0,0.0,1.0,0.0,0.0,2.0,"-21,98938257","-42,90275133",SPRF-RJ,DEL05/RJ,UOP01-DEL05-RJ
748674,29/01/2026,quinta-feira,10:49:00,GO,60.0,"384,9",RIO VERDE,Ausência de reação do condutor,Tombamento,Sem Vítimas,Pleno dia,Decrescente,Céu Claro,Múltipla,Aclive,Sim,2.0,0.0,0.0,0.0,0.0,1.0,0.0,4.0,"-17,81022","-50,927042",SPRF-GO,DEL04/GO,UOP02-DEL04-GO
748678,29/01/2026,quinta-feira,07:40:00,MT,364.0,440,VARZEA GRANDE,Mal súbito do condutor,Saída de leito carroçável,Com Vítimas Feridas,Pleno dia,Decrescente,Céu Claro,Simples,Curva,Não,2.0,0.0,1.0,0.0,1.0,0.0,0.0,3.0,"-15,602025","-56,20489",SPRF-MT,DEL01/MT,UOP02-DEL01-MT
748679,29/01/2026,quinta-feira,10:25:00,RJ,116.0,205,SEROPEDICA,Ausência de reação do condutor,Colisão traseira,Com Vítimas Fatais,Pleno dia,Decrescente,Sol,Dupla,Reta,Não,3.0,2.0,0.0,0.0,0.0,1.0,0.0,2.0,"-22,726678","-43,649908",SPRF-RJ,DEL06/RJ,UOP02-DEL06-RJ
748686,14/01/2026,quarta-feira,09:00:00,MT,70.0,220,GENERAL CARNEIRO,Velocidade Incompatível,Tombamento,Com Vítimas Feridas,Pleno dia,Decrescente,Céu Claro,Simples,Curva,Não,2.0,0.0,1.0,0.0,1.0,0.0,0.0,3.0,"-15,682233","-53,849582",SPRF-MT,DEL05/MT,UOP01-DEL05-MT
748694,29/01/2026,quinta-feira,13:30:00,GO,364.0,262,MINEIROS,Problema com o freio,Tombamento,Com Vítimas Feridas,Pleno dia,Decrescente,Céu Claro,Simples,Reta,Não,1.0,0.0,1.0,0.0,1.0,0.0,0.0,1.0,"-17,665981","-52,241628",SPRF-GO,DEL05/GO,UOP01-DEL05-GO
748695,29/01/2026,quinta-feira,11:00:00,SC,101.0,115,ITAJAI,Reação tardia ou ineficiente do condutor,Colisão lateral mesmo sentido,Com Vítimas Feridas,Pleno dia,Decrescente,Nublado,Múltipla,Reta,Sim,2.0,0.0,0.0,1.0,1.0,0.0,0.0,2.0,"-26,87579357","-48,7272321",SPRF-SC,DEL04/SC,UOP04-DEL04-SC
748700,29/01/2026,quinta-feira,13:04:00,RS,386.0,"288,7",SAO JOSE DO HERVAL,Velocidade Incompatível,Colisão lateral sentido oposto,Com Vítimas Feridas,Pleno dia,Decrescente,Chuva,Simples,Curva,Não,16.0,0.0,1.0,0.0,1.0,14.0,0.0,5.0,"-29,08771","-52,25556",SPRF-RS,DEL04/RS,UOP03-DEL04-RS
748701,29/01/2026,quinta-feira,13:45:00,RS,285.0,"495,3",ENTRE-IJUIS,Reação tardia ou ineficiente do condutor,Saída de leito carroçável,Com Vítimas Feridas,Pleno dia,Crescente,Céu Claro,Simples,Reta,Não,2.0,0.0,1.0,0.0,1.0,0.0,0.0,3.0,"-28,37685227","-54,25455376",SPRF-RS,DEL10/RS,UOP01-DEL10-RS
748708,29/01/2026,quinta-feira,07:20:00,RS,290.0,"377,9",VILA NOVA DO SUL,Ausência de reação do condutor,Saída de leito carroçável,Com Vítimas Feridas,Pleno dia,Crescente,Nublado,Simples,Reta,Não,2.0,0.0,0.0,1.0,1.0,0.0,0.0,2.0,"-30,350264","-53,942629",SPRF-RS,DEL09/RS,UOP02-DEL09-RS
748713,29/01/2026,quinta-feira,12:50:00,MT,163.0,750,SORRISO,Acessar a via sem observar a presença dos outros veículos,Colisão lateral mesmo sentido,Com Vítimas Feridas,Pleno dia,Crescente,Céu Claro,Dupla,Reta,Não,2.0,0.0,0.0,1.0,1.0,1.0,0.0,2.0,"-12,57151087","-55,72649628",SPRF-MT,DEL06/MT,UOP01-DEL06-MT
748716,29/01/2026,quinta-feira,14:30:00,SC,101.0,"91,5",BALNEARIO PICARRAS,Condutor deixou de manter distância do veículo da frente,Colisão traseira,Com Vítimas Feridas,Pleno dia,Crescente,Nublado,Dupla,Reta,Sim,4.0,0.0,2.0,0.0,2.0,1.0,0.0,3.0,"-26,74017693","-48,69849868",SPRF-SC,DEL03/SC,UOP02-DEL03-SC
748724,29/01/2026,quinta-feira,13:21:00,PR,277.0,679,MEDIANEIRA,Reação tardia ou ineficiente do condutor,Colisão traseira,Com Vítimas Feridas,Pleno dia,Decrescente,Céu Claro,Dupla,Reta;Declive,Sim,5.0,0.0,1.0,1.0,2.0,3.0,0.0,4.0,"-25,31449651","-54,15145811",SPRF-PR,DEL05/PR,UOP01-DEL05-PR
748725,29/01/2026,quinta-feira,13:45:00,PA,316.0,"35,9",SANTA IZABEL DO PARA,Acessar a via sem observar a presença dos outros veículos,Colisão lateral mesmo sentido,Sem Vítimas,Pleno dia,Crescente,Nublado,Dupla,Curva,Sim,2.0,0.0,0.0,0.0,0.0,1.0,0.0,2.0,"-1,290315","-48,15609",SPRF-PA,DEL01/PA,UOP01-DEL01-PA
748729,29/01/2026,quinta-feira,13:30:00,MG,381.0,559,ITAGUARA,Condutor Dormindo,Colisão traseira,Com Vítimas Feridas,Pleno dia,Crescente,Céu Claro,Dupla,Reta;Declive,Não,4.0,0.0,1.0,0.0,1.0,2.0,0.0,4.0,"-20,357633","-44,461707",SPRF-MG,DEL04/MG,UOP03-DEL04-MG
748736,29/01/2026,quinta-feira,14:30:00,MS,163.0,104,ITAQUIRAI,Ausência de reação do condutor,Colisão traseira,Com Vítimas Feridas,Pleno dia,Decrescente,Céu Claro,Simples,Reta;Aclive,Não,3.0,0.0,1.0,0.0,1.0,1.0,0.0,3.0,"-23,2454","-54,224917",SPRF-MS,DEL09/MS,UOP01-DEL09-MS
748743,29/01/2026,quinta-feira,17:00:00,BA,242.0,393,SEABRA,Condutor deixou de manter distância do veículo da frente,Colisão traseira,Sem Vítimas,Pleno dia,Crescente,Céu Claro,Simples,Reta,Não,4.0,0.0,0.0,0.0,0.0,3.0,0.0,5.0,"-12,45795572","-41,64558327",SPRF-BA,DEL06/BA,UOP01-DEL06-BA
748746,29/01/2026,quinta-feira,16:35:00,PR,476.0,112,COLOMBO,Reação tardia ou ineficiente do condutor,Colisão transversal,Com Vítimas Feridas,Pleno dia,Crescente,Nublado,Simples,Reta,Sim,3.0,0.0,1.0,0.0,1.0,2.0,0.0,3.0,"-25,31964195","-49,15927503",SPRF-PR,DEL01/PR,UOP01-DEL01-PR
748749,29/01/2026,quinta-feira,15:40:00,PB,230.0,129,CAMPINA GRANDE,Demais falhas mecânicas ou elétricas,Incêndio,Sem Vítimas,Pleno dia,Crescente,Céu Claro,Dupla,Reta,Não,2.0,0.0,0.0,0.0,0.0,2.0,0.0,1.0,"-7,269277","-35,721893",SPRF-PB,DEL02-PB,UOP01-DEL02-PB
748753,29/01/2026,quinta-feira,17:35:00,SC,470.0,"61,9",INDAIAL,Conversão proibida,Colisão lateral mesmo sentido,Com Vítimas Feridas,Pleno dia,Crescente,Nublado,Simples,Reta,Não,3.0,0.0,1.0,0.0,1.0,1.0,0.0,3.0,"-26,87447298","-49,18463079",SPRF-SC,DEL04/SC,UOP01-DEL04-SC
748755,29/01/2026,quinta-feira,17:45:00,SC,282.0,"541,9",CHAPECO,Velocidade Incompatível,Colisão lateral sentido oposto,Com Vítimas Feridas,Pleno dia,Crescente,Chuva,Simples,Reta,Não,2.0,0.0,1.0,0.0,1.0,1.0,0.0,2.0,"-26,999467","-52,705615",SPRF-SC,DEL07/SC,UOP01-DEL07-SC
748765,29/01/2026,quinta-feira,17:56:00,RN,304.0,"227,8",RIACHUELO,Ausência de reação do condutor,Colisão transversal,Com Vítimas Feridas,Plena Noite,Crescente,Céu Claro,Simples,Reta,Não,4.0,0.0,3.0,0.0,3.0,1.0,0.0,2.0,"-5,748458","-35,913502",SPRF-RN,DEL01-RN,UOP02-DEL01-RN
748770,29/01/2026,quinta-feira,17:55:00,RO,364.0,238,CACOAL,Acessar a via sem observar a presença dos outros veículos,Colisão transversal,Com Vítimas Feridas,Anoitecer,Decrescente,Céu Claro,Simples,Interseção de Vias,Sim,4.0,0.0,1.0,1.0,2.0,2.0,0.0,3.0,"-11,438018","-61,456075",SPRF-RO,DEL02-RO,UOP02-DEL02-RO
748772,29/01/2026,quinta-feira,14:30:00,SC,280.0,"236,7",CANOINHAS,Condutor deixou de manter distância do veículo da frente,Colisão traseira,Com Vítimas Feridas,Pleno dia,Decrescente,Nublado,Simples,Reta,Sim,3.0,0.0,1.0,0.0,1.0,2.0,0.0,2.0,"-26,19664471","-50,42887185",SPRF-SC,DEL06/SC,UOP04-DEL06-SC
748774,29/01/2026,quinta-feira,13:10:00,MG,354.0,"727,4",POUSO ALTO,Carga excessiva e/ou mal acondicionada,Tombamento,Com Vítimas Feridas,Pleno dia,Decrescente,Chuva,Simples,Rotatória,Não,2.0,0.0,1.0,0.0,1.0,0.0,0.0,2.0,"-22,14082479","-44,97073174",SPRF-MG,DEL17/MG,UOP01-DEL17-MG
748775,29/01/2026,quinta-feira,16:00:00,MA,316.0,"349,5",BACABAL,Acessar a via sem observar a presença dos outros veículos,Colisão transversal,Com Vítimas Feridas,Pleno dia,Crescente,Chuva,Simples,Curva,Sim,4.0,0.0,3.0,0.0,3.0,1.0,0.0,2.0,"-4,234405","-44,882822",SPRF-MA,DEL02-MA,UOP01-DEL02-MA
748794,29/01/2026,quinta-feira,21:00:00,PA,230.0,584,VITORIA DO XINGU,Reação tardia ou ineficiente do condutor,Tombamento,Com Vítimas Feridas,Plena Noite,Crescente,Nublado,Simples,Curva;Aclive,Não,3.0,0.0,0.0,2.0,2.0,0.0,0.0,2.0,"-3,094102","-51,852568",SPRF-PA,DEL04/PA,UOP01-DEL04-PA
748796,29/01/2026,quinta-feira,21:20:00,MG,262.0,"354,1",BETIM,Manobra de mudança de faixa,Colisão lateral mesmo sentido,Com Vítimas Feridas,Plena Noite,Decrescente,Chuva,Múltipla,Reta,Não,4.0,0.0,1.0,0.0,1.0,2.0,0.0,5.0,"-19,9762894","-44,2578564",SPRF-MG,DEL01/MG,UOP03-DEL01-MG
748798,29/01/2026,quinta-feira,15:14:00,PA,163.0,558,TRAIRAO,Curva acentuada,Tombamento,Com Vítimas Feridas,Pleno dia,Crescente,Sol,Simples,Declive;Curva,Não,2.0,0.0,1.0,0.0,1.0,0.0,0.0,2.0,"-5,1341","-56,1042",SPRF-PA,DEL05/PA,UOP03-DEL05-PA
748808,29/01/2026,quinta-feira,19:40:00,SC,470.0,"104,8",APIUNA,Ausência de reação do condutor,Colisão frontal,Com Vítimas Fatais,Plena Noite,Crescente,Chuva,Simples,Declive;Reta,Não,2.0,1.0,0.0,0.0,0.0,1.0,0.0,2.0,"-27,067721","-49,41851",SPRF-SC,DEL04/SC,UOP02-DEL04-SC
748813,29/01/2026,quinta-feira,19:30:00,MT,364.0,141,PEDRA PRETA,Reação tardia ou ineficiente do condutor,Colisão frontal,Com Vítimas Fatais,Plena Noite,Decrescente,Céu Claro,Simples,Aclive;Reta,Não,3.0,1.0,0.0,0.0,0.0,1.0,0.0,3.0,"-16,788393","-54,216348",SPRF-MT,DEL02/MT,UOP01-DEL02-MT
748817,29/01/2026,quinta-feira,09:10:00,MG,251.0,454,MONTES CLAROS,Reação tardia ou ineficiente do condutor,Colisão frontal,Com Vítimas Feridas,Pleno dia,Crescente,Céu Claro,Simples,Reta,Não,3.0,0.0,0.0,1.0,1.0,1.0,0.0,4.0,"-16,79928242","-43,90033722",SPRF-MG,DEL12/MG,UOP01-DEL12-MG
748818,29/01/2026,quinta-feira,23:30:00,RS,470.0,223,GARIBALDI,Acessar a via sem observar a presença dos outros veículos,Colisão transversal,Com Vítimas Feridas,Plena Noite,Decrescente,Nublado,Simples,Retorno Regulamentado;Reta;Declive,Sim,2.0,0.0,0.0,1.0,1.0,0.0,0.0,2.0,"-29,22714341","-51,51593177",SPRF-RS,DEL06/RS,UOP01-DEL06-RS
748819,29/01/2026,quinta-feira,21:39:00,PI,316.0,314,PICOS,Objeto estático sobre o leito carroçável,Colisão com objeto,Com Vítimas Fatais,Plena Noite,Decrescente,Céu Claro,Simples,Reta,Sim,3.0,1.0,0.0,0.0,0.0,1.0,0.0,3.0,"-7,077925","-41,43975",SPRF-PI,DEL04-PI,UOP01-DEL04-PI