id,data_inversa,dia_semana,horario,uf,br,km,municipio,causa_acidente,tipo_acidente,classificacao_acidente,fase_dia,sentido_via,condicao_metereologica,tipo_pista,tracado_via,uso_solo,pessoas,mortos,feridos_leves,feridos_graves,feridos,ilesos,ignorados,veiculos,latitude,longitude,regional,delegacia,uop
748820,29/01/2026,quinta-feira,23:35:00,BA,101.0,870,TEIXEIRA DE FREITAS,Transitar na contramão,Colisão frontal,Com Vítimas Fatais,Plena Noite,Decrescente,Céu Claro,Simples,Curva,Não,2.0,1.0,0.0,0.0,0.0,1.0,0.0,2.0,"-17,49624541","-39,70411205",SPRF-BA,DEL09/BA,UOP02-DEL09-BA
748822,29/01/2026,quinta-feira,22:30:00,RJ,40.0,120,DUQUE DE CAXIAS,Demais falhas mecânicas ou elétricas,Queda de ocupante de veículo,Com Vítimas Feridas,Plena Noite,Decrescente,Nublado,Dupla,Reta,Sim,3.0,0.0,2.0,0.0,2.0,0.0,0.0,2.0,"-22,78479392","-43,28522837",SPRF-RJ,DEL01/RJ,UOP02-DEL01-RJ
748825,30/01/2026,sexta-feira,00:50:00,RJ,393.0,147,TRES RIOS,Velocidade Incompatível,Tombamento,Com Vítimas Feridas,Plena Noite,Crescente,Céu Claro,Simples,Curva;Declive,Não,2.0,0.0,0.0,1.0,1.0,0.0,0.0,2.0,"-22,05359904","-43,0219374",SPRF-RJ,DEL05/RJ,UOP01-DEL05-RJ
748827,29/01/2026,quinta-feira,20:49:00,MT,163.0,"604,8",NOVA MUTUM,Demais falhas mecânicas ou elétricas,Colisão traseira,Com Vítimas Feridas,Plena Noite,Decrescente,Céu Claro,Dupla,Reta,Não,3.0,0.0,1.0,0.0,1.0,1.0,0.0,4.0,"-13,769","-56,056",SPRF-MT,DEL01/MT,UOP01-DEL01-MT
748832,30/01/2026,sexta-feira,03:57:00,GO,153.0,"551,5",PIRACANJUBA,Reação tardia ou ineficiente do condutor,Colisão traseira,Sem Vítimas,Plena Noite,Decrescente,Nublado,Dupla,Reta,Não,2.0,0.0,0.0,0.0,0.0,2.0,0.0,2.0,"-17,142743","-49,215149",SPRF-GO,DEL01/GO,UOP03-DEL01-GO
748837,29/01/2026,quinta-feira,18:30:00,MT,70.0,153,GENERAL CARNEIRO,Condutor Dormindo,Saída de leito carroçável,Com Vítimas Feridas,Plena Noite,Decrescente,Céu Claro,Simples,Reta;Aclive,Não,2.0,0.0,1.0,0.0,1.0,0.0,0.0,3.0,"-15,578358","-53,36464",SPRF-MT,DEL07/MT,UOP01-DEL07-MT
748838,30/01/2026,sexta-feira,06:00:00,CE,116.0,"192,7",LIMOEIRO DO NORTE,Velocidade Incompatível,Tombamento,Com Vítimas Feridas,Pleno dia,Decrescente,Céu Claro,Simples,Curva,Não,2.0,0.0,0.0,1.0,1.0,0.0,0.0,2.0,"-5,14249868","-38,15977542",SPRF-CE,DEL03/CE,UOP01-DEL03-CE
748841,30/01/2026,sexta-feira,05:15:00,MG,381.0,153,GOVERNADOR VALADARES,Condutor Dormindo,Saída de leito carroçável,Com Vítimas Feridas,Amanhecer,Crescente,Céu Claro,Simples,Reta,Não,3.0,0.0,2.0,1.0,3.0,0.0,0.0,1.0,"-18,9247991","-42,03420639",SPRF-MG,DEL06/MG,UOP01-DEL06-MG
748844,30/01/2026,sexta-feira,06:40:00,MG,251.0,512,MONTES CLAROS,Ultrapassagem Indevida,Colisão lateral mesmo sentido,Com Vítimas Feridas,Pleno dia,Decrescente,Céu Claro,Simples,Reta;Declive,Não,3.0,0.0,1.0,0.0,1.0,1.0,0.0,4.0,"-16,65699696","-43,72262478",SPRF-MG,DEL12/MG,UOP01-DEL12-MG
748845,30/01/2026,sexta-feira,02:09:00,MT,163.0,111,RONDONOPOLIS,Condutor Dormindo,Tombamento,Sem Vítimas,Plena Noite,Decrescente,Céu Claro,Dupla,Reta,Não,2.0,0.0,0.0,0.0,0.0,0.0,1.0,3.0,"-16,55999463","-54,67825681",SPRF-MT,DEL02/MT,UOP01-DEL02-MT
748846,30/01/2026,sexta-feira,07:10:00,SC,470.0,"64,8",INDAIAL,Reação tardia ou ineficiente do condutor,Colisão traseira,Com Vítimas Feridas,Pleno dia,Decrescente,Céu Claro,Simples,Em Obras;Aclive;Desvio Temporário,Não,3.0,0.0,1.0,0.0,1.0,1.0,0.0,3.0,"-26,86995","-49,21019",SPRF-SC,DEL04/SC,UOP01-DEL04-SC
748855,30/01/2026,sexta-feira,06:20:00,MG,365.0,305,JOAO PINHEIRO,Velocidade Incompatível,Tombamento,Com Vítimas Feridas,Amanhecer,Crescente,Chuva,Simples,Reta,Não,1.0,0.0,0.0,1.0,1.0,0.0,0.0,1.0,"-18,17165","-45,78302",SPRF-MG,DEL10/MG,UOP02-DEL010-MG
748856,30/01/2026,sexta-feira,06:00:00,GO,70.0,311,ITAPIRAPUA,Transitar na contramão,Colisão frontal,Com Vítimas Fatais,Amanhecer,Crescente,Nublado,Simples,Reta,Não,3.0,1.0,0.0,1.0,1.0,1.0,0.0,2.0,"-15,8572883","-50,759415",SPRF-GO,DEL04/GO,UOP02-DEL04-GO
748858,30/01/2026,sexta-feira,02:50:00,RJ,116.0,120,MAGE,Demais falhas mecânicas ou elétricas,Incêndio,Sem Vítimas,Plena Noite,Decrescente,Nublado,Dupla,Reta,Não,2.0,0.0,0.0,0.0,0.0,1.0,0.0,2.0,"-22,6016144","-43,02455784",SPRF-RJ,DEL04/RJ,UOP02-DEL04-RJ
748868,30/01/2026,sexta-feira,05:45:00,MG,262.0,"128,2",RIO CASCA,Objeto estático sobre o leito carroçável,Colisão lateral sentido oposto,Com Vítimas Feridas,Amanhecer,Crescente,Céu Claro,Simples,Reta;Aclive,Não,4.0,0.0,1.0,0.0,1.0,2.0,0.0,3.0,"-20,16854","-42,69878",SPRF-MG,DEL03/MG,UOP03-DEL03-MG
748870,30/01/2026,sexta-feira,07:00:00,MG,40.0,792,JUIZ DE FORA,Reação tardia ou ineficiente do condutor,Tombamento,Com Vítimas Feridas,Pleno dia,Decrescente,Nublado,Dupla,Curva,Não,2.0,0.0,1.0,0.0,1.0,0.0,0.0,2.0,"-21,76762604","-43,43920416",SPRF-MG,DEL05/MG,UOP01-DEL05-MG
748871,30/01/2026,sexta-feira,08:45:00,MG,40.0,"610,3",CONGONHAS,Demais falhas mecânicas ou elétricas,Colisão transversal,Com Vítimas Fatais,Pleno dia,Decrescente,Nublado,Simples,Curva,Sim,4.0,2.0,0.0,0.0,0.0,1.0,0.0,3.0,"-20,50795","-43,83844",SPRF-MG,DEL05/MG,UOP02-DEL05-MG
748887,21/01/2026,quarta-feira,03:30:00,RS,285.0,608,SANTO ANTONIO DAS MISSOES,Demais falhas mecânicas ou elétricas,Incêndio,Sem Vítimas,Plena Noite,Decrescente,Céu Claro,Simples,Reta,Não,2.0,0.0,0.0,0.0,0.0,1.0,0.0,2.0,"-28,500622","-55,457636",SPRF-RS,DEL12/RS,UOP01-DEL12-RS
748895,30/01/2026,sexta-feira,10:00:00,BA,101.0,256,SANTO ANTONIO DE JESUS,Curva acentuada,Saída de leito carroçável,Com Vítimas Fatais,Pleno dia,Crescente,Céu Claro,Simples,Curva,Não,1.0,1.0,0.0,0.0,0.0,0.0,0.0,1.0,"-12,95092988","-39,25192952",SPRF-BA,DEL11/BA,UOP01-DEL11-BA
748898,12/01/2026,segunda-feira,04:00:00,AM,174.0,1010,PRESIDENTE FIGUEIREDO,Ingestão de álcool pelo condutor,Colisão traseira,Sem Vítimas,Amanhecer,Crescente,Céu Claro,Simples,Reta,Não,2.0,0.0,0.0,0.0,0.0,1.0,0.0,2.0,"-1,880502","-60,0739527",SPRF-AM,DEL01-AM,UOP02-DEL01-AM
748908,30/01/2026,sexta-feira,12:30:00,RN,304.0,"47,9",MOSSORO,Reação tardia ou ineficiente do condutor,Colisão lateral mesmo sentido,Com Vítimas Feridas,Pleno dia,Crescente,Sol,Dupla,Declive;Viaduto;Curva,Não,3.0,0.0,1.0,0.0,1.0,1.0,0.0,4.0,"-5,227985","-37,323045",SPRF-RN,DEL04-RN,UOP01-DEL04-RN
748914,30/01/2026,sexta-feira,13:20:00,GO,153.0,66,PORANGATU,Condutor deixou de manter distância do veículo da frente,Colisão traseira,Com Vítimas Feridas,Pleno dia,Crescente,Céu Claro,Simples,Reta,Não,3.0,0.0,1.0,0.0,1.0,1.0,0.0,2.0,"-13,404763","-49,13106",SPRF-GO,DEL07/GO,UOP01-DEL07-GO
748915,30/01/2026,sexta-feira,13:00:00,MG,381.0,765,CAMPANHA,Chuva,Engavetamento,Com Vítimas Feridas,Pleno dia,Decrescente,Chuva,Dupla,Curva,Não,5.0,0.0,1.0,0.0,1.0,4.0,0.0,4.0,"-21,733769","-45,381734",SPRF-MG,DEL16/MG,UOP02-DEL16-MG
748916,30/01/2026,sexta-feira,13:00:00,GO,158.0,153,CAIAPONIA,Ausência de reação do condutor,Colisão lateral sentido oposto,Com Vítimas Feridas,Pleno dia,Crescente,Chuva,Simples,Declive;Ponte,Não,6.0,0.0,0.0,1.0,1.0,2.0,0.0,11.0,"-16,931416","-51,820626",SPRF-GO,DEL04/GO,UOP02-DEL04-GO
748933,30/01/2026,sexta-feira,14:00:00,RJ,116.0,"310,2",RESENDE,Condutor Dormindo,Colisão traseira,Com Vítimas Feridas,Pleno dia,Decrescente,Chuva,Dupla,Reta,Sim,4.0,0.0,1.0,0.0,1.0,2.0,0.0,3.0,"-22,45942693","-44,43682043",SPRF-RJ,DEL07/RJ,UOP02-DEL07-RJ
748939,30/01/2026,sexta-feira,14:50:00,PE,101.0,30,ITAPISSUMA,Manobra de mudança de faixa,Colisão lateral mesmo sentido,Com Vítimas Feridas,Pleno dia,Decrescente,Céu Claro,Dupla,Aclive,Não,5.0,0.0,3.0,0.0,3.0,1.0,0.0,3.0,"-7,73759163","-34,94212389",SPRF-PE,DEL01/PE,UOP02-DEL01-PE
748943,30/01/2026,sexta-feira,12:15:00,RS,116.0,232,ESTANCIA VELHA,Velocidade Incompatível,Colisão lateral sentido oposto,Com Vítimas Feridas,Pleno dia,Crescente,Chuva,Simples,Curva,Não,3.0,0.0,2.0,0.0,2.0,1.0,0.0,2.0,"-29,62832108","-51,14309476",SPRF-RS,DEL01/RS,UOP02-DEL01-RS
748949,30/01/2026,sexta-feira,14:00:00,GO,40.0,"58,1",LUZIANIA,Reação tardia ou ineficiente do condutor,Colisão com objeto,Com Vítimas Feridas,Pleno dia,Crescente,Chuva,Dupla,Curva,Não,1.0,0.0,1.0,0.0,1.0,0.0,0.0,1.0,"-16,51260095","-47,80987054",SPRF-DF,DEL01-DF,UOP02-DEL01-DF
748950,30/01/2026,sexta-feira,10:00:00,MG,40.0,"102,2",LAGOA GRANDE,Demais falhas mecânicas ou elétricas,Incêndio,Sem Vítimas,Pleno dia,Crescente,Garoa/Chuvisco,Simples,Reta,Não,2.0,0.0,0.0,0.0,0.0,0.0,1.0,1.0,"-17,577707","-46,491633",SPRF-MG,DEL14/MG,UOP01-DEL14-MG
748951,30/01/2026,sexta-feira,15:40:00,DF,20.0,"26,8",BRASILIA,Manobra de mudança de faixa,Colisão traseira,Com Vítimas Feridas,Pleno dia,Crescente,Céu Claro,Dupla,Retorno Regulamentado,Não,3.0,0.0,1.0,0.0,1.0,2.0,0.0,2.0,"-15,59666","-47,636872",SPRF-DF,DEL02-DF,UOP01-DEL02-DF
748953,30/01/2026,sexta-feira,15:00:00,PR,153.0,478,PORTO VITORIA,Ausência de reação do condutor,Colisão lateral sentido oposto,Sem Vítimas,Pleno dia,Crescente,Céu Claro,Simples,Reta;Declive,Não,3.0,0.0,0.0,0.0,0.0,2.0,0.0,4.0,"-26,3390917","-51,25524268",SPRF-PR,DEL02/PR,UOP03-DEL02-PR
748963,24/01/2026,sábado,15:35:00,RS,386.0,"355,9",ESTRELA,Acessar a via sem observar a presença dos outros veículos,Colisão traseira,Com Vítimas Feridas,Pleno dia,Decrescente,Céu Claro,Dupla,Reta;Rotatória,Sim,2.0,0.0,0.0,1.0,1.0,1.0,0.0,2.0,"-29,52749089","-51,93085955",SPRF-RS,DEL04/RS,UOP01-DEL04-RS
748964,30/01/2026,sexta-feira,15:56:00,SP,116.0,513,BARRA DO TURVO,Ausência de reação do condutor,Saída de leito carroçável,Com Vítimas Feridas,Pleno dia,Decrescente,Garoa/Chuvisco,Simples,Curva,Não,2.0,0.0,1.0,0.0,1.0,0.0,0.0,2.0,"-24,9288294","-48,2715839",SPRF-SP,DEL05/SP,UOP02-DEL05-SP
748969,30/01/2026,sexta-feira,15:30:00,BA,116.0,567,NOVA ITARANA,Desrespeitar a preferência no cruzamento,Colisão transversal,Com Vítimas Feridas,Pleno dia,Crescente,Céu Claro,Simples,Interseção de Vias,Não,5.0,0.0,1.0,0.0,1.0,3.0,0.0,3.0,"-13,0146465","-39,9585433",SPRF-BA,DEL03/BA,UOP02-DEL03-BA
748972,30/01/2026,sexta-feira,17:23:00,PR,277.0,"160,9",PALMEIRA,Transitar na contramão,Colisão frontal,Com Vítimas Fatais,Pleno dia,Decrescente,Chuva,Simples,Reta;Declive,Não,3.0,1.0,0.0,0.0,0.0,1.0,0.0,4.0,"-25,47737","-49,8515767",SPRF-PR,DEL01/PR,UOP07-DEL01-PR
748973,30/01/2026,sexta-feira,17:05:00,PR,277.0,"422,4",CANTAGALO,Manobra de mudança de faixa,Colisão lateral mesmo sentido,Sem Vítimas,Pleno dia,Crescente,Sol,Simples,Curva,Não,4.0,0.0,0.0,0.0,0.0,3.0,0.0,4.0,"-25,39059773","-52,10802555",SPRF-PR,DEL04/PR,UOP02-DEL04-PR
748975,30/01/2026,sexta-feira,15:46:00,CE,116.0,103,BEBERIBE,Condutor Dormindo,Colisão lateral sentido oposto,Com Vítimas Feridas,Pleno dia,Decrescente,Céu Claro,Simples,Reta,Não,3.0,0.0,1.0,0.0,1.0,1.0,0.0,4.0,"-4,54691492","-38,28679486",SPRF-CE,DEL03/CE,UOP01-DEL03-CE
748978,30/01/2026,sexta-feira,15:20:00,SC,282.0,"47,3",AGUAS MORNAS,Velocidade Incompatível,Saída de leito carroçável,Com Vítimas Feridas,Pleno dia,Decrescente,Nublado,Simples,Curva,Não,1.0,0.0,0.0,1.0,1.0,0.0,0.0,1.0,"-27,718978","-48,937985",SPRF-SC,DEL01/SC,UOP03-DEL01-SC
748979,30/01/2026,sexta-feira,18:10:00,SP,116.0,206,GUARULHOS,Reação tardia ou ineficiente do condutor,Engavetamento,Com Vítimas Feridas,Pleno dia,Crescente,Nublado,Dupla,Reta,Não,3.0,0.0,1.0,0.0,1.0,2.0,0.0,3.0,"-23,41925093","-46,38367502",SPRF-SP,DEL01/SP,UOP01-DEL01-SP
748982,30/01/2026,sexta-feira,13:10:00,MG,365.0,159,PIRAPORA,Pista Escorregadia,Colisão lateral sentido oposto,Com Vítimas Feridas,Pleno dia,Decrescente,Garoa/Chuvisco,Simples,Reta,Não,6.0,0.0,4.0,0.0,4.0,2.0,0.0,3.0,"-17,34188","-44,90076",SPRF-MG,DEL10/MG,UOP02-DEL010-MG
748983,30/01/2026,sexta-feira,17:00:00,PR,163.0,"159,3",LINDOESTE,Velocidade Incompatível,Tombamento,Com Vítimas Feridas,Pleno dia,Crescente,Céu Claro,Dupla,Aclive;Curva,Sim,2.0,0.0,0.0,1.0,1.0,0.0,0.0,2.0,"-25,3138692","-53,58986481",SPRF-PR,DEL05/PR,UOP05-DEL05-PR
748992,30/01/2026,sexta-feira,18:10:00,RJ,40.0,82,PETROPOLIS,Reação tardia ou ineficiente do condutor,Colisão traseira,Com Vítimas Feridas,Plena Noite,Crescente,Chuva,Simples,Curva,Não,6.0,0.0,3.0,0.0,3.0,2.0,0.0,3.0,"-22,5284369","-43,2228301",SPRF-RJ,DEL01/RJ,UOP01-DEL01-RJ
748993,30/01/2026,sexta-feira,18:28:00,MG,116.0,"432,1",ENGENHEIRO CALDAS,Ingestão de álcool pelo condutor,Colisão traseira,Com Vítimas Feridas,Plena Noite,Crescente,Garoa/Chuvisco,Simples,Curva;Aclive,Não,4.0,0.0,1.0,0.0,1.0,2.0,0.0,4.0,"-19,01576543","-41,98515683",SPRF-MG,DEL06/MG,UOP01-DEL06-MG
749007,30/01/2026,sexta-feira,18:10:00,BA,116.0,536,ITATIM,Condutor deixou de manter distância do veículo da frente,Colisão frontal,Com Vítimas Feridas,Anoitecer,Decrescente,Céu Claro,Simples,Aclive,Não,4.0,0.0,1.0,0.0,1.0,2.0,0.0,5.0,"-12,7847211","-39,816924",SPRF-BA,DEL03/BA,UOP02-DEL03-BA
749012,30/01/2026,sexta-feira,21:00:00,BA,324.0,557,SAO SEBASTIAO DO PASSE,Condutor deixou de manter distância do veículo da frente,Colisão traseira,Com Vítimas Feridas,Plena Noite,Decrescente,Céu Claro,Dupla,Reta,Não,3.0,0.0,2.0,0.0,2.0,1.0,0.0,2.0,"-12,5226278","-38,6138134",SPRF-BA,DEL11/BA,UOP02-DEL11-BA
749013,30/01/2026,sexta-feira,20:20:00,MS,163.0,833,SONORA,Ausência de reação do condutor,Colisão frontal,Com Vítimas Feridas,Plena Noite,Crescente,Céu Claro,Simples,Reta,Não,3.0,0.0,0.0,1.0,1.0,1.0,0.0,3.0,"-17,59929857","-54,7461332",SPRF-MS,DEL06/MS,UOP01-DEL06-MS
749023,30/01/2026,sexta-feira,19:30:00,MG,381.0,393,BOM JESUS DO AMPARO,Ingestão de álcool pelo condutor,Colisão lateral sentido oposto,Sem Vítimas,Plena Noite,Crescente,Chuva,Dupla,Reta,Não,2.0,0.0,0.0,0.0,0.0,2.0,0.0,2.0,"-19,752176","-43,47999",SPRF-MG,DEL01/MG,UOP01-DEL01-MG
749029,30/01/2026,sexta-feira,21:00:00,MS,163.0,835,SONORA,Reação tardia ou ineficiente do condutor,Colisão traseira,Com Vítimas Feridas,Plena Noite,Decrescente,Nublado,Simples,Reta;Aclive,Não,6.0,0.0,2.0,0.0,2.0,3.0,0.0,3.0,"-17,62861598","-54,74536581",SPRF-MS,DEL06/MS,UOP01-DEL06-MS
749032,30/01/2026,sexta-feira,19:30:00,SC,282.0,"337,2",CAMPOS NOVOS,Transtornos Mentais (exceto suicidio),Colisão frontal,Sem Vítimas,Plena Noite,Decrescente,Chuva,Simples,Curva,Não,3.0,0.0,0.0,0.0,0.0,3.0,0.0,2.0,"-27,39393505","-51,16905626",SPRF-SC,DEL07/SC,UOP06-DEL07-SC
749034,30/01/2026,sexta-feira,22:30:00,ES,101.0,289,CARIACICA,Ausência de reação do condutor,Colisão com objeto,Com Vítimas Feridas,Plena Noite,Crescente,Chuva,Múltipla,Reta,Não,2.0,0.0,0.0,1.0,1.0,1.0,0.0,2.0,"-20,27900273","-40,39293185",SPRF-ES,DEL01-ES,UOP01-DEL01-ES
749036,30/01/2026,sexta-feira,21:30:00,ES,393.0,"0,1",CACHOEIRO DE ITAPEMIRIM,Reação tardia ou ineficiente do condutor,Colisão lateral mesmo sentido,Com Vítimas Feridas,Plena Noite,Decrescente,Chuva,Simples,Reta;Declive,Não,3.0,0.0,1.0,0.0,1.0,1.0,0.0,3.0,"-20,84063279","-41,16008299",SPRF-ES,DEL03-ES,UOP02-DEL03-ES
749043,30/01/2026,sexta-feira,22:45:00,MG,365.0,"604,5",UBERLANDIA,Ausência de reação do condutor,Colisão lateral sentido oposto,Com Vítimas Feridas,Plena Noite,Crescente,Nublado,Simples,Curva,Não,3.0,0.0,0.0,2.0,2.0,1.0,0.0,2.0,"-18,8923647","-48,1500778",SPRF-MG,DEL15/MG,UOP01-DEL15-MG
749044,30/01/2026,sexta-feira,23:20:00,PR,277.0,"729,6",FOZ DO IGUACU,Reação tardia ou ineficiente do condutor,Colisão traseira,Com Vítimas Fatais,Plena Noite,Decrescente,Céu Claro,Dupla,Reta,Sim,3.0,1.0,0.0,0.0,0.0,1.0,0.0,3.0,"-25,50902","-54,579542",SPRF-PR,DEL05/PR,UOP03-DEL05-PR
749046,30/01/2026,sexta-feira,23:15:00,SC,101.0,210,SAO JOSE,Condutor deixou de manter distância do veículo da frente,Colisão traseira,Com Vítimas Feridas,Plena Noite,Decrescente,Céu Claro,Múltipla,Aclive;Reta,Sim,2.0,0.0,1.0,0.0,1.0,0.0,0.0,2.0,"-27,61763484","-48,64631144",SPRF-SC,DEL01/SC,UOP01-DEL01-SC
749049,30/01/2026,sexta-feira,23:45:00,SC,101.0,"229,6",PALHOCA,Demais falhas mecânicas ou elétricas,Incêndio,Sem Vítimas,Plena Noite,Crescente,Céu Claro,Dupla,Reta,Não,2.0,0.0,0.0,0.0,0.0,1.0,0.0,2.0,"-27,77195","-48,633375",SPRF-SC,DEL01/SC,UOP02-DEL01-SC
749051,30/01/2026,sexta-feira,17:00:00,MT,174.0,504,COMODORO,Ultrapassagem Indevida,Colisão frontal,Com Vítimas Fatais,Pleno dia,Crescente,Céu Claro,Simples,Reta,Não,4.0,1.0,1.0,0.0,1.0,0.0,0.0,11.0,"-13,47143333","-59,84184265",SPRF-MT,DEL04/MT,UOP02-DEL04-MT
749053,30/01/2026,sexta-feira,23:48:00,CE,20.0,"252,7",MADALENA,Transitar no Acostamento,Colisão traseira,Com Vítimas Feridas,Plena Noite,Decrescente,Céu Claro,Simples,Reta,Não,4.0,0.0,0.0,1.0,1.0,1.0,0.0,6.0,"-4,766563","-39,491203",SPRF-CE,DEL02/CE,UOP02-DEL02-CE
749055,30/01/2026,sexta-feira,20:35:00,RJ,393.0,125,SAPUCAIA,Acumulo de óleo sobre o pavimento,Colisão com objeto,Com Vítimas Feridas,Plena Noite,Decrescente,Chuva,Simples,Curva,Sim,2.0,0.0,1.0,0.0,1.0,0.0,0.0,2.0,"-21,95838168","-42,85582142",SPRF-RJ,DEL05/RJ,UOP01-DEL05-RJ
749056,30/01/2026,sexta-feira,21:00:00,MT,364.0,489,JANGADA,Ausência de reação do condutor,Colisão traseira,Com Vítimas Fatais,Plena Noite,Crescente,Céu Claro,Simples,Reta,Não,5.0,1.0,2.0,0.0,2.0,1.0,0.0,8.0,"-15,24942081","-56,47117281",SPRF-MT,DEL01/MT,UOP02-DEL01-MT
749060,31/01/2026,sábado,01:50:00,CE,116.0,"150,2",RUSSAS,Carga excessiva e/ou mal acondicionada,Tombamento,Com Vítimas Feridas,Plena Noite,Decrescente,Céu Claro,Simples,Rotatória,Não,1.0,0.0,1.0,0.0,1.0,0.0,0.0,1.0,"-4,8447427","-38,04208629",SPRF-CE,DEL03/CE,UOP01-DEL03-CE
749069,31/01/2026,sábado,03:20:00,PE,101.0,184,PALMARES,Condutor Dormindo,Colisão com objeto,Com Vítimas Fatais,Plena Noite,Crescente,Céu Claro,Dupla,Reta,Sim,3.0,1.0,0.0,0.0,0.0,1.0,0.0,4.0,"-8,668503","-35,574413",SPRF-PE,DEL01/PE,UOP03-DEL01-PE
749072,31/01/2026,sábado,02:10:00,PR,277.0,341,GUARAPUAVA,Velocidade Incompatível,Colisão com objeto,Com Vítimas Feridas,Plena Noite,Crescente,Céu Claro,Dupla,Declive;Curva,Não,2.0,0.0,1.0,0.0,1.0,0.0,0.0,2.0,"-25,34074","-51,41374667",SPRF-PR,DEL08/PR,UOP01-DEL08-PR
749075,31/01/2026,sábado,02:05:00,GO,452.0,"108,2",BOM JESUS DE GOIAS,Condutor Dormindo,Colisão traseira,Com Vítimas Feridas,Plena Noite,Crescente,Nublado,Simples,Reta,Não,2.0,0.0,1.0,0.0,1.0,0.0,0.0,2.0,"-18,142255","-49,965448",SPRF-GO,DEL03/GO,UOP02-DEL03-GO
749076,31/01/2026,sábado,05:00:00,AL,316.0,"265,5",SATUBA,Reação tardia ou ineficiente do condutor,Saída de leito carroçável,Com Vítimas Feridas,Amanhecer,Decrescente,Céu Claro,Simples,Curva,Não,3.0,0.0,0.0,2.0,2.0,1.0,0.0,2.0,"-9,587398","-35,856407",SPRF-AL,DEL02-AL,UOP01-DEL02-AL
749080,31/01/2026,sábado,04:55:00,SC,101.0,"150,2",ITAPEMA,Ingestão de álcool pelo condutor,Colisão traseira,Sem Vítimas,Amanhecer,Decrescente,Céu Claro,Múltipla,Reta,Sim,2.0,0.0,0.0,0.0,0.0,2.0,0.0,2.0,"-27,120163","-48,609187",SPRF-SC,DEL04/SC,UOP03-DEL04-SC
749084,31/01/2026,sábado,05:41:00,PR,277.0,"2,8",PARANAGUA,Reação tardia ou ineficiente do condutor,Colisão transversal,Com Vítimas Feridas,Amanhecer,Crescente,Céu Claro,Simples,Reta;Interseção de Vias,Sim,2.0,0.0,0.0,1.0,1.0,1.0,0.0,2.0,"-25,54628342","-48,56017565",SPRF-PR,DEL01/PR,UOP05-DEL01-PR
749085,30/01/2026,sexta-feira,18:00:00,PR,373.0,181,PONTA GROSSA,Ingestão de álcool pelo condutor,Saída de leito carroçável,Com Vítimas Feridas,Pleno dia,Decrescente,Céu Claro,Simples,Declive;Curva,Não,2.0,0.0,1.0,0.0,1.0,0.0,0.0,2.0,"-25,04304139","-50,25875899",SPRF-PR,DEL03/PR,UOP01-DEL03-PR
749089,31/01/2026,sábado,06:00:00,PE,101.0,"163,4",AGUA PRETA,Ausência de reação do condutor,Saída de leito carroçável,Com Vítimas Fatais,Pleno dia,Decrescente,Céu Claro,Dupla,Curva,Não,2.0,1.0,0.0,0.0,0.0,0.0,0.0,2.0,"-8,5536","-35,44952",SPRF-PE,DEL01/PE,UOP03-DEL01-PE
749090,31/01/2026,sábado,03:45:00,GO,153.0,110,SANTA TEREZA DE GOIAS,Ausência de reação do condutor,Saída de leito carroçável,Com Vítimas Fatais,Plena Noite,Crescente,Nublado,Dupla,Aclive;Curva,Não,3.0,2.0,0.0,0.0,0.0,0.0,0.0,3.0,"-13,742921","-49,03072",SPRF-GO,DEL07/GO,UOP01-DEL07-GO
749091,31/01/2026,sábado,05:50:00,PR,277.0,243,IRATI,Suicídio (presumido),Colisão frontal,Com Vítimas Fatais,Amanhecer,Decrescente,Céu Claro,Simples,Reta,Sim,4.0,1.0,0.0,0.0,0.0,2.0,0.0,3.0,"-25,46037705","-50,60308528",SPRF-PR,DEL08/PR,UOP02-DEL08-PR
749092,30/01/2026,sexta-feira,19:30:00,RJ,40.0,35,AREAL,Velocidade Incompatível,Colisão traseira,Com Vítimas Feridas,Plena Noite,Crescente,Chuva,Dupla,Curva,Não,2.0,0.0,1.0,0.0,1.0,1.0,0.0,2.0,"-22,21331153","-43,13421249",SPRF-RJ,DEL05/RJ,UOP02-DEL05-RJ
749096,31/01/2026,sábado,06:20:00,ES,101.0,"285,9",CARIACICA,Condutor deixou de manter distância do veículo da frente,Colisão traseira,Com Vítimas Feridas,Pleno dia,Crescente,Nublado,Dupla,Declive;Curva,Não,3.0,0.0,1.0,0.0,1.0,1.0,0.0,3.0,"-20,25757391","-40,37733603",SPRF-ES,DEL01-ES,UOP01-DEL01-ES
749106,31/01/2026,sábado,07:00:00,SP,116.0,148,SAO JOSE DOS CAMPOS,Reação tardia ou ineficiente do condutor,Colisão lateral mesmo sentido,Com Vítimas Feridas,Pleno dia,Decrescente,Sol,Dupla,Reta,Sim,5.0,0.0,2.0,0.0,2.0,2.0,0.0,4.0,"-23,21031273","-45,88987827",SPRF-SP,DEL02/SP,UOP01-DEL02-SP
749107,20/01/2026,terça-feira,06:40:00,PR,153.0,34,SANTO ANTONIO DA PLATINA,Velocidade Incompatível,Saída de leito carroçável,Com Vítimas Fatais,Pleno dia,Crescente,Céu Claro,Simples,Curva;Declive,Não,2.0,1.0,0.0,0.0,0.0,0.0,0.0,2.0,"-23,24405314","-50,03876352",SPRF-PR,DEL07/PR,UOP04-DEL07-PR
749121,31/01/2026,sábado,06:31:00,BA,116.0,"886,5",CANDIDO SALES,Reação tardia ou ineficiente do condutor,Colisão traseira,Com Vítimas Feridas,Pleno dia,Crescente,Céu Claro,Simples,Reta;Declive,Não,5.0,0.0,1.0,0.0,1.0,3.0,0.0,5.0,"-15,337309","-41,160433",SPRF-BA,DEL08/BA,UOP03-DEL08-BA