id,data_inversa,dia_semana,horario,uf,br,km,municipio,causa_acidente,tipo_acidente,classificacao_acidente,fase_dia,sentido_via,condicao_metereologica,tipo_pista,tracado_via,uso_solo,pessoas,mortos,feridos_leves,feridos_graves,feridos,ilesos,ignorados,veiculos,latitude,longitude,regional,delegacia,uop
749125,31/01/2026,sábado,09:15:00,MG,365.0,681,MONTE ALEGRE DE MINAS,Condutor Dormindo,Colisão lateral mesmo sentido,Com Vítimas Feridas,Pleno dia,Crescente,Céu Claro,Dupla,Reta,Não,3.0,0.0,1.0,0.0,1.0,1.0,0.0,3.0,"-18,849855","-48,828915",SPRF-MG,DEL15/MG,UOP01-DEL15-MG
749126,31/01/2026,sábado,09:45:00,PB,230.0,"1,3",CABEDELO,Condutor Dormindo,Colisão frontal,Com Vítimas Feridas,Pleno dia,Crescente,Céu Claro,Simples,Reta,Sim,3.0,0.0,0.0,1.0,1.0,1.0,0.0,3.0,"-6,97964567","-34,83056456",SPRF-PB,DEL01-PB,UOP01-DEL01-PB
749130,31/01/2026,sábado,09:30:00,PR,272.0,379,CAMPO MOURAO,Avarias e/ou desgaste excessivo no pneu,Saída de leito carroçável,Com Vítimas Feridas,Pleno dia,Crescente,Céu Claro,Simples,Declive;Reta,Não,1.0,0.0,1.0,0.0,1.0,0.0,0.0,1.0,"-24,062148","-52,510642",SPRF-PR,DEL09/PR,UOP03-DEL09-PR
749157,31/01/2026,sábado,11:10:00,BA,116.0,843,VITORIA DA CONQUISTA,Reação tardia ou ineficiente do condutor,Engavetamento,Com Vítimas Feridas,Pleno dia,Crescente,Céu Claro,Simples,Reta;Aclive,Não,42.0,0.0,1.0,0.0,1.0,40.0,0.0,5.0,"-15,008658","-40,940883",SPRF-BA,DEL08/BA,UOP01-DEL08-BA
749158,31/01/2026,sábado,06:51:00,RO,364.0,283,PRESIDENTE MEDICI,Transitar na contramão,Colisão frontal,Com Vítimas Fatais,Pleno dia,Decrescente,Céu Claro,Simples,Reta,Não,6.0,2.0,0.0,2.0,2.0,1.0,0.0,7.0,"-11,370515","-61,832068",SPRF-RO,DEL02-RO,UOP01-DEL02-RO
749163,31/01/2026,sábado,13:20:00,SC,101.0,"148,9",ITAPEMA,Reação tardia ou ineficiente do condutor,Colisão traseira,Com Vítimas Feridas,Pleno dia,Decrescente,Céu Claro,Dupla,Reta;Aclive,Sim,6.0,0.0,1.0,1.0,2.0,3.0,0.0,7.0,"-27,10706","-48,61426",SPRF-SC,DEL04/SC,UOP03-DEL04-SC
749166,31/01/2026,sábado,12:15:00,SC,101.0,"141,5",BALNEARIO CAMBORIU,Demais falhas mecânicas ou elétricas,Incêndio,Sem Vítimas,Pleno dia,Crescente,Céu Claro,Dupla,Declive,Não,2.0,0.0,0.0,0.0,0.0,1.0,0.0,2.0,"-27,05066","-48,59927",SPRF-SC,DEL04/SC,UOP03-DEL04-SC
749172,31/01/2026,sábado,13:50:00,RJ,116.0,"81,7",TERESOPOLIS,Acessar a via sem observar a presença dos outros veículos,Colisão transversal,Com Vítimas Feridas,Pleno dia,Decrescente,Céu Claro,Simples,Declive;Reta;Retorno Regulamentado,Não,3.0,0.0,1.0,0.0,1.0,1.0,0.0,3.0,"-22,399301","-42,95499",SPRF-RJ,DEL04/RJ,UOP01-DEL04-RJ
749181,31/01/2026,sábado,14:25:00,PE,232.0,"90,5",SAIRE,Ausência de reação do condutor,Colisão traseira,Com Vítimas Feridas,Pleno dia,Decrescente,Sol,Dupla,Reta,Não,2.0,0.0,1.0,0.0,1.0,0.0,0.0,2.0,"-8,21742521","-35,65535244",SPRF-PE,DEL02/PE,UOP03-DEL02-PE
749185,31/01/2026,sábado,15:03:00,MG,40.0,"462,8",SETE LAGOAS,Pista Escorregadia,Saída de leito carroçável,Com Vítimas Feridas,Pleno dia,Crescente,Chuva,Dupla,Reta;Declive,Não,1.0,0.0,1.0,0.0,1.0,0.0,0.0,1.0,"-19,41898","-44,33933",SPRF-MG,DEL02/MG,UOP01-DEL02-MG
749191,31/01/2026,sábado,09:30:00,BA,324.0,518,FEIRA DE SANTANA,Condutor deixou de manter distância do veículo da frente,Colisão traseira,Com Vítimas Feridas,Pleno dia,Decrescente,Céu Claro,Dupla,Reta,Não,3.0,0.0,0.0,1.0,1.0,1.0,0.0,3.0,"-12,276638","-38,929481",SPRF-BA,DEL02/BA,UOP01-DEL02-BA
749196,31/01/2026,sábado,15:19:00,SC,282.0,118,ALFREDO WAGNER,Reação tardia ou ineficiente do condutor,Colisão frontal,Com Vítimas Feridas,Pleno dia,Crescente,Chuva,Simples,Curva,Não,4.0,0.0,1.0,0.0,1.0,1.0,0.0,4.0,"-27,77732","-49,41185",SPRF-SC,DEL05/SC,UOP01-DEL05-SC
749205,31/01/2026,sábado,13:30:00,MA,10.0,367,ITINGA DO MARANHAO,Ultrapassagem Indevida,Colisão frontal,Com Vítimas Feridas,Pleno dia,Crescente,Céu Claro,Simples,Declive;Reta,Não,3.0,0.0,0.0,1.0,1.0,1.0,0.0,3.0,"-4,53819","-47,49939",SPRF-MA,DEL04-MA,UOP03-DEL04-MA
749222,31/01/2026,sábado,15:00:00,PR,369.0,"423,8",UBIRATA,Ultrapassagem Indevida,Colisão frontal,Com Vítimas Fatais,Pleno dia,Crescente,Sol,Simples,Reta,Não,7.0,1.0,0.0,4.0,4.0,2.0,0.0,3.0,"-24,516598","-52,930453",SPRF-PR,DEL04/PR,UOP03-DEL04-PR
749223,31/01/2026,sábado,12:10:00,GO,364.0,282,MINEIROS,Condutor Dormindo,Colisão lateral sentido oposto,Com Vítimas Feridas,Pleno dia,Decrescente,Céu Claro,Simples,Reta,Não,5.0,0.0,3.0,0.0,3.0,1.0,0.0,4.0,"-17,616578","-52,404365",SPRF-GO,DEL05/GO,UOP01-DEL05-GO
749225,16/01/2026,sexta-feira,03:30:00,MG,153.0,141,PRATA,Transitar na contramão,Colisão lateral sentido oposto,Com Vítimas Feridas,Plena Noite,Decrescente,Chuva,Simples,Curva,Não,4.0,0.0,3.0,0.0,3.0,0.0,0.0,4.0,"-19,577802","-48,824955",SPRF-MG,DEL15/MG,UOP03-DEL15-MG
749227,31/01/2026,sábado,19:00:00,ES,101.0,"98,7",JAGUARE,Transitar na contramão,Colisão frontal,Com Vítimas Fatais,Plena Noite,Decrescente,Céu Claro,Simples,Reta,Não,6.0,1.0,0.0,1.0,1.0,2.0,0.0,4.0,"-18,94646811","-39,97870892",SPRF-ES,DEL04-ES,UOP02-DEL04-ES
749235,31/01/2026,sábado,18:55:00,SP,116.0,165,JACAREI,Velocidade Incompatível,Engavetamento,Com Vítimas Feridas,Plena Noite,Decrescente,Nublado,Dupla,Reta;Declive,Sim,5.0,0.0,1.0,0.0,1.0,2.0,0.0,5.0,"-23,29673229","-46,00730745",SPRF-SP,DEL02/SP,UOP01-DEL02-SP
749236,31/01/2026,sábado,18:40:00,MG,153.0,13,ARAPORA,Demais falhas mecânicas ou elétricas,Incêndio,Sem Vítimas,Anoitecer,Decrescente,Nublado,Dupla,Reta,Não,2.0,0.0,0.0,0.0,0.0,1.0,0.0,3.0,"-18,533323","-49,192185",SPRF-MG,DEL15/MG,UOP03-DEL15-MG
749242,31/01/2026,sábado,18:20:00,MS,267.0,"391,5",MARACAJU,Acessar a via sem observar a presença dos outros veículos,Colisão transversal,Com Vítimas Fatais,Anoitecer,Decrescente,Nublado,Simples,Reta,Não,6.0,3.0,0.0,1.0,1.0,1.0,0.0,3.0,"-21,6160884","-55,3957821",SPRF-MS,DEL05/MS,UOP01-DEL05-MS
749243,31/01/2026,sábado,18:15:00,MG,116.0,"563,4",MANHUACU,Reação tardia ou ineficiente do condutor,Colisão frontal,Com Vítimas Fatais,Anoitecer,Crescente,Céu Claro,Simples,Reta;Aclive,Não,3.0,1.0,0.0,0.0,0.0,1.0,0.0,3.0,"-20,06491","-42,173293",SPRF-MG,DEL06/MG,UOP03-DEL06-MG
749248,31/01/2026,sábado,20:50:00,MG,50.0,56,UBERLANDIA,Ausência de reação do condutor,Colisão traseira,Sem Vítimas,Plena Noite,Crescente,Céu Claro,Dupla,Aclive,Não,3.0,0.0,0.0,0.0,0.0,1.0,0.0,5.0,"-18,784616","-48,232047",SPRF-MG,DEL15/MG,UOP02-DEL15-MG
749261,31/01/2026,sábado,21:20:00,TO,153.0,97,WANDERLANDIA,Demais falhas mecânicas ou elétricas,Incêndio,Sem Vítimas,Plena Noite,Crescente,Nublado,Simples,Reta,Não,2.0,0.0,0.0,0.0,0.0,1.0,0.0,3.0,"-6,887727","-48,001445",SPRF-TO,DEL02-TO,UOP01-DEL02-TO
749262,31/01/2026,sábado,19:40:00,BA,101.0,844,VEREDA,Transitar na contramão,Colisão lateral sentido oposto,Com Vítimas Feridas,Plena Noite,Decrescente,Nublado,Simples,Reta,Não,5.0,0.0,0.0,3.0,3.0,1.0,0.0,3.0,"-17,27010366","-39,63576028",SPRF-BA,DEL09/BA,UOP02-DEL09-BA
749268,31/01/2026,sábado,22:40:00,PR,277.0,"29,2",MORRETES,Condutor Dormindo,Colisão traseira,Com Vítimas Feridas,Plena Noite,Crescente,Nublado,Dupla,Viaduto;Aclive;Reta,Não,4.0,0.0,0.0,1.0,1.0,2.0,0.0,4.0,"-25,547858","-48,791476",SPRF-PR,DEL01/PR,UOP05-DEL01-PR
749270,31/01/2026,sábado,21:45:00,MG,116.0,"374,6",FREI INOCENCIO,Transitar na contramão,Colisão frontal,Sem Vítimas,Plena Noite,Decrescente,Nublado,Simples,Reta,Sim,2.0,0.0,0.0,0.0,0.0,1.0,0.0,2.0,"-18,571115","-41,9101174",SPRF-MG,DEL06/MG,UOP01-DEL06-MG
749272,31/01/2026,sábado,23:00:00,MG,365.0,"5,6",MONTES CLAROS,Velocidade Incompatível,Tombamento,Com Vítimas Feridas,Pleno dia,Decrescente,Nublado,Simples,Curva;Declive,Não,2.0,0.0,1.0,0.0,1.0,0.0,0.0,2.0,"-16,7581549","-43,8710533",SPRF-MG,DEL12/MG,UOP01-DEL12-MG
749275,01/02/2026,domingo,00:30:00,ES,262.0,"184,9",IUNA,Transitar na contramão,Colisão frontal,Com Vítimas Fatais,Plena Noite,Crescente,Céu Claro,Simples,Reta;Retorno Regulamentado,Não,4.0,1.0,0.0,0.0,0.0,1.0,0.0,4.0,"-20,3009104","-41,7086466",SPRF-ES,DEL01-ES,UOP02-DEL01-ES
749288,01/02/2026,domingo,03:50:00,TO,153.0,698,CARIRI DO TOCANTINS,Demais falhas mecânicas ou elétricas,Incêndio,Sem Vítimas,Plena Noite,Crescente,Chuva,Simples,Reta,Não,2.0,0.0,0.0,0.0,0.0,1.0,0.0,2.0,"-11,9286","-49,1841",SPRF-TO,DEL01-TO,UOP02-DEL01-TO
749310,13/01/2026,terça-feira,08:30:00,BA,101.0,251,CONCEICAO DO ALMEIDA,Acessar a via sem observar a presença dos outros veículos,Colisão transversal,Com Vítimas Feridas,Pleno dia,Decrescente,Céu Claro,Simples,Reta,Não,2.0,0.0,0.0,1.0,1.0,1.0,0.0,2.0,"-12,89069652","-39,22927022",SPRF-BA,DEL11/BA,UOP01-DEL11-BA
749316,01/02/2026,domingo,08:15:00,SC,101.0,"145,5",ITAPEMA,Ausência de reação do condutor,Colisão traseira,Com Vítimas Fatais,Pleno dia,Decrescente,Céu Claro,Dupla,Reta;Aclive,Sim,3.0,2.0,0.0,0.0,0.0,1.0,0.0,2.0,"-27,084334","-48,605321",SPRF-SC,DEL04/SC,UOP03-DEL04-SC
749323,01/02/2026,domingo,09:00:00,MG,381.0,504,BETIM,Ausência de reação do condutor,Colisão traseira,Com Vítimas Feridas,Pleno dia,Crescente,Céu Claro,Dupla,Curva;Aclive,Sim,6.0,0.0,4.0,0.0,4.0,2.0,0.0,2.0,"-20,0308234","-44,23683",SPRF-MG,DEL01/MG,UOP03-DEL01-MG
749324,01/02/2026,domingo,05:10:00,PI,230.0,184,OEIRAS,Condutor deixou de manter distância do veículo da frente,Colisão traseira,Sem Vítimas,Amanhecer,Crescente,Nublado,Simples,Reta,Não,3.0,0.0,0.0,0.0,0.0,1.0,0.0,3.0,"-6,961977","-42,02346",SPRF-PI,DEL04-PI,UOP01-DEL04-PI
749337,01/02/2026,domingo,10:20:00,ES,101.0,20,CONCEICAO DA BARRA,Reação tardia ou ineficiente do condutor,Colisão lateral sentido oposto,Com Vítimas Feridas,Pleno dia,Crescente,Sol,Simples,Reta,Não,5.0,0.0,2.0,0.0,2.0,1.0,0.0,3.0,"-18,314395","-39,950418",SPRF-ES,DEL04-ES,UOP02-DEL04-ES
749338,01/02/2026,domingo,07:05:00,MA,226.0,"77,9",CAXIAS,Transitar na contramão,Colisão lateral sentido oposto,Com Vítimas Feridas,Pleno dia,Crescente,Céu Claro,Simples,Reta,Não,3.0,0.0,0.0,1.0,1.0,1.0,0.0,3.0,"-5,228482","-43,470653",SPRF-MA,DEL03-MA,UOP02-DEL03-MA
749341,24/01/2026,sábado,00:10:00,BA,324.0,623,SALVADOR,Ausência de reação do condutor,Engavetamento,Com Vítimas Feridas,Plena Noite,Decrescente,Céu Claro,Dupla,Reta,Sim,4.0,0.0,2.0,1.0,3.0,1.0,0.0,3.0,"-12,93478967","-38,4720226",SPRF-BA,DEL01/BA,UOP01-DEL01-BA
749346,17/01/2026,sábado,09:40:00,BA,324.0,531,FEIRA DE SANTANA,Pista Escorregadia,Colisão lateral mesmo sentido,Com Vítimas Feridas,Pleno dia,Crescente,Nublado,Dupla,Reta,Não,2.0,0.0,0.0,1.0,1.0,0.0,0.0,2.0,"-12,34229978","-38,84414256",SPRF-BA,DEL11/BA,UOP02-DEL11-BA
749347,01/02/2026,domingo,10:00:00,PR,116.0,15,CAMPINA GRANDE DO SUL,Velocidade Incompatível,Tombamento,Com Vítimas Feridas,Pleno dia,Decrescente,Garoa/Chuvisco,Dupla,Curva,Não,2.0,0.0,1.0,0.0,1.0,0.0,0.0,2.0,"-25,099612","-48,689102",SPRF-PR,DEL01/PR,UOP02-DEL01-PR
749354,01/02/2026,domingo,12:10:00,RO,364.0,"239,1",CACOAL,Desrespeitar a preferência no cruzamento,Tombamento,Com Vítimas Feridas,Pleno dia,Crescente,Sol,Simples,Retorno Regulamentado,Sim,3.0,0.0,1.0,0.0,1.0,1.0,0.0,3.0,"-11,433742","-61,463783",SPRF-RO,DEL02-RO,UOP02-DEL02-RO
749363,28/01/2026,quarta-feira,21:45:00,SC,470.0,138,RIO DO SUL,Condutor deixou de manter distância do veículo da frente,Colisão traseira,Com Vítimas Feridas,Plena Noite,Decrescente,Chuva,Simples,Reta;Interseção de Vias;Retorno Regulamentado,Sim,2.0,0.0,1.0,0.0,1.0,0.0,0.0,2.0,"-27,19966398","-49,63068215",SPRF-SC,DEL04/SC,UOP02-DEL04-SC
749372,01/02/2026,domingo,15:14:00,ES,101.0,448,MIMOSO DO SUL,Reação tardia ou ineficiente do condutor,Engavetamento,Com Vítimas Feridas,Pleno dia,Crescente,Chuva,Simples,Curva,Não,5.0,0.0,2.0,1.0,3.0,1.0,0.0,6.0,"-21,17960986","-41,29829407",SPRF-ES,DEL03-ES,UOP02-DEL03-ES
749378,01/02/2026,domingo,09:50:00,MG,116.0,389,GOVERNADOR VALADARES,Ultrapassagem Indevida,Colisão lateral mesmo sentido,Com Vítimas Feridas,Pleno dia,Crescente,Céu Claro,Simples,Reta,Sim,2.0,0.0,1.0,0.0,1.0,1.0,0.0,2.0,"-18,78674982","-41,98738575",SPRF-MG,DEL06/MG,UOP01-DEL06-MG
749390,01/02/2026,domingo,14:05:00,MG,251.0,"334,1",RUBELITA,Demais falhas mecânicas ou elétricas,Saída de leito carroçável,Com Vítimas Feridas,Pleno dia,Decrescente,Sol,Simples,Curva;Declive,Não,2.0,0.0,1.0,0.0,1.0,0.0,0.0,2.0,"-16,26291229","-42,40972705",SPRF-MG,DEL12/MG,UOP02-DEL12-MG
749391,01/02/2026,domingo,14:10:00,MG,251.0,"334,4",RUBELITA,Reação tardia ou ineficiente do condutor,Colisão lateral mesmo sentido,Com Vítimas Feridas,Pleno dia,Crescente,Sol,Simples,Curva;Aclive,Não,4.0,0.0,1.0,0.0,1.0,2.0,0.0,6.0,"-16,26558082","-42,41123915",SPRF-MG,DEL12/MG,UOP02-DEL12-MG
749395,01/02/2026,domingo,16:40:00,BA,116.0,767,POCOES,Acessar a via sem observar a presença dos outros veículos,Colisão traseira,Com Vítimas Feridas,Pleno dia,Decrescente,Chuva,Simples,Reta,Não,6.0,0.0,1.0,4.0,5.0,0.0,0.0,2.0,"-14,597091","-40,435921",SPRF-BA,DEL08/BA,UOP02-DEL08-BA
749398,01/02/2026,domingo,15:23:00,MT,364.0,"464,6",VARZEA GRANDE,Chuva,Eventos atípicos,Com Vítimas Feridas,Pleno dia,Decrescente,Nublado,Simples,Curva;Declive,Não,2.0,0.0,1.0,0.0,1.0,0.0,0.0,3.0,"-15,4450133","-56,3313933",SPRF-MT,DEL01/MT,UOP02-DEL01-MT
749410,01/02/2026,domingo,15:00:00,MG,50.0,103,UBERABA,Condutor Dormindo,Saída de leito carroçável,Com Vítimas Feridas,Pleno dia,Crescente,Céu Claro,Dupla,Reta,Não,2.0,0.0,1.0,0.0,1.0,0.0,0.0,2.0,"-19,703148","-47,9854917",SPRF-MG,DEL13/MG,UOP01-DEL13-MG
749411,01/02/2026,domingo,15:15:00,MG,116.0,58,MEDINA,Ausência de reação do condutor,Saída de leito carroçável,Sem Vítimas,Pleno dia,Decrescente,Nublado,Simples,Declive;Curva,Não,2.0,0.0,0.0,0.0,0.0,0.0,1.0,2.0,"-16,12214","-41,43017",SPRF-MG,DEL11/MG,UOP02-DEL11-MG
749413,01/02/2026,domingo,14:45:00,CE,222.0,307,TIANGUA,Reação tardia ou ineficiente do condutor,Colisão com objeto,Sem Vítimas,Pleno dia,Crescente,Nublado,Simples,Reta,Não,1.0,0.0,0.0,0.0,0.0,1.0,0.0,1.0,"-3,70291138","-40,97645831",SPRF-CE,DEL04/CE,UOP02-DEL04-CE
749416,01/02/2026,domingo,18:00:00,PR,369.0,"89,8",CORNELIO PROCOPIO,Ausência de reação do condutor,Saída de leito carroçável,Com Vítimas Feridas,Pleno dia,Decrescente,Nublado,Dupla,Aclive;Reta,Não,2.0,0.0,1.0,0.0,1.0,0.0,0.0,2.0,"-23,19120824","-50,64769404",SPRF-PR,DEL07/PR,UOP05-DEL07-PR
749426,01/02/2026,domingo,20:00:00,MG,116.0,"744,6",LEOPOLDINA,Transitar na contramão,Colisão lateral sentido oposto,Com Vítimas Feridas,Plena Noite,Crescente,Nublado,Simples,Reta,Não,5.0,0.0,0.0,1.0,1.0,3.0,0.0,4.0,"-21,426246","-42,51209",SPRF-MG,DEL07/MG,UOP01-DEL07-MG
749430,01/02/2026,domingo,19:52:00,GO,414.0,"321,5",COCALZINHO DE GOIAS,Transitar na contramão,Colisão frontal,Com Vítimas Fatais,Plena Noite,Decrescente,Céu Claro,Simples,Reta;Aclive,Não,8.0,5.0,0.0,0.0,0.0,1.0,0.0,5.0,"-15,391945","-48,637396",SPRF-GO,DEL02/GO,UOP01-DEL02-GO
749440,01/02/2026,domingo,18:50:00,RS,285.0,"341,5",CARAZINHO,Acessar a via sem observar a presença dos outros veículos,Colisão transversal,Com Vítimas Fatais,Anoitecer,Crescente,Céu Claro,Simples,Reta;Interseção de Vias,Não,6.0,1.0,2.0,1.0,3.0,1.0,0.0,3.0,"-28,3179","-52,8091",SPRF-RS,DEL08/RS,UOP03-DEL08-RS
749449,01/02/2026,domingo,20:40:00,BA,101.0,23,ESPLANADA,Ausência de reação do condutor,Colisão lateral sentido oposto,Sem Vítimas,Plena Noite,Crescente,Céu Claro,Simples,Reta,Não,3.0,0.0,0.0,0.0,0.0,1.0,0.0,3.0,"-11,74919","-37,94098",SPRF-SE,DEL02-SE,UOP03-DEL02-SE
749456,01/02/2026,domingo,21:40:00,ES,101.0,119,LINHARES,Objeto estático sobre o leito carroçável,Colisão com objeto,Com Vítimas Feridas,Plena Noite,Decrescente,Céu Claro,Simples,Reta,Não,10.0,0.0,2.0,0.0,2.0,7.0,0.0,4.0,"-19,143758","-40,075015",SPRF-ES,DEL04-ES,UOP01-DEL04-ES
749457,01/02/2026,domingo,18:00:00,BA,242.0,173,RAFAEL JAMBEIRO,Transitar na contramão,Colisão lateral sentido oposto,Com Vítimas Feridas,Plena Noite,Decrescente,Ignorado,Simples,Reta,Não,2.0,0.0,0.0,1.0,1.0,1.0,0.0,2.0,"-12,488575","-39,792893",SPRF-BA,DEL02/BA,UOP02-DEL02-BA
749460,01/02/2026,domingo,20:40:00,BA,242.0,928,LUIS EDUARDO MAGALHAES,Acessar a via sem observar a presença dos outros veículos,Colisão transversal,Com Vítimas Fatais,Plena Noite,Decrescente,Céu Claro,Simples,Reta,Não,4.0,1.0,0.0,0.0,0.0,2.0,0.0,4.0,"-12,1136","-45,965023",SPRF-BA,DEL10/BA,UOP01-DEL10-BA
749461,01/02/2026,domingo,22:10:00,SP,381.0,"56,7",MAIRIPORA,Velocidade Incompatível,Colisão lateral mesmo sentido,Sem Vítimas,Plena Noite,Crescente,Nublado,Dupla,Curva;Declive,Sim,3.0,0.0,0.0,0.0,0.0,1.0,0.0,3.0,"-23,27221471","-46,58465177",SPRF-SP,DEL03/SP,UOP01-DEL03-SP
749464,01/02/2026,domingo,21:45:00,SC,470.0,"102,5",APIUNA,Transitar na contramão,Colisão lateral sentido oposto,Com Vítimas Feridas,Plena Noite,Decrescente,Céu Claro,Simples,Curva,Não,2.0,0.0,0.0,1.0,1.0,1.0,0.0,2.0,"-27,06504579","-49,40258726",SPRF-SC,DEL04/SC,UOP02-DEL04-SC
749490,02/02/2026,segunda-feira,03:30:00,MG,50.0,72,UBERLANDIA,Condutor Dormindo,Colisão com objeto,Com Vítimas Feridas,Plena Noite,Decrescente,Nublado,Dupla,Reta,Sim,2.0,0.0,1.0,0.0,1.0,0.0,0.0,2.0,"-18,89974421","-48,24080436",SPRF-MG,DEL15/MG,UOP01-DEL15-MG
749498,02/02/2026,segunda-feira,03:00:00,SP,116.0,345,MIRACATU,Demais falhas mecânicas ou elétricas,Incêndio,Com Vítimas Feridas,Amanhecer,Decrescente,Garoa/Chuvisco,Múltipla,Reta,Não,4.0,0.0,1.0,0.0,1.0,2.0,0.0,2.0,"-24,07328181","-47,24793511",SPRF-SP,DEL04/SP,UOP03-DEL04-SP
749499,02/02/2026,segunda-feira,04:00:00,MG,262.0,436,NOVA SERRANA,Reação tardia ou ineficiente do condutor,Colisão traseira,Com Vítimas Feridas,Plena Noite,Crescente,Céu Claro,Dupla,Reta,Não,2.0,0.0,0.0,1.0,1.0,1.0,0.0,2.0,"-19,873223","-44,960245",SPRF-MG,DEL08/MG,UOP03-DEL08-MG
749503,02/02/2026,segunda-feira,00:58:00,SC,282.0,594,SAUDADES,Condutor Dormindo,Tombamento,Com Vítimas Feridas,Plena Noite,Decrescente,Céu Claro,Simples,Curva,Não,2.0,0.0,1.0,0.0,1.0,0.0,0.0,2.0,"-26,82897275","-53,11340332",SPRF-SC,DEL07/SC,UOP02-DEL07-SC
749526,02/02/2026,segunda-feira,06:30:00,MG,365.0,"472,3",PATROCINIO,Condutor deixou de manter distância do veículo da frente,Colisão traseira,Com Vítimas Feridas,Pleno dia,Crescente,Chuva,Simples,Reta;Aclive,Sim,3.0,0.0,1.0,0.0,1.0,2.0,0.0,2.0,"-18,9236","-46,99452",SPRF-MG,DEL10/MG,UOP01-DEL10-MG
749533,02/02/2026,segunda-feira,07:00:00,RJ,393.0,265,BARRA DO PIRAI,Velocidade Incompatível,Saída de leito carroçável,Com Vítimas Feridas,Pleno dia,Decrescente,Céu Claro,Simples,Curva,Não,2.0,0.0,1.0,0.0,1.0,0.0,0.0,2.0,"-22,488208","-43,915153",SPRF-RJ,DEL05/RJ,UOP04-DEL05-RJ
749536,02/02/2026,segunda-feira,07:40:00,MG,381.0,"744,5",TRES CORACOES,Velocidade Incompatível,Saída de leito carroçável,Com Vítimas Feridas,Pleno dia,Decrescente,Nublado,Dupla,Curva,Não,2.0,0.0,0.0,1.0,1.0,0.0,0.0,2.0,"-21,61818","-45,243969",SPRF-MG,DEL16/MG,UOP02-DEL16-MG
749549,02/02/2026,segunda-feira,09:20:00,ES,101.0,287,CARIACICA,Demais falhas mecânicas ou elétricas,Incêndio,Sem Vítimas,Pleno dia,Decrescente,Céu Claro,Dupla,Reta,Sim,1.0,0.0,0.0,0.0,0.0,1.0,0.0,1.0,"-20,2652367","-40,38495898",SPRF-ES,DEL01-ES,UOP01-DEL01-ES
749556,02/02/2026,segunda-feira,10:35:00,ES,101.0,"259,8",SERRA,Transitar na contramão,Colisão frontal,Com Vítimas Fatais,Pleno dia,Crescente,Nublado,Simples,Reta;Aclive,Sim,5.0,1.0,0.0,2.0,2.0,2.0,0.0,3.0,"-20,14448","-40,29072",SPRF-ES,DEL02-ES,UOP01-DEL02-ES
749560,02/02/2026,segunda-feira,08:10:00,RS,290.0,"500,8",ROSARIO DO SUL,Transitar na contramão,Colisão frontal,Com Vítimas Fatais,Pleno dia,Crescente,Céu Claro,Simples,Reta,Não,6.0,2.0,0.0,2.0,2.0,1.0,0.0,3.0,"-30,17911","-55,110757",SPRF-RS,DEL11/RS,UOP02-DEL11-RS
749569,25/01/2026,domingo,21:30:00,BA,324.0,477,TANQUINHO,Condutor Dormindo,Colisão com objeto,Com Vítimas Feridas,Plena Noite,Decrescente,Céu Claro,Simples,Curva,Não,2.0,0.0,0.0,1.0,1.0,0.0,0.0,2.0,"-11,98341343","-39,08448368",SPRF-BA,DEL02/BA,UOP01-DEL02-BA
749571,02/02/2026,segunda-feira,11:00:00,MS,163.0,"476,6",CAMPO GRANDE,Acessar a via sem observar a presença dos outros veículos,Colisão transversal,Sem Vítimas,Pleno dia,Crescente,Céu Claro,Simples,Reta,Sim,2.0,0.0,0.0,0.0,0.0,2.0,0.0,2.0,"-20,5093351","-54,55733559",SPRF-MS,DEL01/MS,UOP01-DEL01-MS
749581,02/02/2026,segunda-feira,10:30:00,BA,101.0,889,CARAVELAS,Transitar na contramão,Colisão frontal,Com Vítimas Fatais,Pleno dia,Crescente,Céu Claro,Simples,Reta,Não,9.0,3.0,0.0,3.0,3.0,1.0,0.0,5.0,"-17,643319","-39,770052",SPRF-BA,DEL09/BA,UOP02-DEL09-BA
749582,02/02/2026,segunda-feira,09:30:00,SP,116.0,567,BARRA DO TURVO,Velocidade Incompatível,Tombamento,Com Vítimas Feridas,Pleno dia,Decrescente,Céu Claro,Simples,Curva,Não,2.0,0.0,1.0,0.0,1.0,0.0,0.0,2.0,"-25,0557476","-48,5552688",SPRF-SP,DEL05/SP,UOP02-DEL05-SP
749588,02/02/2026,segunda-feira,11:30:00,RS,290.0,"60,9",GRAVATAI,Reação tardia ou ineficiente do condutor,Colisão lateral mesmo sentido,Com Vítimas Feridas,Pleno dia,Decrescente,Céu Claro,Múltipla,Reta,Não,4.0,0.0,1.0,0.0,1.0,2.0,0.0,4.0,"-29,927737","-50,866797",SPRF-RS,DEL03/RS,UOP01-DEL03-RS
749591,02/02/2026,segunda-feira,12:00:00,MT,163.0,755,SORRISO,Acumulo de água sobre o pavimento,Saída de leito carroçável,Sem Vítimas,Pleno dia,Decrescente,Chuva,Dupla,Reta,Sim,1.0,0.0,0.0,0.0,0.0,1.0,0.0,1.0,"-12,5309301","-55,7038832",SPRF-MT,DEL06/MT,UOP01-DEL06-MT