id,data_inversa,dia_semana,horario,uf,br,km,municipio,causa_acidente,tipo_acidente,classificacao_acidente,fase_dia,sentido_via,condicao_metereologica,tipo_pista,tracado_via,uso_solo,pessoas,mortos,feridos_leves,feridos_graves,feridos,ilesos,ignorados,veiculos,latitude,longitude,regional,delegacia,uop
749593,02/02/2026,segunda-feira,14:00:00,PE,101.0,70,RECIFE,Pedestre andava na pista,Atropelamento de Pedestre,Com Vítimas Feridas,Pleno dia,Crescente,Céu Claro,Dupla,Viaduto,Não,4.0,0.0,0.0,1.0,1.0,3.0,0.0,4.0,"-8,07499199","-34,94426847",SPRF-PE,DEL01/PE,UOP01-DEL01-PE
749595,02/02/2026,segunda-feira,14:10:00,MG,262.0,359,JUATUBA,Ingestão de álcool pelo condutor,Tombamento,Com Vítimas Feridas,Pleno dia,Decrescente,Céu Claro,Dupla,Curva;Declive,Não,2.0,0.0,0.0,1.0,1.0,0.0,0.0,2.0,"-19,9734","-44,3018",SPRF-MG,DEL01/MG,UOP03-DEL01-MG
749599,02/02/2026,segunda-feira,14:10:00,PR,369.0,186,ARAPONGAS,Ausência de reação do condutor,Colisão transversal,Com Vítimas Feridas,Pleno dia,Decrescente,Céu Claro,Simples,Reta,Sim,3.0,0.0,1.0,0.0,1.0,1.0,0.0,5.0,"-23,409659","-51,42778",SPRF-PR,DEL07/PR,UOP03-DEL07-PR
749607,02/02/2026,segunda-feira,14:40:00,PR,277.0,0,PARANAGUA,Falta de acostamento,Colisão lateral mesmo sentido,Com Vítimas Feridas,Pleno dia,Crescente,Garoa/Chuvisco,Simples,Declive;Reta,Sim,3.0,0.0,1.0,0.0,1.0,1.0,0.0,4.0,"-25,51969","-48,543472",SPRF-PR,DEL01/PR,UOP05-DEL01-PR
749614,02/02/2026,segunda-feira,15:25:00,SC,101.0,116,ITAJAI,Ultrapassagem Indevida,Saída de leito carroçável,Com Vítimas Feridas,Pleno dia,Crescente,Sol,Dupla,Reta,Sim,3.0,0.0,0.0,2.0,2.0,1.0,0.0,2.0,"-26,878052","-48,726661",SPRF-SC,DEL04/SC,UOP04-DEL04-SC
749620,02/02/2026,segunda-feira,12:45:00,PR,277.0,"494,3",NOVA LARANJEIRAS,Transitar na contramão,Colisão frontal,Com Vítimas Fatais,Pleno dia,Crescente,Céu Claro,Simples,Curva,Sim,6.0,1.0,2.0,1.0,3.0,1.0,0.0,7.0,"-25,2124","-52,6504",SPRF-PR,DEL04/PR,UOP04-DEL04-PR
749621,02/02/2026,segunda-feira,14:40:00,SC,470.0,"55,5",BLUMENAU,Condutor deixou de manter distância do veículo da frente,Colisão traseira,Com Vítimas Feridas,Pleno dia,Decrescente,Céu Claro,Dupla,Reta,Sim,3.0,0.0,0.0,1.0,1.0,1.0,0.0,3.0,"-26,87746838","-49,13010685",SPRF-SC,DEL04/SC,UOP01-DEL04-SC
749632,02/02/2026,segunda-feira,16:10:00,MG,116.0,"774,2",LEOPOLDINA,Demais falhas mecânicas ou elétricas,Saída de leito carroçável,Com Vítimas Fatais,Pleno dia,Decrescente,Sol,Simples,Curva;Declive,Não,1.0,1.0,0.0,0.0,0.0,0.0,0.0,1.0,"-21,57807","-42,6873",SPRF-MG,DEL07/MG,UOP01-DEL07-MG
749635,02/02/2026,segunda-feira,17:05:00,MG,262.0,366,JUATUBA,Entrada inopinada do pedestre,Atropelamento de Pedestre,Com Vítimas Feridas,Plena Noite,Decrescente,Céu Claro,Dupla,Reta,Não,3.0,0.0,0.0,1.0,1.0,1.0,0.0,3.0,"-19,97205809","-44,3315506",SPRF-MG,DEL01/MG,UOP03-DEL01-MG
749644,02/02/2026,segunda-feira,16:55:00,SC,282.0,483,FAXINAL DOS GUEDES,Condutor deixou de manter distância do veículo da frente,Saída de leito carroçável,Com Vítimas Feridas,Pleno dia,Crescente,Céu Claro,Simples,Reta,Não,3.0,0.0,1.0,0.0,1.0,1.0,0.0,3.0,"-26,88360414","-52,17792258",SPRF-SC,DEL07/SC,UOP01-DEL07-SC
749645,02/02/2026,segunda-feira,15:00:00,MA,316.0,215,GOVERNADOR NEWTON BELLO,Demais falhas mecânicas ou elétricas,Saída de leito carroçável,Com Vítimas Feridas,Pleno dia,Decrescente,Céu Claro,Simples,Reta,Não,3.0,0.0,3.0,0.0,3.0,0.0,0.0,1.0,"-3,44479152","-45,67118023",SPRF-MA,DEL02-MA,UOP01-DEL02-MA
749648,02/02/2026,segunda-feira,17:20:00,RJ,116.0,176,SAO JOAO DE MERITI,Manobra de mudança de faixa,Colisão lateral mesmo sentido,Com Vítimas Feridas,Pleno dia,Crescente,Nublado,Múltipla,Reta,Sim,4.0,0.0,1.0,0.0,1.0,2.0,0.0,5.0,"-22,7839511","-43,3812798",SPRF-RJ,DEL06/RJ,UOP01-DEL06-RJ
749653,02/02/2026,segunda-feira,17:26:00,SP,116.0,225,GUARULHOS,Objeto estático sobre o leito carroçável,Colisão com objeto,Com Vítimas Feridas,Pleno dia,Crescente,Céu Claro,Múltipla,Reta,Sim,2.0,0.0,1.0,0.0,1.0,1.0,0.0,2.0,"-23,48944687","-46,54695366",SPRF-SP,DEL01/SP,UOP01-DEL01-SP
749656,02/02/2026,segunda-feira,15:11:00,MT,163.0,751,SORRISO,Acessar a via sem observar a presença dos outros veículos,Colisão lateral mesmo sentido,Com Vítimas Feridas,Pleno dia,Decrescente,Garoa/Chuvisco,Dupla,Curva;Interseção de Vias;Retorno Regulamentado,Sim,3.0,0.0,1.0,0.0,1.0,1.0,0.0,4.0,"-12,56412509","-55,72212839",SPRF-MT,DEL06/MT,UOP01-DEL06-MT
749677,02/02/2026,segunda-feira,19:40:00,ES,259.0,"40,3",COLATINA,Transitar na contramão,Colisão lateral mesmo sentido,Com Vítimas Fatais,Plena Noite,Crescente,Céu Claro,Simples,Curva,Não,4.0,1.0,0.0,0.0,0.0,2.0,0.0,4.0,"-19,555628","-40,547578",SPRF-ES,DEL02-ES,UOP01-DEL02-ES
749680,02/02/2026,segunda-feira,20:00:00,SP,153.0,56,SAO JOSE DO RIO PRETO,Ausência de reação do condutor,Colisão traseira,Com Vítimas Feridas,Plena Noite,Decrescente,Nublado,Dupla,Reta,Não,2.0,0.0,0.0,1.0,1.0,1.0,0.0,2.0,"-20,7727916","-49,35088898",SPRF-SP,DEL09/SP,UOP01-DEL09-SP
749684,02/02/2026,segunda-feira,20:05:00,SC,116.0,"12,4",MAFRA,Ingestão de álcool pelo condutor,Colisão transversal,Sem Vítimas,Plena Noite,Decrescente,Céu Claro,Simples,Interseção de Vias,Não,3.0,0.0,0.0,0.0,0.0,2.0,0.0,3.0,"-26,17959521","-49,87102327",SPRF-SC,DEL06/SC,UOP01-DEL06-SC
749687,02/02/2026,segunda-feira,14:30:00,BA,116.0,582,NOVA ITARANA,Demais falhas na via,Tombamento,Com Vítimas Feridas,Pleno dia,Crescente,Céu Claro,Simples,Curva,Não,2.0,0.0,1.0,0.0,1.0,0.0,0.0,3.0,"-13,1226066","-39,9915839",SPRF-BA,DEL03/BA,UOP02-DEL03-BA
749688,02/02/2026,segunda-feira,20:00:00,PR,373.0,403,CANDOI,Transitar na contramão,Colisão frontal,Com Vítimas Fatais,Plena Noite,Crescente,Céu Claro,Simples,Curva,Não,2.0,1.0,0.0,0.0,0.0,1.0,0.0,2.0,"-25,60724","-52,05384",SPRF-PR,DEL08/PR,UOP01-DEL08-PR
749691,02/02/2026,segunda-feira,21:25:00,PR,369.0,"456,9",CORBELIA,Frear bruscamente,Colisão traseira,Com Vítimas Feridas,Plena Noite,Decrescente,Nublado,Simples,Curva;Declive,Sim,2.0,0.0,1.0,0.0,1.0,1.0,0.0,2.0,"-24,5878339","-53,201139",SPRF-PR,DEL04/PR,UOP03-DEL04-PR
749693,02/02/2026,segunda-feira,21:47:00,SC,470.0,"191,9",POUSO REDONDO,Reação tardia ou ineficiente do condutor,Colisão lateral sentido oposto,Com Vítimas Feridas,Pleno dia,Crescente,Nublado,Simples,Aclive;Curva,Não,3.0,0.0,0.0,2.0,2.0,1.0,0.0,2.0,"-27,293","-50,078",SPRF-SC,DEL04/SC,UOP02-DEL04-SC
749695,02/02/2026,segunda-feira,12:00:00,MA,10.0,248,IMPERATRIZ,Condutor deixou de manter distância do veículo da frente,Colisão traseira,Com Vítimas Feridas,Pleno dia,Decrescente,Céu Claro,Múltipla,Reta,Sim,2.0,0.0,0.0,1.0,1.0,1.0,0.0,2.0,"-5,55899","-47,45421",SPRF-MA,DEL04-MA,UOP01-DEL04-MA
749696,02/02/2026,segunda-feira,22:30:00,PE,101.0,"201,7",XEXEU,Velocidade Incompatível,Tombamento,Com Vítimas Feridas,Plena Noite,Decrescente,Céu Claro,Dupla,Curva;Declive,Não,1.0,0.0,1.0,0.0,1.0,0.0,0.0,1.0,"-8,78849","-35,62204",SPRF-PE,DEL01/PE,UOP03-DEL01-PE
749699,03/02/2026,terça-feira,00:10:00,CE,116.0,37,HORIZONTE,Condutor Dormindo,Colisão traseira,Com Vítimas Fatais,Pleno dia,Crescente,Céu Claro,Dupla,Reta,Sim,2.0,1.0,0.0,0.0,0.0,0.0,0.0,2.0,"-4,07239","-38,501301",SPRF-CE,DEL01/CE,UOP02-DEL01-CE
749701,02/02/2026,segunda-feira,23:35:00,MT,163.0,1102,GUARANTA DO NORTE,Transitar na contramão,Colisão frontal,Com Vítimas Feridas,Plena Noite,Crescente,Chuva,Simples,Curva;Aclive,Não,6.0,0.0,0.0,3.0,3.0,0.0,0.0,6.0,"-9,64832898","-54,87254083",SPRF-MT,DEL06/MT,UOP03-DEL06-MT
749702,03/02/2026,terça-feira,00:00:00,PR,277.0,166,PORTO AMAZONAS,Ausência de reação do condutor,Saída de leito carroçável,Com Vítimas Feridas,Plena Noite,Crescente,Céu Claro,Simples,Reta,Não,4.0,0.0,3.0,0.0,3.0,0.0,0.0,2.0,"-25,46371","-49,91487",SPRF-PR,DEL01/PR,UOP07-DEL01-PR
749706,03/02/2026,terça-feira,01:20:00,MG,251.0,472,FRANCISCO SA,Reação tardia ou ineficiente do condutor,Saída de leito carroçável,Com Vítimas Feridas,Plena Noite,Decrescente,Nublado,Simples,Curva;Declive,Não,2.0,0.0,0.0,1.0,1.0,0.0,0.0,2.0,"-16,474058","-43,422192",SPRF-MG,DEL12/MG,UOP01-DEL12-MG
749707,03/02/2026,terça-feira,01:50:00,MG,381.0,334,BELA VISTA DE MINAS,Condutor Dormindo,Tombamento,Com Vítimas Feridas,Plena Noite,Decrescente,Nublado,Simples,Curva;Aclive,Não,2.0,0.0,1.0,0.0,1.0,1.0,0.0,1.0,"-19,821434","-43,074777",SPRF-MG,DEL03/MG,UOP01-DEL03-MG
749712,03/02/2026,terça-feira,00:55:00,PR,476.0,"283,6",SAO MATEUS DO SUL,Velocidade Incompatível,Colisão frontal,Com Vítimas Fatais,Plena Noite,Decrescente,Céu Claro,Simples,Reta,Não,2.0,1.0,0.0,0.0,0.0,1.0,0.0,2.0,"-25,89703","-50,43833",SPRF-PR,DEL02/PR,UOP03-DEL02-PR
749714,03/02/2026,terça-feira,02:00:00,RJ,101.0,310,SAO GONCALO,Carga excessiva e/ou mal acondicionada,Tombamento,Com Vítimas Feridas,Amanhecer,Crescente,Céu Claro,Dupla,Reta,Sim,1.0,0.0,1.0,0.0,1.0,0.0,0.0,1.0,"-22,79897134","-43,04992676",SPRF-RJ,DEL02/RJ,UOP02-DEL02-RJ
749716,03/02/2026,terça-feira,05:50:00,BA,242.0,823,BARREIRAS,Reação tardia ou ineficiente do condutor,Colisão traseira,Com Vítimas Feridas,Pleno dia,Decrescente,Chuva,Simples,Reta,Não,4.0,0.0,1.0,0.0,1.0,2.0,0.0,4.0,"-12,12694253","-45,02471924",SPRF-BA,DEL10/BA,UOP01-DEL10-BA
749717,03/02/2026,terça-feira,01:15:00,MG,267.0,"9,5",LEOPOLDINA,Reação tardia ou ineficiente do condutor,Saída de leito carroçável,Com Vítimas Feridas,Plena Noite,Decrescente,Chuva,Simples,Reta,Não,2.0,0.0,1.0,0.0,1.0,0.0,0.0,2.0,"-21,57029129","-42,69184113",SPRF-MG,DEL07/MG,UOP01-DEL07-MG
749722,03/02/2026,terça-feira,07:23:00,PA,316.0,"63,6",CASTANHAL,Acessar a via sem observar a presença dos outros veículos,Colisão transversal,Com Vítimas Fatais,Pleno dia,Crescente,Sol,Dupla,Reta;Interseção de Vias,Sim,2.0,1.0,0.0,0.0,0.0,1.0,0.0,2.0,"-1,29647992","-47,92294264",SPRF-PA,DEL01/PA,UOP01-DEL01-PA
749724,03/02/2026,terça-feira,07:20:00,BA,101.0,826,PRADO,Acostamento em desnível,Colisão lateral mesmo sentido,Com Vítimas Feridas,Pleno dia,Decrescente,Céu Claro,Simples,Reta,Não,5.0,0.0,1.0,1.0,2.0,2.0,0.0,3.0,"-17,14021353","-39,56854248",SPRF-BA,DEL09/BA,UOP02-DEL09-BA
749729,02/02/2026,segunda-feira,23:20:00,SP,116.0,169,JACAREI,Reação tardia ou ineficiente do condutor,Colisão traseira,Sem Vítimas,Plena Noite,Crescente,Nublado,Múltipla,Reta,Não,2.0,0.0,0.0,0.0,0.0,2.0,0.0,2.0,"-23,30654215","-46,03954911",SPRF-SP,DEL02/SP,UOP01-DEL02-SP
749739,03/02/2026,terça-feira,08:20:00,PR,376.0,"2,8",APUCARANA,Transitar na contramão,Colisão frontal,Com Vítimas Feridas,Pleno dia,Decrescente,Garoa/Chuvisco,Simples,Reta;Aclive;Interseção de Vias,Sim,3.0,0.0,1.0,0.0,1.0,1.0,0.0,3.0,"-23,55936832","-51,43687412",SPRF-PR,DEL07/PR,UOP03-DEL07-PR
749751,03/02/2026,terça-feira,09:10:00,ES,262.0,"85,3",DOMINGOS MARTINS,Demais falhas mecânicas ou elétricas,Incêndio,Sem Vítimas,Pleno dia,Crescente,Nublado,Dupla,Aclive;Reta,Não,2.0,0.0,0.0,0.0,0.0,2.0,0.0,1.0,"-20,397722","-40,990365",SPRF-ES,DEL01-ES,UOP02-DEL01-ES
749753,03/02/2026,terça-feira,05:30:00,BA,367.0,"26,6",PORTO SEGURO,Demais falhas na via,Colisão frontal,Com Vítimas Feridas,Amanhecer,Crescente,Céu Claro,Simples,Reta,Sim,3.0,0.0,1.0,0.0,1.0,0.0,0.0,3.0,"-16,4266","-39,098567",SPRF-BA,DEL09/BA,UOP03-DEL09-BA
749758,03/02/2026,terça-feira,10:20:00,SP,381.0,74,SAO PAULO,Ausência de reação do condutor,Colisão traseira,Com Vítimas Feridas,Pleno dia,Decrescente,Chuva,Múltipla,Curva;Aclive,Não,2.0,0.0,1.0,0.0,1.0,1.0,0.0,2.0,"-23,39545695","-46,57248393",SPRF-SP,DEL03/SP,UOP01-DEL03-SP
749762,03/02/2026,terça-feira,10:40:00,MG,381.0,813,CAREACU,Sinalização mal posicionada,Colisão traseira,Com Vítimas Feridas,Pleno dia,Crescente,Chuva,Dupla,Declive;Curva,Não,5.0,0.0,2.0,0.0,2.0,2.0,0.0,3.0,"-22,02063","-45,6818",SPRF-MG,DEL16/MG,UOP02-DEL16-MG
749763,03/02/2026,terça-feira,05:30:00,RJ,116.0,209,SEROPEDICA,Pedestre andava na pista,Atropelamento de Pedestre,Com Vítimas Fatais,Amanhecer,Decrescente,Céu Claro,Múltipla,Reta,Não,2.0,1.0,0.0,0.0,0.0,0.0,0.0,2.0,"-22,72091672","-43,68304828",SPRF-RJ,DEL06/RJ,UOP02-DEL06-RJ
749764,03/02/2026,terça-feira,08:30:00,SC,101.0,"20,3",JOINVILLE,Manobra de mudança de faixa,Colisão lateral mesmo sentido,Com Vítimas Fatais,Pleno dia,Decrescente,Nublado,Dupla,Reta,Não,4.0,1.0,0.0,0.0,0.0,1.0,0.0,4.0,"-26,1431734","-48,9051051",SPRF-SC,DEL03/SC,UOP01-DEL03-SC
749765,03/02/2026,terça-feira,08:30:00,SC,101.0,113,ITAJAI,Ausência de reação do condutor,Tombamento,Com Vítimas Feridas,Pleno dia,Decrescente,Céu Claro,Múltipla,Reta,Não,2.0,0.0,1.0,0.0,1.0,0.0,0.0,2.0,"-26,85455148","-48,72685432",SPRF-SC,DEL04/SC,UOP04-DEL04-SC
749768,03/02/2026,terça-feira,04:50:00,MG,262.0,"2,5",MARTINS SOARES,Acumulo de água sobre o pavimento,Colisão frontal,Com Vítimas Feridas,Amanhecer,Crescente,Chuva,Simples,Curva;Declive,Não,3.0,0.0,1.0,0.0,1.0,1.0,0.0,6.0,"-20,2554133","-41,7808933",SPRF-MG,DEL06/MG,UOP03-DEL06-MG
749772,03/02/2026,terça-feira,08:20:00,PA,316.0,34,SANTA IZABEL DO PARA,Ausência de reação do condutor,Colisão lateral mesmo sentido,Sem Vítimas,Pleno dia,Decrescente,Nublado,Dupla,Reta,Sim,4.0,0.0,0.0,0.0,0.0,1.0,0.0,3.0,"-1,292986","-48,170971",SPRF-PA,DEL01/PA,UOP01-DEL01-PA
749773,03/02/2026,terça-feira,08:00:00,RJ,101.0,394,ITAGUAI,Animais na Pista,Colisão lateral mesmo sentido,Com Vítimas Feridas,Pleno dia,Crescente,Céu Claro,Dupla,Reta,Não,2.0,0.0,1.0,0.0,1.0,0.0,0.0,2.0,"-22,85890867","-43,75939612",SPRF-RJ,DEL03/RJ,UOP01-DEL03-RJ
749776,03/02/2026,terça-feira,11:30:00,PR,116.0,"101,9",SAO JOSE DOS PINHAIS,Problema com o freio,Colisão traseira,Sem Vítimas,Pleno dia,Crescente,Nublado,Dupla,Reta,Não,2.0,0.0,0.0,0.0,0.0,2.0,0.0,2.0,"-25,568159","-49,177007",SPRF-PR,DEL01/PR,UOP08-DEL01-PR
749779,03/02/2026,terça-feira,11:10:00,MG,381.0,2,BETIM,Ultrapassagem Indevida,Colisão lateral mesmo sentido,Com Vítimas Feridas,Pleno dia,Crescente,Nublado,Dupla,Reta,Sim,3.0,0.0,2.0,0.0,2.0,1.0,0.0,3.0,"-19,981319","-44,16275",SPRF-MG,DEL01/MG,UOP03-DEL01-MG
749780,03/02/2026,terça-feira,12:00:00,RJ,116.0,182,NOVA IGUACU,Ausência de reação do condutor,Colisão traseira,Com Vítimas Feridas,Pleno dia,Decrescente,Nublado,Dupla,Reta,Não,3.0,0.0,1.0,0.0,1.0,2.0,0.0,2.0,"-22,77383899","-43,47623444",SPRF-RJ,DEL06/RJ,UOP01-DEL06-RJ
749785,03/02/2026,terça-feira,11:30:00,RJ,393.0,"257,6",BARRA DO PIRAI,Conversão proibida,Colisão transversal,Com Vítimas Feridas,Pleno dia,Crescente,Sol,Simples,Reta,Não,3.0,0.0,0.0,1.0,1.0,1.0,0.0,3.0,"-22,464807","-43,855924",SPRF-RJ,DEL05/RJ,UOP04-DEL05-RJ
749792,03/02/2026,terça-feira,12:20:00,RJ,40.0,112,DUQUE DE CAXIAS,Reação tardia ou ineficiente do condutor,Colisão traseira,Com Vítimas Feridas,Pleno dia,Decrescente,Céu Claro,Dupla,Reta,Sim,5.0,0.0,2.0,0.0,2.0,2.0,0.0,3.0,"-22,70210279","-43,2900781",SPRF-RJ,DEL01/RJ,UOP02-DEL01-RJ
749793,03/02/2026,terça-feira,11:45:00,AL,101.0,247,PORTO REAL DO COLEGIO,Velocidade Incompatível,Tombamento,Com Vítimas Feridas,Pleno dia,Crescente,Céu Claro,Dupla,Curva,Não,6.0,0.0,2.0,0.0,2.0,3.0,0.0,5.0,"-10,20203518","-36,81756115",SPRF-AL,DEL02-AL,UOP02-DEL02-AL
749796,03/02/2026,terça-feira,07:45:00,MG,381.0,"231,5",SANTANA DO PARAISO,Acessar a via sem observar a presença dos outros veículos,Colisão transversal,Com Vítimas Feridas,Pleno dia,Decrescente,Céu Claro,Simples,Retorno Regulamentado,Não,2.0,0.0,0.0,1.0,1.0,1.0,0.0,2.0,"-19,371337","-42,457552",SPRF-MG,DEL06/MG,UOP01-DEL06-MG
749803,03/02/2026,terça-feira,14:10:00,SP,116.0,350,MIRACATU,Problema com o freio,Colisão lateral mesmo sentido,Com Vítimas Feridas,Pleno dia,Crescente,Garoa/Chuvisco,Dupla,Reta;Declive,Não,5.0,0.0,2.0,0.0,2.0,2.0,0.0,7.0,"-24,0615501","-47,2262938",SPRF-SP,DEL04/SP,UOP03-DEL04-SP
749819,03/02/2026,terça-feira,15:20:00,MG,459.0,73,SENADOR JOSE BENTO,Restrição de visibilidade em curvas horizontais,Colisão transversal,Com Vítimas Feridas,Pleno dia,Crescente,Nublado,Simples,Curva;Aclive;Interseção de Vias,Não,4.0,0.0,1.0,0.0,1.0,3.0,0.0,2.0,"-22,13343198","-46,15644962",SPRF-MG,DEL09/MG,UOP01-DEL09-MG
749822,03/02/2026,terça-feira,13:50:00,SC,116.0,"41,3",ITAIOPOLIS,Ausência de reação do condutor,Colisão lateral sentido oposto,Com Vítimas Feridas,Pleno dia,Decrescente,Nublado,Simples,Reta,Não,3.0,0.0,0.0,1.0,1.0,1.0,0.0,3.0,"-26,33739344","-50,00532389",SPRF-SC,DEL06/SC,UOP01-DEL06-SC
749823,03/02/2026,terça-feira,15:20:00,ES,101.0,"112,6",LINHARES,Condutor Dormindo,Colisão com objeto,Com Vítimas Feridas,Pleno dia,Crescente,Céu Claro,Simples,Reta;Aclive,Não,2.0,0.0,1.0,0.0,1.0,0.0,0.0,2.0,"-19,08444577","-40,0459515",SPRF-ES,DEL04-ES,UOP01-DEL04-ES
749828,03/02/2026,terça-feira,13:55:00,MS,163.0,11,MUNDO NOVO,Condutor deixou de manter distância do veículo da frente,Colisão traseira,Sem Vítimas,Pleno dia,Decrescente,Chuva,Simples,Aclive;Em Obras,Não,4.0,0.0,0.0,0.0,0.0,3.0,0.0,4.0,"-23,968","-54,328",SPRF-MS,DEL09/MS,UOP02-DEL09-MS
749830,03/02/2026,terça-feira,12:50:00,PA,316.0,93,SAO FRANCISCO DO PARA,Transitar na contramão,Colisão frontal,Com Vítimas Feridas,Pleno dia,Decrescente,Chuva,Simples,Reta,Não,3.0,0.0,0.0,1.0,1.0,1.0,0.0,3.0,"-1,324995","-47,66052",SPRF-PA,DEL01/PA,UOP02-DEL01-PA
749836,03/02/2026,terça-feira,16:40:00,MG,381.0,511,IGARAPE,Problema com o freio,Colisão lateral mesmo sentido,Com Vítimas Feridas,Pleno dia,Decrescente,Nublado,Múltipla,Reta;Declive,Não,9.0,0.0,5.0,0.0,5.0,3.0,0.0,7.0,"-20,06006328","-44,29060936",SPRF-MG,DEL01/MG,UOP03-DEL01-MG
749844,03/02/2026,terça-feira,17:00:00,RN,405.0,"79,8",APODI,Acesso irregular,Colisão lateral mesmo sentido,Com Vítimas Fatais,Pleno dia,Crescente,Céu Claro,Simples,Reta,Não,2.0,1.0,0.0,0.0,0.0,1.0,0.0,2.0,"-5,70155513","-37,80252594",SPRF-RN,DEL04-RN,UOP02-DEL04-RN
749845,03/02/2026,terça-feira,16:00:00,AL,101.0,218,PORTO REAL DO COLEGIO,Problema com o freio,Colisão lateral mesmo sentido,Com Vítimas Feridas,Pleno dia,Decrescente,Sol,Dupla,Reta;Em Obras,Não,4.0,0.0,1.0,1.0,2.0,1.0,0.0,6.0,"-10,12165355","-36,73244476",SPRF-AL,DEL02-AL,UOP02-DEL02-AL
749846,03/02/2026,terça-feira,16:40:00,ES,101.0,269,SERRA,Acessar a via sem observar a presença dos outros veículos,Colisão transversal,Com Vítimas Feridas,Anoitecer,Decrescente,Nublado,Múltipla,Reta;Interseção de Vias,Sim,2.0,0.0,1.0,0.0,1.0,1.0,0.0,2.0,"-20,21798575","-40,26974201",SPRF-ES,DEL02-ES,UOP01-DEL02-ES
749847,03/02/2026,terça-feira,14:39:00,MT,364.0,267,JACIARA,Ausência de reação do condutor,Colisão traseira,Com Vítimas Feridas,Pleno dia,Crescente,Chuva,Dupla,Reta,Não,2.0,0.0,1.0,0.0,1.0,1.0,0.0,2.0,"-15,98746","-54,92705",SPRF-MT,DEL02/MT,UOP01-DEL02-MT
749852,03/02/2026,terça-feira,17:15:00,PR,376.0,"597,3",CURITIBA,Trafegar com motocicleta (ou similar) entre as faixas,Queda de ocupante de veículo,Com Vítimas Fatais,Pleno dia,Crescente,Nublado,Dupla,Reta,Não,3.0,1.0,0.0,0.0,0.0,1.0,0.0,3.0,"-25,4811739","-49,3497139",SPRF-PR,DEL01/PR,UOP03-DEL01-PR
749854,03/02/2026,terça-feira,16:00:00,SP,116.0,501,CAJATI,Acessar a via sem observar a presença dos outros veículos,Colisão lateral mesmo sentido,Com Vítimas Feridas,Pleno dia,Decrescente,Chuva,Simples,Reta,Não,4.0,0.0,2.0,0.0,2.0,1.0,0.0,3.0,"-24,78290893","-48,17273676",SPRF-SP,DEL05/SP,UOP02-DEL05-SP
749856,03/02/2026,terça-feira,17:00:00,MG,262.0,423,SAO GONCALO DO PARA,Manobra de mudança de faixa,Colisão traseira,Com Vítimas Feridas,Pleno dia,Decrescente,Nublado,Dupla,Aclive,Não,3.0,0.0,1.0,0.0,1.0,1.0,0.0,5.0,"-19,896373","-44,849906",SPRF-MG,DEL08/MG,UOP03-DEL08-MG
749857,03/02/2026,terça-feira,11:00:00,RO,364.0,"298,1",PRESIDENTE MEDICI,Ausência de reação do condutor,Colisão traseira,Com Vítimas Feridas,Pleno dia,Decrescente,Céu Claro,Simples,Reta,Não,3.0,0.0,1.0,0.0,1.0,1.0,0.0,5.0,"-11,262407","-61,902128",SPRF-RO,DEL02-RO,UOP01-DEL02-RO
749861,03/02/2026,terça-feira,16:40:00,MT,163.0,829,SINOP,Acessar a via sem observar a presença dos outros veículos,Tombamento,Com Vítimas Feridas,Anoitecer,Decrescente,Céu Claro,Simples,Retorno Regulamentado,Sim,5.0,0.0,2.0,0.0,2.0,3.0,0.0,2.0,"-11,91306199","-55,50880909",SPRF-MT,DEL06/MT,UOP02-DEL06-MT
749865,03/02/2026,terça-feira,15:21:00,MT,70.0,"2,9",BARRA DO GARCAS,Condutor deixou de manter distância do veículo da frente,Colisão traseira,Com Vítimas Feridas,Pleno dia,Decrescente,Céu Claro,Dupla,Reta;Aclive,Sim,3.0,0.0,1.0,0.0,1.0,1.0,0.0,3.0,"-15,882647","-52,275613",SPRF-MT,DEL07/MT,UOP01-DEL07-MT
749869,03/02/2026,terça-feira,16:10:00,TO,10.0,"462,8",PALMAS,Manobra de mudança de faixa,Colisão lateral mesmo sentido,Com Vítimas Feridas,Pleno dia,Decrescente,Céu Claro,Múltipla,Reta,Sim,3.0,0.0,1.0,0.0,1.0,1.0,0.0,4.0,"-10,241175","-48,312094",SPRF-TO,DEL01-TO,UOP03-DEL01-TO
749876,03/02/2026,terça-feira,18:15:00,PR,116.0,23,ANTONINA,Chuva,Saída de leito carroçável,Com Vítimas Feridas,Plena Noite,Decrescente,Chuva,Dupla,Curva;Declive,Não,2.0,0.0,1.0,0.0,1.0,0.0,0.0,2.0,"-25,113287","-48,758342",SPRF-PR,DEL01/PR,UOP02-DEL01-PR
749880,03/02/2026,terça-feira,17:50:00,RJ,40.0,113,DUQUE DE CAXIAS,Manobra de mudança de faixa,Colisão lateral mesmo sentido,Com Vítimas Feridas,Pleno dia,Decrescente,Céu Claro,Múltipla,Reta,Sim,3.0,0.0,0.0,1.0,1.0,2.0,0.0,3.0,"-22,70621011","-43,29021547",SPRF-RJ,DEL01/RJ,UOP02-DEL01-RJ
749883,03/02/2026,terça-feira,18:10:00,TO,153.0,93,WANDERLANDIA,Ausência de reação do condutor,Saída de leito carroçável,Com Vítimas Feridas,Anoitecer,Crescente,Nublado,Simples,Curva,Sim,2.0,0.0,1.0,0.0,1.0,0.0,0.0,2.0,"-6,854422","-47,973005",SPRF-TO,DEL02-TO,UOP01-DEL02-TO