id,data_inversa,dia_semana,horario,uf,br,km,municipio,causa_acidente,tipo_acidente,classificacao_acidente,fase_dia,sentido_via,condicao_metereologica,tipo_pista,tracado_via,uso_solo,pessoas,mortos,feridos_leves,feridos_graves,feridos,ilesos,ignorados,veiculos,latitude,longitude,regional,delegacia,uop
750750,07/02/2026,sábado,19:40:00,PR,376.0,187,MARIALVA,Manobra de mudança de faixa,Colisão lateral mesmo sentido,Sem Vítimas,Plena Noite,Crescente,Garoa/Chuvisco,Dupla,Reta,Sim,3.0,0.0,0.0,0.0,0.0,3.0,0.0,3.0,"-23,464768","-51,831033",SPRF-PR,DEL09/PR,UOP01-DEL09-PR
750758,07/02/2026,sábado,19:28:00,PE,232.0,"355,6",FLORES,Transitar na contramão,Colisão lateral sentido oposto,Sem Vítimas,Plena Noite,Decrescente,Chuva,Simples,Reta,Não,4.0,0.0,0.0,0.0,0.0,1.0,0.0,4.0,"-8,053902","-37,830513",SPRF-PE,DEL04/PE,UOP01-DEL04-PE
750760,07/02/2026,sábado,20:19:00,BA,116.0,"15,4",VITORIA DA CONQUISTA,Ingestão de álcool pelo condutor,Colisão traseira,Com Vítimas Feridas,Plena Noite,Crescente,Céu Claro,Simples,Reta,Sim,5.0,0.0,1.0,0.0,1.0,4.0,0.0,3.0,"-14,90065727","-40,85318903",SPRF-BA,DEL08/BA,UOP01-DEL08-BA
750763,07/02/2026,sábado,19:40:00,PB,230.0,79,RIACHAO DO POCO,Demais falhas mecânicas ou elétricas,Colisão traseira,Com Vítimas Feridas,Plena Noite,Crescente,Nublado,Dupla,Reta;Aclive,Não,9.0,0.0,2.0,1.0,3.0,5.0,0.0,5.0,"-7,179922","-35,315457",SPRF-PB,DEL01-PB,UOP02-DEL01-PB
750781,07/02/2026,sábado,20:30:00,PR,277.0,299,PRUDENTOPOLIS,Reação tardia ou ineficiente do condutor,Colisão traseira,Com Vítimas Feridas,Plena Noite,Crescente,Chuva,Simples,Curva,Não,5.0,0.0,3.0,0.0,3.0,1.0,0.0,4.0,"-25,25470494","-51,07235877",SPRF-PR,DEL08/PR,UOP01-DEL08-PR
750783,07/02/2026,sábado,11:35:00,GO,364.0,192,JATAI,Desrespeitar a preferência no cruzamento,Colisão lateral mesmo sentido,Com Vítimas Feridas,Pleno dia,Crescente,Chuva,Dupla,Rotatória,Não,5.0,0.0,2.0,0.0,2.0,2.0,0.0,6.0,"-17,91447099","-51,76661253",SPRF-GO,DEL05/GO,UOP01-DEL05-GO
750787,07/02/2026,sábado,21:40:00,MG,381.0,493,BETIM,Ingestão de álcool pelo condutor,Colisão traseira,Sem Vítimas,Plena Noite,Crescente,Céu Claro,Dupla,Reta,Sim,3.0,0.0,0.0,0.0,0.0,2.0,0.0,4.0,"-19,96462092","-44,17251414",SPRF-MG,DEL01/MG,UOP03-DEL01-MG
750789,07/02/2026,sábado,19:45:00,PA,316.0,"33,9",SANTA IZABEL DO PARA,Acessar a via sem observar a presença dos outros veículos,Colisão transversal,Com Vítimas Feridas,Plena Noite,Crescente,Chuva,Dupla,Reta,Sim,3.0,0.0,1.0,0.0,1.0,1.0,0.0,3.0,"-1,294917","-48,173093",SPRF-PA,DEL01/PA,UOP01-DEL01-PA
750795,07/02/2026,sábado,21:50:00,PI,316.0,"366,5",VILA NOVA DO PIAUI,Manobra de mudança de faixa,Colisão frontal,Com Vítimas Fatais,Plena Noite,Crescente,Garoa/Chuvisco,Simples,Reta,Não,4.0,2.0,0.0,0.0,0.0,1.0,0.0,3.0,"-7,139702","-40,970645",SPRF-PI,DEL04-PI,UOP03-DEL04-PI
750796,30/01/2026,sexta-feira,12:20:00,RJ,393.0,153,TRES RIOS,Demais falhas mecânicas ou elétricas,Atropelamento de Pedestre,Com Vítimas Feridas,Pleno dia,Decrescente,Céu Claro,Simples,Reta,Não,1.0,0.0,1.0,0.0,1.0,0.0,0.0,1.0,"-22,0886175","-43,060652",SPRF-RJ,DEL05/RJ,UOP01-DEL05-RJ
750797,07/02/2026,sábado,22:30:00,BA,101.0,870,TEIXEIRA DE FREITAS,Transitar na contramão,Colisão lateral sentido oposto,Com Vítimas Feridas,Pleno dia,Crescente,Céu Claro,Simples,Reta;Declive,Não,2.0,0.0,0.0,1.0,1.0,1.0,0.0,2.0,"-17,48808903","-39,70605946",SPRF-BA,DEL09/BA,UOP02-DEL09-BA
750801,07/02/2026,sábado,20:40:00,MG,116.0,"124,1",ITAOBIM,Ausência de reação do condutor,Tombamento,Com Vítimas Feridas,Plena Noite,Decrescente,Céu Claro,Simples,Declive;Curva,Não,2.0,0.0,1.0,0.0,1.0,0.0,0.0,2.0,"-16,636709","-41,501895",SPRF-MG,DEL11/MG,UOP02-DEL11-MG
750802,07/02/2026,sábado,18:40:00,MG,381.0,224,BELO ORIENTE,Condutor deixou de manter distância do veículo da frente,Colisão traseira,Com Vítimas Feridas,Anoitecer,Decrescente,Céu Claro,Simples,Reta,Não,5.0,0.0,1.0,0.0,1.0,3.0,0.0,3.0,"-19,323767","-42,412208",SPRF-MG,DEL06/MG,UOP01-DEL06-MG
750818,07/02/2026,sábado,21:00:00,PI,20.0,"398,3",PIO IX,Ausência de reação do condutor,Colisão lateral sentido oposto,Com Vítimas Feridas,Plena Noite,Crescente,Chuva,Simples,Reta,Não,3.0,0.0,1.0,0.0,1.0,1.0,0.0,3.0,"-6,623437","-40,866208",SPRF-PI,DEL04-PI,UOP01-DEL04-PI
750821,08/02/2026,domingo,01:13:00,SP,116.0,346,MIRACATU,Velocidade Incompatível,Tombamento,Com Vítimas Feridas,Plena Noite,Crescente,Ignorado,Dupla,Curva,Não,2.0,0.0,1.0,0.0,1.0,0.0,0.0,2.0,"-24,11947261","-47,26567268",SPRF-SP,DEL04/SP,UOP03-DEL04-SP
750823,08/02/2026,domingo,02:30:00,MG,251.0,428,GRAO MOGOL,Velocidade Incompatível,Saída de leito carroçável,Com Vítimas Feridas,Plena Noite,Decrescente,Céu Claro,Simples,Curva;Declive,Não,2.0,0.0,1.0,0.0,1.0,0.0,0.0,2.0,"-16,325168","-43,122734",SPRF-MG,DEL12/MG,UOP01-DEL12-MG
750832,08/02/2026,domingo,04:15:00,GO,153.0,31,PORANGATU,Ausência de reação do condutor,Tombamento,Com Vítimas Fatais,Amanhecer,Decrescente,Céu Claro,Simples,Reta;Declive,Não,3.0,2.0,0.0,0.0,0.0,0.0,0.0,2.0,"-13,105266","-49,2010284",SPRF-GO,DEL07/GO,UOP01-DEL07-GO
750841,08/02/2026,domingo,05:24:00,MG,251.0,428,GRAO MOGOL,Ausência de sinalização,Colisão lateral mesmo sentido,Com Vítimas Feridas,Pleno dia,Crescente,Céu Claro,Simples,Curva,Não,6.0,0.0,3.0,0.0,3.0,2.0,0.0,2.0,"-16,325164","-43,12274",SPRF-MG,DEL12/MG,UOP01-DEL12-MG
750861,08/02/2026,domingo,05:00:00,BA,407.0,48,JUAZEIRO,Chuva,Colisão lateral sentido oposto,Sem Vítimas,Amanhecer,Crescente,Chuva,Simples,Reta,Não,3.0,0.0,0.0,0.0,0.0,2.0,0.0,3.0,"-9,80057","-40,322372",SPRF-BA,DEL04/BA,UOP01-DEL04-BA
750866,08/02/2026,domingo,06:10:00,BA,235.0,347,JUAZEIRO,Condutor Dormindo,Colisão transversal,Com Vítimas Feridas,Pleno dia,Crescente,Céu Claro,Simples,Reta,Sim,4.0,0.0,2.0,1.0,3.0,1.0,0.0,2.0,"-9,440958","-40,4950142",SPRF-PE,DEL06/PE,UOP01-DEL06-PE
750867,08/02/2026,domingo,00:30:00,MT,70.0,50,BARRA DO GARCAS,Problema na suspensão,Colisão com objeto,Sem Vítimas,Plena Noite,Decrescente,Céu Claro,Simples,Ponte,Não,2.0,0.0,0.0,0.0,0.0,1.0,0.0,4.0,"-15,87245778","-52,38554087",SPRF-MT,DEL07/MT,UOP01-DEL07-MT
750888,07/02/2026,sábado,05:30:00,MT,163.0,"506,9",ROSARIO OESTE,Ausência de reação do condutor,Colisão transversal,Com Vítimas Feridas,Amanhecer,Decrescente,Chuva,Simples,Ponte;Reta,Não,3.0,0.0,1.0,0.0,1.0,1.0,0.0,7.0,"-15,13682073","-56,52233005",SPRF-MT,DEL01/MT,UOP01-DEL01-MT
750890,08/02/2026,domingo,09:00:00,RN,304.0,"131,5",ITAJA,Velocidade Incompatível,Colisão frontal,Com Vítimas Feridas,Pleno dia,Crescente,Nublado,Simples,Reta,Não,2.0,0.0,1.0,0.0,1.0,1.0,0.0,2.0,"-5,65958","-36,75733",SPRF-RN,DEL04-RN,UOP01-DEL04-RN
750901,08/02/2026,domingo,09:50:00,MT,364.0,204,RONDONOPOLIS,Mal súbito do condutor,Saída de leito carroçável,Com Vítimas Feridas,Pleno dia,Crescente,Céu Claro,Dupla,Reta,Sim,4.0,0.0,1.0,0.0,1.0,2.0,0.0,3.0,"-16,43784825","-54,68167306",SPRF-MT,DEL02/MT,UOP01-DEL02-MT
750902,08/02/2026,domingo,11:20:00,ES,101.0,246,SERRA,Manobra de mudança de faixa,Colisão traseira,Com Vítimas Feridas,Pleno dia,Crescente,Céu Claro,Simples,Curva,Não,6.0,0.0,1.0,0.0,1.0,3.0,0.0,4.0,"-20,06612107","-40,37564546",SPRF-ES,DEL02-ES,UOP01-DEL02-ES
750903,08/02/2026,domingo,08:20:00,MG,381.0,"698,1",LAVRAS,Demais falhas mecânicas ou elétricas,Derramamento de carga,Sem Vítimas,Pleno dia,Decrescente,Nublado,Dupla,Reta,Não,2.0,0.0,0.0,0.0,0.0,1.0,0.0,2.0,"-21,30545015","-45,15667105",SPRF-MG,DEL04/MG,UOP02-DEL04-MG
750919,08/02/2026,domingo,12:33:00,MS,163.0,446,CAMPO GRANDE,Reação tardia ou ineficiente do condutor,Tombamento,Com Vítimas Feridas,Pleno dia,Decrescente,Céu Claro,Simples,Reta;Aclive,Não,3.0,0.0,2.0,0.0,2.0,0.0,0.0,2.0,"-20,75874","-54,53123",SPRF-MS,DEL01/MS,UOP01-DEL01-MS
750922,08/02/2026,domingo,11:45:00,RS,285.0,208,LAGOA VERMELHA,Acessar a via sem observar a presença dos outros veículos,Colisão transversal,Com Vítimas Feridas,Pleno dia,Decrescente,Sol,Simples,Interseção de Vias,Não,3.0,0.0,1.0,1.0,2.0,1.0,0.0,2.0,"-28,224041","-51,610494",SPRF-RS,DEL08/RS,UOP05-DEL08-RS
750925,08/02/2026,domingo,12:45:00,BA,116.0,"658,6",JEQUIE,Condutor deixou de manter distância do veículo da frente,Colisão traseira,Com Vítimas Feridas,Pleno dia,Crescente,Céu Claro,Simples,Curva,Não,3.0,0.0,1.0,1.0,2.0,1.0,0.0,2.0,"-13,736434","-40,099715",SPRF-BA,DEL03/BA,UOP01-DEL03-BA
750931,08/02/2026,domingo,11:50:00,PR,277.0,398,CANDOI,Transitar na contramão,Colisão frontal,Com Vítimas Fatais,Pleno dia,Crescente,Nublado,Simples,Aclive;Reta,Não,6.0,3.0,0.0,1.0,1.0,1.0,0.0,4.0,"-25,447796","-51,907935",SPRF-PR,DEL08/PR,UOP01-DEL08-PR
750940,08/02/2026,domingo,14:00:00,RO,364.0,"248,9",CACOAL,Ultrapassagem Indevida,Colisão frontal,Com Vítimas Feridas,Pleno dia,Crescente,Céu Claro,Simples,Reta;Aclive,Não,7.0,0.0,3.0,0.0,3.0,1.0,0.0,12.0,"-11,438201","-61,550483",SPRF-RO,DEL02-RO,UOP02-DEL02-RO
750942,08/02/2026,domingo,14:50:00,ES,262.0,103,VENDA NOVA DO IMIGRANTE,Carga excessiva e/ou mal acondicionada,Tombamento,Com Vítimas Feridas,Pleno dia,Crescente,Sol,Simples,Rotatória,Sim,2.0,0.0,2.0,0.0,2.0,0.0,0.0,1.0,"-20,33217584","-41,1298735",SPRF-ES,DEL01-ES,UOP02-DEL01-ES
750946,08/02/2026,domingo,16:40:00,BA,324.0,615,SALVADOR,Reação tardia ou ineficiente do condutor,Colisão lateral mesmo sentido,Sem Vítimas,Pleno dia,Crescente,Céu Claro,Dupla,Aclive;Reta,Não,5.0,0.0,0.0,0.0,0.0,5.0,0.0,2.0,"-12,8850604","-38,435684",SPRF-BA,DEL01/BA,UOP01-DEL01-BA
750951,08/02/2026,domingo,15:00:00,MG,365.0,370,PATOS DE MINAS,Chuva,Colisão com objeto,Com Vítimas Feridas,Pleno dia,Crescente,Chuva,Simples,Reta,Não,3.0,0.0,0.0,2.0,2.0,0.0,0.0,2.0,"-18,54","-46,196",SPRF-MG,DEL10/MG,UOP01-DEL10-MG
750958,08/02/2026,domingo,17:20:00,MG,354.0,763,ITAMONTE,Velocidade Incompatível,Colisão frontal,Com Vítimas Feridas,Pleno dia,Decrescente,Garoa/Chuvisco,Simples,Curva;Declive,Não,4.0,0.0,1.0,1.0,2.0,1.0,0.0,4.0,"-22,33761","-44,825966",SPRF-MG,DEL17/MG,UOP01-DEL17-MG
750961,08/02/2026,domingo,16:40:00,GO,153.0,"662,9",GOIATUBA,Objeto estático sobre o leito carroçável,Colisão com objeto,Com Vítimas Feridas,Pleno dia,Decrescente,Chuva,Dupla,Reta;Declive,Não,2.0,0.0,1.0,0.0,1.0,0.0,0.0,2.0,"-18,071875","-49,269688",SPRF-GO,DEL03/GO,UOP02-DEL03-GO
750977,08/02/2026,domingo,10:30:00,PR,376.0,546,BALSA NOVA,Ingestão de álcool pelo condutor,Saída de leito carroçável,Sem Vítimas,Pleno dia,Decrescente,Nublado,Dupla,Curva,Não,2.0,0.0,0.0,0.0,0.0,1.0,0.0,3.0,"-25,44426099","-49,74329822",SPRF-PR,DEL01/PR,UOP07-DEL01-PR
750987,08/02/2026,domingo,18:10:00,PA,163.0,655,ITAITUBA,Reação tardia ou ineficiente do condutor,Tombamento,Com Vítimas Feridas,Anoitecer,Crescente,Céu Claro,Dupla,Curva,Não,2.0,0.0,0.0,1.0,1.0,0.0,0.0,3.0,"-4,48695","-55,86638",SPRF-PA,DEL05/PA,UOP02-DEL05-PA
750990,08/02/2026,domingo,16:00:00,BA,101.0,237,CONCEICAO DO ALMEIDA,Manobra de mudança de faixa,Colisão frontal,Com Vítimas Feridas,Pleno dia,Decrescente,Sol,Simples,Reta;Declive,Não,2.0,0.0,1.0,0.0,1.0,1.0,0.0,2.0,"-12,7851","-39,189025",SPRF-BA,DEL11/BA,UOP01-DEL11-BA
750991,08/02/2026,domingo,18:00:00,PR,376.0,370,ORTIGUEIRA,Pista Escorregadia,Colisão transversal,Com Vítimas Feridas,Anoitecer,Crescente,Chuva,Dupla,Reta,Não,11.0,0.0,2.0,0.0,2.0,8.0,0.0,4.0,"-24,36275","-50,80965",SPRF-PR,DEL07/PR,UOP02-DEL07-PR
751002,08/02/2026,domingo,18:15:00,MT,70.0,287,PRIMAVERA DO LESTE,Transitar na contramão,Colisão lateral sentido oposto,Com Vítimas Feridas,Plena Noite,Decrescente,Chuva,Simples,Reta,Não,3.0,0.0,1.0,0.0,1.0,2.0,0.0,2.0,"-15,57548137","-54,34949398",SPRF-MT,DEL05/MT,UOP01-DEL05-MT
751003,08/02/2026,domingo,16:30:00,SP,116.0,381,MIRACATU,Manobra de mudança de faixa,Colisão lateral mesmo sentido,Sem Vítimas,Pleno dia,Crescente,Céu Claro,Dupla,Curva,Não,3.0,0.0,0.0,0.0,0.0,2.0,0.0,3.0,"-24,24067904","-47,36276716",SPRF-SP,DEL04/SP,UOP02-DEL04-SP
751012,08/02/2026,domingo,20:00:00,GO,364.0,113,CACHOEIRA ALTA,Acumulo de água sobre o pavimento,Colisão frontal,Com Vítimas Feridas,Plena Noite,Crescente,Chuva,Simples,Reta;Ponte;Em Obras,Sim,7.0,0.0,1.0,6.0,7.0,0.0,0.0,3.0,"-18,30128496","-51,14682823",SPRF-GO,DEL05/GO,UOP02-DEL05-GO
751017,08/02/2026,domingo,18:00:00,MT,163.0,686,LUCAS DO RIO VERDE,Ingestão de álcool pelo condutor,Saída de leito carroçável,Sem Vítimas,Plena Noite,Decrescente,Garoa/Chuvisco,Simples,Curva,Sim,2.0,0.0,0.0,0.0,0.0,1.0,0.0,3.0,"-13,08359313","-55,94076946",SPRF-MT,DEL06/MT,UOP01-DEL06-MT
751018,08/02/2026,domingo,18:40:00,MG,251.0,350,PADRE CARVALHO,Problema com o freio,Saída de leito carroçável,Com Vítimas Feridas,Plena Noite,Decrescente,Céu Claro,Simples,Reta,Não,2.0,0.0,1.0,0.0,1.0,0.0,0.0,2.0,"-16,264605","-42,52596",SPRF-MG,DEL12/MG,UOP02-DEL12-MG
751021,08/02/2026,domingo,20:00:00,PR,277.0,171,PALMEIRA,Pedestre andava na pista,Atropelamento de Pedestre,Com Vítimas Fatais,Plena Noite,Crescente,Garoa/Chuvisco,Dupla,Reta,Não,3.0,1.0,0.0,0.0,0.0,1.0,0.0,3.0,"-25,447058","-49,954722",SPRF-PR,DEL01/PR,UOP07-DEL01-PR
751036,08/02/2026,domingo,17:00:00,MT,174.0,560,COMODORO,Ausência de reação do condutor,Colisão traseira,Com Vítimas Feridas,Pleno dia,Decrescente,Céu Claro,Simples,Reta,Não,3.0,0.0,0.0,1.0,1.0,1.0,0.0,5.0,"-13,03719995","-59,9094227",SPRF-MT,DEL04/MT,UOP02-DEL04-MT
751038,08/02/2026,domingo,21:30:00,RJ,393.0,279,BARRA DO PIRAI,Ingestão de álcool pelo condutor,Colisão frontal,Sem Vítimas,Plena Noite,Decrescente,Chuva,Simples,Reta,Sim,3.0,0.0,0.0,0.0,0.0,1.0,0.0,3.0,"-22,48064102","-44,03820223",SPRF-RJ,DEL05/RJ,UOP04-DEL05-RJ
751040,08/02/2026,domingo,20:30:00,BA,116.0,"458,8",SANTO ESTEVAO,Condutor Dormindo,Colisão traseira,Com Vítimas Feridas,Plena Noite,Crescente,Nublado,Dupla,Aclive,Sim,5.0,0.0,3.0,1.0,4.0,0.0,0.0,2.0,"-12,44411994","-39,2371254",SPRF-BA,DEL02/BA,UOP01-DEL02-BA
751046,08/02/2026,domingo,06:25:00,MT,70.0,608,ROSARIO OESTE,Manobra de mudança de faixa,Colisão lateral mesmo sentido,Com Vítimas Feridas,Pleno dia,Decrescente,Céu Claro,Simples,Reta,Não,11.0,0.0,1.0,0.0,1.0,9.0,0.0,5.0,-15,-56,SPRF-MT,DEL03/MT,UOP02-DEL03-MT
751048,08/02/2026,domingo,22:00:00,BA,116.0,548,MILAGRES,Pedestre andava na pista,Atropelamento de Pedestre,Com Vítimas Feridas,Plena Noite,Decrescente,Chuva,Simples,Reta;Declive,Não,2.0,0.0,0.0,1.0,1.0,1.0,0.0,2.0,"-12,89205088","-39,85942841",SPRF-BA,DEL03/BA,UOP02-DEL03-BA
751061,08/02/2026,domingo,22:00:00,PR,277.0,160,PALMEIRA,Reação tardia ou ineficiente do condutor,Saída de leito carroçável,Com Vítimas Feridas,Plena Noite,Crescente,Garoa/Chuvisco,Dupla,Reta,Não,3.0,0.0,1.0,1.0,2.0,0.0,0.0,3.0,"-25,4457899","-49,95815724",SPRF-PR,DEL01/PR,UOP07-DEL01-PR
751063,08/02/2026,domingo,14:30:00,BA,116.0,644,JAGUAQUARA,Reação tardia ou ineficiente do condutor,Colisão traseira,Com Vítimas Fatais,Pleno dia,Crescente,Céu Claro,Simples,Curva,Não,5.0,1.0,0.0,0.0,0.0,3.0,0.0,7.0,"-13,610227","-40,090804",SPRF-BA,DEL03/BA,UOP01-DEL03-BA
751076,09/02/2026,segunda-feira,03:40:00,ES,262.0,"18,7",VIANA,Suicídio (presumido),Atropelamento de Pedestre,Com Vítimas Feridas,Plena Noite,Crescente,Céu Claro,Simples,Curva,Sim,2.0,0.0,0.0,1.0,1.0,1.0,0.0,2.0,"-20,393074","-40,48737",SPRF-ES,DEL01-ES,UOP01-DEL01-ES
751077,09/02/2026,segunda-feira,03:30:00,ES,101.0,"330,4",GUARAPARI,Pedestre andava na pista,Atropelamento de Pedestre,Com Vítimas Fatais,Plena Noite,Crescente,Céu Claro,Dupla,Curva,Não,8.0,1.0,0.0,2.0,2.0,4.0,0.0,5.0,"-20,5968","-40,5029",SPRF-ES,DEL03-ES,UOP01-DEL03-ES
751080,08/02/2026,domingo,21:05:00,RS,386.0,"33,9",FREDERICO WESTPHALEN,Condutor deixou de manter distância do veículo da frente,Colisão traseira,Sem Vítimas,Plena Noite,Crescente,Céu Claro,Simples,Reta,Sim,2.0,0.0,0.0,0.0,0.0,2.0,0.0,2.0,"-27,35939971","-53,38876963",SPRF-RS,DEL08/RS,UOP02-DEL08-RS
751087,09/02/2026,segunda-feira,04:15:00,MG,116.0,706,MURIAE,Transitar na contramão,Colisão frontal,Com Vítimas Fatais,Plena Noite,Crescente,Garoa/Chuvisco,Simples,Reta,Não,4.0,2.0,0.0,0.0,0.0,1.0,0.0,3.0,"-21,1506694","-42,382714",SPRF-MG,DEL07/MG,UOP02-DEL07-MG
751093,09/02/2026,segunda-feira,05:30:00,MS,262.0,"527,6",AQUIDAUANA,Manobra de mudança de faixa,Colisão frontal,Com Vítimas Fatais,Pleno dia,Crescente,Céu Claro,Simples,Reta,Não,3.0,1.0,0.0,0.0,0.0,1.0,0.0,5.0,"-20,360197","-56,124551",SPRF-MS,DEL03/MS,UOP01-DEL03-MS
751099,08/02/2026,domingo,19:28:00,RJ,40.0,92,PETROPOLIS,Problema com o freio,Saída de leito carroçável,Com Vítimas Feridas,Plena Noite,Crescente,Chuva,Dupla,Curva;Declive,Não,2.0,0.0,0.0,1.0,1.0,0.0,0.0,2.0,"-22,552672","-43,25129",SPRF-RJ,DEL01/RJ,UOP01-DEL01-RJ
751101,09/02/2026,segunda-feira,01:00:00,BA,116.0,615,JAGUAQUARA,Transitar na contramão,Colisão frontal,Sem Vítimas,Plena Noite,Crescente,Céu Claro,Simples,Reta,Não,2.0,0.0,0.0,0.0,0.0,1.0,0.0,2.0,"-13,48565594","-40,04472348",SPRF-BA,DEL03/BA,UOP02-DEL03-BA
751112,29/01/2026,quinta-feira,06:10:00,SC,282.0,"38,5",AGUAS MORNAS,Ingestão de álcool pelo condutor,Colisão lateral sentido oposto,Sem Vítimas,Pleno dia,Decrescente,Céu Claro,Simples,Reta;Declive,Sim,5.0,0.0,0.0,0.0,0.0,4.0,0.0,5.0,"-27,71543524","-48,86848998",SPRF-SC,DEL01/SC,UOP03-DEL01-SC
751119,15/01/2026,quinta-feira,17:50:00,BA,116.0,418,FEIRA DE SANTANA,Ultrapassagem Indevida,Colisão transversal,Com Vítimas Feridas,Anoitecer,Crescente,Ignorado,Simples,Reta;Aclive,Sim,2.0,0.0,1.0,0.0,1.0,1.0,0.0,2.0,"-12,19863962","-38,96545798",SPRF-BA,DEL02/BA,UOP01-DEL02-BA
751132,09/02/2026,segunda-feira,05:20:00,MG,40.0,300,TRES MARIAS,Redutor de velocidade em desacordo,Colisão com objeto,Sem Vítimas,Amanhecer,Decrescente,Chuva,Simples,Declive,Não,2.0,0.0,0.0,0.0,0.0,1.0,0.0,3.0,"-18,3528714","-45,0933283",SPRF-MG,DEL14/MG,UOP02-DEL14-MG
751135,09/02/2026,segunda-feira,07:50:00,RO,364.0,550,RIO CRESPO,Ultrapassagem Indevida,Colisão lateral sentido oposto,Com Vítimas Feridas,Pleno dia,Crescente,Nublado,Simples,Curva,Não,3.0,0.0,1.0,0.0,1.0,2.0,0.0,2.0,"-9,650288","-63,0755943",SPRF-RO,DEL03-RO,UOP01-DEL03-RO
751140,09/02/2026,segunda-feira,08:47:00,ES,101.0,"144,1",LINHARES,Condutor desrespeitou a iluminação vermelha do semáforo,Colisão transversal,Com Vítimas Feridas,Pleno dia,Crescente,Céu Claro,Simples,Reta,Sim,4.0,0.0,1.0,0.0,1.0,3.0,0.0,2.0,"-19,352728","-40,063802",SPRF-ES,DEL04-ES,UOP01-DEL04-ES
751143,09/02/2026,segunda-feira,10:15:00,MG,153.0,111,PRATA,Condutor deixou de manter distância do veículo da frente,Colisão lateral mesmo sentido,Com Vítimas Feridas,Pleno dia,Crescente,Garoa/Chuvisco,Simples,Reta;Declive,Sim,5.0,0.0,2.0,0.0,2.0,1.0,0.0,3.0,"-19,322752","-48,906317",SPRF-MG,DEL15/MG,UOP03-DEL15-MG
751144,09/02/2026,segunda-feira,08:30:00,MT,70.0,357,CAMPO VERDE,Chuva,Tombamento,Sem Vítimas,Pleno dia,Crescente,Chuva,Simples,Curva,Não,1.0,0.0,0.0,0.0,0.0,0.0,1.0,1.0,"-15,46741255","-54,94460106",SPRF-MT,DEL05/MT,UOP02-DEL05-MT
751155,09/02/2026,segunda-feira,05:10:00,GO,153.0,"541,5",HIDROLANDIA,Ausência de sinalização,Colisão com objeto,Com Vítimas Feridas,Plena Noite,Decrescente,Céu Claro,Dupla,Reta,Não,2.0,0.0,1.0,0.0,1.0,1.0,0.0,2.0,"-17,059283","-49,225736",SPRF-GO,DEL01/GO,UOP03-DEL01-GO
751156,09/02/2026,segunda-feira,10:30:00,PA,230.0,117,MARABA,Ausência de reação do condutor,Colisão traseira,Sem Vítimas,Pleno dia,Crescente,Sol,Dupla,Retorno Regulamentado,Sim,2.0,0.0,0.0,0.0,0.0,2.0,0.0,2.0,"-5,35238906","-49,09687042",SPRF-PA,DEL03/PA,UOP01-DEL03-PA
751158,09/02/2026,segunda-feira,12:00:00,MG,40.0,273,TRES MARIAS,Reação tardia ou ineficiente do condutor,Colisão traseira,Sem Vítimas,Pleno dia,Crescente,Céu Claro,Simples,Aclive;Reta,Não,2.0,0.0,0.0,0.0,0.0,2.0,0.0,2.0,"-18,193216","-45,243858",SPRF-MG,DEL14/MG,UOP02-DEL14-MG
751161,09/02/2026,segunda-feira,10:20:00,MS,60.0,346,CAMPO GRANDE,Conversão proibida,Colisão transversal,Com Vítimas Fatais,Pleno dia,Crescente,Céu Claro,Dupla,Reta,Não,2.0,1.0,0.0,0.0,0.0,1.0,0.0,2.0,"-20,41244","-54,71539",SPRF-MS,DEL01/MS,UOP03-DEL01-MS
751164,09/02/2026,segunda-feira,06:25:00,MG,381.0,425,SABARA,Chuva,Colisão lateral sentido oposto,Com Vítimas Feridas,Amanhecer,Crescente,Chuva,Simples,Curva,Não,3.0,0.0,1.0,0.0,1.0,1.0,0.0,3.0,"-19,78696533","-43,70068498",SPRF-MG,DEL01/MG,UOP01-DEL01-MG
751166,09/02/2026,segunda-feira,10:54:00,AC,364.0,128,RIO BRANCO,Transitar no Acostamento,Colisão lateral mesmo sentido,Sem Vítimas,Pleno dia,Decrescente,Céu Claro,Simples,Curva,Sim,3.0,0.0,0.0,0.0,0.0,2.0,0.0,3.0,"-10,027578","-67,822222",SPRF-AC,DEL01-AC,UOP01-DEL01-AC
751171,09/02/2026,segunda-feira,11:30:00,MG,365.0,389,PATOS DE MINAS,Acumulo de água sobre o pavimento,Tombamento,Com Vítimas Feridas,Pleno dia,Decrescente,Chuva,Simples,Curva;Declive,Não,1.0,0.0,1.0,0.0,1.0,0.0,0.0,1.0,"-18,63412823","-46,35882211",SPRF-MG,DEL10/MG,UOP01-DEL10-MG
751173,09/02/2026,segunda-feira,13:15:00,ES,101.0,"282,3",CARIACICA,Frear bruscamente,Colisão lateral mesmo sentido,Com Vítimas Feridas,Pleno dia,Decrescente,Nublado,Múltipla,Reta,Não,5.0,0.0,2.0,0.0,2.0,2.0,0.0,4.0,"-20,2281773","-40,3675795",SPRF-ES,DEL01-ES,UOP01-DEL01-ES
751174,09/02/2026,segunda-feira,13:00:00,SP,116.0,86,PINDAMONHANGABA,Ausência de reação do condutor,Colisão com objeto,Com Vítimas Feridas,Pleno dia,Crescente,Chuva,Dupla,Reta,Não,1.0,0.0,0.0,1.0,1.0,0.0,0.0,1.0,"-22,930406","-45,361746",SPRF-SP,DEL08/SP,UOP01-DEL08-SP