id,data_inversa,dia_semana,horario,uf,br,km,municipio,causa_acidente,tipo_acidente,classificacao_acidente,fase_dia,sentido_via,condicao_metereologica,tipo_pista,tracado_via,uso_solo,pessoas,mortos,feridos_leves,feridos_graves,feridos,ilesos,ignorados,veiculos,latitude,longitude,regional,delegacia,uop
751175,09/02/2026,segunda-feira,12:35:00,TO,153.0,332,GUARAI,Ausência de reação do condutor,Colisão com objeto,Sem Vítimas,Pleno dia,Crescente,Sol,Simples,Reta,Sim,1.0,0.0,0.0,0.0,0.0,1.0,0.0,1.0,"-8,821168","-48,512318",SPRF-TO,DEL02-TO,UOP02-DEL02-TO
751179,09/02/2026,segunda-feira,13:26:00,RN,110.0,48,MOSSORO,Reação tardia ou ineficiente do condutor,Colisão traseira,Sem Vítimas,Pleno dia,Decrescente,Nublado,Dupla,Reta,Sim,2.0,0.0,0.0,0.0,0.0,2.0,0.0,2.0,"-5,223028","-37,325395",SPRF-RN,DEL04-RN,UOP01-DEL04-RN
751181,09/02/2026,segunda-feira,12:30:00,RO,364.0,694,CANDEIAS DO JAMARI,Carga excessiva e/ou mal acondicionada,Colisão lateral sentido oposto,Sem Vítimas,Pleno dia,Crescente,Céu Claro,Simples,Curva,Não,3.0,0.0,0.0,0.0,0.0,2.0,0.0,6.0,"-8,79849052","-63,71593952",SPRF-RO,DEL01-RO,UOP01-DEL01-RO
751182,09/02/2026,segunda-feira,08:35:00,RS,285.0,"50,1",BOM JESUS,Ausência de reação do condutor,Colisão com objeto,Com Vítimas Feridas,Pleno dia,Crescente,Céu Claro,Simples,Curva;Aclive,Não,2.0,0.0,1.0,0.0,1.0,1.0,0.0,1.0,"-28,66692","-50,32251",SPRF-RS,DEL05/RS,UOP03-DEL05-RS
751186,09/02/2026,segunda-feira,12:00:00,PR,376.0,"150,5",PRESIDENTE CASTELO BRANCO,Reação tardia ou ineficiente do condutor,Saída de leito carroçável,Com Vítimas Feridas,Pleno dia,Decrescente,Céu Claro,Dupla,Curva;Declive,Não,2.0,0.0,1.0,0.0,1.0,0.0,0.0,4.0,"-23,298802","-52,115023",SPRF-PR,DEL09/PR,UOP02-DEL09-PR
751187,09/02/2026,segunda-feira,11:00:00,RJ,116.0,297,BARRA MANSA,Pista Escorregadia,Tombamento,Sem Vítimas,Pleno dia,Crescente,Chuva,Simples,Curva,Não,1.0,0.0,0.0,0.0,0.0,1.0,0.0,1.0,"-22,45185829","-44,30066966",SPRF-RJ,DEL07/RJ,UOP02-DEL07-RJ
751188,09/02/2026,segunda-feira,14:40:00,MG,381.0,484,BETIM,Reação tardia ou ineficiente do condutor,Colisão lateral mesmo sentido,Com Vítimas Feridas,Pleno dia,Crescente,Nublado,Dupla,Reta,Sim,2.0,0.0,0.0,1.0,1.0,0.0,0.0,2.0,"-19,9567649","-44,09392154",SPRF-MG,DEL01/MG,UOP03-DEL01-MG
751197,09/02/2026,segunda-feira,14:00:00,MG,40.0,"564,9",NOVA LIMA,Mal súbito do condutor,Colisão lateral mesmo sentido,Sem Vítimas,Pleno dia,Decrescente,Nublado,Simples,Reta,Não,3.0,0.0,0.0,0.0,0.0,2.0,0.0,3.0,"-20,1592","-43,9644",SPRF-MG,DEL01/MG,UOP02-DEL01-MG
751198,28/01/2026,quarta-feira,11:56:00,RO,364.0,72,VILHENA,Ultrapassagem Indevida,Colisão lateral mesmo sentido,Com Vítimas Feridas,Pleno dia,Crescente,Sol,Simples,Curva,Não,5.0,0.0,0.0,1.0,1.0,3.0,0.0,4.0,"-12,46444016","-60,49995214",SPRF-RO,DEL04-RO,UOP01-DEL04-RO
751199,09/02/2026,segunda-feira,13:24:00,MT,70.0,4,BARRA DO GARCAS,Manobra de mudança de faixa,Colisão com objeto,Com Vítimas Feridas,Pleno dia,Decrescente,Nublado,Dupla,Aclive,Sim,3.0,0.0,2.0,0.0,2.0,0.0,0.0,2.0,"-15,87818994","-52,29164019",SPRF-MT,DEL07/MT,UOP01-DEL07-MT
751208,09/02/2026,segunda-feira,13:49:00,GO,153.0,520,HIDROLANDIA,Acessar a via sem observar a presença dos outros veículos,Colisão lateral mesmo sentido,Com Vítimas Feridas,Pleno dia,Decrescente,Céu Claro,Dupla,Reta;Declive,Não,2.0,0.0,2.0,0.0,2.0,0.0,0.0,2.0,"-16,87533904","-49,25120473",SPRF-GO,DEL01/GO,UOP03-DEL01-GO
751209,09/02/2026,segunda-feira,15:30:00,ES,101.0,14,PEDRO CANARIO,Reação tardia ou ineficiente do condutor,Tombamento,Com Vítimas Feridas,Pleno dia,Crescente,Céu Claro,Simples,Curva;Declive,Não,2.0,0.0,1.0,0.0,1.0,0.0,0.0,3.0,"-18,23102717","-39,95364754",SPRF-ES,DEL04-ES,UOP02-DEL04-ES
751211,08/02/2026,domingo,11:00:00,GO,158.0,112,PIRANHAS,Transitar no Acostamento,Colisão com objeto,Com Vítimas Feridas,Pleno dia,Decrescente,Chuva,Simples,Curva;Declive,Não,3.0,0.0,2.0,0.0,2.0,0.0,0.0,6.0,"-16,5592017","-51,75315857",SPRF-GO,DEL04/GO,UOP02-DEL04-GO
751212,09/02/2026,segunda-feira,14:48:00,RO,364.0,"214,5",PIMENTA BUENO,Ausência de reação do condutor,Colisão traseira,Com Vítimas Feridas,Pleno dia,Decrescente,Chuva,Simples,Reta;Em Obras,Não,4.0,0.0,1.0,0.0,1.0,2.0,0.0,3.0,"-11,563105","-61,285353",SPRF-RO,DEL02-RO,UOP02-DEL02-RO
751227,09/02/2026,segunda-feira,15:00:00,PR,376.0,484,PONTA GROSSA,Reação tardia ou ineficiente do condutor,Tombamento,Com Vítimas Feridas,Pleno dia,Crescente,Céu Claro,Dupla,Reta,Sim,4.0,0.0,1.0,0.0,1.0,1.0,0.0,4.0,"-25,09435103","-50,19670194",SPRF-PR,DEL03/PR,UOP03-DEL03-PR
751233,09/02/2026,segunda-feira,16:22:00,MG,40.0,"513,2",RIBEIRAO DAS NEVES,Condutor usando celular,Colisão traseira,Com Vítimas Fatais,Pleno dia,Decrescente,Nublado,Dupla,Reta;Aclive,Sim,4.0,1.0,0.0,0.0,0.0,1.0,0.0,3.0,"-19,79772","-44,10671",SPRF-MG,DEL01/MG,UOP02-DEL01-MG
751234,09/02/2026,segunda-feira,16:30:00,SC,470.0,114,IBIRAMA,Condutor Dormindo,Colisão frontal,Com Vítimas Feridas,Pleno dia,Decrescente,Céu Claro,Simples,Curva,Não,9.0,0.0,1.0,3.0,4.0,4.0,0.0,7.0,"-27,08171884","-49,50291093",SPRF-SC,DEL04/SC,UOP02-DEL04-SC
751240,09/02/2026,segunda-feira,13:30:00,PR,153.0,"125,6",IBAITI,Curva acentuada,Tombamento,Com Vítimas Feridas,Pleno dia,Decrescente,Nublado,Simples,Curva,Não,2.0,0.0,0.0,1.0,1.0,0.0,0.0,2.0,"-23,96820433","-50,23564752",SPRF-PR,DEL07/PR,UOP04-DEL07-PR
751243,09/02/2026,segunda-feira,16:10:00,RJ,40.0,121,DUQUE DE CAXIAS,Manobra de mudança de faixa,Colisão traseira,Com Vítimas Feridas,Pleno dia,Decrescente,Chuva,Múltipla,Reta,Sim,3.0,0.0,1.0,0.0,1.0,1.0,0.0,3.0,"-22,79475038","-43,2878684",SPRF-RJ,DEL01/RJ,UOP02-DEL01-RJ
751245,09/02/2026,segunda-feira,16:40:00,RJ,40.0,109,DUQUE DE CAXIAS,Reação tardia ou ineficiente do condutor,Atropelamento de Pedestre,Com Vítimas Feridas,Pleno dia,Crescente,Chuva,Dupla,Reta,Sim,2.0,0.0,0.0,1.0,1.0,1.0,0.0,2.0,"-22,67834531","-43,28644071",SPRF-RJ,DEL01/RJ,UOP02-DEL01-RJ
751246,09/02/2026,segunda-feira,16:30:00,MG,381.0,"781,6",CAMPANHA,Ultrapassagem Indevida,Colisão lateral mesmo sentido,Sem Vítimas,Pleno dia,Crescente,Chuva,Dupla,Reta,Não,3.0,0.0,0.0,0.0,0.0,2.0,0.0,3.0,"-21,8308632","-45,4979942",SPRF-MG,DEL16/MG,UOP02-DEL16-MG
751251,09/02/2026,segunda-feira,18:00:00,RJ,116.0,173,SAO JOAO DE MERITI,Manobra de mudança de faixa,Colisão lateral mesmo sentido,Sem Vítimas,Plena Noite,Crescente,Chuva,Dupla,Interseção de Vias,Sim,2.0,0.0,0.0,0.0,0.0,2.0,0.0,2.0,"-22,79741758","-43,35852798",SPRF-RJ,DEL06/RJ,UOP01-DEL06-RJ
751255,09/02/2026,segunda-feira,17:50:00,MT,364.0,402,CUIABA,Condutor deixou de manter distância do veículo da frente,Colisão com objeto,Com Vítimas Feridas,Anoitecer,Crescente,Céu Claro,Dupla,Reta;Declive,Sim,3.0,0.0,2.0,0.0,2.0,0.0,0.0,2.0,"-15,651761","-55,9953507",SPRF-MT,DEL01/MT,UOP02-DEL01-MT
751256,09/02/2026,segunda-feira,12:35:00,PA,10.0,37,DOM ELISEU,Ingestão de álcool pelo condutor,Saída de leito carroçável,Sem Vítimas,Pleno dia,Crescente,Céu Claro,Simples,Reta;Declive,Não,2.0,0.0,0.0,0.0,0.0,1.0,0.0,3.0,"-4,211828","-47,545112",SPRF-PA,DEL02/PA,UOP02-DEL02-PA
751260,09/02/2026,segunda-feira,19:00:00,SC,101.0,148,ITAPEMA,Manobra de mudança de faixa,Colisão lateral mesmo sentido,Com Vítimas Feridas,Plena Noite,Crescente,Nublado,Múltipla,Reta,Sim,3.0,0.0,1.0,0.0,1.0,1.0,0.0,3.0,"-27,10193086","-48,61783218",SPRF-SC,DEL04/SC,UOP03-DEL04-SC
751261,09/02/2026,segunda-feira,12:10:00,PR,153.0,"456,8",UNIAO DA VITORIA,Suicídio (presumido),Colisão frontal,Com Vítimas Fatais,Pleno dia,Crescente,Sol,Simples,Reta,Não,2.0,1.0,0.0,0.0,0.0,1.0,0.0,2.0,"-26,20924114","-51,11698848",SPRF-PR,DEL02/PR,UOP03-DEL02-PR
751277,09/02/2026,segunda-feira,15:00:00,MT,163.0,"38,8",GUARANTA DO NORTE,Mal súbito do condutor,Saída de leito carroçável,Sem Vítimas,Pleno dia,Crescente,Ignorado,Simples,Aclive,Não,2.0,0.0,0.0,0.0,0.0,1.0,0.0,4.0,"-9,75964027","-54,8957182",SPRF-MT,DEL02/MT,UOP03-DEL02-MT
751278,09/02/2026,segunda-feira,21:30:00,RJ,116.0,271,BARRA MANSA,Acumulo de água sobre o pavimento,Colisão transversal,Com Vítimas Feridas,Plena Noite,Crescente,Chuva,Múltipla,Curva,Sim,2.0,0.0,1.0,0.0,1.0,1.0,0.0,2.0,"-22,559286","-44,123674",SPRF-RJ,DEL07/RJ,UOP02-DEL07-RJ
751279,09/02/2026,segunda-feira,21:30:00,SC,101.0,117,ITAJAI,Reação tardia ou ineficiente do condutor,Tombamento,Com Vítimas Feridas,Plena Noite,Decrescente,Chuva,Dupla,Rotatória,Sim,2.0,0.0,1.0,0.0,1.0,0.0,0.0,2.0,"-26,89051478","-48,72078314",SPRF-SC,DEL04/SC,UOP04-DEL04-SC
751281,09/02/2026,segunda-feira,21:30:00,BA,116.0,"803,5",PLANALTO,Declive acentuado,Tombamento,Com Vítimas Feridas,Plena Noite,Decrescente,Céu Claro,Simples,Reta,Não,2.0,0.0,1.0,0.0,1.0,0.0,0.0,2.0,"-14,68017759","-40,5205071",SPRF-BA,DEL08/BA,UOP02-DEL08-BA
751291,10/02/2026,terça-feira,02:30:00,AL,104.0,89,RIO LARGO,Acessar a via sem observar a presença dos outros veículos,Colisão transversal,Com Vítimas Feridas,Plena Noite,Crescente,Céu Claro,Dupla,Reta,Sim,4.0,0.0,2.0,0.0,2.0,2.0,0.0,2.0,"-9,48868329","-35,81621289",SPRF-AL,DEL01-AL,UOP01-DEL01-AL
751292,10/02/2026,terça-feira,03:40:00,RN,304.0,"65,1",MOSSORO,Velocidade Incompatível,Colisão traseira,Com Vítimas Feridas,Plena Noite,Crescente,Nublado,Simples,Reta,Não,2.0,0.0,2.0,0.0,2.0,0.0,0.0,2.0,"-5,362712","-37,247803",SPRF-RN,DEL04-RN,UOP01-DEL04-RN
751298,10/02/2026,terça-feira,03:00:00,MG,381.0,767,CAMPANHA,Reação tardia ou ineficiente do condutor,Saída de leito carroçável,Com Vítimas Feridas,Plena Noite,Decrescente,Chuva,Dupla,Reta,Não,2.0,0.0,1.0,0.0,1.0,0.0,0.0,2.0,"-21,7472561","-45,3877967",SPRF-MG,DEL16/MG,UOP02-DEL16-MG
751302,10/02/2026,terça-feira,06:47:00,TO,153.0,"140,5",ARAGUAINA,Acessar a via sem observar a presença dos outros veículos,Colisão traseira,Com Vítimas Feridas,Amanhecer,Crescente,Céu Claro,Dupla,Retorno Regulamentado;Curva;Interseção de Vias,Sim,5.0,0.0,2.0,0.0,2.0,2.0,0.0,4.0,"-7,173016","-48,216442",SPRF-TO,DEL02-TO,UOP01-DEL02-TO
751306,10/02/2026,terça-feira,06:00:00,MA,135.0,"45,6",BACABEIRA,Reação tardia ou ineficiente do condutor,Tombamento,Com Vítimas Feridas,Amanhecer,Crescente,Céu Claro,Dupla,Declive,Não,2.0,0.0,1.0,0.0,1.0,0.0,0.0,2.0,"-2,92679","-44,33769",SPRF-MA,DEL01-MA,UOP01-DEL01-MA
751310,10/02/2026,terça-feira,06:20:00,RO,364.0,"185,3",PIMENTA BUENO,Transitar na contramão,Colisão lateral sentido oposto,Com Vítimas Fatais,Amanhecer,Decrescente,Nublado,Simples,Curva,Não,6.0,1.0,0.0,1.0,1.0,3.0,0.0,4.0,"-11,746045","-61,109033",SPRF-RO,DEL02-RO,UOP02-DEL02-RO
751311,10/02/2026,terça-feira,06:30:00,CE,222.0,"22,8",CAUCAIA,Condutor deixou de manter distância do veículo da frente,Colisão traseira,Com Vítimas Feridas,Pleno dia,Decrescente,Céu Claro,Dupla,Reta,Sim,3.0,0.0,1.0,0.0,1.0,2.0,0.0,2.0,"-3,7629","-38,6593",SPRF-CE,DEL01/CE,UOP01-DEL01-CE
751315,31/01/2026,sábado,15:20:00,BA,101.0,"584,9",CAMACAN,Ausência de reação do condutor,Colisão frontal,Com Vítimas Feridas,Pleno dia,Decrescente,Céu Claro,Simples,Reta,Não,2.0,0.0,0.0,1.0,1.0,1.0,0.0,2.0,"-15,393351","-39,476586",SPRF-BA,DEL05/BA,UOP02-DEL05-BA
751322,10/02/2026,terça-feira,07:55:00,PR,277.0,"1,3",PARANAGUA,Condutor deixou de manter distância do veículo da frente,Colisão traseira,Com Vítimas Feridas,Pleno dia,Decrescente,Céu Claro,Dupla,Rotatória,Sim,2.0,0.0,1.0,0.0,1.0,0.0,0.0,2.0,"-25,551286","-48,552274",SPRF-PR,DEL01/PR,UOP05-DEL01-PR
751325,10/02/2026,terça-feira,07:50:00,MG,50.0,72,UBERLANDIA,Reação tardia ou ineficiente do condutor,Colisão traseira,Com Vítimas Feridas,Amanhecer,Decrescente,Nublado,Dupla,Reta,Sim,4.0,0.0,1.0,0.0,1.0,2.0,0.0,5.0,"-18,898358","-48,243153",SPRF-MG,DEL15/MG,UOP01-DEL15-MG
751328,10/02/2026,terça-feira,07:30:00,GO,153.0,503,GOIANIA,Condutor deixou de manter distância do veículo da frente,Colisão traseira,Com Vítimas Feridas,Pleno dia,Decrescente,Céu Claro,Dupla,Reta,Sim,3.0,0.0,0.0,1.0,1.0,2.0,0.0,3.0,"-16,72278382","-49,23946235",SPRF-GO,DEL01/GO,UOP01-DEL01-GO
751330,10/02/2026,terça-feira,07:50:00,PR,277.0,32,MORRETES,Manobra de mudança de faixa,Colisão lateral mesmo sentido,Com Vítimas Feridas,Pleno dia,Crescente,Céu Claro,Dupla,Curva;Declive,Sim,4.0,0.0,1.0,0.0,1.0,2.0,0.0,3.0,"-25,562403","-48,812907",SPRF-PR,DEL01/PR,UOP05-DEL01-PR
751336,10/02/2026,terça-feira,09:10:00,PE,101.0,"78,3",JABOATAO DOS GUARARAPES,Carga excessiva e/ou mal acondicionada,Colisão lateral mesmo sentido,Com Vítimas Feridas,Pleno dia,Decrescente,Céu Claro,Dupla,Curva,Sim,3.0,0.0,2.0,0.0,2.0,1.0,0.0,2.0,"-8,13833","-34,94724",SPRF-PE,DEL01/PE,UOP01-DEL01-PE
751337,10/02/2026,terça-feira,06:00:00,RJ,40.0,114,DUQUE DE CAXIAS,Reação tardia ou ineficiente do condutor,Colisão lateral mesmo sentido,Com Vítimas Feridas,Pleno dia,Crescente,Céu Claro,Múltipla,Reta,Não,3.0,0.0,1.0,0.0,1.0,2.0,0.0,2.0,"-22,72041201","-43,28976838",SPRF-RJ,DEL01/RJ,UOP02-DEL01-RJ
751341,10/02/2026,terça-feira,07:45:00,SP,116.0,205,ARUJA,Ausência de reação do condutor,Colisão traseira,Com Vítimas Feridas,Pleno dia,Decrescente,Nublado,Múltipla,Reta,Sim,6.0,0.0,1.0,0.0,1.0,4.0,0.0,4.0,"-23,41506655","-46,36741197",SPRF-SP,DEL01/SP,UOP01-DEL01-SP
751349,10/02/2026,terça-feira,08:05:00,MG,251.0,322,SALINAS,Transitar no Acostamento,Colisão lateral mesmo sentido,Com Vítimas Fatais,Pleno dia,Crescente,Céu Claro,Simples,Curva,Não,4.0,1.0,1.0,0.0,1.0,1.0,0.0,4.0,"-16,19293517","-42,34499693",SPRF-MG,DEL12/MG,UOP02-DEL12-MG
751350,10/02/2026,terça-feira,10:00:00,SP,116.0,284,EMBU DAS ARTES,Pedestre andava na pista,Atropelamento de Pedestre,Com Vítimas Feridas,Pleno dia,Crescente,Céu Claro,Dupla,Reta,Não,2.0,0.0,0.0,1.0,1.0,0.0,0.0,2.0,"-23,6793326","-46,85854262",SPRF-SP,DEL04/SP,UOP01-DEL04-SP
751352,10/02/2026,terça-feira,06:00:00,SC,116.0,133,SANTA CECILIA,Carga excessiva e/ou mal acondicionada,Tombamento,Com Vítimas Feridas,Amanhecer,Crescente,Nublado,Simples,Rotatória,Não,2.0,0.0,1.0,0.0,1.0,0.0,0.0,2.0,"-26,91367686","-50,44471113",SPRF-SC,DEL06/SC,UOP02-DEL06-SC
751353,10/02/2026,terça-feira,10:30:00,SP,116.0,217,GUARULHOS,Manobra de mudança de faixa,Colisão traseira,Com Vítimas Feridas,Pleno dia,Decrescente,Nublado,Múltipla,Reta,Sim,2.0,0.0,1.0,0.0,1.0,0.0,0.0,2.0,"-23,4566614","-46,47858524",SPRF-SP,DEL01/SP,UOP01-DEL01-SP
751358,03/02/2026,terça-feira,07:35:00,RJ,40.0,122,DUQUE DE CAXIAS,Ausência de reação do condutor,Engavetamento,Com Vítimas Feridas,Pleno dia,Crescente,Céu Claro,Múltipla,Reta,Não,4.0,0.0,2.0,0.0,2.0,2.0,0.0,4.0,"-22,79243144","-43,28696521",SPRF-RJ,DEL01/RJ,UOP02-DEL01-RJ
751361,10/02/2026,terça-feira,11:30:00,SP,116.0,"440,7",REGISTRO,Pista Escorregadia,Queda de ocupante de veículo,Com Vítimas Feridas,Pleno dia,Crescente,Garoa/Chuvisco,Dupla,Reta,Não,3.0,0.0,1.0,0.0,1.0,2.0,0.0,3.0,"-24,46833624","-47,82211002",SPRF-SP,DEL05/SP,UOP01-DEL05-SP
751365,10/02/2026,terça-feira,12:00:00,PA,316.0,34,SANTA IZABEL DO PARA,Transitar no Acostamento,Colisão com objeto,Com Vítimas Fatais,Pleno dia,Crescente,Sol,Dupla,Reta,Sim,3.0,1.0,0.0,0.0,0.0,1.0,0.0,4.0,"-1,29176512","-48,16746265",SPRF-PA,DEL01/PA,UOP01-DEL01-PA
751366,02/02/2026,segunda-feira,11:00:00,RJ,493.0,13,GUAPIMIRIM,Reação tardia ou ineficiente do condutor,Colisão traseira,Com Vítimas Feridas,Pleno dia,Decrescente,Nublado,Múltipla,Reta,Não,3.0,0.0,1.0,0.0,1.0,2.0,0.0,2.0,"-22,6789074","-42,96935922",SPRF-RJ,DEL04/RJ,UOP02-DEL04-RJ
751369,10/02/2026,terça-feira,11:03:00,PB,230.0,"216,9",SOLEDADE,Acessar a via sem observar a presença dos outros veículos,Colisão transversal,Sem Vítimas,Pleno dia,Crescente,Sol,Simples,Reta,Sim,3.0,0.0,0.0,0.0,0.0,2.0,0.0,2.0,"-7,056418","-36,367667",SPRF-PB,DEL02-PB,UOP02-DEL02-PB
751370,10/02/2026,terça-feira,11:29:00,MS,376.0,81,DEODAPOLIS,Reação tardia ou ineficiente do condutor,Colisão traseira,Com Vítimas Feridas,Pleno dia,Decrescente,Céu Claro,Simples,Em Obras;Aclive,Não,4.0,0.0,1.0,0.0,1.0,2.0,0.0,7.0,"-22,2990377","-54,11022533",SPRF-MS,DEL04/MS,UOP04-DEL04-MS
751377,10/02/2026,terça-feira,12:30:00,RJ,465.0,12,SEROPEDICA,Conversão proibida,Colisão transversal,Com Vítimas Feridas,Pleno dia,Crescente,Céu Claro,Simples,Reta,Não,2.0,0.0,0.0,1.0,1.0,1.0,0.0,2.0,"-22,79290151","-43,64992785",SPRF-RJ,DEL06/RJ,UOP02-DEL06-RJ
751378,10/02/2026,terça-feira,10:40:00,PR,116.0,"27,8",CAMPINA GRANDE DO SUL,Velocidade Incompatível,Tombamento,Com Vítimas Feridas,Pleno dia,Decrescente,Céu Claro,Dupla,Curva;Aclive,Não,2.0,0.0,2.0,0.0,2.0,0.0,0.0,1.0,"-25,111132","-48,802248",SPRF-PR,DEL01/PR,UOP02-DEL01-PR
751380,10/02/2026,terça-feira,11:29:00,PR,277.0,426,CANTAGALO,Ausência de reação do condutor,Colisão transversal,Com Vítimas Feridas,Pleno dia,Crescente,Céu Claro,Simples,Interseção de Vias,Sim,2.0,0.0,0.0,1.0,1.0,1.0,0.0,2.0,"-25,37621761","-52,12980358",SPRF-PR,DEL04/PR,UOP02-DEL04-PR
751385,10/02/2026,terça-feira,09:00:00,MG,381.0,"807,4",SAO GONCALO DO SAPUCAI,Reação tardia ou ineficiente do condutor,Colisão traseira,Com Vítimas Feridas,Pleno dia,Crescente,Chuva,Dupla,Reta,Não,8.0,0.0,1.0,0.0,1.0,6.0,0.0,5.0,"-21,97857036","-45,64173996",SPRF-MG,DEL16/MG,UOP02-DEL16-MG
751391,10/02/2026,terça-feira,12:30:00,BA,116.0,891,CANDIDO SALES,Velocidade Incompatível,Saída de leito carroçável,Com Vítimas Feridas,Pleno dia,Crescente,Céu Claro,Simples,Curva;Declive,Não,1.0,0.0,0.0,1.0,1.0,0.0,0.0,1.0,"-15,369718","-41,187485",SPRF-BA,DEL08/BA,UOP03-DEL08-BA
751399,10/02/2026,terça-feira,13:30:00,SP,116.0,230,SAO PAULO,Reação tardia ou ineficiente do condutor,Colisão traseira,Com Vítimas Feridas,Pleno dia,Crescente,Nublado,Múltipla,Reta,Sim,9.0,0.0,3.0,0.0,3.0,6.0,0.0,4.0,"-23,51897811","-46,58203125",SPRF-SP,DEL01/SP,UOP01-DEL01-SP
751400,10/02/2026,terça-feira,12:30:00,RJ,116.0,148,DUQUE DE CAXIAS,Acessar a via sem observar a presença dos outros veículos,Engavetamento,Com Vítimas Feridas,Pleno dia,Crescente,Céu Claro,Múltipla,Reta,Sim,5.0,0.0,1.0,0.0,1.0,3.0,0.0,4.0,"-22,67128346","-43,27845097",SPRF-RJ,DEL01/RJ,UOP02-DEL01-RJ
751406,10/02/2026,terça-feira,14:40:00,SP,116.0,"36,1",CACHOEIRA PAULISTA,Problema com o freio,Incêndio,Sem Vítimas,Pleno dia,Crescente,Nublado,Dupla,Reta,Não,2.0,0.0,0.0,0.0,0.0,1.0,0.0,2.0,"-22,660832","-44,976246",SPRF-SP,DEL08/SP,UOP02-DEL08-SP
751407,10/02/2026,terça-feira,15:30:00,RS,386.0,"435,4",NOVA SANTA RITA,Acessar a via sem observar a presença dos outros veículos,Colisão transversal,Com Vítimas Feridas,Pleno dia,Decrescente,Nublado,Dupla,Rotatória,Não,2.0,0.0,1.0,0.0,1.0,1.0,0.0,2.0,"-29,847742","-51,27094",SPRF-RS,DEL04/RS,UOP02-DEL04-RS
751408,10/02/2026,terça-feira,15:50:00,CE,222.0,304,TIANGUA,Declive acentuado,Colisão frontal,Com Vítimas Fatais,Pleno dia,Decrescente,Nublado,Simples,Curva;Declive,Não,4.0,1.0,0.0,0.0,0.0,1.0,0.0,6.0,"-3,66971855","-40,95799534",SPRF-CE,DEL04/CE,UOP02-DEL04-CE
751413,10/02/2026,terça-feira,15:05:00,PR,277.0,"119,6",CAMPO LARGO,Trafegar com motocicleta (ou similar) entre as faixas,Colisão traseira,Com Vítimas Feridas,Pleno dia,Crescente,Céu Claro,Dupla,Reta;Aclive,Sim,2.0,0.0,0.0,1.0,1.0,1.0,0.0,2.0,"-25,44709612","-49,47666971",SPRF-PR,DEL01/PR,UOP07-DEL01-PR
751417,10/02/2026,terça-feira,16:25:00,PR,376.0,"430,5",TIBAGI,Ausência de reação do condutor,Tombamento,Com Vítimas Feridas,Pleno dia,Decrescente,Céu Claro,Dupla,Curva,Não,3.0,0.0,2.0,0.0,2.0,0.0,0.0,2.0,"-24,78563","-50,50904",SPRF-PR,DEL03/PR,UOP02-DEL03-PR
751420,10/02/2026,terça-feira,16:28:00,TO,226.0,"12,5",PALMEIRAS DO TOCANTINS,Condutor Dormindo,Colisão frontal,Com Vítimas Fatais,Anoitecer,Crescente,Nublado,Simples,Curva,Sim,4.0,1.0,0.0,1.0,1.0,1.0,0.0,5.0,"-6,6162041","-47,5478518",SPRF-TO,DEL02-TO,UOP03-DEL02-TO
751421,10/02/2026,terça-feira,17:15:00,PR,277.0,"661,1",MATELANDIA,Manobra de mudança de faixa,Colisão lateral mesmo sentido,Com Vítimas Feridas,Pleno dia,Decrescente,Céu Claro,Dupla,Curva;Aclive,Não,3.0,0.0,0.0,1.0,1.0,2.0,0.0,2.0,"-25,25099683","-53,98365911",SPRF-PR,DEL05/PR,UOP02-DEL05-PR
751429,10/02/2026,terça-feira,16:48:00,MS,163.0,805,PEDRO GOMES,Manobra de mudança de faixa,Tombamento,Com Vítimas Feridas,Pleno dia,Decrescente,Céu Claro,Simples,Reta,Não,2.0,0.0,1.0,0.0,1.0,0.0,0.0,3.0,"-17,863","-54,6997",SPRF-MS,DEL06/MS,UOP01-DEL06-MS
751430,10/02/2026,terça-feira,18:00:00,MG,50.0,10,UBERLANDIA,Reação tardia ou ineficiente do condutor,Colisão traseira,Com Vítimas Feridas,Anoitecer,Crescente,Céu Claro,Dupla,Aclive,Não,5.0,0.0,1.0,0.0,1.0,4.0,0.0,2.0,"-18,886","-48,197",SPRF-MG,DEL15/MG,UOP01-DEL15-MG
751435,10/02/2026,terça-feira,17:30:00,PR,369.0,"485,4",CORBELIA,Acesso irregular,Colisão transversal,Com Vítimas Feridas,Pleno dia,Crescente,Céu Claro,Simples,Interseção de Vias,Sim,2.0,0.0,1.0,0.0,1.0,0.0,0.0,2.0,"-24,81277591","-53,29488628",SPRF-PR,DEL04/PR,UOP03-DEL04-PR
751439,10/02/2026,terça-feira,17:45:00,BA,324.0,615,SALVADOR,Trafegar com motocicleta (ou similar) entre as faixas,Tombamento,Com Vítimas Feridas,Anoitecer,Crescente,Céu Claro,Dupla,Reta,Sim,2.0,0.0,1.0,0.0,1.0,1.0,0.0,2.0,"-12,8759003","-38,4298606",SPRF-BA,DEL01/BA,UOP01-DEL01-BA
751440,10/02/2026,terça-feira,14:18:00,RO,364.0,66,VILHENA,Pista Escorregadia,Colisão transversal,Com Vítimas Feridas,Pleno dia,Crescente,Garoa/Chuvisco,Simples,Curva,Não,3.0,0.0,1.0,0.0,1.0,1.0,0.0,5.0,"-12,501477","-60,488772",SPRF-RO,DEL04-RO,UOP01-DEL04-RO
751445,10/02/2026,terça-feira,17:50:00,MT,364.0,210,RONDONOPOLIS,Manobra de mudança de faixa,Tombamento,Com Vítimas Feridas,Pleno dia,Decrescente,Céu Claro,Dupla,Reta,Não,3.0,0.0,1.0,0.0,1.0,1.0,0.0,5.0,"-16,4249","-54,699",SPRF-MT,DEL02/MT,UOP01-DEL02-MT