id,data_inversa,dia_semana,horario,uf,br,km,municipio,causa_acidente,tipo_acidente,classificacao_acidente,fase_dia,sentido_via,condicao_metereologica,tipo_pista,tracado_via,uso_solo,pessoas,mortos,feridos_leves,feridos_graves,feridos,ilesos,ignorados,veiculos,latitude,longitude,regional,delegacia,uop
751743,12/02/2026,quinta-feira,08:10:00,SP,116.0,202,ARUJA,Trafegar com motocicleta (ou similar) entre as faixas,Colisão lateral mesmo sentido,Com Vítimas Fatais,Pleno dia,Crescente,Sol,Dupla,Reta;Aclive,Não,3.0,1.0,0.0,0.0,0.0,1.0,0.0,3.0,"-23,41044124","-46,34637165",SPRF-SP,DEL01/SP,UOP01-DEL01-SP
751744,12/02/2026,quinta-feira,05:50:00,PR,376.0,253,CALIFORNIA,Transitar na contramão,Colisão frontal,Com Vítimas Feridas,Amanhecer,Crescente,Céu Claro,Simples,Reta,Não,3.0,0.0,0.0,2.0,2.0,0.0,0.0,3.0,"-23,64766917","-51,37549281",SPRF-PR,DEL07/PR,UOP03-DEL07-PR
751746,11/02/2026,quarta-feira,14:30:00,PR,280.0,"292,6",FLOR DA SERRA DO SUL,Problema com o freio,Incêndio,Sem Vítimas,Pleno dia,Crescente,Céu Claro,Simples,Reta,Não,2.0,0.0,0.0,0.0,0.0,1.0,0.0,2.0,"-26,249832","-53,336041",SPRF-PR,DEL02/PR,UOP01-DEL02-PR
751747,12/02/2026,quinta-feira,08:02:00,RO,364.0,346,JI-PARANA,Acessar a via sem observar a presença dos outros veículos,Colisão transversal,Com Vítimas Feridas,Pleno dia,Crescente,Céu Claro,Simples,Reta,Sim,3.0,0.0,2.0,0.0,2.0,1.0,0.0,2.0,"-10,86468166","-61,97046429",SPRF-RO,DEL02-RO,UOP01-DEL02-RO
751749,12/02/2026,quinta-feira,09:00:00,CE,116.0,57,PACAJUS,Reação tardia ou ineficiente do condutor,Colisão frontal,Com Vítimas Feridas,Pleno dia,Crescente,Céu Claro,Simples,Reta,Não,4.0,0.0,1.0,0.0,1.0,2.0,0.0,6.0,"-4,22564289","-38,47725391",SPRF-CE,DEL01/CE,UOP04-DEL01-CE
751751,12/02/2026,quinta-feira,10:05:00,PB,104.0,"144,2",QUEIMADAS,Reação tardia ou ineficiente do condutor,Saída de leito carroçável,Com Vítimas Feridas,Pleno dia,Crescente,Chuva,Simples,Declive,Não,2.0,0.0,1.0,0.0,1.0,0.0,0.0,2.0,"-7,40711","-35,896517",SPRF-PB,DEL02-PB,UOP03-DEL02-PB
751759,12/02/2026,quinta-feira,10:51:00,TO,153.0,193,NOVA OLINDA,Reação tardia ou ineficiente do condutor,Colisão traseira,Com Vítimas Feridas,Pleno dia,Crescente,Sol,Simples,Reta,Não,3.0,0.0,1.0,0.0,1.0,1.0,0.0,3.0,"-7,59118","-48,419877",SPRF-TO,DEL02-TO,UOP01-DEL02-TO
751764,12/02/2026,quinta-feira,10:29:00,MS,262.0,"704,8",CORUMBA,Reação tardia ou ineficiente do condutor,Capotamento,Com Vítimas Feridas,Pleno dia,Decrescente,Céu Claro,Simples,Reta,Não,3.0,0.0,0.0,1.0,1.0,0.0,0.0,3.0,"-19,529182","-57,41302",SPRF-MS,DEL03/MS,UOP03-DEL03-MS
751768,12/02/2026,quinta-feira,10:00:00,MS,267.0,"372,7",MARACAJU,Acessar a via sem observar a presença dos outros veículos,Colisão transversal,Com Vítimas Feridas,Pleno dia,Crescente,Céu Claro,Simples,Reta,Não,3.0,0.0,2.0,0.0,2.0,0.0,0.0,2.0,"-21,658017","-55,231522",SPRF-MS,DEL05/MS,UOP01-DEL05-MS
751772,12/02/2026,quinta-feira,11:10:00,RJ,116.0,278,BARRA MANSA,Ausência de reação do condutor,Colisão lateral mesmo sentido,Com Vítimas Feridas,Pleno dia,Crescente,Céu Claro,Dupla,Reta,Não,6.0,0.0,1.0,0.0,1.0,4.0,0.0,7.0,"-22,51683814","-44,20783997",SPRF-RJ,DEL07/RJ,UOP02-DEL07-RJ
751777,12/02/2026,quinta-feira,13:30:00,ES,101.0,151,LINHARES,Condutor deixou de manter distância do veículo da frente,Engavetamento,Com Vítimas Feridas,Pleno dia,Crescente,Céu Claro,Simples,Reta;Ponte,Não,8.0,0.0,2.0,0.0,2.0,5.0,0.0,5.0,"-19,4105425","-40,06546497",SPRF-ES,DEL04-ES,UOP01-DEL04-ES
751781,12/02/2026,quinta-feira,12:30:00,MT,364.0,"339,4",SANTO ANTONIO DO LEVERGER,Demais falhas mecânicas ou elétricas,Incêndio,Sem Vítimas,Pleno dia,Crescente,Céu Claro,Dupla,Reta;Declive,Não,1.0,0.0,0.0,0.0,0.0,1.0,0.0,1.0,"-15,82674673","-55,50824656",SPRF-MT,DEL05/MT,UOP02-DEL05-MT
751783,12/02/2026,quinta-feira,13:45:00,SC,280.0,54,GUARAMIRIM,Mal súbito do condutor,Colisão traseira,Com Vítimas Feridas,Pleno dia,Crescente,Céu Claro,Dupla,Reta,Sim,2.0,0.0,1.0,0.0,1.0,1.0,0.0,2.0,"-26,47534333","-48,9839395",SPRF-SC,DEL03/SC,UOP03-DEL03-SC
751786,12/02/2026,quinta-feira,08:30:00,PE,232.0,250,ARCOVERDE,Acessar a via sem observar a presença dos outros veículos,Colisão transversal,Sem Vítimas,Pleno dia,Crescente,Céu Claro,Simples,Reta,Sim,2.0,0.0,0.0,0.0,0.0,0.0,1.0,2.0,"-8,423375","-37,052625",SPRF-PE,DEL04/PE,UOP02-DEL04-PE
751788,12/02/2026,quinta-feira,09:10:00,GO,158.0,199,CAIAPONIA,Declive acentuado,Tombamento,Com Vítimas Feridas,Pleno dia,Decrescente,Garoa/Chuvisco,Simples,Curva;Declive,Não,2.0,0.0,0.0,2.0,2.0,0.0,0.0,1.0,"-17,311807","-51,879797",SPRF-GO,DEL05/GO,UOP01-DEL05-GO
751792,12/02/2026,quinta-feira,12:30:00,MT,174.0,122,CACERES,Reação tardia ou ineficiente do condutor,Saída de leito carroçável,Com Vítimas Feridas,Pleno dia,Decrescente,Chuva,Dupla,Curva,Não,2.0,0.0,1.0,0.0,1.0,1.0,0.0,1.0,"-15,83057216","-58,0682373",SPRF-MT,DEL03/MT,UOP01-DEL03-MT
751799,12/02/2026,quinta-feira,15:50:00,MG,381.0,482,BETIM,Manobra de mudança de faixa,Colisão lateral mesmo sentido,Com Vítimas Feridas,Pleno dia,Crescente,Céu Claro,Dupla,Reta,Sim,6.0,0.0,4.0,0.0,4.0,1.0,0.0,3.0,"-19,95850516","-44,07165527",SPRF-MG,DEL01/MG,UOP03-DEL01-MG
751800,12/02/2026,quinta-feira,15:32:00,SP,116.0,218,GUARULHOS,Reação tardia ou ineficiente do condutor,Engavetamento,Com Vítimas Feridas,Pleno dia,Decrescente,Nublado,Dupla,Reta,Sim,9.0,0.0,2.0,0.0,2.0,4.0,0.0,3.0,"-23,46115618","-46,48769125",SPRF-SP,DEL01/SP,UOP01-DEL01-SP
751809,12/02/2026,quinta-feira,15:20:00,ES,101.0,266,SERRA,Manobra de mudança de faixa,Colisão lateral mesmo sentido,Com Vítimas Feridas,Pleno dia,Crescente,Céu Claro,Múltipla,Reta,Sim,2.0,0.0,1.0,0.0,1.0,0.0,0.0,2.0,"-20,19516337","-40,26847422",SPRF-ES,DEL02-ES,UOP01-DEL02-ES
751820,12/02/2026,quinta-feira,10:30:00,RJ,116.0,97,GUAPIMIRIM,Problema com o freio,Saída de leito carroçável,Com Vítimas Feridas,Pleno dia,Crescente,Céu Claro,Simples,Curva;Declive,Não,1.0,0.0,1.0,0.0,1.0,0.0,0.0,1.0,"-22,48085714","-42,99773097",SPRF-RJ,DEL04/RJ,UOP01-DEL04-RJ
751824,12/02/2026,quinta-feira,16:35:00,ES,101.0,"4,8",ICONHA,Ausência de sinalização,Engavetamento,Com Vítimas Feridas,Pleno dia,Decrescente,Céu Claro,Dupla,Curva,Não,16.0,0.0,2.0,1.0,3.0,12.0,0.0,13.0,"-20,808","-40,807",SPRF-ES,DEL03-ES,UOP02-DEL03-ES
751832,12/02/2026,quinta-feira,16:15:00,MS,262.0,199,RIBAS DO RIO PARDO,Ausência de reação do condutor,Colisão traseira,Com Vítimas Feridas,Pleno dia,Crescente,Garoa/Chuvisco,Simples,Reta,Não,3.0,0.0,1.0,0.0,1.0,1.0,0.0,6.0,"-20,40687297","-53,21424365",SPRF-MS,DEL01/MS,UOP05-DEL01-MS
751836,12/02/2026,quinta-feira,10:00:00,BA,101.0,618,MASCOTE,Acumulo de água sobre o pavimento,Tombamento,Com Vítimas Feridas,Pleno dia,Crescente,Chuva,Simples,Curva,Não,2.0,0.0,1.0,0.0,1.0,0.0,0.0,2.0,"-15,643021","-39,437834",SPRF-BA,DEL05/BA,UOP02-DEL05-BA
751838,12/02/2026,quinta-feira,17:40:00,MT,70.0,"400,7",CAMPO VERDE,Transitar na contramão,Colisão frontal,Com Vítimas Feridas,Anoitecer,Decrescente,Chuva,Simples,Curva,Não,4.0,0.0,1.0,0.0,1.0,2.0,0.0,6.0,"-15,659059","-55,245766",SPRF-MT,DEL05/MT,UOP02-DEL05-MT
751842,12/02/2026,quinta-feira,17:24:00,ES,262.0,159,IBATIBA,Condutor desrespeitou a iluminação vermelha do semáforo,Colisão transversal,Com Vítimas Feridas,Pleno dia,Crescente,Céu Claro,Simples,Interseção de Vias,Sim,2.0,0.0,0.0,1.0,1.0,1.0,0.0,2.0,"-20,23462555","-41,50648069",SPRF-ES,DEL01-ES,UOP02-DEL01-ES
751844,12/02/2026,quinta-feira,13:40:00,MG,262.0,"611,8",IBIA,Velocidade Incompatível,Colisão frontal,Com Vítimas Feridas,Pleno dia,Decrescente,Chuva,Simples,Curva,Não,3.0,0.0,2.0,0.0,2.0,0.0,0.0,4.0,"-19,58525699","-46,3985011",SPRF-MG,DEL08/MG,UOP02-DEL08-MG
751849,31/01/2026,sábado,16:00:00,BA,116.0,"490,9",RAFAEL JAMBEIRO,Reação tardia ou ineficiente do condutor,Colisão traseira,Com Vítimas Feridas,Pleno dia,Decrescente,Céu Claro,Dupla,Declive,Não,5.0,0.0,1.0,1.0,2.0,2.0,0.0,4.0,"-12,56756","-39,48741",SPRF-BA,DEL02/BA,UOP01-DEL02-BA
751850,12/02/2026,quinta-feira,19:19:00,SP,116.0,228,SAO PAULO,Manobra de mudança de faixa,Colisão lateral mesmo sentido,Com Vítimas Feridas,Plena Noite,Decrescente,Vento,Múltipla,Declive;Reta,Sim,2.0,0.0,1.0,0.0,1.0,0.0,0.0,2.0,"-23,5056648","-46,56913662",SPRF-SP,DEL01/SP,UOP01-DEL01-SP
751851,21/01/2026,quarta-feira,06:47:00,MG,262.0,91,ABRE CAMPO,Ausência de reação do condutor,Colisão traseira,Com Vítimas Feridas,Pleno dia,Crescente,Chuva,Simples,Reta,Não,2.0,0.0,0.0,1.0,1.0,1.0,0.0,2.0,"-20,32695","-42,471827",SPRF-MG,DEL03/MG,UOP03-DEL03-MG
751852,09/02/2026,segunda-feira,07:33:00,GO,364.0,16,SAO SIMAO,Condutor Dormindo,Capotamento,Com Vítimas Feridas,Pleno dia,Crescente,Chuva,Simples,Reta;Interseção de Vias,Não,1.0,0.0,1.0,0.0,1.0,0.0,0.0,1.0,"-18,99270831","-50,57018638",SPRF-GO,DEL05/GO,UOP02-DEL05-GO
751855,12/02/2026,quinta-feira,20:00:00,PR,376.0,"320,4",ORTIGUEIRA,Pedestre cruzava a pista fora da faixa,Atropelamento de Pedestre,Com Vítimas Feridas,Plena Noite,Decrescente,Nublado,Simples,Reta,Não,3.0,0.0,0.0,1.0,1.0,1.0,0.0,3.0,"-24,04508","-51,07666",SPRF-PR,DEL07/PR,UOP02-DEL07-PR
751856,12/02/2026,quinta-feira,16:05:00,MG,40.0,"604,3",CONGONHAS,Velocidade Incompatível,Colisão frontal,Com Vítimas Fatais,Pleno dia,Decrescente,Céu Claro,Simples,Declive;Curva,Não,6.0,1.0,0.0,1.0,1.0,3.0,0.0,5.0,"-20,458058","-43,838047",SPRF-MG,DEL05/MG,UOP02-DEL05-MG
751860,12/02/2026,quinta-feira,18:30:00,MT,364.0,1205,CAMPOS DE JULIO,Ultrapassagem Indevida,Colisão lateral sentido oposto,Com Vítimas Feridas,Anoitecer,Decrescente,Chuva,Dupla,Reta,Não,3.0,0.0,0.0,1.0,1.0,1.0,0.0,4.0,"-13,79087635","-59,34342384",SPRF-MT,DEL04/MT,UOP02-DEL04-MT
751861,12/02/2026,quinta-feira,10:00:00,RO,364.0,1071,PORTO VELHO,Ausência de reação do condutor,Saída de leito carroçável,Com Vítimas Feridas,Pleno dia,Crescente,Nublado,Simples,Reta,Não,2.0,0.0,1.0,0.0,1.0,0.0,0.0,2.0,"-9,77622376","-66,57114029",SPRF-RO,DEL01-RO,UOP03-DEL01-RO
751883,12/02/2026,quinta-feira,21:50:00,SP,116.0,"301,1",ITAPECERICA DA SERRA,Ausência de reação do condutor,Tombamento,Com Vítimas Feridas,Plena Noite,Crescente,Nublado,Dupla,Reta,Não,1.0,0.0,1.0,0.0,1.0,0.0,0.0,1.0,"-23,76489126","-46,90732984",SPRF-SP,DEL04/SP,UOP01-DEL04-SP
751885,12/02/2026,quinta-feira,19:18:00,MS,163.0,"571,6",BANDEIRANTES,Ausência de reação do condutor,Saída de leito carroçável,Sem Vítimas,Plena Noite,Crescente,Nublado,Simples,Reta,Não,2.0,0.0,0.0,0.0,0.0,0.0,1.0,2.0,"-19,712465","-54,351101",SPRF-MS,DEL01/MS,UOP02-DEL01-MS
751890,12/02/2026,quinta-feira,19:13:00,MT,70.0,516,VARZEA GRANDE,Condutor deixou de manter distância do veículo da frente,Colisão traseira,Com Vítimas Feridas,Plena Noite,Decrescente,Céu Claro,Simples,Reta,Sim,3.0,0.0,1.0,0.0,1.0,1.0,0.0,4.0,"-15,69378123","-56,16760254",SPRF-MT,DEL01/MT,UOP02-DEL01-MT
751895,12/02/2026,quinta-feira,23:00:00,PR,116.0,27,CAMPINA GRANDE DO SUL,Acessar a via sem observar a presença dos outros veículos,Colisão lateral mesmo sentido,Sem Vítimas,Plena Noite,Crescente,Céu Claro,Dupla,Reta,Não,3.0,0.0,0.0,0.0,0.0,2.0,0.0,3.0,"-25,10881023","-48,79667759",SPRF-PR,DEL01/PR,UOP02-DEL01-PR
751896,13/02/2026,sexta-feira,00:10:00,SP,116.0,221,GUARULHOS,Trafegar com motocicleta (ou similar) entre as faixas,Colisão lateral mesmo sentido,Com Vítimas Feridas,Plena Noite,Crescente,Céu Claro,Múltipla,Reta,Sim,3.0,0.0,0.0,1.0,1.0,2.0,0.0,3.0,"-23,46873719","-46,51018012",SPRF-SP,DEL01/SP,UOP01-DEL01-SP
751898,12/02/2026,quinta-feira,23:20:00,PR,272.0,541,FRANCISCO ALVES,Ausência de reação do condutor,Colisão traseira,Com Vítimas Feridas,Plena Noite,Crescente,Céu Claro,Simples,Reta,Não,3.0,0.0,1.0,0.0,1.0,1.0,0.0,3.0,"-24,07360974","-53,98694213",SPRF-PR,DEL06/PR,UOP01-DEL06-PR
751907,13/02/2026,sexta-feira,00:10:00,RJ,116.0,256,PIRAI,Ausência de reação do condutor,Colisão traseira,Com Vítimas Feridas,Plena Noite,Decrescente,Céu Claro,Múltipla,Reta,Não,2.0,0.0,1.0,0.0,1.0,0.0,0.0,2.0,"-22,58141013","-43,99432031",SPRF-RJ,DEL07/RJ,UOP01-DEL07-RJ
751908,12/02/2026,quinta-feira,23:00:00,MG,262.0,"413,3",PARA DE MINAS,Condutor usando celular,Saída de leito carroçável,Com Vítimas Feridas,Plena Noite,Decrescente,Céu Claro,Dupla,Reta;Declive,Sim,2.0,0.0,1.0,0.0,1.0,0.0,0.0,3.0,"-19,88321679","-44,75155234",SPRF-MG,DEL08/MG,UOP03-DEL08-MG
751914,13/02/2026,sexta-feira,01:40:00,PR,369.0,163,CAMBE,Pedestre andava na pista,Atropelamento de Pedestre,Com Vítimas Fatais,Plena Noite,Decrescente,Ignorado,Dupla,Declive;Reta,Não,5.0,1.0,0.0,0.0,0.0,4.0,0.0,2.0,"-23,29689493","-51,27993189",SPRF-PR,DEL07/PR,UOP01-DEL07-PR
751915,13/02/2026,sexta-feira,01:30:00,RS,472.0,558,URUGUAIANA,Condutor Dormindo,Saída de leito carroçável,Com Vítimas Feridas,Plena Noite,Crescente,Nublado,Simples,Reta,Não,3.0,0.0,2.0,0.0,2.0,0.0,0.0,2.0,"-29,70666968","-56,92202854",SPRF-RS,DEL13/RS,UOP01-DEL13-RS
751916,13/02/2026,sexta-feira,02:10:00,SP,116.0,"37,8",CACHOEIRA PAULISTA,Velocidade Incompatível,Tombamento,Com Vítimas Feridas,Plena Noite,Decrescente,Céu Claro,Dupla,Curva;Declive,Não,1.0,0.0,0.0,1.0,1.0,0.0,0.0,1.0,"-22,66927","-44,98966",SPRF-SP,DEL08/SP,UOP02-DEL08-SP
751919,13/02/2026,sexta-feira,02:55:00,MG,365.0,"210,9",BURITIZEIRO,Demais falhas mecânicas ou elétricas,Incêndio,Sem Vítimas,Plena Noite,Crescente,Céu Claro,Simples,Reta,Não,2.0,0.0,0.0,0.0,0.0,1.0,0.0,2.0,"-17,54015","-45,3018",SPRF-MG,DEL10/MG,UOP02-DEL010-MG
751925,13/02/2026,sexta-feira,06:00:00,MG,381.0,396,BOM JESUS DO AMPARO,Reação tardia ou ineficiente do condutor,Colisão com objeto,Com Vítimas Fatais,Amanhecer,Decrescente,Céu Claro,Dupla,Reta;Viaduto,Não,5.0,1.0,1.0,1.0,2.0,2.0,0.0,4.0,"-19,739853","-43,506966",SPRF-MG,DEL01/MG,UOP01-DEL01-MG
751926,12/02/2026,quinta-feira,21:30:00,SC,470.0,"65,3",INDAIAL,Condutor deixou de manter distância do veículo da frente,Colisão traseira,Com Vítimas Feridas,Plena Noite,Decrescente,Céu Claro,Simples,Desvio Temporário;Em Obras,Não,3.0,0.0,1.0,0.0,1.0,1.0,0.0,4.0,"-26,8706","-49,21444",SPRF-SC,DEL04/SC,UOP01-DEL04-SC
751929,13/02/2026,sexta-feira,04:50:00,MS,267.0,"124,4",NOVA ANDRADINA,Acessar a via sem observar a presença dos outros veículos,Colisão transversal,Com Vítimas Feridas,Amanhecer,Decrescente,Chuva,Simples,Reta;Aclive,Não,3.0,0.0,0.0,1.0,1.0,1.0,0.0,3.0,"-21,75801503","-53,25746477",SPRF-MS,DEL02/MS,UOP03-DEL02-MS
751931,13/02/2026,sexta-feira,05:45:00,SC,101.0,"45,5",JOINVILLE,Velocidade Incompatível,Colisão traseira,Com Vítimas Feridas,Pleno dia,Crescente,Céu Claro,Dupla,Reta;Aclive,Sim,3.0,0.0,1.0,0.0,1.0,2.0,0.0,2.0,"-26,35228251","-48,85832238",SPRF-SC,DEL03/SC,UOP01-DEL03-SC
751938,13/02/2026,sexta-feira,07:26:00,TO,153.0,676,GURUPI,Manobra de mudança de faixa,Colisão traseira,Com Vítimas Feridas,Pleno dia,Crescente,Céu Claro,Dupla,Reta,Sim,3.0,0.0,1.0,0.0,1.0,1.0,0.0,3.0,"-11,75583718","-49,09296888",SPRF-TO,DEL01-TO,UOP02-DEL01-TO
751939,12/02/2026,quinta-feira,21:30:00,PR,277.0,"479,2",NOVA LARANJEIRAS,Pedestre - Ingestão de álcool/ substâncias psicoativas,Atropelamento de Pedestre,Com Vítimas Fatais,Plena Noite,Decrescente,Céu Claro,Simples,Aclive;Reta,Não,3.0,1.0,0.0,0.0,0.0,0.0,0.0,2.0,"-25,29632","-52,57219",SPRF-PR,DEL04/PR,UOP02-DEL04-PR
751941,13/02/2026,sexta-feira,07:10:00,MG,50.0,164,UBERABA,Reação tardia ou ineficiente do condutor,Colisão traseira,Com Vítimas Feridas,Pleno dia,Decrescente,Céu Claro,Dupla,Aclive;Reta,Não,3.0,0.0,1.0,0.0,1.0,1.0,0.0,4.0,"-19,6972493","-47,9869416",SPRF-MG,DEL13/MG,UOP01-DEL13-MG
751948,13/02/2026,sexta-feira,04:40:00,BA,101.0,542,SAO JOSE DA VITORIA,Objeto estático sobre o leito carroçável,Colisão com objeto,Com Vítimas Fatais,Amanhecer,Decrescente,Chuva,Simples,Curva,Não,6.0,1.0,2.0,1.0,3.0,2.0,0.0,4.0,"-15,092602","-39,347972",SPRF-BA,DEL05/BA,UOP02-DEL05-BA
751949,12/02/2026,quinta-feira,17:37:00,MT,364.0,457,VARZEA GRANDE,Avarias e/ou desgaste excessivo no pneu,Colisão frontal,Com Vítimas Fatais,Anoitecer,Decrescente,Chuva,Simples,Reta,Não,4.0,1.0,0.0,0.0,0.0,1.0,0.0,5.0,"-15,484962","-56,28693",SPRF-MT,DEL01/MT,UOP02-DEL01-MT
751950,13/02/2026,sexta-feira,06:48:00,MG,381.0,"700,7",LAVRAS,Reação tardia ou ineficiente do condutor,Engavetamento,Com Vítimas Fatais,Pleno dia,Crescente,Sol,Dupla,Curva;Declive,Não,6.0,1.0,3.0,0.0,3.0,1.0,0.0,5.0,"-21,28647629","-45,14145407",SPRF-MG,DEL04/MG,UOP02-DEL04-MG
751952,13/02/2026,sexta-feira,04:00:00,BA,101.0,542,SAO JOSE DA VITORIA,Objeto estático sobre o leito carroçável,Colisão com objeto,Com Vítimas Fatais,Amanhecer,Decrescente,Chuva,Simples,Curva,Não,6.0,2.0,4.0,0.0,4.0,0.0,0.0,2.0,"-15,092602","-39,347972",SPRF-BA,DEL05/BA,UOP02-DEL05-BA
751953,13/02/2026,sexta-feira,07:40:00,ES,101.0,289,CARIACICA,Avarias e/ou desgaste excessivo no pneu,Colisão lateral mesmo sentido,Com Vítimas Feridas,Pleno dia,Decrescente,Céu Claro,Dupla,Reta;Declive,Sim,4.0,0.0,1.0,0.0,1.0,2.0,0.0,4.0,"-20,2805902","-40,3926253",SPRF-ES,DEL01-ES,UOP01-DEL01-ES
751958,13/02/2026,sexta-feira,06:45:00,MS,163.0,468,CAMPO GRANDE,Ultrapassagem Indevida,Colisão lateral mesmo sentido,Com Vítimas Feridas,Amanhecer,Crescente,Céu Claro,Simples,Reta,Sim,3.0,0.0,1.0,0.0,1.0,1.0,0.0,5.0,"-20,57404","-54,56888",SPRF-MS,DEL01/MS,UOP01-DEL01-MS
751959,13/02/2026,sexta-feira,08:10:00,DF,20.0,"8,2",BRASILIA,Ausência de reação do condutor,Colisão traseira,Com Vítimas Feridas,Pleno dia,Decrescente,Céu Claro,Dupla,Declive,Sim,4.0,0.0,1.0,1.0,2.0,2.0,0.0,3.0,"-15,656567","-47,788223",SPRF-DF,DEL02-DF,UOP01-DEL02-DF
751960,12/02/2026,quinta-feira,17:23:00,MT,364.0,464,VARZEA GRANDE,Reação tardia ou ineficiente do condutor,Colisão frontal,Com Vítimas Feridas,Anoitecer,Decrescente,Chuva,Simples,Curva;Declive,Não,4.0,0.0,0.0,2.0,2.0,1.0,0.0,4.0,"-15,4488051","-56,3276834",SPRF-MT,DEL01/MT,UOP02-DEL01-MT
751966,13/02/2026,sexta-feira,09:10:00,SP,116.0,540,BARRA DO TURVO,Ausência de reação do condutor,Colisão traseira,Com Vítimas Feridas,Pleno dia,Crescente,Céu Claro,Dupla,Curva,Não,2.0,0.0,1.0,0.0,1.0,1.0,0.0,2.0,"-24,9288372","-48,2715897",SPRF-SP,DEL05/SP,UOP02-DEL05-SP
751973,13/02/2026,sexta-feira,05:15:00,GO,452.0,82,PORTEIRAO,Retorno proibido,Colisão transversal,Sem Vítimas,Amanhecer,Decrescente,Céu Claro,Simples,Reta;Declive,Não,3.0,0.0,0.0,0.0,0.0,2.0,0.0,7.0,"-18,049172","-50,19449",SPRF-GO,DEL03/GO,UOP02-DEL03-GO
751986,13/02/2026,sexta-feira,09:30:00,RN,304.0,"301,9",MACAIBA,Reação tardia ou ineficiente do condutor,Engavetamento,Sem Vítimas,Pleno dia,Decrescente,Sol,Dupla,Em Obras,Não,5.0,0.0,0.0,0.0,0.0,4.0,0.0,4.0,"-5,87931446","-35,29818064",SPRF-RN,DEL01-RN,UOP02-DEL01-RN
751988,13/02/2026,sexta-feira,07:30:00,PR,277.0,182,PALMEIRA,Velocidade Incompatível,Colisão traseira,Com Vítimas Feridas,Pleno dia,Crescente,Nublado,Simples,Reta;Declive,Não,9.0,0.0,3.0,0.0,3.0,3.0,0.0,7.0,"-25,430509","-50,039141",SPRF-PR,DEL08/PR,UOP02-DEL08-PR
751990,12/02/2026,quinta-feira,23:50:00,GO,452.0,153,ITUMBIARA,Demais falhas mecânicas ou elétricas,Tombamento,Com Vítimas Feridas,Plena Noite,Crescente,Nevoeiro/Neblina,Simples,Curva;Declive,Não,2.0,0.0,1.0,0.0,1.0,0.0,0.0,3.0,"-18,30196","-49,58372",SPRF-GO,DEL03/GO,UOP02-DEL03-GO
751992,13/02/2026,sexta-feira,09:00:00,MG,116.0,"708,5",MURIAE,Ultrapassagem Indevida,Colisão lateral mesmo sentido,Com Vítimas Feridas,Pleno dia,Decrescente,Sol,Simples,Reta,Não,4.0,0.0,1.0,0.0,1.0,2.0,0.0,3.0,"-21,17417658","-42,37199742",SPRF-MG,DEL07/MG,UOP02-DEL07-MG
752003,13/02/2026,sexta-feira,08:00:00,RN,101.0,99,PARNAMIRIM,Reação tardia ou ineficiente do condutor,Colisão com objeto,Sem Vítimas,Pleno dia,Decrescente,Céu Claro,Dupla,Reta,Sim,1.0,0.0,0.0,0.0,0.0,1.0,0.0,1.0,"-5,8776966","-35,22350756",SPRF-RN,DEL01-RN,UOP01-DEL01-RN
752006,13/02/2026,sexta-feira,10:30:00,PR,277.0,346,GUARAPUAVA,Ausência de reação do condutor,Colisão com objeto,Com Vítimas Feridas,Pleno dia,Decrescente,Céu Claro,Dupla,Curva,Sim,1.0,0.0,1.0,0.0,1.0,0.0,0.0,1.0,"-25,34883","-51,45522",SPRF-PR,DEL08/PR,UOP01-DEL08-PR
752008,13/02/2026,sexta-feira,09:35:00,MA,135.0,"90,7",ITAPECURU MIRIM,Ultrapassagem Indevida,Colisão frontal,Com Vítimas Fatais,Pleno dia,Decrescente,Céu Claro,Simples,Reta,Não,3.0,1.0,2.0,0.0,2.0,0.0,0.0,2.0,"-3,298118","-44,41706",SPRF-MA,DEL01-MA,UOP02-DEL01-MA
752011,13/02/2026,sexta-feira,11:30:00,MT,364.0,202,RONDONOPOLIS,Ausência de reação do condutor,Colisão lateral mesmo sentido,Com Vítimas Feridas,Pleno dia,Decrescente,Céu Claro,Dupla,Reta,Sim,2.0,0.0,1.0,0.0,1.0,0.0,0.0,2.0,"-16,48219","-54,65026",SPRF-MT,DEL02/MT,UOP01-DEL02-MT
752017,13/02/2026,sexta-feira,11:35:00,PR,376.0,160,MARINGA,Manobra de mudança de faixa,Colisão traseira,Com Vítimas Feridas,Pleno dia,Crescente,Chuva,Dupla,Reta,Sim,3.0,0.0,1.0,0.0,1.0,1.0,0.0,5.0,"-23,3670281","-52,06935883",SPRF-PR,DEL09/PR,UOP02-DEL09-PR
752019,13/02/2026,sexta-feira,12:15:00,SC,116.0,"206,6",PONTE ALTA,Acessar a via sem observar a presença dos outros veículos,Colisão transversal,Com Vítimas Feridas,Pleno dia,Crescente,Céu Claro,Simples,Declive,Sim,3.0,0.0,1.0,0.0,1.0,1.0,0.0,3.0,"-27,47882966","-50,38050978",SPRF-SC,DEL05/SC,UOP03-DEL05-SC
752023,13/02/2026,sexta-feira,13:00:00,SP,381.0,86,SAO PAULO,Reação tardia ou ineficiente do condutor,Colisão traseira,Com Vítimas Feridas,Pleno dia,Decrescente,Céu Claro,Dupla,Reta;Declive,Sim,4.0,0.0,1.0,0.0,1.0,2.0,0.0,3.0,"-23,4561985","-46,5731781",SPRF-SP,DEL03/SP,UOP01-DEL03-SP