id,data_inversa,dia_semana,horario,uf,br,km,municipio,causa_acidente,tipo_acidente,classificacao_acidente,fase_dia,sentido_via,condicao_metereologica,tipo_pista,tracado_via,uso_solo,pessoas,mortos,feridos_leves,feridos_graves,feridos,ilesos,ignorados,veiculos,latitude,longitude,regional,delegacia,uop
752025,13/02/2026,sexta-feira,12:00:00,SP,381.0,58,MAIRIPORA,Ausência de reação do condutor,Colisão lateral mesmo sentido,Com Vítimas Feridas,Pleno dia,Decrescente,Nublado,Dupla,Reta,Não,3.0,0.0,1.0,0.0,1.0,1.0,0.0,3.0,"-23,278393","-46,58530354",SPRF-SP,DEL03/SP,UOP01-DEL03-SP
752028,13/02/2026,sexta-feira,13:40:00,PR,116.0,11,COLOMBO,Condutor usando celular,Colisão traseira,Com Vítimas Feridas,Pleno dia,Crescente,Céu Claro,Dupla,Reta,Sim,2.0,0.0,1.0,0.0,1.0,1.0,0.0,2.0,"-25,371828","-49,134595",SPRF-PR,DEL01/PR,UOP02-DEL01-PR
752035,13/02/2026,sexta-feira,12:30:00,MS,163.0,839,SONORA,Demais falhas mecânicas ou elétricas,Incêndio,Com Vítimas Feridas,Pleno dia,Crescente,Nublado,Simples,Reta,Não,3.0,0.0,0.0,2.0,2.0,0.0,0.0,4.0,"-17,5784253","-54,7426249",SPRF-MS,DEL06/MS,UOP01-DEL06-MS
752043,13/02/2026,sexta-feira,14:10:00,SC,101.0,74,ARAQUARI,Ausência de reação do condutor,Colisão transversal,Com Vítimas Feridas,Pleno dia,Crescente,Nublado,Múltipla,Reta,Não,5.0,0.0,1.0,0.0,1.0,3.0,0.0,4.0,"-26,55104429","-48,7151324",SPRF-SC,DEL03/SC,UOP02-DEL03-SC
752054,13/02/2026,sexta-feira,13:10:00,MT,70.0,70,GENERAL CARNEIRO,Ausência de reação do condutor,Saída de leito carroçável,Sem Vítimas,Pleno dia,Crescente,Céu Claro,Simples,Reta,Sim,2.0,0.0,0.0,0.0,0.0,1.0,0.0,3.0,"-15,7070994","-52,76341293",SPRF-MT,DEL07/MT,UOP01-DEL07-MT
752061,13/02/2026,sexta-feira,16:10:00,MG,381.0,484,BETIM,Trafegar com motocicleta (ou similar) entre as faixas,Colisão lateral mesmo sentido,Com Vítimas Feridas,Pleno dia,Crescente,Céu Claro,Dupla,Curva,Sim,3.0,0.0,1.0,0.0,1.0,1.0,0.0,4.0,"-19,95932105","-44,08939775",SPRF-MG,DEL01/MG,UOP03-DEL01-MG
752077,13/02/2026,sexta-feira,14:30:00,SC,282.0,72,RANCHO QUEIMADO,Ausência de reação do condutor,Colisão lateral mesmo sentido,Com Vítimas Feridas,Pleno dia,Decrescente,Chuva,Simples,Curva,Não,4.0,0.0,1.0,1.0,2.0,2.0,0.0,2.0,"-27,68340019","-49,10549164",SPRF-SC,DEL01/SC,UOP03-DEL01-SC
752085,13/02/2026,sexta-feira,16:30:00,MT,364.0,"272,1",JACIARA,Ultrapassagem Indevida,Colisão lateral mesmo sentido,Com Vítimas Fatais,Pleno dia,Decrescente,Céu Claro,Dupla,Reta,Sim,4.0,1.0,0.0,0.0,0.0,1.0,0.0,5.0,"-15,964185","-54,963327",SPRF-MT,DEL05/MT,UOP02-DEL05-MT
752093,13/02/2026,sexta-feira,18:00:00,RJ,116.0,178,MESQUITA,Acessar a via sem observar a presença dos outros veículos,Colisão traseira,Com Vítimas Feridas,Pleno dia,Crescente,Céu Claro,Dupla,Reta,Não,3.0,0.0,1.0,0.0,1.0,1.0,0.0,3.0,"-22,7687667","-43,4098381",SPRF-RJ,DEL06/RJ,UOP01-DEL06-RJ
752094,13/02/2026,sexta-feira,17:30:00,RJ,116.0,271,BARRA MANSA,Reação tardia ou ineficiente do condutor,Engavetamento,Sem Vítimas,Anoitecer,Crescente,Céu Claro,Dupla,Reta,Sim,8.0,0.0,0.0,0.0,0.0,7.0,0.0,7.0,"-22,55790046","-44,12615319",SPRF-RJ,DEL07/RJ,UOP02-DEL07-RJ
752099,13/02/2026,sexta-feira,15:30:00,SC,116.0,234,CORREIA PINTO,Carga excessiva e/ou mal acondicionada,Capotamento,Com Vítimas Feridas,Pleno dia,Crescente,Nublado,Múltipla,Reta,Não,1.0,0.0,1.0,0.0,1.0,0.0,0.0,1.0,"-27,7040866","-50,3354074",SPRF-SC,DEL05/SC,UOP01-DEL05-SC
752106,09/02/2026,segunda-feira,08:00:00,MG,381.0,481,CONTAGEM,Ausência de reação do condutor,Colisão traseira,Com Vítimas Feridas,Pleno dia,Crescente,Céu Claro,Simples,Reta,Sim,3.0,0.0,1.0,0.0,1.0,1.0,0.0,3.0,"-19,95818151","-44,05971257",SPRF-MG,DEL01/MG,UOP03-DEL01-MG
752107,13/02/2026,sexta-feira,15:00:00,RS,386.0,"123,9",SARANDI,Condutor deixou de manter distância do veículo da frente,Colisão traseira,Com Vítimas Feridas,Pleno dia,Crescente,Céu Claro,Simples,Reta,Não,2.0,0.0,1.0,0.0,1.0,1.0,0.0,2.0,"-27,88980129","-52,98684597",SPRF-RS,DEL08/RS,UOP01-DEL08-RS
752110,13/02/2026,sexta-feira,18:15:00,PR,277.0,"591,9",CASCAVEL,Condutor deixou de manter distância do veículo da frente,Colisão traseira,Com Vítimas Feridas,Anoitecer,Decrescente,Chuva,Simples,Reta;Aclive,Sim,3.0,0.0,1.0,0.0,1.0,2.0,0.0,3.0,"-24,980004","-53,452729",SPRF-PR,DEL04/PR,UOP01-DEL04-PR
752112,13/02/2026,sexta-feira,17:45:00,MT,364.0,349,SANTO ANTONIO DO LEVERGER,Reação tardia ou ineficiente do condutor,Colisão lateral mesmo sentido,Com Vítimas Feridas,Anoitecer,Crescente,Céu Claro,Dupla,Curva;Declive,Não,8.0,0.0,2.0,2.0,4.0,3.0,0.0,6.0,"-15,79294","-55,58115",SPRF-MT,DEL05/MT,UOP02-DEL05-MT
752126,13/02/2026,sexta-feira,16:35:00,MG,381.0,"231,5",SANTANA DO PARAISO,Ausência de reação do condutor,Colisão traseira,Com Vítimas Feridas,Pleno dia,Decrescente,Céu Claro,Simples,Reta,Não,3.0,0.0,2.0,0.0,2.0,1.0,0.0,2.0,"-19,370629","-42,456213",SPRF-MG,DEL06/MG,UOP01-DEL06-MG
752127,13/02/2026,sexta-feira,15:30:00,BA,110.0,117,ANTAS,Ultrapassagem Indevida,Colisão frontal,Com Vítimas Feridas,Pleno dia,Crescente,Chuva,Simples,Declive,Não,4.0,0.0,1.0,0.0,1.0,1.0,0.0,4.0,"-10,408","-38,358",SPRF-BA,DEL07/BA,UOP02-DEL07-BA
752130,13/02/2026,sexta-feira,19:30:00,PR,476.0,223,LAPA,Transitar na contramão,Colisão lateral sentido oposto,Com Vítimas Feridas,Plena Noite,Crescente,Chuva,Simples,Reta,Não,3.0,0.0,0.0,1.0,1.0,1.0,0.0,3.0,"-25,822491","-49,9177456",SPRF-PR,DEL01/PR,UOP06-DEL01-PR
752141,13/02/2026,sexta-feira,18:10:00,MA,10.0,255,IMPERATRIZ,Reação tardia ou ineficiente do condutor,Colisão traseira,Com Vítimas Feridas,Plena Noite,Decrescente,Nublado,Simples,Reta,Não,3.0,0.0,1.0,1.0,2.0,1.0,0.0,3.0,"-5,502165","-47,471882",SPRF-MA,DEL04-MA,UOP01-DEL04-MA
752146,13/02/2026,sexta-feira,21:00:00,MG,381.0,502,BETIM,Reação tardia ou ineficiente do condutor,Colisão lateral mesmo sentido,Sem Vítimas,Plena Noite,Decrescente,Céu Claro,Dupla,Reta,Sim,4.0,0.0,0.0,0.0,0.0,2.0,0.0,3.0,"-19,95846274","-44,07078146",SPRF-MG,DEL01/MG,UOP03-DEL01-MG
752147,13/02/2026,sexta-feira,19:30:00,SC,282.0,"591,1",SAUDADES,Ausência de reação do condutor,Colisão com objeto,Com Vítimas Feridas,Plena Noite,Decrescente,Chuva,Simples,Interseção de Vias,Não,2.0,0.0,0.0,1.0,1.0,0.0,0.0,2.0,"-26,8259647","-53,09112422",SPRF-SC,DEL07/SC,UOP02-DEL07-SC
752148,13/02/2026,sexta-feira,20:10:00,GO,60.0,342,SANTO ANTONIO DA BARRA,Manobra de mudança de faixa,Colisão lateral mesmo sentido,Com Vítimas Feridas,Plena Noite,Crescente,Céu Claro,Dupla,Reta,Não,4.0,0.0,0.0,1.0,1.0,2.0,0.0,3.0,"-17,564127","-50,645167",SPRF-GO,DEL04/GO,UOP02-DEL04-GO
752152,13/02/2026,sexta-feira,19:45:00,PR,116.0,"198,7",RIO NEGRO,Ausência de reação do condutor,Colisão traseira,Com Vítimas Feridas,Plena Noite,Decrescente,Chuva,Simples,Reta,Não,5.0,0.0,4.0,0.0,4.0,0.0,0.0,2.0,"-26,04706703","-49,70609665",SPRF-SC,DEL06/SC,UOP01-DEL06-SC
752154,13/02/2026,sexta-feira,21:10:00,ES,101.0,267,SERRA,Manobra de mudança de faixa,Colisão lateral mesmo sentido,Com Vítimas Feridas,Plena Noite,Crescente,Céu Claro,Dupla,Reta,Sim,4.0,0.0,1.0,0.0,1.0,2.0,0.0,3.0,"-20,19656844","-40,26866198",SPRF-ES,DEL02-ES,UOP01-DEL02-ES
752156,13/02/2026,sexta-feira,22:20:00,SC,101.0,131,CAMBORIU,Carga excessiva e/ou mal acondicionada,Colisão com objeto,Com Vítimas Feridas,Plena Noite,Crescente,Céu Claro,Dupla,Reta,Sim,2.0,0.0,1.0,0.0,1.0,1.0,0.0,2.0,"-26,99397","-48,659985",SPRF-SC,DEL04/SC,UOP03-DEL04-SC
752158,13/02/2026,sexta-feira,21:45:00,RS,392.0,"348,1",SANTA MARIA,Ausência de reação do condutor,Colisão frontal,Com Vítimas Fatais,Plena Noite,Crescente,Nublado,Simples,Ponte;Reta,Não,7.0,2.0,0.0,2.0,2.0,1.0,0.0,4.0,"-29,74981943","-53,7908113",SPRF-RS,DEL09/RS,UOP01-DEL09-RS
752160,13/02/2026,sexta-feira,19:43:00,SC,282.0,"105,5",ALFREDO WAGNER,Transitar na contramão,Colisão frontal,Com Vítimas Fatais,Plena Noite,Crescente,Chuva,Simples,Curva;Declive,Não,3.0,1.0,0.0,0.0,0.0,1.0,0.0,3.0,"-27,694495","-49,347697",SPRF-SC,DEL01/SC,UOP03-DEL01-SC
752161,13/02/2026,sexta-feira,21:00:00,PE,232.0,211,PESQUEIRA,Condutor Dormindo,Colisão frontal,Com Vítimas Fatais,Plena Noite,Decrescente,Céu Claro,Simples,Reta,Sim,2.0,1.0,0.0,0.0,0.0,1.0,0.0,2.0,"-8,3724933","-36,71206",SPRF-PE,DEL03/PE,UOP02-DEL03-PE
752174,13/02/2026,sexta-feira,11:30:00,PA,163.0,104,ALTAMIRA,Ausência de reação do condutor,Tombamento,Com Vítimas Feridas,Pleno dia,Crescente,Chuva,Simples,Curva;Declive,Não,2.0,0.0,1.0,0.0,1.0,0.0,0.0,4.0,"-8,72753606","-54,97265914",SPRF-MT,DEL06/MT,UOP03-DEL06-MT
752175,13/02/2026,sexta-feira,22:30:00,RS,386.0,"181,1",CARAZINHO,Ingestão de álcool pelo condutor,Saída de leito carroçável,Com Vítimas Feridas,Plena Noite,Crescente,Nublado,Simples,Reta,Não,1.0,0.0,1.0,0.0,1.0,0.0,0.0,1.0,"-28,308726","-52,738075",SPRF-RS,DEL08/RS,UOP01-DEL08-RS
752179,13/02/2026,sexta-feira,22:30:00,BA,418.0,113,NOVA VICOSA,Acessar a via sem observar a presença dos outros veículos,Colisão transversal,Com Vítimas Feridas,Plena Noite,Decrescente,Céu Claro,Simples,Reta,Não,4.0,0.0,0.0,1.0,1.0,2.0,0.0,5.0,"-17,8929679","-40,05224615",SPRF-BA,DEL09/BA,UOP02-DEL09-BA
752180,13/02/2026,sexta-feira,16:10:00,RJ,465.0,"2,6",SEROPEDICA,Acesso irregular,Tombamento,Com Vítimas Feridas,Pleno dia,Crescente,Céu Claro,Simples,Curva,Não,2.0,0.0,1.0,0.0,1.0,0.0,0.0,2.0,"-22,72932379","-43,71665955",SPRF-RJ,DEL06/RJ,UOP02-DEL06-RJ
752187,13/02/2026,sexta-feira,21:47:00,RJ,465.0,"0,8",SEROPEDICA,Acesso irregular,Colisão transversal,Com Vítimas Feridas,Plena Noite,Decrescente,Nublado,Múltipla,Reta;Interseção de Vias,Sim,3.0,0.0,1.0,1.0,2.0,1.0,0.0,2.0,"-22,71745057","-43,72798741",SPRF-RJ,DEL06/RJ,UOP02-DEL06-RJ
752189,13/02/2026,sexta-feira,23:55:00,RS,285.0,"523,9",VITORIA DAS MISSOES,Reação tardia ou ineficiente do condutor,Colisão lateral sentido oposto,Com Vítimas Feridas,Plena Noite,Crescente,Céu Claro,Simples,Reta;Declive,Não,3.0,0.0,1.0,0.0,1.0,1.0,0.0,2.0,"-28,402193","-54,51466",SPRF-RS,DEL10/RS,UOP01-DEL10-RS
752191,13/02/2026,sexta-feira,23:50:00,MG,40.0,628,CONSELHEIRO LAFAIETE,Velocidade Incompatível,Colisão traseira,Com Vítimas Feridas,Plena Noite,Crescente,Céu Claro,Dupla,Reta,Sim,2.0,0.0,1.0,0.0,1.0,1.0,0.0,2.0,"-20,650317","-43,809358",SPRF-MG,DEL05/MG,UOP02-DEL05-MG
752192,13/02/2026,sexta-feira,23:00:00,SC,282.0,"21,7",PALHOCA,Reação tardia ou ineficiente do condutor,Saída de leito carroçável,Sem Vítimas,Plena Noite,Crescente,Chuva,Simples,Reta,Não,2.0,0.0,0.0,0.0,0.0,1.0,0.0,2.0,"-27,687225","-48,713682",SPRF-SC,DEL01/SC,UOP02-DEL01-SC
752199,13/02/2026,sexta-feira,22:15:00,SC,470.0,"269,9",BRUNOPOLIS,Transitar na contramão,Colisão lateral sentido oposto,Com Vítimas Fatais,Plena Noite,Crescente,Chuva,Simples,Curva;Aclive,Não,2.0,1.0,0.0,0.0,0.0,1.0,0.0,2.0,"-27,31900962","-50,77365875",SPRF-SC,DEL07/SC,UOP06-DEL07-SC
752201,13/02/2026,sexta-feira,23:30:00,SP,116.0,323,JUQUITIBA,Reação tardia ou ineficiente do condutor,Colisão traseira,Com Vítimas Feridas,Plena Noite,Crescente,Céu Claro,Dupla,Reta,Não,2.0,0.0,1.0,0.0,1.0,1.0,0.0,2.0,"-23,93802068","-47,03830464",SPRF-SP,DEL04/SP,UOP03-DEL04-SP
752205,14/02/2026,sábado,01:35:00,RS,290.0,12,SANTO ANTONIO DA PATRULHA,Reação tardia ou ineficiente do condutor,Colisão traseira,Com Vítimas Feridas,Plena Noite,Decrescente,Nublado,Múltipla,Reta,Não,3.0,0.0,1.0,0.0,1.0,1.0,0.0,3.0,"-29,88294","-50,39011",SPRF-RS,DEL03/RS,UOP01-DEL03-RS
752209,14/02/2026,sábado,01:20:00,SE,101.0,1,PROPRIA,Condutor Dormindo,Saída de leito carroçável,Com Vítimas Feridas,Plena Noite,Crescente,Céu Claro,Dupla,Reta,Sim,1.0,0.0,1.0,0.0,1.0,0.0,0.0,1.0,"-10,21972554","-36,82762798",SPRF-SE,DEL02-SE,UOP02-DEL02-SE
752210,14/02/2026,sábado,01:45:00,GO,50.0,260,CATALAO,Ausência de reação do condutor,Colisão traseira,Com Vítimas Feridas,Plena Noite,Crescente,Céu Claro,Dupla,Reta,Não,3.0,0.0,1.0,0.0,1.0,1.0,0.0,4.0,"-18,0668819","-47,86399841",SPRF-GO,DEL06/GO,UOP01-DEL06-GO
752216,14/02/2026,sábado,03:33:00,GO,60.0,218,VARJAO,Ausência de reação do condutor,Colisão traseira,Com Vítimas Feridas,Plena Noite,Decrescente,Céu Claro,Dupla,Aclive;Reta,Não,3.0,0.0,0.0,2.0,2.0,0.0,0.0,2.0,"-16,972336","-49,735856",SPRF-GO,DEL01/GO,UOP02-DEL01-GO
752221,14/02/2026,sábado,04:54:00,SP,116.0,179,GUARAREMA,Acessar a via sem observar a presença dos outros veículos,Colisão traseira,Com Vítimas Feridas,Amanhecer,Decrescente,Céu Claro,Dupla,Reta,Sim,3.0,0.0,0.0,1.0,1.0,1.0,0.0,3.0,"-23,33317671","-46,1385021",SPRF-SP,DEL01/SP,UOP01-DEL01-SP
752222,14/02/2026,sábado,02:24:00,PR,277.0,"200,9",PALMEIRA,Acessar a via sem observar a presença dos outros veículos,Colisão transversal,Com Vítimas Feridas,Plena Noite,Crescente,Céu Claro,Simples,Reta,Não,3.0,0.0,0.0,1.0,1.0,1.0,0.0,4.0,"-25,463612","-50,226822",SPRF-PR,DEL08/PR,UOP02-DEL08-PR
752227,14/02/2026,sábado,04:55:00,PB,230.0,"229,3",SOLEDADE,Transitar na contramão,Colisão frontal,Com Vítimas Fatais,Plena Noite,Crescente,Céu Claro,Simples,Reta,Não,7.0,5.0,1.0,0.0,1.0,0.0,0.0,3.0,"-7,035238","-36,476996",SPRF-PB,DEL02-PB,UOP02-DEL02-PB
752228,13/02/2026,sexta-feira,19:30:00,BA,242.0,774,BARREIRAS,Ultrapassagem Indevida,Colisão frontal,Com Vítimas Feridas,Plena Noite,Crescente,Céu Claro,Simples,Reta,Não,3.0,0.0,0.0,1.0,1.0,1.0,0.0,3.0,"-12,15848","-44,64602",SPRF-BA,DEL10/BA,UOP01-DEL10-BA
752252,14/02/2026,sábado,08:00:00,MG,40.0,287,TRES MARIAS,Transitar na contramão,Colisão lateral sentido oposto,Com Vítimas Feridas,Pleno dia,Crescente,Céu Claro,Simples,Reta;Aclive,Não,3.0,0.0,1.0,0.0,1.0,2.0,0.0,2.0,"-18,266641","-45,152808",SPRF-MG,DEL14/MG,UOP02-DEL14-MG
752258,14/02/2026,sábado,08:40:00,SC,101.0,"35,6",PALHOCA,Condutor Dormindo,Colisão traseira,Com Vítimas Feridas,Pleno dia,Crescente,Céu Claro,Dupla,Reta,Não,3.0,0.0,1.0,0.0,1.0,1.0,0.0,5.0,"-27,63486072","-48,71637695",SPRF-SC,DEL01/SC,UOP02-DEL01-SC
752273,14/02/2026,sábado,06:54:00,MG,365.0,765,ITUIUTABA,Ingestão de álcool pelo condutor,Colisão traseira,Com Vítimas Feridas,Pleno dia,Decrescente,Céu Claro,Múltipla,Reta,Não,2.0,0.0,2.0,0.0,2.0,0.0,0.0,2.0,"-18,962165","-49,591833",SPRF-MG,DEL15/MG,UOP03-DEL15-MG
752280,14/02/2026,sábado,09:40:00,BA,116.0,"582,6",NOVA ITARANA,Velocidade Incompatível,Saída de leito carroçável,Com Vítimas Feridas,Pleno dia,Crescente,Céu Claro,Simples,Curva,Não,2.0,0.0,1.0,0.0,1.0,0.0,0.0,2.0,"-13,113366","-39,990057",SPRF-BA,DEL03/BA,UOP02-DEL03-BA
752300,14/02/2026,sábado,06:00:00,PR,153.0,"121,6",IBAITI,Velocidade Incompatível,Saída de leito carroçável,Com Vítimas Feridas,Amanhecer,Crescente,Céu Claro,Simples,Curva,Não,1.0,0.0,1.0,0.0,1.0,0.0,0.0,1.0,"-23,93485488","-50,23935065",SPRF-PR,DEL07/PR,UOP04-DEL07-PR
752301,14/02/2026,sábado,12:00:00,SP,116.0,33,CRUZEIRO,Demais falhas mecânicas ou elétricas,Incêndio,Sem Vítimas,Pleno dia,Decrescente,Sol,Dupla,Aclive,Não,2.0,0.0,0.0,0.0,0.0,1.0,0.0,3.0,"-22,64411922","-44,93570501",SPRF-SP,DEL08/SP,UOP02-DEL08-SP
752303,14/02/2026,sábado,11:30:00,RJ,116.0,230,PIRAI,Ultrapassagem Indevida,Colisão lateral mesmo sentido,Com Vítimas Fatais,Pleno dia,Crescente,Céu Claro,Simples,Aclive;Em Obras,Não,4.0,1.0,1.0,0.0,1.0,2.0,0.0,3.0,"-22,6774075","-43,8280531",SPRF-RJ,DEL07/RJ,UOP01-DEL07-RJ
752307,14/02/2026,sábado,11:00:00,MS,158.0,"29,4",PARANAIBA,Demais falhas na via,Tombamento,Sem Vítimas,Pleno dia,Crescente,Céu Claro,Simples,Declive;Ponte,Não,2.0,0.0,0.0,0.0,0.0,1.0,0.0,4.0,"-19,226619","-51,520984",SPRF-MS,DEL08/MS,UOP01-DEL08-MS
752308,14/02/2026,sábado,11:10:00,MS,163.0,"206,3",CAARAPO,Transitar na contramão,Colisão lateral sentido oposto,Com Vítimas Feridas,Pleno dia,Crescente,Céu Claro,Simples,Rotatória;Reta,Não,3.0,0.0,0.0,1.0,1.0,1.0,0.0,3.0,"-22,651071","-54,808822",SPRF-MS,DEL04/MS,UOP02-DEL04-MS
752309,14/02/2026,sábado,12:30:00,ES,101.0,"446,1",MIMOSO DO SUL,Acessar a via sem observar a presença dos outros veículos,Colisão transversal,Com Vítimas Feridas,Pleno dia,Decrescente,Céu Claro,Simples,Reta,Não,6.0,0.0,2.0,0.0,2.0,4.0,0.0,3.0,"-21,119969","-41,269975",SPRF-ES,DEL03-ES,UOP02-DEL03-ES
752317,14/02/2026,sábado,10:00:00,RJ,40.0,109,DUQUE DE CAXIAS,Condutor deixou de manter distância do veículo da frente,Colisão traseira,Com Vítimas Feridas,Pleno dia,Crescente,Céu Claro,Múltipla,Reta,Sim,2.0,0.0,1.0,0.0,1.0,1.0,0.0,2.0,"-22,67934169","-43,28641176",SPRF-RJ,DEL01/RJ,UOP02-DEL01-RJ
752323,14/02/2026,sábado,08:45:00,CE,116.0,194,LIMOEIRO DO NORTE,Velocidade Incompatível,Saída de leito carroçável,Sem Vítimas,Pleno dia,Decrescente,Céu Claro,Simples,Curva,Não,2.0,0.0,0.0,0.0,0.0,1.0,0.0,2.0,"-5,15280541","-38,1538868",SPRF-CE,DEL03/CE,UOP01-DEL03-CE
752330,14/02/2026,sábado,10:00:00,RS,470.0,12,BARRACAO,Condutor usando celular,Colisão com objeto,Sem Vítimas,Pleno dia,Decrescente,Chuva,Simples,Reta,Sim,2.0,0.0,0.0,0.0,0.0,1.0,0.0,2.0,"-27,67982227","-51,455525",SPRF-RS,DEL08/RS,UOP05-DEL08-RS
752331,14/02/2026,sábado,13:10:00,PR,376.0,519,PONTA GROSSA,Reação tardia ou ineficiente do condutor,Queda de ocupante de veículo,Com Vítimas Feridas,Pleno dia,Crescente,Céu Claro,Dupla,Reta,Não,2.0,0.0,1.0,0.0,1.0,0.0,0.0,2.0,"-25,271302","-49,932423",SPRF-PR,DEL03/PR,UOP03-DEL03-PR
752334,14/02/2026,sábado,15:00:00,MG,40.0,475,SETE LAGOAS,Ausência de reação do condutor,Colisão traseira,Com Vítimas Feridas,Pleno dia,Decrescente,Céu Claro,Dupla,Aclive;Reta,Sim,3.0,0.0,0.0,1.0,1.0,1.0,0.0,3.0,"-19,51","-44,272",SPRF-MG,DEL02/MG,UOP01-DEL02-MG
752340,14/02/2026,sábado,15:10:00,ES,101.0,214,IBIRACU,Desrespeitar a preferência no cruzamento,Colisão transversal,Com Vítimas Feridas,Pleno dia,Crescente,Céu Claro,Simples,Retorno Regulamentado;Interseção de Vias,Não,6.0,0.0,1.0,0.0,1.0,4.0,0.0,3.0,"-19,8300045","-40,37309",SPRF-ES,DEL02-ES,UOP01-DEL02-ES
752346,14/02/2026,sábado,16:00:00,GO,364.0,200,JATAI,Condutor deixou de manter distância do veículo da frente,Colisão traseira,Com Vítimas Feridas,Pleno dia,Crescente,Sol,Simples,Reta,Não,7.0,0.0,0.0,1.0,1.0,5.0,0.0,8.0,"-17,91924","-51,750642",SPRF-GO,DEL05/GO,UOP01-DEL05-GO
752359,14/02/2026,sábado,16:05:00,PA,155.0,304,MARABA,Demais falhas mecânicas ou elétricas,Incêndio,Sem Vítimas,Pleno dia,Crescente,Céu Claro,Simples,Reta;Declive,Não,2.0,0.0,0.0,0.0,0.0,1.0,0.0,2.0,"-5,6950169","-49,1207195",SPRF-PA,DEL03/PA,UOP01-DEL03-PA
752363,14/02/2026,sábado,16:00:00,PE,101.0,"124,1",ESCADA,Acesso irregular,Colisão transversal,Com Vítimas Fatais,Pleno dia,Crescente,Céu Claro,Dupla,Reta,Sim,3.0,1.0,0.0,0.0,0.0,1.0,0.0,3.0,"-8,3598089","-35,2123185",SPRF-PE,DEL01/PE,UOP03-DEL01-PE
752375,14/02/2026,sábado,17:00:00,SP,153.0,"336,3",OURINHOS,Reação tardia ou ineficiente do condutor,Colisão transversal,Sem Vítimas,Pleno dia,Decrescente,Céu Claro,Dupla,Curva,Não,4.0,0.0,0.0,0.0,0.0,3.0,0.0,3.0,"-22,911518","-49,88963",SPRF-SP,DEL07/SP,UOP03-DEL07-SP
752380,14/02/2026,sábado,13:00:00,BA,116.0,637,JAGUAQUARA,Acostamento em desnível,Tombamento,Sem Vítimas,Pleno dia,Crescente,Céu Claro,Simples,Reta,Não,1.0,0.0,0.0,0.0,0.0,1.0,0.0,1.0,"-13,54188186","-40,06888425",SPRF-BA,DEL03/BA,UOP01-DEL03-BA
752382,14/02/2026,sábado,17:40:00,BA,116.0,337,TEOFILANDIA,Acessar a via sem observar a presença dos outros veículos,Queda de ocupante de veículo,Com Vítimas Fatais,Anoitecer,Crescente,Chuva,Simples,Interseção de Vias;Rotatória;Retorno Regulamentado;Reta,Sim,4.0,1.0,1.0,0.0,1.0,1.0,0.0,3.0,"-11,478457","-38,994668",SPRF-BA,DEL02/BA,UOP01-DEL02-BA
752384,14/02/2026,sábado,18:20:00,MT,70.0,"1,6",BARRA DO GARCAS,Reação tardia ou ineficiente do condutor,Colisão traseira,Com Vítimas Feridas,Anoitecer,Crescente,Céu Claro,Simples,Reta,Sim,2.0,0.0,1.0,0.0,1.0,1.0,0.0,2.0,"-15,88926803","-52,26529866",SPRF-MT,DEL07/MT,UOP01-DEL07-MT
752392,14/02/2026,sábado,13:00:00,MA,226.0,139,GOVERNADOR EUGENIO BARROS,Ausência de reação do condutor,Colisão traseira,Com Vítimas Feridas,Pleno dia,Decrescente,Céu Claro,Simples,Reta,Sim,3.0,0.0,1.0,1.0,2.0,1.0,0.0,2.0,"-5,31767395","-44,01056956",SPRF-MA,DEL06-MA,UOP01-DEL06-MA
752419,14/02/2026,sábado,19:10:00,PE,316.0,"51,4",TRINDADE,Ultrapassagem Indevida,Colisão frontal,Com Vítimas Feridas,Plena Noite,Crescente,Ignorado,Simples,Reta,Não,5.0,0.0,2.0,1.0,3.0,1.0,0.0,4.0,"-7,724163","-40,3147",SPRF-PE,DEL05/PE,UOP02-DEL05-PE
752427,14/02/2026,sábado,21:00:00,PR,476.0,109,COLOMBO,Acessar a via sem observar a presença dos outros veículos,Colisão frontal,Sem Vítimas,Plena Noite,Decrescente,Nublado,Simples,Reta,Sim,3.0,0.0,0.0,0.0,0.0,2.0,0.0,3.0,"-25,308577","-49,1444051",SPRF-PR,DEL01/PR,UOP01-DEL01-PR
752428,14/02/2026,sábado,21:15:00,PR,277.0,669,MEDIANEIRA,Manobra de mudança de faixa,Colisão traseira,Com Vítimas Feridas,Plena Noite,Crescente,Garoa/Chuvisco,Dupla,Reta,Sim,4.0,0.0,2.0,0.0,2.0,1.0,0.0,3.0,"-25,26720422","-54,05673472",SPRF-PR,DEL05/PR,UOP02-DEL05-PR
752433,14/02/2026,sábado,20:00:00,RS,285.0,220,CASEIROS,Problema com o freio,Incêndio,Sem Vítimas,Plena Noite,Crescente,Nublado,Simples,Reta,Sim,2.0,0.0,0.0,0.0,0.0,1.0,0.0,2.0,"-28,26690905","-51,6957318",SPRF-RS,DEL08/RS,UOP05-DEL08-RS
752438,14/02/2026,sábado,22:30:00,BA,116.0,456,SANTO ESTEVAO,Condutor Dormindo,Colisão traseira,Com Vítimas Feridas,Plena Noite,Crescente,Céu Claro,Dupla,Aclive;Reta,Não,3.0,0.0,1.0,0.0,1.0,1.0,0.0,3.0,"-12,42504","-39,20538",SPRF-BA,DEL02/BA,UOP01-DEL02-BA
752443,14/02/2026,sábado,22:30:00,MG,365.0,570,INDIANOPOLIS,Transitar na contramão,Colisão frontal,Com Vítimas Fatais,Plena Noite,Crescente,Céu Claro,Simples,Aclive;Reta,Não,4.0,2.0,0.0,0.0,0.0,1.0,0.0,3.0,"-18,91649107","-47,85454555",SPRF-MG,DEL15/MG,UOP02-DEL15-MG