id,data_inversa,dia_semana,horario,uf,br,km,municipio,causa_acidente,tipo_acidente,classificacao_acidente,fase_dia,sentido_via,condicao_metereologica,tipo_pista,tracado_via,uso_solo,pessoas,mortos,feridos_leves,feridos_graves,feridos,ilesos,ignorados,veiculos,latitude,longitude,regional,delegacia,uop
753203,18/02/2026,quarta-feira,17:49:00,PR,369.0,10,CAMBARA,Ausência de reação do condutor,Colisão transversal,Com Vítimas Feridas,Anoitecer,Crescente,Nublado,Simples,Reta;Aclive,Não,9.0,0.0,4.0,0.0,4.0,4.0,0.0,3.0,"-23,00602634","-49,99804437",SPRF-PR,DEL07/PR,UOP05-DEL07-PR
753204,18/02/2026,quarta-feira,15:10:00,MG,365.0,"48,9",MONTES CLAROS,Pista Escorregadia,Saída de leito carroçável,Com Vítimas Feridas,Pleno dia,Crescente,Chuva,Simples,Declive;Reta,Não,2.0,0.0,1.0,1.0,2.0,0.0,0.0,1.0,"-16,65411236","-43,71756719",SPRF-MG,DEL12/MG,UOP01-DEL12-MG
753205,05/02/2026,quinta-feira,09:20:00,MS,158.0,104,PARANAIBA,Transitar na contramão,Colisão lateral sentido oposto,Com Vítimas Feridas,Pleno dia,Crescente,Céu Claro,Simples,Reta,Não,5.0,0.0,1.0,1.0,2.0,2.0,0.0,6.0,"-19,72954349","-51,13328934",SPRF-MS,DEL08/MS,UOP01-DEL08-MS
753209,18/02/2026,quarta-feira,18:30:00,BA,116.0,314,ARACI,Ausência de reação do condutor,Colisão lateral sentido oposto,Com Vítimas Feridas,Plena Noite,Decrescente,Chuva,Simples,Reta,Não,3.0,0.0,0.0,1.0,1.0,1.0,0.0,3.0,"-11,28718","-38,92997",SPRF-BA,DEL02/BA,UOP01-DEL02-BA
753213,18/02/2026,quarta-feira,18:30:00,SP,116.0,139,SAO JOSE DOS CAMPOS,Trafegar com motocicleta (ou similar) entre as faixas,Colisão traseira,Com Vítimas Feridas,Anoitecer,Crescente,Céu Claro,Dupla,Reta,Não,3.0,0.0,1.0,0.0,1.0,2.0,0.0,3.0,"-23,161938","-45,805073",SPRF-SP,DEL02/SP,UOP01-DEL02-SP
753217,18/02/2026,quarta-feira,15:30:00,PR,277.0,697,SAO MIGUEL DO IGUACU,Reação tardia ou ineficiente do condutor,Colisão traseira,Com Vítimas Feridas,Pleno dia,Decrescente,Céu Claro,Dupla,Aclive,Não,7.0,0.0,0.0,5.0,5.0,1.0,0.0,3.0,"-25,39431596","-54,30748254",SPRF-PR,DEL05/PR,UOP01-DEL05-PR
753221,18/02/2026,quarta-feira,19:15:00,PR,277.0,"1,2",PARANAGUA,Deficiência do Sistema de Iluminação/Sinalização,Colisão transversal,Com Vítimas Feridas,Anoitecer,Crescente,Ignorado,Dupla,Reta,Sim,3.0,0.0,1.0,0.0,1.0,1.0,0.0,3.0,"-25,53055","-48,554248",SPRF-PR,DEL01/PR,UOP05-DEL01-PR
753235,18/02/2026,quarta-feira,17:45:00,MT,364.0,17,ALTO ARAGUAIA,Demais falhas mecânicas ou elétricas,Incêndio,Sem Vítimas,Anoitecer,Decrescente,Céu Claro,Simples,Aclive,Não,2.0,0.0,0.0,0.0,0.0,1.0,0.0,3.0,"-17,22602994","-53,32386768",SPRF-MT,DEL02/MT,UOP02-DEL02-MT
753247,18/02/2026,quarta-feira,22:40:00,PR,116.0,"111,3",CURITIBA,Reação tardia ou ineficiente do condutor,Colisão com objeto,Sem Vítimas,Plena Noite,Crescente,Céu Claro,Dupla,Reta,Sim,2.0,0.0,0.0,0.0,0.0,1.0,0.0,2.0,"-25,557305","-49,269581",SPRF-PR,DEL01/PR,UOP03-DEL01-PR
753248,18/02/2026,quarta-feira,21:30:00,PR,163.0,221,CASCAVEL,Reação tardia ou ineficiente do condutor,Colisão lateral mesmo sentido,Com Vítimas Feridas,Plena Noite,Decrescente,Céu Claro,Dupla,Declive;Curva,Não,3.0,0.0,1.0,0.0,1.0,0.0,0.0,3.0,"-24,8519679","-53,60342633",SPRF-PR,DEL04/PR,UOP01-DEL04-PR
753251,18/02/2026,quarta-feira,20:00:00,MT,163.0,526,DIAMANTINO,Chuva,Saída de leito carroçável,Sem Vítimas,Plena Noite,Decrescente,Garoa/Chuvisco,Dupla,Curva,Não,2.0,0.0,0.0,0.0,0.0,1.0,0.0,3.0,"-14,400356","-56,108943",SPRF-MT,DEL01/MT,UOP01-DEL01-MT
753259,19/02/2026,quinta-feira,02:00:00,GO,364.0,289,MINEIROS,Reação tardia ou ineficiente do condutor,Tombamento,Com Vítimas Feridas,Plena Noite,Crescente,Céu Claro,Simples,Curva,Não,2.0,0.0,0.0,1.0,1.0,0.0,0.0,2.0,"-17,59069182","-52,45982718",SPRF-GO,DEL05/GO,UOP01-DEL05-GO
753260,19/02/2026,quinta-feira,03:00:00,PE,232.0,166,BELO JARDIM,Ausência de reação do condutor,Tombamento,Com Vítimas Feridas,Plena Noite,Crescente,Céu Claro,Dupla,Reta,Não,1.0,0.0,1.0,0.0,1.0,0.0,0.0,1.0,"-8,340476","-36,342095",SPRF-PE,DEL03/PE,UOP02-DEL03-PE
753262,19/02/2026,quinta-feira,04:30:00,SC,101.0,115,ITAJAI,Manobra de mudança de faixa,Colisão lateral mesmo sentido,Com Vítimas Feridas,Plena Noite,Crescente,Céu Claro,Dupla,Curva;Viaduto,Sim,3.0,0.0,2.0,0.0,2.0,0.0,0.0,3.0,"-26,87011735","-48,72977972",SPRF-SC,DEL04/SC,UOP04-DEL04-SC
753269,19/02/2026,quinta-feira,06:30:00,ES,101.0,"8,1",SAO MATEUS,Velocidade Incompatível,Tombamento,Com Vítimas Feridas,Pleno dia,Crescente,Céu Claro,Simples,Curva;Aclive,Não,2.0,0.0,1.0,0.0,1.0,0.0,0.0,10.0,"-18,64894614","-39,87344486",SPRF-ES,DEL04-ES,UOP02-DEL04-ES
753271,19/02/2026,quinta-feira,05:30:00,MG,50.0,152,UBERABA,Reação tardia ou ineficiente do condutor,Colisão lateral mesmo sentido,Com Vítimas Feridas,Amanhecer,Decrescente,Céu Claro,Dupla,Aclive;Reta,Não,5.0,0.0,1.0,0.0,1.0,2.0,0.0,6.0,"-19,566186","-48,031533",SPRF-MG,DEL13/MG,UOP01-DEL13-MG
753272,19/02/2026,quinta-feira,07:00:00,RJ,40.0,122,DUQUE DE CAXIAS,Ausência de reação do condutor,Colisão traseira,Com Vítimas Feridas,Pleno dia,Crescente,Céu Claro,Múltipla,Reta,Sim,3.0,0.0,1.0,0.0,1.0,2.0,0.0,2.0,"-22,79464578","-43,28762054",SPRF-RJ,DEL01/RJ,UOP02-DEL01-RJ
753273,18/02/2026,quarta-feira,17:31:00,PA,230.0,1125,ITAITUBA,Acostamento em desnível,Saída de leito carroçável,Com Vítimas Feridas,Anoitecer,Crescente,Nublado,Simples,Reta,Não,3.0,0.0,1.0,0.0,1.0,0.0,0.0,3.0,"-4,3174","-55,9572",SPRF-PA,DEL05/PA,UOP02-DEL05-PA
753274,19/02/2026,quinta-feira,07:30:00,ES,101.0,"116,8",LINHARES,Acessar a via sem observar a presença dos outros veículos,Colisão transversal,Com Vítimas Feridas,Pleno dia,Crescente,Céu Claro,Simples,Reta,Não,3.0,0.0,1.0,0.0,1.0,2.0,0.0,2.0,"-19,11784541","-40,06236283",SPRF-ES,DEL04-ES,UOP01-DEL04-ES
753275,19/02/2026,quinta-feira,06:40:00,ES,262.0,35,DOMINGOS MARTINS,Reação tardia ou ineficiente do condutor,Engavetamento,Com Vítimas Feridas,Pleno dia,Decrescente,Sol,Simples,Curva,Não,3.0,0.0,1.0,0.0,1.0,2.0,0.0,3.0,"-20,38064","-40,56861",SPRF-ES,DEL01-ES,UOP01-DEL01-ES
753279,19/02/2026,quinta-feira,07:10:00,SC,101.0,96,BALNEARIO PICARRAS,Reação tardia ou ineficiente do condutor,Colisão traseira,Com Vítimas Feridas,Pleno dia,Decrescente,Céu Claro,Dupla,Reta,Sim,2.0,0.0,1.0,0.0,1.0,1.0,0.0,2.0,"-26,73267946","-48,70032585",SPRF-SC,DEL03/SC,UOP02-DEL03-SC
753286,19/02/2026,quinta-feira,01:30:00,RJ,40.0,100,DUQUE DE CAXIAS,Ausência de reação do condutor,Tombamento,Com Vítimas Feridas,Plena Noite,Crescente,Garoa/Chuvisco,Múltipla,Reta,Sim,1.0,0.0,1.0,0.0,1.0,0.0,0.0,1.0,"-22,60113512","-43,28287125",SPRF-RJ,DEL01/RJ,UOP01-DEL01-RJ
753294,19/02/2026,quinta-feira,07:30:00,MT,364.0,"397,2",CUIABA,Acessar a via sem observar a presença dos outros veículos,Colisão lateral mesmo sentido,Com Vítimas Feridas,Pleno dia,Decrescente,Céu Claro,Dupla,Reta,Não,3.0,0.0,1.0,0.0,1.0,1.0,0.0,3.0,"-15,669482","-55,953133",SPRF-MT,DEL01/MT,UOP02-DEL01-MT
753305,19/02/2026,quinta-feira,05:41:00,MG,262.0,366,JUATUBA,Mal súbito do condutor,Queda de ocupante de veículo,Com Vítimas Fatais,Amanhecer,Decrescente,Céu Claro,Dupla,Reta,Sim,2.0,1.0,0.0,0.0,0.0,1.0,0.0,2.0,"-19,9565","-44,36598",SPRF-MG,DEL01/MG,UOP03-DEL01-MG
753310,19/02/2026,quinta-feira,08:30:00,BA,101.0,262,SANTO ANTONIO DE JESUS,Acessar a via sem observar a presença dos outros veículos,Colisão transversal,Com Vítimas Feridas,Pleno dia,Decrescente,Céu Claro,Simples,Aclive;Reta,Sim,2.0,0.0,1.0,0.0,1.0,1.0,0.0,2.0,"-12,97558477","-39,27572298",SPRF-BA,DEL11/BA,UOP01-DEL11-BA
753311,19/02/2026,quinta-feira,09:30:00,GO,452.0,159,BOM JESUS DE GOIAS,Demais falhas mecânicas ou elétricas,Incêndio,Sem Vítimas,Pleno dia,Crescente,Céu Claro,Simples,Reta,Não,2.0,0.0,0.0,0.0,0.0,1.0,0.0,2.0,"-18,21076989","-49,7573948",SPRF-GO,DEL03/GO,UOP02-DEL03-GO
753315,19/02/2026,quinta-feira,09:00:00,PR,373.0,"204,3",IPIRANGA,Mal súbito do condutor,Saída de leito carroçável,Com Vítimas Feridas,Pleno dia,Decrescente,Céu Claro,Simples,Curva,Não,2.0,0.0,0.0,1.0,1.0,0.0,0.0,2.0,"-25,12488","-50,43954",SPRF-PR,DEL03/PR,UOP01-DEL03-PR
753316,19/02/2026,quinta-feira,08:30:00,RS,101.0,11,DOM PEDRO DE ALCANTARA,Ausência de reação do condutor,Saída de leito carroçável,Com Vítimas Feridas,Pleno dia,Decrescente,Sol,Dupla,Reta,Não,2.0,0.0,1.0,0.0,1.0,0.0,0.0,2.0,"-29,3802545","-49,8299678",SPRF-RS,DEL03/RS,UOP02-DEL03-RS
753323,19/02/2026,quinta-feira,08:35:00,PE,232.0,45,VITORIA DE SANTO ANTAO,Demais falhas mecânicas ou elétricas,Saída de leito carroçável,Com Vítimas Feridas,Pleno dia,Crescente,Céu Claro,Dupla,Reta,Não,1.0,0.0,1.0,0.0,1.0,0.0,0.0,1.0,"-8,128093","-35,281692",SPRF-PE,DEL02/PE,UOP02-DEL02PE
753328,19/02/2026,quinta-feira,12:30:00,MG,262.0,779,UBERABA,Demais falhas mecânicas ou elétricas,Incêndio,Sem Vítimas,Pleno dia,Decrescente,Céu Claro,Simples,Reta,Não,2.0,0.0,0.0,0.0,0.0,1.0,0.0,2.0,"-19,7613019","-47,8457403",SPRF-MG,DEL13/MG,UOP01-DEL13-MG
753332,19/02/2026,quinta-feira,12:50:00,SP,116.0,"158,7",JACAREI,Reação tardia ou ineficiente do condutor,Colisão lateral mesmo sentido,Com Vítimas Feridas,Pleno dia,Decrescente,Sol,Dupla,Reta,Sim,3.0,0.0,1.0,0.0,1.0,1.0,0.0,3.0,"-23,26230006","-45,95430499",SPRF-SP,DEL02/SP,UOP01-DEL02-SP
753335,19/02/2026,quinta-feira,13:05:00,PR,277.0,1,PARANAGUA,Ausência de reação do condutor,Colisão lateral mesmo sentido,Com Vítimas Feridas,Pleno dia,Crescente,Céu Claro,Simples,Reta,Sim,3.0,0.0,1.0,0.0,1.0,1.0,0.0,3.0,"-25,50582996","-48,52572888",SPRF-PR,DEL01/PR,UOP05-DEL01-PR
753340,19/02/2026,quinta-feira,11:00:00,PI,316.0,"52,9",MONSENHOR GIL,Transitar na contramão,Colisão lateral sentido oposto,Com Vítimas Feridas,Pleno dia,Decrescente,Sol,Simples,Curva;Aclive,Não,6.0,0.0,3.0,0.0,3.0,2.0,0.0,6.0,"-5,51958","-42,640322",SPRF-PI,DEL01-PI,UOP02-DEL01-PI
753342,14/01/2026,quarta-feira,17:14:00,PR,376.0,183,SARANDI,Manobra de mudança de faixa,Colisão lateral mesmo sentido,Com Vítimas Feridas,Pleno dia,Decrescente,Ignorado,Dupla,Reta,Sim,2.0,0.0,1.0,0.0,1.0,1.0,0.0,2.0,"-23,43608729","-51,88014356",SPRF-PR,DEL09/PR,UOP01-DEL09-PR
753347,19/02/2026,quinta-feira,14:40:00,SC,101.0,"274,8",IMBITUBA,Condutor deixou de manter distância do veículo da frente,Colisão traseira,Com Vítimas Fatais,Pleno dia,Decrescente,Nublado,Múltipla,Reta,Sim,2.0,1.0,0.0,0.0,0.0,1.0,0.0,2.0,"-28,147561","-48,6918008",SPRF-SC,DEL02/SC,UOP03-DEL02-SC
753349,19/02/2026,quinta-feira,15:25:00,SC,470.0,"85,4",RODEIO,Manobra de mudança de faixa,Colisão frontal,Com Vítimas Fatais,Pleno dia,Crescente,Céu Claro,Simples,Reta,Não,6.0,1.0,1.0,1.0,2.0,1.0,0.0,4.0,"-26,9526021","-49,3536507",SPRF-SC,DEL04/SC,UOP01-DEL04-SC
753350,19/02/2026,quinta-feira,15:30:00,TO,153.0,700,CARIRI DO TOCANTINS,Frear bruscamente,Colisão traseira,Com Vítimas Feridas,Pleno dia,Crescente,Nublado,Simples,Reta,Não,3.0,0.0,1.0,0.0,1.0,1.0,0.0,8.0,"-11,9474183","-49,1930417",SPRF-TO,DEL01-TO,UOP02-DEL01-TO
753351,11/02/2026,quarta-feira,20:40:00,PR,277.0,"498,3",GUARANIACU,Desrespeitar a preferência no cruzamento,Colisão transversal,Com Vítimas Feridas,Plena Noite,Decrescente,Céu Claro,Simples,Curva;Declive,Não,3.0,0.0,1.0,0.0,1.0,1.0,0.0,5.0,"-25,183554","-52,666649",SPRF-PR,DEL04/PR,UOP04-DEL04-PR
753353,19/02/2026,quinta-feira,14:10:00,MT,163.0,780,SORRISO,Ausência de reação do condutor,Colisão traseira,Sem Vítimas,Pleno dia,Decrescente,Céu Claro,Dupla,Reta;Declive,Não,3.0,0.0,0.0,0.0,0.0,3.0,0.0,2.0,"-12,33551594","-55,59017658",SPRF-MT,DEL06/MT,UOP02-DEL06-MT
753357,19/02/2026,quinta-feira,13:10:00,PR,277.0,715,SANTA TEREZINHA DE ITAIPU,Reação tardia ou ineficiente do condutor,Colisão traseira,Sem Vítimas,Pleno dia,Decrescente,Céu Claro,Dupla,Reta,Não,2.0,0.0,0.0,0.0,0.0,2.0,0.0,2.0,"-25,46501137","-54,44884146",SPRF-PR,DEL05/PR,UOP01-DEL05-PR
753361,19/02/2026,quinta-feira,15:30:00,SP,116.0,109,TAUBATE,Condutor deixou de manter distância do veículo da frente,Engavetamento,Com Vítimas Feridas,Pleno dia,Crescente,Céu Claro,Dupla,Reta,Sim,5.0,0.0,3.0,0.0,3.0,2.0,0.0,3.0,"-23,02780596","-45,54419022",SPRF-SP,DEL02/SP,UOP02-DEL02-SP
753362,18/01/2026,domingo,03:30:00,MG,116.0,710,MURIAE,Velocidade Incompatível,Tombamento,Com Vítimas Feridas,Plena Noite,Decrescente,Céu Claro,Simples,Declive;Curva,Não,3.0,0.0,0.0,1.0,1.0,0.0,0.0,3.0,"-21,178425","-42,372915",SPRF-MG,DEL07/MG,UOP02-DEL07-MG
753375,19/02/2026,quinta-feira,15:50:00,MG,262.0,359,JUATUBA,Ausência de reação do condutor,Colisão lateral mesmo sentido,Com Vítimas Feridas,Pleno dia,Crescente,Chuva,Dupla,Curva,Não,2.0,0.0,1.0,0.0,1.0,1.0,0.0,2.0,"-19,97282145","-44,30454461",SPRF-MG,DEL01/MG,UOP03-DEL01-MG
753376,19/02/2026,quinta-feira,15:15:00,SP,153.0,205,GETULINA,Condutor deixou de manter distância do veículo da frente,Saída de leito carroçável,Com Vítimas Feridas,Pleno dia,Crescente,Céu Claro,Simples,Reta;Declive,Não,2.0,0.0,1.0,0.0,1.0,0.0,0.0,2.0,"-21,86778414","-49,906573",SPRF-SP,DEL07/SP,UOP01-DEL07-SP
753381,25/01/2026,domingo,16:10:00,PA,155.0,248,ELDORADO DO CARAJAS,Condutor deixou de manter distância do veículo da frente,Colisão traseira,Com Vítimas Feridas,Pleno dia,Crescente,Céu Claro,Simples,Reta,Não,4.0,0.0,1.0,0.0,1.0,2.0,0.0,8.0,"-6,12708","-49,3585",SPRF-PA,DEL03/PA,UOP01-DEL03-PA
753382,19/02/2026,quinta-feira,17:49:00,TO,153.0,681,CARIRI DO TOCANTINS,Chuva,Queda de ocupante de veículo,Com Vítimas Feridas,Anoitecer,Crescente,Chuva,Simples,Reta;Retorno Regulamentado,Não,3.0,0.0,1.0,0.0,1.0,1.0,0.0,3.0,"-11,78351828","-49,11364174",SPRF-TO,DEL01-TO,UOP02-DEL01-TO
753385,19/02/2026,quinta-feira,16:00:00,MG,251.0,473,FRANCISCO SA,Problema com o freio,Saída de leito carroçável,Sem Vítimas,Pleno dia,Crescente,Chuva,Simples,Reta;Declive,Não,2.0,0.0,0.0,0.0,0.0,1.0,0.0,2.0,"-16,467676","-43,43162",SPRF-MG,DEL12/MG,UOP01-DEL12-MG
753389,19/02/2026,quinta-feira,12:00:00,PR,277.0,6,PARANAGUA,Acessar a via sem observar a presença dos outros veículos,Colisão traseira,Com Vítimas Feridas,Pleno dia,Decrescente,Céu Claro,Dupla,Interseção de Vias,Não,2.0,0.0,1.0,0.0,1.0,1.0,0.0,2.0,"-25,56062151","-48,5811758",SPRF-PR,DEL01/PR,UOP05-DEL01-PR
753396,19/02/2026,quinta-feira,18:40:00,MS,163.0,"78,8",ITAQUIRAI,Desrespeitar a preferência no cruzamento,Colisão transversal,Com Vítimas Feridas,Pleno dia,Decrescente,Céu Claro,Simples,Reta,Não,4.0,0.0,2.0,0.0,2.0,2.0,0.0,2.0,"-23,467559","-54,190026",SPRF-MS,DEL09/MS,UOP01-DEL09-MS
753401,19/02/2026,quinta-feira,18:40:00,PR,376.0,"499,5",PONTA GROSSA,Demais falhas mecânicas ou elétricas,Engavetamento,Com Vítimas Feridas,Anoitecer,Decrescente,Céu Claro,Dupla,Declive;Reta,Não,8.0,0.0,3.0,0.0,3.0,4.0,0.0,4.0,"-25,18658588","-50,08667992",SPRF-PR,DEL03/PR,UOP03-DEL03-PR
753405,19/02/2026,quinta-feira,18:00:00,MT,163.0,803,SINOP,Acessar a via sem observar a presença dos outros veículos,Colisão transversal,Com Vítimas Feridas,Anoitecer,Decrescente,Nublado,Simples,Aclive,Não,4.0,0.0,2.0,0.0,2.0,1.0,0.0,4.0,"-12,15299138","-55,51361704",SPRF-MT,DEL06/MT,UOP02-DEL06-MT
753410,19/02/2026,quinta-feira,20:30:00,MG,40.0,729,OLIVEIRA FORTES,Velocidade Incompatível,Colisão com objeto,Com Vítimas Feridas,Plena Noite,Crescente,Nublado,Dupla,Declive;Curva,Não,3.0,0.0,2.0,0.0,2.0,0.0,0.0,2.0,"-21,34621481","-43,58217727",SPRF-MG,DEL05/MG,UOP01-DEL05-MG
753411,19/02/2026,quinta-feira,20:30:00,GO,60.0,"244,2",INDIARA,Velocidade Incompatível,Saída de leito carroçável,Com Vítimas Feridas,Plena Noite,Decrescente,Chuva,Dupla,Curva,Não,5.0,0.0,1.0,0.0,1.0,3.0,0.0,2.0,"-17,106557","-49,929698",SPRF-GO,DEL01/GO,UOP02-DEL01-GO
753417,19/02/2026,quinta-feira,20:05:00,SC,163.0,"89,5",GUARACIABA,Manobra de mudança de faixa,Colisão lateral sentido oposto,Com Vítimas Feridas,Plena Noite,Crescente,Chuva,Simples,Curva,Não,3.0,0.0,2.0,0.0,2.0,1.0,0.0,2.0,"-26,57377501","-53,5113456",SPRF-SC,DEL07/SC,UOP03-DEL07-SC
753424,11/02/2026,quarta-feira,21:10:00,RJ,40.0,97,DUQUE DE CAXIAS,Pista Escorregadia,Colisão com objeto,Com Vítimas Fatais,Plena Noite,Crescente,Garoa/Chuvisco,Dupla,Declive;Curva,Não,2.0,1.0,0.0,0.0,0.0,0.0,0.0,2.0,"-22,57113985","-43,28115463",SPRF-RJ,DEL01/RJ,UOP01-DEL01-RJ
753426,19/02/2026,quinta-feira,21:40:00,PR,277.0,"41,9",MORRETES,Reação tardia ou ineficiente do condutor,Colisão traseira,Com Vítimas Feridas,Plena Noite,Decrescente,Nublado,Dupla,Reta;Declive,Não,2.0,0.0,1.0,0.0,1.0,1.0,0.0,2.0,"-25,58548282","-48,87588739",SPRF-PR,DEL01/PR,UOP05-DEL01-PR
753436,19/02/2026,quinta-feira,23:30:00,PR,116.0,113,CURITIBA,Demais falhas mecânicas ou elétricas,Incêndio,Sem Vítimas,Plena Noite,Decrescente,Nublado,Dupla,Reta,Não,2.0,0.0,0.0,0.0,0.0,1.0,0.0,2.0,"-25,546277","-49,294156",SPRF-PR,DEL01/PR,UOP03-DEL01-PR
753440,19/02/2026,quinta-feira,23:00:00,BA,116.0,598,IRAJUBA,Acumulo de água sobre o pavimento,Saída de leito carroçável,Com Vítimas Feridas,Plena Noite,Decrescente,Chuva,Simples,Declive;Curva,Não,3.0,0.0,2.0,0.0,2.0,0.0,0.0,2.0,"-13,30095481","-40,02528382",SPRF-BA,DEL03/BA,UOP02-DEL03-BA
753441,20/02/2026,sexta-feira,01:50:00,MG,381.0,"767,5",CAMPANHA,Velocidade Incompatível,Colisão traseira,Com Vítimas Feridas,Plena Noite,Crescente,Nublado,Dupla,Reta,Não,34.0,0.0,2.0,1.0,3.0,30.0,0.0,5.0,"-21,72521815","-45,3817749",SPRF-MG,DEL16/MG,UOP02-DEL16-MG
753442,20/02/2026,sexta-feira,01:00:00,BA,324.0,535,CONCEICAO DO JACUIPE,Reação tardia ou ineficiente do condutor,Tombamento,Com Vítimas Feridas,Plena Noite,Decrescente,Chuva,Dupla,Reta;Declive,Não,1.0,0.0,1.0,0.0,1.0,0.0,0.0,1.0,"-12,352742","-38,831406",SPRF-BA,DEL11/BA,UOP02-DEL11-BA
753446,20/02/2026,sexta-feira,04:05:00,PR,369.0,"504,5",CASCAVEL,Condutor Dormindo,Colisão traseira,Com Vítimas Feridas,Plena Noite,Crescente,Céu Claro,Simples,Reta,Não,4.0,0.0,1.0,0.0,1.0,1.0,0.0,5.0,"-24,9352343","-53,3962096",SPRF-PR,DEL04/PR,UOP01-DEL04-PR
753448,20/02/2026,sexta-feira,05:11:00,CE,20.0,328,CARIDADE,Ultrapassagem Indevida,Colisão lateral mesmo sentido,Com Vítimas Feridas,Amanhecer,Decrescente,Nevoeiro/Neblina,Simples,Reta,Não,5.0,0.0,3.0,0.0,3.0,2.0,0.0,2.0,"-4,215897","-39,190398",SPRF-CE,DEL02/CE,UOP01-DEL02-CE
753451,20/02/2026,sexta-feira,05:50:00,MG,381.0,"438,1",SANTA LUZIA,Velocidade Incompatível,Colisão frontal,Com Vítimas Fatais,Amanhecer,Crescente,Céu Claro,Simples,Curva,Não,6.0,3.0,0.0,1.0,1.0,0.0,0.0,3.0,"-19,81558","-43,801551",SPRF-MG,DEL01/MG,UOP01-DEL01-MG
753464,20/02/2026,sexta-feira,06:00:00,RJ,101.0,262,RIO BONITO,Curva acentuada,Tombamento,Com Vítimas Feridas,Amanhecer,Crescente,Céu Claro,Dupla,Curva,Sim,2.0,0.0,1.0,0.0,1.0,1.0,0.0,1.0,"-22,71699473","-42,62187258",SPRF-RJ,DEL02/RJ,UOP03-DEL02-RJ
753468,19/02/2026,quinta-feira,23:00:00,PR,376.0,439,IPIRANGA,Ausência de reação do condutor,Saída de leito carroçável,Com Vítimas Fatais,Plena Noite,Decrescente,Nublado,Dupla,Curva;Aclive,Não,2.0,1.0,0.0,0.0,0.0,0.0,0.0,2.0,"-24,84964","-50,47231",SPRF-PR,DEL03/PR,UOP02-DEL03-PR
753470,20/02/2026,sexta-feira,06:10:00,PA,230.0,12,ALTAMIRA,Pista Escorregadia,Tombamento,Com Vítimas Feridas,Amanhecer,Decrescente,Chuva,Simples,Aclive;Reta,Sim,2.0,0.0,1.0,0.0,1.0,0.0,0.0,2.0,"-3,19993","-52,23701",SPRF-PA,DEL03/PA,UOP01-DEL03-PA
753471,20/02/2026,sexta-feira,07:30:00,PR,476.0,"147,5",ARAUCARIA,Acessar a via sem observar a presença dos outros veículos,Colisão lateral mesmo sentido,Com Vítimas Feridas,Pleno dia,Decrescente,Nublado,Dupla,Reta,Não,3.0,0.0,0.0,1.0,1.0,2.0,0.0,3.0,"-25,556348","-49,34395",SPRF-PR,DEL01/PR,UOP06-DEL01-PR
753474,20/02/2026,sexta-feira,05:45:00,PR,376.0,629,SAO JOSE DOS PINHAIS,Manobra de mudança de faixa,Colisão lateral mesmo sentido,Sem Vítimas,Amanhecer,Decrescente,Nublado,Dupla,Curva,Não,4.0,0.0,0.0,0.0,0.0,3.0,0.0,4.0,"-25,69662039","-49,14463218",SPRF-PR,DEL01/PR,UOP04-DEL01-PR
753477,20/02/2026,sexta-feira,07:40:00,PE,408.0,"76,9",PAUDALHO,Manobra de mudança de faixa,Colisão traseira,Com Vítimas Fatais,Pleno dia,Decrescente,Céu Claro,Dupla,Curva,Não,2.0,1.0,0.0,0.0,0.0,1.0,0.0,2.0,"-7,95411","-35,10702",SPRF-PE,DEL01/PE,UOP01-DEL01-PE
753479,20/02/2026,sexta-feira,07:00:00,SP,116.0,305,SAO LOURENCO DA SERRA,Demais falhas mecânicas ou elétricas,Colisão traseira,Com Vítimas Feridas,Pleno dia,Decrescente,Sol,Dupla,Aclive,Não,4.0,0.0,1.0,0.0,1.0,3.0,0.0,3.0,"-23,79055978","-46,97263336",SPRF-SP,DEL04/SP,UOP01-DEL04-SP
753487,20/02/2026,sexta-feira,07:00:00,ES,101.0,263,SERRA,Manobra de mudança de faixa,Colisão traseira,Com Vítimas Feridas,Pleno dia,Decrescente,Céu Claro,Dupla,Reta,Sim,3.0,0.0,1.0,0.0,1.0,1.0,0.0,3.0,"-20,16616941","-40,27254134",SPRF-ES,DEL02-ES,UOP01-DEL02-ES
753488,19/02/2026,quinta-feira,21:30:00,MA,316.0,"35,6",JUNCO DO MARANHAO,Pista esburacada,Colisão frontal,Com Vítimas Feridas,Plena Noite,Crescente,Nublado,Simples,Reta,Não,2.0,0.0,1.0,0.0,1.0,1.0,0.0,2.0,"-1,897388","-46,058477",SPRF-MA,DEL02-MA,UOP02-DEL02-MA
753490,20/02/2026,sexta-feira,08:15:00,ES,101.0,"297,6",VIANA,Manobra de mudança de faixa,Engavetamento,Com Vítimas Feridas,Pleno dia,Crescente,Céu Claro,Dupla,Reta,Não,4.0,0.0,1.0,0.0,1.0,3.0,0.0,4.0,"-20,350817","-40,41288",SPRF-ES,DEL01-ES,UOP01-DEL01-ES
753491,20/02/2026,sexta-feira,08:50:00,PR,116.0,98,SAO JOSE DOS PINHAIS,Reação tardia ou ineficiente do condutor,Engavetamento,Com Vítimas Feridas,Pleno dia,Crescente,Céu Claro,Múltipla,Reta,Sim,7.0,0.0,3.0,1.0,4.0,2.0,0.0,7.0,"-25,55414873","-49,14981572",SPRF-PR,DEL01/PR,UOP08-DEL01-PR