id,data_inversa,dia_semana,horario,uf,br,km,municipio,causa_acidente,tipo_acidente,classificacao_acidente,fase_dia,sentido_via,condicao_metereologica,tipo_pista,tracado_via,uso_solo,pessoas,mortos,feridos_leves,feridos_graves,feridos,ilesos,ignorados,veiculos,latitude,longitude,regional,delegacia,uop
753497,20/02/2026,sexta-feira,08:28:00,PE,101.0,51,ABREU E LIMA,Reação tardia ou ineficiente do condutor,Colisão lateral mesmo sentido,Com Vítimas Feridas,Pleno dia,Crescente,Céu Claro,Múltipla,Reta,Sim,4.0,0.0,2.0,0.0,2.0,1.0,0.0,3.0,"-7,914322","-34,899227",SPRF-PE,DEL01/PE,UOP02-DEL01-PE
753499,20/02/2026,sexta-feira,08:30:00,PE,232.0,"129,5",CARUARU,Condutor deixou de manter distância do veículo da frente,Colisão traseira,Com Vítimas Feridas,Pleno dia,Decrescente,Céu Claro,Dupla,Curva,Sim,2.0,0.0,1.0,0.0,1.0,1.0,0.0,2.0,"-8,29979421","-35,99226085",SPRF-PE,DEL02/PE,UOP03-DEL02-PE
753503,20/02/2026,sexta-feira,10:10:00,BA,324.0,608,SIMOES FILHO,Acumulo de água sobre o pavimento,Colisão com objeto,Com Vítimas Feridas,Pleno dia,Decrescente,Chuva,Dupla,Declive;Curva,Não,1.0,0.0,1.0,0.0,1.0,0.0,0.0,1.0,"-12,79387905","-38,40530397",SPRF-BA,DEL01/BA,UOP01-DEL01-BA
753504,20/02/2026,sexta-feira,08:00:00,MA,135.0,"0,4",SAO LUIS,Reação tardia ou ineficiente do condutor,Colisão traseira,Com Vítimas Feridas,Pleno dia,Decrescente,Céu Claro,Dupla,Reta,Sim,2.0,0.0,1.0,0.0,1.0,1.0,0.0,2.0,"-2,583895","-44,242577",SPRF-MA,DEL01-MA,UOP01-DEL01-MA
753509,20/02/2026,sexta-feira,09:00:00,PE,232.0,419,SERRA TALHADA,Ultrapassagem Indevida,Tombamento,Com Vítimas Feridas,Pleno dia,Decrescente,Céu Claro,Simples,Reta,Não,2.0,0.0,1.0,0.0,1.0,0.0,0.0,3.0,"-7,99921","-38,37898",SPRF-PE,DEL04/PE,UOP01-DEL04-PE
753513,20/02/2026,sexta-feira,10:03:00,RN,226.0,"13,7",ACARI,Reação tardia ou ineficiente do condutor,Colisão transversal,Com Vítimas Feridas,Pleno dia,Decrescente,Céu Claro,Simples,Curva,Não,4.0,0.0,0.0,2.0,2.0,2.0,0.0,2.0,"-6,34507081","-36,58576012",SPRF-RN,DEL01-RN,UOP02-DEL01-RN
753514,20/02/2026,sexta-feira,10:47:00,RS,386.0,39,FREDERICO WESTPHALEN,Reação tardia ou ineficiente do condutor,Saída de leito carroçável,Com Vítimas Fatais,Pleno dia,Decrescente,Nublado,Simples,Curva,Sim,2.0,1.0,0.0,0.0,0.0,0.0,0.0,3.0,"-27,40063011","-53,40406805",SPRF-RS,DEL08/RS,UOP02-DEL08-RS
753515,15/01/2026,quinta-feira,18:56:00,PA,163.0,239,NOVO PROGRESSO,Reação tardia ou ineficiente do condutor,Colisão com objeto,Com Vítimas Feridas,Anoitecer,Crescente,Ignorado,Simples,Reta,Não,2.0,0.0,2.0,0.0,2.0,0.0,0.0,2.0,"-7,6091511","-55,2367836",SPRF-PA,DEL05/PA,UOP03-DEL05-PA
753516,20/02/2026,sexta-feira,12:10:00,SP,116.0,"73,2",APARECIDA,Ausência de reação do condutor,Colisão com objeto,Com Vítimas Feridas,Pleno dia,Crescente,Sol,Dupla,Declive;Curva,Não,1.0,0.0,0.0,1.0,1.0,0.0,0.0,1.0,"-22,87149411","-45,24612872",SPRF-SP,DEL08/SP,UOP01-DEL08-SP
753520,20/02/2026,sexta-feira,10:30:00,AM,174.0,909,MANAUS,Condutor Dormindo,Colisão frontal,Com Vítimas Feridas,Pleno dia,Crescente,Céu Claro,Simples,Curva,Não,5.0,0.0,2.0,1.0,3.0,1.0,0.0,3.0,"-2,7604373","-60,03725",SPRF-AM,DEL01-AM,UOP01-DEL01-AM
753522,20/02/2026,sexta-feira,11:00:00,PE,232.0,448,SAO JOSE DO BELMONTE,Transitar na contramão,Colisão frontal,Com Vítimas Fatais,Pleno dia,Crescente,Céu Claro,Simples,Reta,Não,3.0,1.0,0.0,0.0,0.0,1.0,0.0,5.0,"-7,9924429","-38,6251071",SPRF-PE,DEL04/PE,UOP01-DEL04-PE
753524,20/02/2026,sexta-feira,13:00:00,SC,470.0,130,LONTRAS,Acessar a via sem observar a presença dos outros veículos,Colisão transversal,Com Vítimas Feridas,Pleno dia,Decrescente,Céu Claro,Simples,Reta,Sim,4.0,0.0,2.0,0.0,2.0,1.0,0.0,3.0,"-27,160178","-49,556325",SPRF-SC,DEL04/SC,UOP02-DEL04-SC
753526,20/02/2026,sexta-feira,12:55:00,PR,376.0,276,MARILANDIA DO SUL,Condutor Dormindo,Colisão traseira,Com Vítimas Feridas,Pleno dia,Crescente,Chuva,Dupla,Reta,Não,3.0,0.0,1.0,0.0,1.0,1.0,0.0,4.0,"-23,79937","-51,2619",SPRF-PR,DEL07/PR,UOP02-DEL07-PR
753528,20/02/2026,sexta-feira,09:10:00,MG,262.0,"721,6",PERDIZES,Reação tardia ou ineficiente do condutor,Colisão com objeto,Com Vítimas Feridas,Pleno dia,Decrescente,Céu Claro,Múltipla,Reta,Não,4.0,0.0,1.0,0.0,1.0,2.0,0.0,3.0,"-19,617727","-47,346669",SPRF-MG,DEL08/MG,UOP01-DEL08-MG
753530,20/02/2026,sexta-feira,14:20:00,SC,101.0,41,JOINVILLE,Reação tardia ou ineficiente do condutor,Colisão traseira,Com Vítimas Feridas,Pleno dia,Decrescente,Garoa/Chuvisco,Dupla,Viaduto;Reta,Não,4.0,0.0,1.0,0.0,1.0,3.0,0.0,3.0,"-26,31868","-48,871693",SPRF-SC,DEL03/SC,UOP01-DEL03-SC
753541,20/02/2026,sexta-feira,13:10:00,MT,364.0,198,RONDONOPOLIS,Demais falhas mecânicas ou elétricas,Saída de leito carroçável,Com Vítimas Feridas,Pleno dia,Decrescente,Céu Claro,Dupla,Curva,Sim,2.0,0.0,1.0,0.0,1.0,0.0,0.0,2.0,"-16,50650726","-54,62284148",SPRF-MT,DEL02/MT,UOP01-DEL02-MT
753543,29/01/2026,quinta-feira,16:00:00,AM,174.0,885,MANAUS,Ausência de reação do condutor,Colisão traseira,Com Vítimas Feridas,Pleno dia,Crescente,Céu Claro,Simples,Reta,Sim,4.0,0.0,1.0,0.0,1.0,3.0,0.0,3.0,"-2,968","-60,119",SPRF-AM,DEL01-AM,UOP01-DEL01-AM
753547,20/02/2026,sexta-feira,09:30:00,MT,364.0,439,VARZEA GRANDE,Ultrapassagem Indevida,Colisão lateral mesmo sentido,Com Vítimas Fatais,Pleno dia,Crescente,Céu Claro,Simples,Reta,Não,5.0,2.0,1.0,0.0,1.0,1.0,0.0,6.0,"-15,60747","-56,20321",SPRF-MT,DEL01/MT,UOP02-DEL01-MT
753549,20/02/2026,sexta-feira,12:00:00,PR,476.0,"99,4",BOCAIUVA DO SUL,Reação tardia ou ineficiente do condutor,Colisão lateral sentido oposto,Com Vítimas Feridas,Pleno dia,Decrescente,Céu Claro,Simples,Declive;Curva,Não,5.0,0.0,1.0,0.0,1.0,2.0,0.0,4.0,"-25,242177","-49,129964",SPRF-PR,DEL01/PR,UOP01-DEL01-PR
753550,20/02/2026,sexta-feira,15:00:00,SP,116.0,116,TAUBATE,Reação tardia ou ineficiente do condutor,Colisão traseira,Com Vítimas Feridas,Pleno dia,Decrescente,Céu Claro,Dupla,Reta,Não,3.0,0.0,1.0,0.0,1.0,2.0,0.0,2.0,"-23,0545276","-45,61023951",SPRF-SP,DEL02/SP,UOP02-DEL02-SP
753554,20/02/2026,sexta-feira,15:50:00,RS,386.0,233,SOLEDADE,Transitar na contramão,Colisão frontal,Com Vítimas Fatais,Pleno dia,Decrescente,Céu Claro,Simples,Curva,Não,6.0,1.0,3.0,0.0,3.0,1.0,0.0,3.0,"-28,7157066","-52,5661844",SPRF-RS,DEL04/RS,UOP03-DEL04-RS
753557,17/01/2026,sábado,12:30:00,PR,153.0,469,PORTO VITORIA,Velocidade Incompatível,Tombamento,Com Vítimas Feridas,Pleno dia,Crescente,Céu Claro,Simples,Curva,Não,2.0,0.0,1.0,0.0,1.0,0.0,0.0,2.0,"-26,2889867","-51,1991464",SPRF-PR,DEL02/PR,UOP03-DEL02-PR
753558,20/02/2026,sexta-feira,15:20:00,BA,101.0,114,ALAGOINHAS,Ausência de reação do condutor,Colisão frontal,Com Vítimas Feridas,Pleno dia,Crescente,Céu Claro,Simples,Curva,Sim,4.0,0.0,1.0,1.0,2.0,1.0,0.0,3.0,"-12,11217302","-38,38726044",SPRF-BA,DEL01/BA,UOP04-DEL01-BA
753564,20/02/2026,sexta-feira,16:00:00,BA,135.0,152,RIACHAO DAS NEVES,Acostamento em desnível,Tombamento,Com Vítimas Feridas,Pleno dia,Crescente,Chuva,Simples,Reta,Não,2.0,0.0,1.0,0.0,1.0,0.0,0.0,2.0,"-11,956214","-44,91024",SPRF-BA,DEL10/BA,UOP01-DEL10-BA
753570,20/02/2026,sexta-feira,16:00:00,TO,153.0,217,NOVA OLINDA,Acessar a via sem observar a presença dos outros veículos,Colisão transversal,Com Vítimas Feridas,Pleno dia,Decrescente,Céu Claro,Simples,Retorno Regulamentado;Rotatória,Não,2.0,0.0,0.0,1.0,1.0,1.0,0.0,2.0,"-7,80095","-48,456929",SPRF-TO,DEL02-TO,UOP01-DEL02-TO
753578,20/02/2026,sexta-feira,16:25:00,MG,381.0,"743,2",TRES CORACOES,Ausência de reação do condutor,Colisão traseira,Com Vítimas Feridas,Pleno dia,Decrescente,Céu Claro,Dupla,Reta,Não,3.0,0.0,1.0,0.0,1.0,1.0,0.0,3.0,"-21,6101433","-45,2432967",SPRF-MG,DEL16/MG,UOP02-DEL16-MG
753581,20/02/2026,sexta-feira,17:30:00,PB,230.0,"424,3",POMBAL,Transitar na contramão,Colisão lateral sentido oposto,Com Vítimas Feridas,Anoitecer,Crescente,Nublado,Simples,Aclive;Reta,Não,11.0,0.0,9.0,0.0,9.0,1.0,0.0,4.0,"-6,735933","-37,924178",SPRF-PB,DEL03-PB,UOP02-DEL03-PB
753587,20/02/2026,sexta-feira,15:00:00,RJ,40.0,108,DUQUE DE CAXIAS,Reação tardia ou ineficiente do condutor,Colisão traseira,Com Vítimas Feridas,Pleno dia,Decrescente,Nublado,Dupla,Aclive;Curva,Sim,3.0,0.0,1.0,0.0,1.0,1.0,0.0,3.0,"-22,67089195","-43,28415368",SPRF-RJ,DEL01/RJ,UOP02-DEL01-RJ
753601,20/02/2026,sexta-feira,17:05:00,MT,163.0,856,SINOP,Acessar a via sem observar a presença dos outros veículos,Colisão transversal,Com Vítimas Feridas,Pleno dia,Crescente,Céu Claro,Simples,Interseção de Vias;Reta,Não,3.0,0.0,0.0,1.0,1.0,1.0,0.0,4.0,"-11,6815779","-55,4484626",SPRF-MT,DEL06/MT,UOP02-DEL06-MT
753606,20/02/2026,sexta-feira,18:20:00,MG,381.0,559,ITAGUARA,Velocidade Incompatível,Colisão com objeto,Com Vítimas Feridas,Plena Noite,Crescente,Chuva,Dupla,Curva,Não,3.0,0.0,1.0,0.0,1.0,1.0,0.0,4.0,"-20,36472966","-44,46745813",SPRF-MG,DEL04/MG,UOP03-DEL04-MG
753608,20/02/2026,sexta-feira,19:40:00,PR,376.0,668,GUARATUBA,Avarias e/ou desgaste excessivo no pneu,Colisão com objeto,Com Vítimas Feridas,Plena Noite,Decrescente,Garoa/Chuvisco,Dupla,Curva;Declive,Não,5.0,0.0,1.0,0.0,1.0,4.0,0.0,2.0,"-25,86642","-48,93395",SPRF-PR,DEL01/PR,UOP04-DEL01-PR
753612,20/02/2026,sexta-feira,19:50:00,MG,262.0,"438,1",NOVA SERRANA,Ausência de reação do condutor,Colisão traseira,Com Vítimas Fatais,Plena Noite,Crescente,Céu Claro,Dupla,Reta,Não,3.0,1.0,0.0,0.0,0.0,1.0,0.0,4.0,"-19,87116561","-44,97724316",SPRF-MG,DEL08/MG,UOP03-DEL08-MG
753620,20/02/2026,sexta-feira,19:35:00,PR,116.0,116,CURITIBA,Reação tardia ou ineficiente do condutor,Colisão lateral mesmo sentido,Com Vítimas Feridas,Plena Noite,Crescente,Nublado,Dupla,Reta,Sim,3.0,0.0,1.0,0.0,1.0,1.0,0.0,3.0,"-25,5507208","-49,3051241",SPRF-PR,DEL01/PR,UOP03-DEL01-PR
753622,20/02/2026,sexta-feira,15:10:00,SC,116.0,"211,6",PONTE ALTA,Reação tardia ou ineficiente do condutor,Capotamento,Com Vítimas Feridas,Pleno dia,Decrescente,Céu Claro,Simples,Declive;Curva,Não,1.0,0.0,1.0,0.0,1.0,0.0,0.0,1.0,"-27,50968","-50,36439",SPRF-SC,DEL05/SC,UOP03-DEL05-SC
753625,20/02/2026,sexta-feira,19:40:00,RS,101.0,"53,2",TERRA DE AREIA,Pedestre andava na pista,Atropelamento de Pedestre,Com Vítimas Fatais,Plena Noite,Decrescente,Chuva,Dupla,Reta,Não,3.0,1.0,0.0,0.0,0.0,1.0,0.0,3.0,"-29,632191","-50,1015416",SPRF-RS,DEL03/RS,UOP02-DEL03-RS
753626,20/02/2026,sexta-feira,10:50:00,MG,153.0,236,FRONTEIRA,Demais falhas na via,Colisão lateral mesmo sentido,Com Vítimas Feridas,Pleno dia,Crescente,Nublado,Simples,Reta,Não,2.0,0.0,1.0,0.0,1.0,0.0,0.0,2.0,"-20,2645523","-49,17745471",SPRF-MG,DEL13/MG,UOP02-DEL13-MG
753627,20/02/2026,sexta-feira,07:45:00,BA,116.0,438,ANTONIO CARDOSO,Demais falhas na via,Saída de leito carroçável,Sem Vítimas,Pleno dia,Crescente,Céu Claro,Dupla,Declive,Não,2.0,0.0,0.0,0.0,0.0,1.0,0.0,2.0,"-12,35324551","-39,09458821",SPRF-BA,DEL02/BA,UOP01-DEL02-BA
753629,20/02/2026,sexta-feira,20:15:00,MG,40.0,555,NOVA LIMA,Reação tardia ou ineficiente do condutor,Colisão traseira,Com Vítimas Feridas,Plena Noite,Decrescente,Céu Claro,Dupla,Reta,Não,3.0,0.0,1.0,1.0,2.0,1.0,0.0,2.0,"-20,08305949","-43,97805691",SPRF-MG,DEL01/MG,UOP02-DEL01-MG
753640,20/02/2026,sexta-feira,21:15:00,PR,277.0,133,BALSA NOVA,Reação tardia ou ineficiente do condutor,Colisão traseira,Com Vítimas Feridas,Plena Noite,Decrescente,Garoa/Chuvisco,Dupla,Reta,Não,4.0,0.0,1.0,0.0,1.0,2.0,0.0,4.0,"-25,464622","-49,592273",SPRF-PR,DEL01/PR,UOP07-DEL01-PR
753642,20/02/2026,sexta-feira,16:00:00,MG,251.0,235,SANTA CRUZ DE SALINAS,Transitar na contramão,Colisão lateral sentido oposto,Com Vítimas Feridas,Pleno dia,Crescente,Nublado,Simples,Curva;Declive,Não,5.0,0.0,2.0,0.0,2.0,2.0,0.0,4.0,"-15,9746321","-41,7242132",SPRF-MG,DEL12/MG,UOP02-DEL12-MG
753643,20/02/2026,sexta-feira,19:55:00,RO,364.0,"371,8",OURO PRETO DO OESTE,Transitar na contramão,Colisão frontal,Com Vítimas Fatais,Plena Noite,Crescente,Céu Claro,Simples,Reta;Aclive,Não,4.0,1.0,0.0,0.0,0.0,3.0,0.0,3.0,"-10,7540463","-62,16250129",SPRF-RO,DEL02-RO,UOP01-DEL02-RO
753663,09/02/2026,segunda-feira,17:10:00,SC,282.0,301,VARGEM,Reação tardia ou ineficiente do condutor,Tombamento,Com Vítimas Feridas,Pleno dia,Decrescente,Céu Claro,Simples,Curva;Declive,Não,2.0,0.0,1.0,0.0,1.0,0.0,0.0,3.0,"-27,51124413","-50,92306423",SPRF-SC,DEL07/SC,UOP06-DEL07-SC
753664,21/02/2026,sábado,00:20:00,SP,116.0,201,ARUJA,Acessar a via sem observar a presença dos outros veículos,Colisão lateral mesmo sentido,Com Vítimas Feridas,Plena Noite,Decrescente,Céu Claro,Dupla,Reta,Sim,2.0,0.0,1.0,0.0,1.0,1.0,0.0,2.0,"-23,40478293","-46,333323",SPRF-SP,DEL01/SP,UOP01-DEL01-SP
753665,21/02/2026,sábado,00:20:00,SC,101.0,28,JOINVILLE,Ingestão de álcool pelo condutor,Colisão traseira,Sem Vítimas,Plena Noite,Crescente,Chuva,Dupla,Reta,Não,3.0,0.0,0.0,0.0,0.0,1.0,0.0,3.0,"-26,21578095","-48,91601309",SPRF-SC,DEL03/SC,UOP01-DEL03-SC
753670,21/02/2026,sábado,01:15:00,PA,10.0,137,PARAGOMINAS,Condutor Dormindo,Colisão traseira,Com Vítimas Fatais,Plena Noite,Crescente,Nublado,Simples,Aclive;Reta,Não,4.0,1.0,0.0,2.0,2.0,1.0,0.0,2.0,"-3,238474","-47,476817",SPRF-PA,DEL02/PA,UOP01-DEL02-PA
753679,21/02/2026,sábado,04:26:00,SP,116.0,"175,3",GUARAREMA,Reação tardia ou ineficiente do condutor,Tombamento,Com Vítimas Fatais,Plena Noite,Decrescente,Céu Claro,Dupla,Reta,Não,2.0,1.0,0.0,0.0,0.0,1.0,0.0,2.0,"-23,321831","-46,105939",SPRF-SP,DEL01/SP,UOP01-DEL01-SP
753681,21/02/2026,sábado,03:30:00,SC,101.0,"456,1",SAO JOAO DO SUL,Condutor deixou de manter distância do veículo da frente,Colisão traseira,Com Vítimas Feridas,Plena Noite,Crescente,Chuva,Múltipla,Reta,Não,4.0,0.0,1.0,0.0,1.0,2.0,0.0,4.0,"-29,2323339","-49,7586286",SPRF-SC,DEL02/SC,UOP02-DEL02-SC
753682,21/02/2026,sábado,04:05:00,SC,116.0,"228,4",CORREIA PINTO,Ausência de reação do condutor,Saída de leito carroçável,Com Vítimas Fatais,Plena Noite,Decrescente,Garoa/Chuvisco,Simples,Reta,Não,2.0,1.0,0.0,0.0,0.0,0.0,0.0,3.0,"-27,65556","-50,33627",SPRF-SC,DEL05/SC,UOP03-DEL05-SC
753697,21/02/2026,sábado,05:32:00,GO,153.0,"81,1",PORANGATU,Transitar na contramão,Colisão transversal,Com Vítimas Feridas,Amanhecer,Crescente,Nublado,Simples,Reta,Não,4.0,0.0,1.0,1.0,2.0,1.0,0.0,3.0,"-13,528637","-49,112814",SPRF-GO,DEL07/GO,UOP01-DEL07-GO
753706,21/02/2026,sábado,08:05:00,MT,70.0,34,BARRA DO GARCAS,Falta de acostamento,Saída de leito carroçável,Com Vítimas Feridas,Pleno dia,Decrescente,Céu Claro,Simples,Reta,Não,3.0,0.0,1.0,0.0,1.0,0.0,0.0,3.0,"-15,7866883","-52,49316",SPRF-MT,DEL07/MT,UOP01-DEL07-MT
753733,21/02/2026,sábado,11:30:00,PR,277.0,34,MORRETES,Manobra de mudança de faixa,Colisão lateral mesmo sentido,Com Vítimas Feridas,Pleno dia,Decrescente,Céu Claro,Dupla,Reta,Não,4.0,0.0,1.0,0.0,1.0,2.0,0.0,3.0,"-25,572867","-48,822554",SPRF-PR,DEL01/PR,UOP05-DEL01-PR
753737,08/02/2026,domingo,07:00:00,SC,101.0,"269,9",IMBITUBA,Manobra de mudança de faixa,Colisão traseira,Com Vítimas Feridas,Pleno dia,Decrescente,Céu Claro,Dupla,Reta,Não,5.0,0.0,3.0,1.0,4.0,1.0,0.0,2.0,"-28,10223","-48,703617",SPRF-SC,DEL02/SC,UOP03-DEL02-SC
753739,21/02/2026,sábado,06:30:00,BA,116.0,"56,6",CHORROCHO,Problema com o freio,Incêndio,Sem Vítimas,Pleno dia,Crescente,Nublado,Simples,Reta,Não,2.0,0.0,0.0,0.0,0.0,1.0,0.0,2.0,"-9,103917","-39,14057",SPRF-PE,DEL05/PE,UOP03-DEL05-PE
753742,21/02/2026,sábado,13:10:00,SC,101.0,186,BIGUACU,Manobra de mudança de faixa,Colisão lateral mesmo sentido,Com Vítimas Feridas,Pleno dia,Decrescente,Céu Claro,Dupla,Curva,Sim,4.0,0.0,2.0,0.0,2.0,1.0,0.0,3.0,"-27,43389","-48,62532",SPRF-SC,DEL01/SC,UOP01-DEL01-SC
753743,21/02/2026,sábado,13:30:00,GO,70.0,327,JUSSARA,Acumulo de água sobre o pavimento,Colisão lateral sentido oposto,Com Vítimas Feridas,Pleno dia,Crescente,Chuva,Simples,Curva,Não,3.0,0.0,1.0,0.0,1.0,1.0,0.0,3.0,"-15,86778","-50,937012",SPRF-GO,DEL04/GO,UOP02-DEL04-GO
753746,21/02/2026,sábado,13:15:00,MG,262.0,711,PERDIZES,Transitar na contramão,Colisão frontal,Com Vítimas Fatais,Pleno dia,Crescente,Céu Claro,Simples,Curva,Não,3.0,1.0,0.0,0.0,0.0,1.0,0.0,3.0,"-19,623681","-47,268106",SPRF-MG,DEL08/MG,UOP01-DEL08-MG
753747,21/02/2026,sábado,12:05:00,SP,116.0,499,CAJATI,Problema com o freio,Incêndio,Sem Vítimas,Pleno dia,Decrescente,Chuva,Dupla,Reta,Não,2.0,0.0,0.0,0.0,0.0,1.0,0.0,3.0,"-24,78705065","-48,17686049",SPRF-SP,DEL05/SP,UOP02-DEL05-SP
753751,21/02/2026,sábado,12:30:00,MG,40.0,253,SAO GONCALO DO ABAETE,Ausência de reação do condutor,Colisão com objeto,Com Vítimas Feridas,Pleno dia,Crescente,Ignorado,Simples,Reta,Não,2.0,0.0,0.0,1.0,1.0,0.0,0.0,2.0,"-18,13385409","-45,40887326",SPRF-MG,DEL14/MG,UOP02-DEL14-MG
753753,21/02/2026,sábado,14:00:00,BA,324.0,513,FEIRA DE SANTANA,Condutor desrespeitou a iluminação vermelha do semáforo,Colisão transversal,Com Vítimas Feridas,Pleno dia,Crescente,Nublado,Simples,Reta;Interseção de Vias,Sim,2.0,0.0,1.0,0.0,1.0,1.0,0.0,2.0,"-12,2332","-38,9478",SPRF-BA,DEL02/BA,UOP01-DEL02-BA
753754,21/02/2026,sábado,14:15:00,SC,101.0,"6,1",GARUVA,Ultrapassagem Indevida,Queda de ocupante de veículo,Com Vítimas Feridas,Pleno dia,Decrescente,Chuva,Simples,Reta;Aclive,Não,3.0,0.0,0.0,1.0,1.0,1.0,0.0,3.0,"-26,02807637","-48,86084676",SPRF-SC,DEL03/SC,UOP01-DEL03-SC
753761,21/02/2026,sábado,14:49:00,RJ,101.0,326,RIO DE JANEIRO,Manobra de mudança de faixa,Colisão lateral mesmo sentido,Sem Vítimas,Pleno dia,Crescente,Céu Claro,Múltipla,Reta,Sim,5.0,0.0,0.0,0.0,0.0,4.0,0.0,5.0,"-22,87160606","-43,15461731",SPRF-RJ,DEL02/RJ,UOP01-DEL02-RJ
753765,21/02/2026,sábado,14:00:00,MG,153.0,116,PRATA,Demais falhas mecânicas ou elétricas,Incêndio,Sem Vítimas,Pleno dia,Crescente,Céu Claro,Simples,Reta,Não,2.0,0.0,0.0,0.0,0.0,2.0,0.0,1.0,"-19,36897","-48,899383",SPRF-MG,DEL15/MG,UOP03-DEL15-MG
753774,21/02/2026,sábado,14:20:00,MT,364.0,560,NOBRES,Ausência de reação do condutor,Saída de leito carroçável,Com Vítimas Fatais,Pleno dia,Decrescente,Céu Claro,Dupla,Reta,Não,3.0,1.0,1.0,0.0,1.0,0.0,0.0,3.0,"-14,73714","-56,31958",SPRF-MT,DEL01/MT,UOP01-DEL01-MT
753778,21/02/2026,sábado,14:29:00,RJ,101.0,175,MACAE,Ausência de reação do condutor,Colisão traseira,Com Vítimas Feridas,Pleno dia,Decrescente,Nublado,Simples,Retorno Regulamentado,Não,3.0,0.0,1.0,0.0,1.0,2.0,0.0,2.0,"-22,37939489","-41,96959577",SPRF-RJ,DEL08/RJ,UOP04-DEL08-RJ
753779,21/02/2026,sábado,10:40:00,MT,364.0,523,ROSARIO OESTE,Demais falhas mecânicas ou elétricas,Incêndio,Sem Vítimas,Pleno dia,Decrescente,Céu Claro,Simples,Reta,Não,2.0,0.0,0.0,0.0,0.0,1.0,0.0,4.0,"-14,99479","-56,5174",SPRF-MT,DEL01/MT,UOP01-DEL01-MT
753780,21/02/2026,sábado,15:45:00,RJ,393.0,239,VASSOURAS,Velocidade Incompatível,Colisão traseira,Com Vítimas Feridas,Pleno dia,Crescente,Chuva,Simples,Reta;Aclive,Não,5.0,0.0,3.0,0.0,3.0,1.0,0.0,3.0,"-22,4289433","-43,7048133",SPRF-RJ,DEL05/RJ,UOP04-DEL05-RJ
753790,21/02/2026,sábado,17:10:00,MG,364.0,9,FRUTAL,Demais falhas mecânicas ou elétricas,Capotamento,Com Vítimas Feridas,Pleno dia,Decrescente,Céu Claro,Simples,Declive;Reta,Não,2.0,0.0,1.0,1.0,2.0,0.0,0.0,1.0,"-20,1040318","-48,73918025",SPRF-MG,DEL13/MG,UOP02-DEL13-MG
753797,21/02/2026,sábado,17:45:00,SE,235.0,"37,9",AREIA BRANCA,Reação tardia ou ineficiente do condutor,Saída de leito carroçável,Sem Vítimas,Plena Noite,Crescente,Chuva,Simples,Aclive;Reta,Não,1.0,0.0,0.0,0.0,0.0,1.0,0.0,1.0,"-10,77044722","-37,34598247",SPRF-SE,DEL01-SE,UOP02-DEL01-SE
753798,21/02/2026,sábado,16:00:00,RJ,393.0,284,VOLTA REDONDA,Condutor Dormindo,Colisão com objeto,Com Vítimas Feridas,Pleno dia,Decrescente,Nublado,Dupla,Aclive;Interseção de Vias,Sim,2.0,0.0,1.0,0.0,1.0,1.0,0.0,2.0,"-22,50561348","-44,0734884",SPRF-RJ,DEL05/RJ,UOP04-DEL05-RJ
753801,21/02/2026,sábado,18:00:00,PR,277.0,"694,5",SAO MIGUEL DO IGUACU,Acesso irregular,Colisão transversal,Sem Vítimas,Pleno dia,Decrescente,Céu Claro,Dupla,Reta;Declive,Não,5.0,0.0,0.0,0.0,0.0,4.0,0.0,3.0,"-25,372832","-54,271222",SPRF-PR,DEL05/PR,UOP01-DEL05-PR
753804,21/02/2026,sábado,17:00:00,MT,163.0,869,SINOP,Problema com o freio,Incêndio,Sem Vítimas,Pleno dia,Crescente,Céu Claro,Simples,Aclive;Reta,Não,2.0,0.0,0.0,0.0,0.0,1.0,0.0,2.0,"-11,572322","-55,412298",SPRF-MT,DEL06/MT,UOP02-DEL06-MT
753805,21/02/2026,sábado,16:30:00,GO,20.0,"77,4",FORMOSA,Ultrapassagem Indevida,Colisão frontal,Com Vítimas Fatais,Pleno dia,Crescente,Céu Claro,Simples,Reta,Não,4.0,2.0,0.0,0.0,0.0,1.0,0.0,3.0,"-15,109285","-47,121853",SPRF-DF,DEL02-DF,UOP02-DEL02-DF
753806,21/02/2026,sábado,15:45:00,MA,10.0,"312,5",ACAILANDIA,Problema com o freio,Incêndio,Sem Vítimas,Pleno dia,Decrescente,Céu Claro,Dupla,Curva,Não,1.0,0.0,0.0,0.0,0.0,1.0,0.0,1.0,"-5,00454","-47,54037",SPRF-MA,DEL04-MA,UOP03-DEL04-MA
753812,21/02/2026,sábado,17:40:00,SE,235.0,"29,4",AREIA BRANCA,Demais falhas mecânicas ou elétricas,Incêndio,Sem Vítimas,Plena Noite,Crescente,Chuva,Simples,Reta,Não,1.0,0.0,0.0,0.0,0.0,1.0,0.0,1.0,"-10,78253666","-37,29201257",SPRF-SE,DEL01-SE,UOP02-DEL01-SE
753816,21/01/2026,quarta-feira,15:44:00,PA,163.0,313,NOVO PROGRESSO,Ausência de reação do condutor,Colisão lateral sentido oposto,Sem Vítimas,Pleno dia,Decrescente,Ignorado,Simples,Reta,Sim,4.0,0.0,0.0,0.0,0.0,0.0,1.0,9.0,"-7,02022739","-55,42119741",SPRF-PA,DEL05/PA,UOP03-DEL05-PA
753817,21/02/2026,sábado,16:30:00,MS,163.0,251,DOURADOS,Acessar a via sem observar a presença dos outros veículos,Colisão transversal,Com Vítimas Feridas,Pleno dia,Decrescente,Chuva,Simples,Interseção de Vias,Não,4.0,0.0,1.0,0.0,1.0,3.0,0.0,2.0,"-22,297223","-54,821112",SPRF-MS,DEL04/MS,UOP02-DEL04-MS