id,data_inversa,dia_semana,horario,uf,br,km,municipio,causa_acidente,tipo_acidente,classificacao_acidente,fase_dia,sentido_via,condicao_metereologica,tipo_pista,tracado_via,uso_solo,pessoas,mortos,feridos_leves,feridos_graves,feridos,ilesos,ignorados,veiculos,latitude,longitude,regional,delegacia,uop
754206,23/02/2026,segunda-feira,14:30:00,MG,40.0,528,CONTAGEM,Manobra de mudança de faixa,Colisão transversal,Com Vítimas Feridas,Pleno dia,Decrescente,Céu Claro,Dupla,Curva,Sim,3.0,0.0,0.0,2.0,2.0,1.0,0.0,3.0,"-19,90990991","-44,03756405",SPRF-MG,DEL01/MG,UOP02-DEL01-MG
754207,23/02/2026,segunda-feira,12:00:00,PR,476.0,"319,9",PAULO FRONTIN,Demais falhas mecânicas ou elétricas,Incêndio,Sem Vítimas,Pleno dia,Crescente,Nublado,Simples,Em Obras;Reta,Não,2.0,0.0,0.0,0.0,0.0,1.0,0.0,2.0,"-26,0658","-50,72875",SPRF-PR,DEL02/PR,UOP03-DEL02-PR
754211,01/02/2026,domingo,08:40:00,RO,364.0,659,CANDEIAS DO JAMARI,Transitar na contramão,Colisão frontal,Com Vítimas Fatais,Pleno dia,Crescente,Nublado,Simples,Reta,Não,7.0,4.0,0.0,0.0,0.0,1.0,0.0,4.0,"-8,844543","-63,447262",SPRF-RO,DEL01-RO,UOP01-DEL01-RO
754212,23/02/2026,segunda-feira,13:40:00,RS,386.0,"78,5",JABOTICABA,Transitar na contramão,Colisão lateral sentido oposto,Com Vítimas Feridas,Pleno dia,Crescente,Céu Claro,Simples,Reta,Não,4.0,0.0,1.0,1.0,2.0,1.0,0.0,4.0,"-27,70744297","-53,28394739",SPRF-RS,DEL08/RS,UOP02-DEL08-RS
754219,23/02/2026,segunda-feira,13:17:00,RN,110.0,"76,1",GOVERNADOR DIX-SEPT ROSADO,Manobra de mudança de faixa,Colisão frontal,Com Vítimas Fatais,Pleno dia,Decrescente,Nublado,Simples,Reta,Não,5.0,1.0,0.0,3.0,3.0,1.0,0.0,2.0,"-5,45429","-37,32682",SPRF-RN,DEL04-RN,UOP01-DEL04-RN
754220,23/02/2026,segunda-feira,15:13:00,SC,101.0,"121,4",ITAJAI,Manobra de mudança de faixa,Colisão lateral mesmo sentido,Com Vítimas Feridas,Pleno dia,Decrescente,Céu Claro,Simples,Reta,Não,3.0,0.0,1.0,1.0,2.0,0.0,0.0,2.0,"-26,924992","-48,706445",SPRF-SC,DEL04/SC,UOP04-DEL04-SC
754228,23/02/2026,segunda-feira,17:00:00,GO,153.0,431,ANAPOLIS,Ingestão de álcool pelo condutor,Colisão traseira,Sem Vítimas,Pleno dia,Decrescente,Chuva,Dupla,Reta,Sim,3.0,0.0,0.0,0.0,0.0,3.0,0.0,2.0,"-16,286527","-48,944865",SPRF-GO,DEL02/GO,UOP01-DEL02-GO
754238,23/02/2026,segunda-feira,17:00:00,GO,70.0,1,AGUAS LINDAS DE GOIAS,Frear bruscamente,Saída de leito carroçável,Com Vítimas Feridas,Pleno dia,Decrescente,Garoa/Chuvisco,Dupla,Declive,Não,2.0,0.0,1.0,0.0,1.0,1.0,0.0,1.0,"-15,774173","-48,232088",SPRF-DF,DEL03-DF,UOP02-DEL03-DF
754249,23/02/2026,segunda-feira,16:00:00,GO,153.0,527,APARECIDA DE GOIANIA,Ausência de reação do condutor,Colisão com objeto,Com Vítimas Feridas,Pleno dia,Crescente,Chuva,Dupla,Declive;Curva,Não,1.0,0.0,1.0,0.0,1.0,0.0,0.0,1.0,"-16,849069","-49,2360011",SPRF-GO,DEL01/GO,UOP03-DEL01-GO
754250,23/02/2026,segunda-feira,18:00:00,PR,376.0,505,PONTA GROSSA,Velocidade Incompatível,Colisão frontal,Com Vítimas Feridas,Anoitecer,Decrescente,Nublado,Dupla,Reta,Não,3.0,0.0,1.0,0.0,1.0,1.0,0.0,3.0,"-25,224888","-50,049773",SPRF-PR,DEL03/PR,UOP03-DEL03-PR
754251,23/02/2026,segunda-feira,17:20:00,SC,470.0,"149,9",AGRONOMICA,Velocidade Incompatível,Capotamento,Com Vítimas Feridas,Pleno dia,Decrescente,Céu Claro,Simples,Interseção de Vias,Não,2.0,0.0,1.0,0.0,1.0,0.0,0.0,2.0,"-27,25711368","-49,71221058",SPRF-SC,DEL04/SC,UOP02-DEL04-SC
754260,23/02/2026,segunda-feira,18:33:00,RN,101.0,100,PARNAMIRIM,Ultrapassagem Indevida,Colisão lateral mesmo sentido,Com Vítimas Feridas,Plena Noite,Crescente,Céu Claro,Dupla,Curva,Sim,3.0,0.0,1.0,0.0,1.0,1.0,0.0,2.0,"-5,88615827","-35,228731",SPRF-RN,DEL01-RN,UOP01-DEL01-RN
754264,23/02/2026,segunda-feira,17:45:00,MG,40.0,"803,9",MATIAS BARBOSA,Velocidade Incompatível,Colisão com objeto,Com Vítimas Feridas,Anoitecer,Crescente,Chuva,Dupla,Reta,Sim,6.0,0.0,3.0,0.0,3.0,2.0,0.0,5.0,"-21,83518728","-43,37391749",SPRF-MG,DEL05/MG,UOP01-DEL05-MG
754269,28/01/2026,quarta-feira,11:45:00,DF,70.0,"16,5",BRASILIA,Ultrapassagem Indevida,Colisão traseira,Com Vítimas Feridas,Pleno dia,Decrescente,Céu Claro,Dupla,Reta;Aclive,Não,3.0,0.0,2.0,0.0,2.0,1.0,0.0,3.0,"-15,793685","-48,203493",SPRF-DF,DEL03-DF,UOP02-DEL03-DF
754272,23/02/2026,segunda-feira,17:20:00,RJ,116.0,25,SAPUCAIA,Velocidade Incompatível,Colisão frontal,Com Vítimas Feridas,Pleno dia,Crescente,Céu Claro,Simples,Curva,Não,3.0,0.0,0.0,2.0,2.0,1.0,0.0,2.0,"-22,03990121","-42,78264999",SPRF-RJ,DEL05/RJ,UOP01-DEL05-RJ
754277,09/02/2026,segunda-feira,17:00:00,MT,364.0,469,VARZEA GRANDE,Manobra de mudança de faixa,Colisão frontal,Com Vítimas Fatais,Anoitecer,Decrescente,Chuva,Simples,Reta;Ponte,Não,3.0,2.0,0.0,0.0,0.0,0.0,0.0,7.0,"-15,412882","-56,354343",SPRF-MT,DEL01/MT,UOP02-DEL01-MT
754279,23/02/2026,segunda-feira,18:10:00,MT,163.0,1069,GUARANTA DO NORTE,Acostamento em desnível,Saída de leito carroçável,Com Vítimas Feridas,Plena Noite,Crescente,Nublado,Simples,Reta,Não,3.0,0.0,1.0,0.0,1.0,1.0,0.0,2.0,"-9,9267562","-54,9049835",SPRF-MT,DEL06/MT,UOP03-DEL06-MT
754281,06/01/2026,terça-feira,11:13:00,PB,230.0,"21,9",JOAO PESSOA,Reação tardia ou ineficiente do condutor,Colisão traseira,Sem Vítimas,Pleno dia,Crescente,Sol,Dupla,Reta,Sim,2.0,0.0,0.0,0.0,0.0,2.0,0.0,2.0,"-7,1507121","-34,8523877",SPRF-PB,DEL01-PB,UOP01-DEL01-PB
754285,23/02/2026,segunda-feira,20:45:00,MG,50.0,13,UBERLANDIA,Chuva,Colisão lateral mesmo sentido,Com Vítimas Feridas,Plena Noite,Crescente,Chuva,Dupla,Reta,Sim,2.0,0.0,1.0,0.0,1.0,1.0,0.0,2.0,"-18,9044678","-48,1844862",SPRF-MG,DEL15/MG,UOP01-DEL15-MG
754286,23/02/2026,segunda-feira,21:15:00,BA,242.0,215,ITABERABA,Pista esburacada,Saída de leito carroçável,Com Vítimas Feridas,Plena Noite,Decrescente,Céu Claro,Simples,Reta,Não,3.0,0.0,0.0,2.0,2.0,0.0,0.0,3.0,"-12,520998","-40,176845",SPRF-BA,DEL06/BA,UOP02-DEL06-BA
754290,23/02/2026,segunda-feira,19:30:00,MS,163.0,"626,8",SAO GABRIEL DO OESTE,Ausência de reação do condutor,Saída de leito carroçável,Sem Vítimas,Plena Noite,Crescente,Nublado,Simples,Reta,Não,5.0,0.0,0.0,0.0,0.0,5.0,0.0,1.0,"-19,3034681","-54,6269523",SPRF-MS,DEL06/MS,UOP02-DEL06-MS
754296,23/02/2026,segunda-feira,21:00:00,MT,163.0,733,LUCAS DO RIO VERDE,Reação tardia ou ineficiente do condutor,Tombamento,Com Vítimas Feridas,Plena Noite,Crescente,Céu Claro,Simples,Reta,Não,2.0,0.0,1.0,0.0,1.0,0.0,0.0,3.0,"-13,11061401","-55,95333494",SPRF-MT,DEL06/MT,UOP01-DEL06-MT
754298,23/02/2026,segunda-feira,23:30:00,MG,40.0,"529,1",CONTAGEM,Ausência de reação do condutor,Saída de leito carroçável,Com Vítimas Feridas,Plena Noite,Crescente,Garoa/Chuvisco,Dupla,Curva;Aclive,Sim,1.0,0.0,0.0,1.0,1.0,0.0,0.0,1.0,"-19,9125961","-44,041731",SPRF-MG,DEL01/MG,UOP02-DEL01-MG
754301,23/02/2026,segunda-feira,23:25:00,PB,230.0,19,JOAO PESSOA,Reação tardia ou ineficiente do condutor,Colisão traseira,Com Vítimas Feridas,Plena Noite,Crescente,Nublado,Dupla,Curva,Sim,6.0,0.0,1.0,0.0,1.0,5.0,0.0,6.0,"-7,1287885","-34,8486088",SPRF-PB,DEL01-PB,UOP01-DEL01-PB
754302,24/02/2026,terça-feira,00:01:00,MG,381.0,352,JOAO MONLEVADE,Velocidade Incompatível,Colisão frontal,Com Vítimas Feridas,Plena Noite,Crescente,Nublado,Simples,Curva,Sim,4.0,0.0,1.0,0.0,1.0,2.0,0.0,3.0,"-19,83897233","-43,19515228",SPRF-MG,DEL03/MG,UOP01-DEL03-MG
754304,23/02/2026,segunda-feira,23:30:00,MG,381.0,276,JAGUARACU,Ingestão de álcool pelo condutor,Colisão frontal,Com Vítimas Feridas,Plena Noite,Decrescente,Nublado,Simples,Reta,Sim,3.0,0.0,1.0,0.0,1.0,1.0,0.0,3.0,"-19,58708508","-42,73225576",SPRF-MG,DEL03/MG,UOP02-DEL03-MG
754305,23/02/2026,segunda-feira,22:30:00,PR,163.0,289,MARECHAL CANDIDO RONDON,Ultrapassagem Indevida,Colisão lateral sentido oposto,Com Vítimas Feridas,Plena Noite,Crescente,Nublado,Múltipla,Reta;Aclive,Não,8.0,0.0,3.0,3.0,6.0,1.0,0.0,3.0,"-24,51923327","-54,07500207",SPRF-PR,DEL06/PR,UOP02-DEL06-PR
754308,24/02/2026,terça-feira,00:05:00,SP,116.0,504,CAJATI,Ausência de reação do condutor,Eventos atípicos,Sem Vítimas,Plena Noite,Crescente,Chuva,Dupla,Curva,Não,2.0,0.0,0.0,0.0,0.0,1.0,0.0,2.0,"-24,78112392","-48,18500519",SPRF-SP,DEL05/SP,UOP02-DEL05-SP
754309,24/02/2026,terça-feira,00:10:00,RJ,101.0,121,CAMPOS DOS GOYTACAZES,Iluminação deficiente,Colisão traseira,Com Vítimas Feridas,Plena Noite,Crescente,Chuva,Dupla,Reta,Não,5.0,0.0,3.0,0.0,3.0,1.0,0.0,3.0,"-22,041605","-41,692861",SPRF-RJ,DEL08/RJ,UOP02-DEL08-RJ
754310,23/02/2026,segunda-feira,21:30:00,GO,158.0,64,PIRANHAS,Pista esburacada,Colisão lateral sentido oposto,Com Vítimas Feridas,Plena Noite,Crescente,Nublado,Simples,Reta;Aclive,Não,6.0,0.0,1.0,1.0,2.0,3.0,0.0,9.0,"-16,29931","-51,965888",SPRF-GO,DEL04/GO,UOP02-DEL04-GO
754311,23/02/2026,segunda-feira,21:00:00,MT,364.0,"497,9",JANGADA,Pedestre - Ingestão de álcool/ substâncias psicoativas,Atropelamento de Pedestre,Com Vítimas Fatais,Plena Noite,Crescente,Chuva,Simples,Reta,Não,3.0,1.0,0.0,0.0,0.0,1.0,0.0,3.0,"-15,212155","-56,504004",SPRF-MT,DEL01/MT,UOP01-DEL01-MT
754312,24/02/2026,terça-feira,03:50:00,MG,262.0,361,JUATUBA,Ausência de reação do condutor,Saída de leito carroçável,Sem Vítimas,Plena Noite,Decrescente,Chuva,Dupla,Declive;Reta,Sim,1.0,0.0,0.0,0.0,0.0,0.0,1.0,1.0,"-19,974065","-44,319513",SPRF-MG,DEL01/MG,UOP03-DEL01-MG
754319,24/02/2026,terça-feira,05:15:00,MT,163.0,1028,PEIXOTO DE AZEVEDO,Ausência de reação do condutor,Colisão traseira,Com Vítimas Feridas,Amanhecer,Crescente,Garoa/Chuvisco,Simples,Reta,Não,3.0,0.0,0.0,1.0,1.0,1.0,0.0,5.0,"-10,2542","-54,997",SPRF-MT,DEL06/MT,UOP03-DEL06-MT
754324,24/02/2026,terça-feira,07:30:00,BA,324.0,614,SALVADOR,Condutor deixou de manter distância do veículo da frente,Colisão lateral mesmo sentido,Com Vítimas Feridas,Pleno dia,Crescente,Céu Claro,Dupla,Reta,Não,3.0,0.0,1.0,0.0,1.0,2.0,0.0,3.0,"-12,8719765","-38,4276393",SPRF-BA,DEL01/BA,UOP01-DEL01-BA
754325,24/02/2026,terça-feira,07:30:00,PE,101.0,70,RECIFE,Entrada inopinada do pedestre,Colisão com objeto,Sem Vítimas,Pleno dia,Crescente,Chuva,Múltipla,Reta,Sim,1.0,0.0,0.0,0.0,0.0,1.0,0.0,1.0,"-8,072047","-34,942588",SPRF-PE,DEL01/PE,UOP01-DEL01-PE
754327,24/02/2026,terça-feira,06:06:00,RO,364.0,421,JARU,Condutor deixou de manter distância do veículo da frente,Colisão traseira,Com Vítimas Feridas,Amanhecer,Decrescente,Chuva,Simples,Reta,Não,2.0,0.0,1.0,0.0,1.0,1.0,0.0,2.0,"-10,46482","-62,452665",SPRF-RO,DEL03-RO,UOP02-DEL03-RO
754330,20/02/2026,sexta-feira,11:30:00,RS,287.0,"438,3",UNISTALDA,Acostamento em desnível,Capotamento,Com Vítimas Feridas,Pleno dia,Decrescente,Céu Claro,Simples,Reta,Não,2.0,0.0,1.0,0.0,1.0,1.0,0.0,1.0,"-29,04626548","-55,19805908",SPRF-RS,DEL12/RS,UOP02-DEL12-RS
754334,24/02/2026,terça-feira,06:00:00,MT,163.0,1105,GUARANTA DO NORTE,Pista esburacada,Colisão lateral sentido oposto,Com Vítimas Feridas,Pleno dia,Decrescente,Nublado,Simples,Reta,Não,3.0,0.0,1.0,0.0,1.0,1.0,0.0,7.0,"-9,62852","-54,88211",SPRF-MT,DEL06/MT,UOP03-DEL06-MT
754335,24/02/2026,terça-feira,07:48:00,PE,232.0,133,CARUARU,Transitar na contramão,Atropelamento de Pedestre,Com Vítimas Fatais,Pleno dia,Crescente,Céu Claro,Dupla,Reta,Sim,2.0,1.0,0.0,0.0,0.0,0.0,0.0,2.0,"-8,30804","-36,02265",SPRF-PE,DEL02/PE,UOP03-DEL02-PE
754340,24/02/2026,terça-feira,07:10:00,BA,116.0,"9,9",VITORIA DA CONQUISTA,Acessar a via sem observar a presença dos outros veículos,Colisão traseira,Com Vítimas Feridas,Pleno dia,Crescente,Céu Claro,Simples,Reta,Sim,5.0,0.0,3.0,0.0,3.0,1.0,0.0,4.0,"-14,85761","-40,87747",SPRF-BA,DEL08/BA,UOP01-DEL08-BA
754342,24/02/2026,terça-feira,06:30:00,MT,70.0,320,DOM AQUINO,Transitar na contramão,Colisão lateral sentido oposto,Com Vítimas Feridas,Pleno dia,Decrescente,Chuva,Simples,Reta,Não,3.0,0.0,1.0,1.0,2.0,0.0,0.0,3.0,"-15,515637","-54,629753",SPRF-MT,DEL05/MT,UOP01-DEL05-MT
754351,24/02/2026,terça-feira,08:00:00,MG,381.0,"943,5",EXTREMA,Ausência de reação do condutor,Colisão traseira,Com Vítimas Feridas,Pleno dia,Decrescente,Céu Claro,Dupla,Reta;Aclive,Não,5.0,0.0,1.0,0.0,1.0,3.0,0.0,5.0,"-22,84230708","-46,33011639",SPRF-MG,DEL16/MG,UOP03-DEL16-MG
754353,24/02/2026,terça-feira,07:12:00,RJ,101.0,489,ANGRA DOS REIS,Chuva,Colisão traseira,Com Vítimas Feridas,Pleno dia,Crescente,Nublado,Simples,Reta,Não,2.0,0.0,1.0,0.0,1.0,1.0,0.0,2.0,"-22,956081","-44,30361",SPRF-RJ,DEL03/RJ,UOP03-DEL03-RJ
754354,24/02/2026,terça-feira,04:00:00,BA,116.0,886,CANDIDO SALES,Condutor Dormindo,Saída de leito carroçável,Com Vítimas Feridas,Plena Noite,Crescente,Nublado,Simples,Declive;Reta,Não,2.0,0.0,1.0,0.0,1.0,0.0,0.0,2.0,"-15,33318","-41,15819",SPRF-BA,DEL08/BA,UOP03-DEL08-BA
754357,24/02/2026,terça-feira,06:15:00,RJ,101.0,19,CAMPOS DOS GOYTACAZES,Acessar a via sem observar a presença dos outros veículos,Colisão lateral mesmo sentido,Sem Vítimas,Pleno dia,Decrescente,Céu Claro,Simples,Reta,Sim,3.0,0.0,0.0,0.0,0.0,1.0,0.0,3.0,"-21,37932695","-41,34247541",SPRF-RJ,DEL08/RJ,UOP01-DEL08-RJ
754358,24/02/2026,terça-feira,08:45:00,BA,324.0,621,SALVADOR,Reação tardia ou ineficiente do condutor,Colisão lateral mesmo sentido,Sem Vítimas,Pleno dia,Crescente,Céu Claro,Dupla,Reta,Sim,4.0,0.0,0.0,0.0,0.0,3.0,0.0,3.0,"-12,93100191","-38,47062326",SPRF-BA,DEL01/BA,UOP01-DEL01-BA
754359,24/02/2026,terça-feira,08:30:00,MG,381.0,"186,2",PERIQUITO,Transitar na contramão,Colisão lateral sentido oposto,Com Vítimas Feridas,Pleno dia,Crescente,Chuva,Simples,Declive;Reta,Não,3.0,0.0,2.0,0.0,2.0,1.0,0.0,2.0,"-19,095216","-42,195304",SPRF-MG,DEL06/MG,UOP01-DEL06-MG
754360,07/01/2026,quarta-feira,09:40:00,SC,101.0,"101,2",BALNEARIO PICARRAS,Ausência de reação do condutor,Engavetamento,Com Vítimas Feridas,Pleno dia,Crescente,Sol,Múltipla,Reta;Declive,Não,7.0,0.0,2.0,0.0,2.0,4.0,0.0,7.0,"-26,769603","-48,68623344",SPRF-SC,DEL03/SC,UOP02-DEL03-SC
754361,24/02/2026,terça-feira,08:15:00,SP,381.0,57,MAIRIPORA,Ausência de reação do condutor,Engavetamento,Sem Vítimas,Pleno dia,Crescente,Nublado,Dupla,Aclive;Reta,Não,5.0,0.0,0.0,0.0,0.0,5.0,0.0,5.0,"-23,27125527","-46,58469127",SPRF-SP,DEL03/SP,UOP01-DEL03-SP
754362,20/01/2026,terça-feira,13:30:00,RS,116.0,361,SENTINELA DO SUL,Ausência de reação do condutor,Colisão traseira,Com Vítimas Feridas,Pleno dia,Crescente,Céu Claro,Dupla,Reta,Não,3.0,0.0,1.0,0.0,1.0,1.0,0.0,5.0,"-30,62708419","-51,5473029",SPRF-RS,DEL02/RS,UOP02-DEL02-RS
754364,24/02/2026,terça-feira,09:58:00,SC,282.0,"5,1",SAO JOSE,Reação tardia ou ineficiente do condutor,Colisão traseira,Sem Vítimas,Pleno dia,Decrescente,Nublado,Múltipla,Reta,Não,3.0,0.0,0.0,0.0,0.0,3.0,0.0,3.0,"-27,58763","-48,614602",SPRF-SC,DEL01/SC,UOP01-DEL01-SC
754369,23/01/2026,sexta-feira,13:10:00,SC,282.0,454,PONTE SERRADA,Velocidade Incompatível,Tombamento,Com Vítimas Feridas,Pleno dia,Decrescente,Céu Claro,Simples,Curva,Não,2.0,0.0,1.0,0.0,1.0,0.0,0.0,2.0,"-26,89668509","-51,97788048",SPRF-SC,DEL07/SC,UOP04-DEL07-SC
754375,24/02/2026,terça-feira,10:15:00,SC,116.0,"245,5",LAGES,Acessar a via sem observar a presença dos outros veículos,Colisão transversal,Com Vítimas Feridas,Pleno dia,Crescente,Nublado,Simples,Rotatória,Sim,5.0,0.0,1.0,0.0,1.0,3.0,0.0,3.0,"-27,79968","-50,36354",SPRF-SC,DEL05/SC,UOP02-DEL05-SC
754376,24/02/2026,terça-feira,11:11:00,RN,406.0,"146,5",CEARA-MIRIM,Manobra de mudança de faixa,Colisão lateral sentido oposto,Com Vítimas Feridas,Pleno dia,Decrescente,Sol,Simples,Curva,Não,2.0,0.0,1.0,0.0,1.0,1.0,0.0,2.0,"-5,64511098","-35,46882057",SPRF-RN,DEL02-RN,UOP01-DEL02-RN
754379,24/02/2026,terça-feira,11:40:00,MG,40.0,599,OURO PRETO,Falta de acostamento,Colisão lateral mesmo sentido,Com Vítimas Feridas,Pleno dia,Decrescente,Chuva,Simples,Curva;Aclive,Não,5.0,0.0,1.0,0.0,1.0,3.0,0.0,4.0,"-20,423445","-43,87715",SPRF-MG,DEL05/MG,UOP02-DEL05-MG
754382,24/02/2026,terça-feira,11:30:00,PR,376.0,350,ORTIGUEIRA,Ausência de reação do condutor,Colisão traseira,Com Vítimas Feridas,Pleno dia,Crescente,Céu Claro,Dupla,Reta,Sim,3.0,0.0,1.0,0.0,1.0,1.0,0.0,4.0,"-24,2284","-50,9264",SPRF-PR,DEL07/PR,UOP02-DEL07-PR
754388,24/02/2026,terça-feira,12:30:00,PR,376.0,225,APUCARANA,Acessar a via sem observar a presença dos outros veículos,Colisão lateral mesmo sentido,Com Vítimas Feridas,Pleno dia,Crescente,Céu Claro,Dupla,Curva;Em Obras,Não,3.0,0.0,1.0,0.0,1.0,2.0,0.0,2.0,"-23,56585561","-51,52770281",SPRF-PR,DEL07/PR,UOP03-DEL07-PR
754396,24/02/2026,terça-feira,06:50:00,MG,364.0,23,FRUTAL,Ultrapassagem Indevida,Colisão lateral mesmo sentido,Com Vítimas Feridas,Pleno dia,Crescente,Nublado,Simples,Reta;Aclive,Não,3.0,0.0,2.0,0.0,2.0,1.0,0.0,2.0,"-20,04281344","-48,85235874",SPRF-MG,DEL13/MG,UOP02-DEL13-MG
754403,24/02/2026,terça-feira,11:50:00,RJ,101.0,13,CAMPOS DOS GOYTACAZES,Transitar na contramão,Colisão lateral sentido oposto,Com Vítimas Feridas,Pleno dia,Crescente,Céu Claro,Simples,Reta,Não,2.0,0.0,1.0,0.0,1.0,1.0,0.0,2.0,"-21,33259366","-41,33210063",SPRF-RJ,DEL08/RJ,UOP01-DEL08-RJ
754404,24/02/2026,terça-feira,13:15:00,RN,304.0,"84,2",ACU,Condutor deixou de manter distância do veículo da frente,Colisão traseira,Com Vítimas Feridas,Pleno dia,Decrescente,Céu Claro,Simples,Reta,Não,2.0,0.0,0.0,1.0,1.0,1.0,0.0,2.0,"-5,50057","-37,14393",SPRF-RN,DEL04-RN,UOP01-DEL04-RN
754415,24/02/2026,terça-feira,13:00:00,BA,324.0,"535,1",CONCEICAO DO JACUIPE,Condutor deixou de manter distância do veículo da frente,Colisão traseira,Com Vítimas Feridas,Pleno dia,Decrescente,Chuva,Dupla,Reta,Sim,3.0,0.0,1.0,0.0,1.0,0.0,0.0,3.0,"-12,368801","-38,813802",SPRF-BA,DEL11/BA,UOP02-DEL11-BA
754418,24/02/2026,terça-feira,15:45:00,RS,386.0,423,MONTENEGRO,Condutor Dormindo,Saída de leito carroçável,Sem Vítimas,Pleno dia,Crescente,Chuva,Simples,Reta,Não,2.0,0.0,0.0,0.0,0.0,2.0,0.0,1.0,"-29,8176751","-51,38723499",SPRF-RS,DEL04/RS,UOP02-DEL04-RS
754419,24/02/2026,terça-feira,13:40:00,RJ,40.0,"120,9",DUQUE DE CAXIAS,Reação tardia ou ineficiente do condutor,Colisão traseira,Com Vítimas Feridas,Pleno dia,Crescente,Nublado,Múltipla,Reta,Sim,3.0,0.0,1.0,0.0,1.0,1.0,0.0,3.0,"-22,78209694","-43,28580022",SPRF-RJ,DEL01/RJ,UOP02-DEL01-RJ
754426,24/02/2026,terça-feira,15:50:00,PB,101.0,"82,8",BAYEUX,Manobra de mudança de faixa,Queda de ocupante de veículo,Com Vítimas Feridas,Pleno dia,Decrescente,Sol,Dupla,Viaduto,Sim,3.0,0.0,1.0,1.0,2.0,0.0,0.0,2.0,"-7,132763","-34,93062",SPRF-PB,DEL01-PB,UOP01-DEL01-PB
754428,22/02/2026,domingo,12:55:00,MT,158.0,453,RIBEIRAO CASCALHEIRA,Reação tardia ou ineficiente do condutor,Tombamento,Sem Vítimas,Pleno dia,Crescente,Céu Claro,Simples,Curva,Não,2.0,0.0,0.0,0.0,0.0,1.0,0.0,3.0,"-13,03478093","-51,8938923",SPRF-MT,DEL07/MT,UOP02-DEL07-MT
754435,24/02/2026,terça-feira,14:40:00,BA,242.0,850,BARREIRAS,Ausência de reação do condutor,Tombamento,Sem Vítimas,Pleno dia,Crescente,Garoa/Chuvisco,Simples,Reta,Não,2.0,0.0,0.0,0.0,0.0,1.0,0.0,3.0,"-12,109561","-45,29507161",SPRF-BA,DEL10/BA,UOP01-DEL10-BA
754437,24/02/2026,terça-feira,16:00:00,MG,40.0,"606,2",CONGONHAS,Condutor deixou de manter distância do veículo da frente,Colisão transversal,Com Vítimas Feridas,Pleno dia,Decrescente,Chuva,Simples,Curva;Em Obras,Não,4.0,0.0,2.0,0.0,2.0,1.0,0.0,3.0,"-20,48770894","-43,8375728",SPRF-MG,DEL05/MG,UOP02-DEL05-MG
754438,24/02/2026,terça-feira,10:00:00,SC,282.0,"505,3",XANXERE,Desrespeitar a preferência no cruzamento,Colisão frontal,Com Vítimas Feridas,Pleno dia,Decrescente,Nublado,Múltipla,Reta,Não,3.0,0.0,1.0,0.0,1.0,1.0,0.0,3.0,"-26,886086","-52,419711",SPRF-SC,DEL07/SC,UOP01-DEL07-SC
754441,24/02/2026,terça-feira,15:30:00,SP,116.0,"29,5",CRUZEIRO,Transitar no Acostamento,Colisão lateral mesmo sentido,Sem Vítimas,Pleno dia,Decrescente,Céu Claro,Dupla,Declive;Curva,Não,4.0,0.0,0.0,0.0,0.0,4.0,0.0,3.0,"-22,63619396","-44,9356699",SPRF-SP,DEL08/SP,UOP02-DEL08-SP
754446,24/02/2026,terça-feira,15:30:00,GO,452.0,11,RIO VERDE,Transitar no Acostamento,Colisão traseira,Com Vítimas Feridas,Pleno dia,Crescente,Céu Claro,Simples,Reta,Não,10.0,0.0,2.0,0.0,2.0,7.0,0.0,3.0,"-17,829898","-50,825608",SPRF-GO,DEL04/GO,UOP01-DEL04-GO
754453,24/02/2026,terça-feira,17:20:00,RJ,40.0,"37,2",AREAL,Reação tardia ou ineficiente do condutor,Colisão com objeto,Com Vítimas Feridas,Pleno dia,Decrescente,Chuva,Dupla,Declive;Curva,Não,2.0,0.0,1.0,0.0,1.0,0.0,0.0,2.0,"-22,22352","-43,125099",SPRF-RJ,DEL05/RJ,UOP02-DEL05-RJ
754462,24/02/2026,terça-feira,17:45:00,RO,364.0,514,ARIQUEMES,Ultrapassagem Indevida,Colisão transversal,Com Vítimas Feridas,Pleno dia,Decrescente,Céu Claro,Simples,Reta;Aclive,Sim,2.0,0.0,1.0,0.0,1.0,1.0,0.0,2.0,"-9,927605","-63,054884",SPRF-RO,DEL03-RO,UOP01-DEL03-RO
754465,24/02/2026,terça-feira,19:55:00,RJ,101.0,114,CAMPOS DOS GOYTACAZES,Ausência de reação do condutor,Atropelamento de Pedestre,Com Vítimas Feridas,Plena Noite,Decrescente,Chuva,Dupla,Reta,Não,6.0,0.0,0.0,1.0,1.0,4.0,0.0,5.0,"-21,9853696","-41,6627134",SPRF-RJ,DEL08/RJ,UOP02-DEL08-RJ
754466,22/02/2026,domingo,22:53:00,PA,163.0,625,TRAIRAO,Acessar a via sem observar a presença dos outros veículos,Colisão transversal,Com Vítimas Fatais,Plena Noite,Decrescente,Céu Claro,Simples,Interseção de Vias,Sim,3.0,2.0,0.0,0.0,0.0,0.0,0.0,2.0,"-4,57389","-55,9439",SPRF-PA,DEL05/PA,UOP03-DEL05-PA
754469,24/02/2026,terça-feira,18:47:00,DF,20.0,"39,4",BRASILIA,Demais falhas mecânicas ou elétricas,Eventos atípicos,Com Vítimas Feridas,Anoitecer,Crescente,Chuva,Dupla,Declive;Reta,Não,13.0,0.0,9.0,0.0,9.0,2.0,0.0,4.0,"-15,58176631","-47,51794644",SPRF-DF,DEL02-DF,UOP01-DEL02-DF