id,data_inversa,dia_semana,horario,uf,br,km,municipio,causa_acidente,tipo_acidente,classificacao_acidente,fase_dia,sentido_via,condicao_metereologica,tipo_pista,tracado_via,uso_solo,pessoas,mortos,feridos_leves,feridos_graves,feridos,ilesos,ignorados,veiculos,latitude,longitude,regional,delegacia,uop
754475,24/02/2026,terça-feira,20:00:00,RS,293.0,"105,3",PINHEIRO MACHADO,Acessar a via sem observar a presença dos outros veículos,Colisão transversal,Com Vítimas Feridas,Plena Noite,Crescente,Nublado,Simples,Interseção de Vias;Reta,Sim,3.0,0.0,1.0,0.0,1.0,1.0,0.0,3.0,"-31,57565124","-53,36967079",SPRF-RS,DEL11/RS,UOP03-DEL11-RS
754477,24/02/2026,terça-feira,18:00:00,TO,153.0,415,MIRANORTE,Falta de acostamento,Colisão traseira,Com Vítimas Fatais,Pleno dia,Crescente,Céu Claro,Dupla,Reta,Sim,3.0,1.0,0.0,0.0,0.0,1.0,0.0,3.0,"-9,545","-48,597",SPRF-TO,DEL01-TO,UOP01-DEL01-TO
754483,24/02/2026,terça-feira,19:55:00,MG,116.0,"174,3",PADRE PARAISO,Reação tardia ou ineficiente do condutor,Colisão frontal,Com Vítimas Fatais,Plena Noite,Crescente,Chuva,Simples,Declive;Curva,Não,3.0,1.0,0.0,0.0,0.0,1.0,0.0,5.0,"-17,051399","-41,458164",SPRF-MG,DEL11/MG,UOP02-DEL11-MG
754485,23/02/2026,segunda-feira,00:10:00,PA,163.0,36,NOVO PROGRESSO,Reação tardia ou ineficiente do condutor,Tombamento,Sem Vítimas,Plena Noite,Crescente,Céu Claro,Simples,Curva,Não,3.0,0.0,0.0,0.0,0.0,1.0,0.0,4.0,"-9,05446412","-54,91550446",SPRF-MT,DEL06/MT,UOP03-DEL06-MT
754493,24/02/2026,terça-feira,23:15:00,PR,277.0,"38,5",MORRETES,Velocidade Incompatível,Saída de leito carroçável,Com Vítimas Feridas,Plena Noite,Decrescente,Nublado,Múltipla,Declive;Curva,Não,2.0,0.0,1.0,0.0,1.0,0.0,0.0,2.0,"-25,57225298","-48,84100914",SPRF-PR,DEL01/PR,UOP05-DEL01-PR
754494,24/02/2026,terça-feira,23:15:00,MG,365.0,695,MONTE ALEGRE DE MINAS,Condutor Dormindo,Colisão lateral mesmo sentido,Com Vítimas Feridas,Plena Noite,Decrescente,Garoa/Chuvisco,Dupla,Reta,Não,4.0,0.0,2.0,0.0,2.0,1.0,0.0,3.0,"-18,85349451","-49,12062073",SPRF-MG,DEL15/MG,UOP03-DEL15-MG
754500,24/02/2026,terça-feira,23:25:00,PR,277.0,205,PALMEIRA,Objeto estático sobre o leito carroçável,Colisão com objeto,Com Vítimas Fatais,Plena Noite,Decrescente,Nublado,Simples,Reta,Não,4.0,1.0,0.0,0.0,0.0,2.0,0.0,9.0,"-25,46513","-50,25036",SPRF-PR,DEL08/PR,UOP02-DEL08-PR
754506,24/02/2026,terça-feira,23:27:00,TO,153.0,241,COLINAS DO TOCANTINS,Condutor Dormindo,Tombamento,Com Vítimas Feridas,Plena Noite,Decrescente,Chuva,Simples,Declive;Reta,Não,2.0,0.0,1.0,0.0,1.0,0.0,0.0,2.0,"-7,98445314","-48,46440403",SPRF-TO,DEL02-TO,UOP01-DEL02-TO
754509,25/02/2026,quarta-feira,03:40:00,PR,476.0,"325,4",PAULO FRONTIN,Condutor Dormindo,Colisão com objeto,Sem Vítimas,Plena Noite,Decrescente,Céu Claro,Simples,Reta;Interseção de Vias,Não,2.0,0.0,0.0,0.0,0.0,1.0,0.0,2.0,"-26,09325","-50,77482",SPRF-PR,DEL02/PR,UOP03-DEL02-PR
754512,24/02/2026,terça-feira,21:00:00,RN,304.0,118,ITAJA,Animais na Pista,Atropelamento de Animal,Sem Vítimas,Plena Noite,Crescente,Céu Claro,Simples,Reta,Não,1.0,0.0,0.0,0.0,0.0,1.0,0.0,1.0,"-5,65542657","-36,81231022",SPRF-RN,DEL04-RN,UOP01-DEL04-RN
754513,25/02/2026,quarta-feira,04:40:00,RJ,393.0,247,BARRA DO PIRAI,Ingestão de álcool pelo condutor,Colisão frontal,Sem Vítimas,Amanhecer,Crescente,Nublado,Simples,Reta,Não,3.0,0.0,0.0,0.0,0.0,1.0,0.0,3.0,"-22,43095851","-43,7713868",SPRF-RJ,DEL05/RJ,UOP04-DEL05-RJ
754515,25/02/2026,quarta-feira,05:45:00,SP,116.0,413,JUQUIA,Transitar na contramão,Colisão frontal,Com Vítimas Fatais,Amanhecer,Crescente,Nublado,Dupla,Reta,Sim,3.0,1.0,0.0,0.0,0.0,1.0,0.0,4.0,"-24,33099582","-47,63064321",SPRF-SP,DEL05/SP,UOP01-DEL05-SP
754522,25/02/2026,quarta-feira,00:45:00,PR,116.0,"1,5",CAMPINA GRANDE DO SUL,Velocidade Incompatível,Saída de leito carroçável,Com Vítimas Feridas,Plena Noite,Crescente,Garoa/Chuvisco,Dupla,Curva,Não,2.0,0.0,1.0,0.0,1.0,0.0,0.0,2.0,"-25,06464735","-48,57124071",SPRF-PR,DEL01/PR,UOP02-DEL01-PR
754539,25/02/2026,quarta-feira,08:00:00,MG,381.0,343,JOAO MONLEVADE,Reação tardia ou ineficiente do condutor,Colisão traseira,Com Vítimas Feridas,Pleno dia,Decrescente,Céu Claro,Simples,Reta,Não,2.0,0.0,1.0,0.0,1.0,1.0,0.0,2.0,"-19,861796","-43,119457",SPRF-MG,DEL03/MG,UOP01-DEL03-MG
754541,25/02/2026,quarta-feira,07:50:00,SC,282.0,"37,1",AGUAS MORNAS,Transitar na contramão,Colisão lateral sentido oposto,Com Vítimas Feridas,Pleno dia,Crescente,Céu Claro,Simples,Reta,Não,4.0,0.0,1.0,0.0,1.0,3.0,0.0,3.0,"-27,707765","-48,844038",SPRF-SC,DEL01/SC,UOP03-DEL01-SC
754545,25/02/2026,quarta-feira,06:50:00,MT,158.0,640,BARRA DO GARCAS,Ausência de reação do condutor,Colisão lateral sentido oposto,Com Vítimas Feridas,Pleno dia,Decrescente,Céu Claro,Simples,Reta,Não,5.0,0.0,2.0,0.0,2.0,2.0,0.0,7.0,"-15,44744799","-52,20954901",SPRF-MT,DEL07/MT,UOP02-DEL07-MT
754549,25/02/2026,quarta-feira,07:45:00,MT,70.0,269,PRIMAVERA DO LESTE,Acessar a via sem observar a presença dos outros veículos,Colisão frontal,Com Vítimas Feridas,Pleno dia,Decrescente,Nublado,Simples,Reta,Não,5.0,0.0,3.0,0.0,3.0,1.0,0.0,5.0,"-15,537917","-54,19679",SPRF-MT,DEL05/MT,UOP01-DEL05-MT
754551,11/02/2026,quarta-feira,08:40:00,SC,101.0,163,TIJUCAS,Condutor deixou de manter distância do veículo da frente,Colisão traseira,Com Vítimas Feridas,Pleno dia,Decrescente,Céu Claro,Múltipla,Reta,Não,2.0,0.0,1.0,0.0,1.0,1.0,0.0,2.0,"-27,2303297","-48,62906384",SPRF-SC,DEL04/SC,UOP03-DEL04-SC
754553,25/02/2026,quarta-feira,07:50:00,PE,101.0,"45,2",IGARASSU,Reação tardia ou ineficiente do condutor,Colisão traseira,Com Vítimas Feridas,Pleno dia,Crescente,Céu Claro,Dupla,Reta,Sim,4.0,0.0,0.0,1.0,1.0,2.0,0.0,4.0,"-7,865483","-34,907325",SPRF-PE,DEL01/PE,UOP02-DEL01-PE
754557,25/02/2026,quarta-feira,10:27:00,CE,116.0,60,CHOROZINHO,Mal súbito do condutor,Saída de leito carroçável,Com Vítimas Feridas,Pleno dia,Decrescente,Sol,Simples,Reta,Não,2.0,0.0,1.0,0.0,1.0,1.0,0.0,2.0,"-4,25629","-38,486483",SPRF-CE,DEL01/CE,UOP04-DEL01-CE
754563,25/02/2026,quarta-feira,10:30:00,SP,116.0,229,SAO PAULO,Condutor deixou de manter distância do veículo da frente,Colisão lateral mesmo sentido,Com Vítimas Feridas,Pleno dia,Crescente,Céu Claro,Múltipla,Reta,Sim,2.0,0.0,1.0,0.0,1.0,1.0,0.0,2.0,"-23,50778117","-46,57105636",SPRF-SP,DEL01/SP,UOP01-DEL01-SP
754565,25/02/2026,quarta-feira,10:43:00,PR,277.0,"67,5",SAO JOSE DOS PINHAIS,Manobra de mudança de faixa,Saída de leito carroçável,Com Vítimas Feridas,Pleno dia,Crescente,Nublado,Dupla,Reta,Sim,3.0,0.0,1.0,0.0,1.0,1.0,0.0,4.0,"-25,52357","-49,100813",SPRF-PR,DEL01/PR,UOP01-DEL01-PR
754566,25/02/2026,quarta-feira,11:00:00,PR,376.0,"594,8",ARAUCARIA,Ausência de reação do condutor,Colisão traseira,Com Vítimas Feridas,Pleno dia,Crescente,Nublado,Dupla,Reta,Sim,4.0,0.0,2.0,0.0,2.0,1.0,0.0,4.0,"-25,57336109","-49,38781232",SPRF-PR,DEL01/PR,UOP06-DEL01-PR
754567,25/02/2026,quarta-feira,08:40:00,MG,381.0,"287,7",ANTONIO DIAS,Mal súbito do condutor,Colisão traseira,Com Vítimas Feridas,Pleno dia,Crescente,Nublado,Dupla,Curva;Aclive;Viaduto,Não,4.0,0.0,2.0,0.0,2.0,1.0,0.0,3.0,"-19,64177917","-42,81756163",SPRF-MG,DEL03/MG,UOP02-DEL03-MG
754569,25/02/2026,quarta-feira,11:00:00,PB,230.0,12,CABEDELO,Retorno proibido,Colisão transversal,Com Vítimas Feridas,Pleno dia,Decrescente,Céu Claro,Dupla,Desvio Temporário;Reta;Interseção de Vias;Em Obras,Sim,3.0,0.0,1.0,1.0,2.0,1.0,0.0,2.0,"-7,08238","-34,848818",SPRF-PB,DEL01-PB,UOP01-DEL01-PB
754576,25/02/2026,quarta-feira,07:30:00,MS,163.0,"777,5",COXIM,Reação tardia ou ineficiente do condutor,Saída de leito carroçável,Com Vítimas Feridas,Pleno dia,Decrescente,Chuva,Simples,Reta,Não,2.0,0.0,1.0,0.0,1.0,0.0,0.0,2.0,"-18,111067","-54,698263",SPRF-MS,DEL06/MS,UOP01-DEL06-MS
754577,25/02/2026,quarta-feira,12:30:00,SP,116.0,278,EMBU DAS ARTES,Manobra de mudança de faixa,Colisão traseira,Com Vítimas Feridas,Pleno dia,Decrescente,Céu Claro,Dupla,Curva,Sim,2.0,0.0,1.0,0.0,1.0,1.0,0.0,2.0,"-23,638981","-46,8352747",SPRF-SP,DEL04/SP,UOP01-DEL04-SP
754580,25/02/2026,quarta-feira,10:50:00,PR,277.0,"37,5",MORRETES,Problema com o freio,Colisão lateral mesmo sentido,Com Vítimas Feridas,Pleno dia,Decrescente,Céu Claro,Dupla,Em Obras;Reta,Não,4.0,0.0,1.0,1.0,2.0,1.0,0.0,6.0,"-25,57471113","-48,85019302",SPRF-PR,DEL01/PR,UOP05-DEL01-PR
754581,25/02/2026,quarta-feira,11:10:00,RS,285.0,"190,7",LAGOA VERMELHA,Reação tardia ou ineficiente do condutor,Saída de leito carroçável,Com Vítimas Feridas,Pleno dia,Crescente,Céu Claro,Simples,Curva,Não,2.0,0.0,1.0,0.0,1.0,0.0,0.0,3.0,"-28,261159","-51,4777",SPRF-RS,DEL08/RS,UOP05-DEL08-RS
754584,25/02/2026,quarta-feira,13:00:00,MG,40.0,610,CONGONHAS,Velocidade Incompatível,Tombamento,Com Vítimas Feridas,Pleno dia,Crescente,Céu Claro,Simples,Curva,Não,2.0,0.0,0.0,1.0,1.0,0.0,0.0,2.0,"-20,511531","-43,840567",SPRF-MG,DEL05/MG,UOP02-DEL05-MG
754586,25/02/2026,quarta-feira,07:00:00,SC,282.0,"451,6",PONTE SERRADA,Ausência de reação do condutor,Capotamento,Com Vítimas Feridas,Pleno dia,Decrescente,Nublado,Simples,Curva,Não,2.0,0.0,1.0,0.0,1.0,0.0,0.0,2.0,"-26,9209","-51,950935",SPRF-SC,DEL07/SC,UOP04-DEL07-SC
754587,03/02/2026,terça-feira,12:00:00,PR,376.0,"502,9",PONTA GROSSA,Demais falhas mecânicas ou elétricas,Colisão lateral sentido oposto,Com Vítimas Feridas,Pleno dia,Decrescente,Céu Claro,Dupla,Reta;Declive,Não,4.0,0.0,0.0,1.0,1.0,2.0,0.0,7.0,"-25,2087749","-50,0646134",SPRF-PR,DEL03/PR,UOP03-DEL03-PR
754593,27/01/2026,terça-feira,14:30:00,PR,277.0,198,PALMEIRA,Demais falhas mecânicas ou elétricas,Colisão lateral sentido oposto,Com Vítimas Feridas,Pleno dia,Decrescente,Céu Claro,Simples,Reta,Não,3.0,0.0,1.0,0.0,1.0,1.0,0.0,5.0,"-25,450977","-50,196807",SPRF-PR,DEL08/PR,UOP02-DEL08-PR
754594,25/02/2026,quarta-feira,14:00:00,GO,20.0,"222,7",POSSE,Velocidade Incompatível,Saída de leito carroçável,Com Vítimas Feridas,Pleno dia,Decrescente,Nublado,Simples,Declive;Reta,Não,3.0,0.0,1.0,0.0,1.0,2.0,0.0,2.0,"-14,174267","-46,328663",SPRF-DF,DEL02-DF,UOP03-DEL02-DF
754597,25/02/2026,quarta-feira,13:40:00,PR,116.0,32,CAMPINA GRANDE DO SUL,Velocidade Incompatível,Saída de leito carroçável,Com Vítimas Feridas,Pleno dia,Crescente,Céu Claro,Dupla,Curva,Não,2.0,0.0,1.0,0.0,1.0,0.0,0.0,2.0,"-25,10934091","-48,84348616",SPRF-PR,DEL01/PR,UOP02-DEL01-PR
754598,16/01/2026,sexta-feira,14:25:00,SC,282.0,620,IRACEMINHA,Condutor deixou de manter distância do veículo da frente,Colisão traseira,Sem Vítimas,Pleno dia,Decrescente,Chuva,Dupla,Reta,Não,2.0,0.0,0.0,0.0,0.0,1.0,0.0,2.0,"-26,78791218","-53,2926178",SPRF-SC,DEL07/SC,UOP02-DEL07-SC
754602,25/02/2026,quarta-feira,13:25:00,GO,60.0,383,RIO VERDE,Estacionar ou parar em local proibido,Colisão traseira,Com Vítimas Feridas,Pleno dia,Crescente,Nublado,Dupla,Declive;Reta,Sim,4.0,0.0,0.0,1.0,1.0,1.0,0.0,4.0,"-17,79494297","-50,91251705",SPRF-GO,DEL04/GO,UOP02-DEL04-GO
754604,25/02/2026,quarta-feira,12:30:00,MG,381.0,"876,6",ESTIVA,Velocidade Incompatível,Tombamento,Com Vítimas Feridas,Pleno dia,Decrescente,Garoa/Chuvisco,Dupla,Curva,Não,4.0,0.0,3.0,0.0,3.0,0.0,0.0,2.0,"-22,43685497","-45,98312527",SPRF-MG,DEL16/MG,UOP01-DEL16-MG
754605,25/02/2026,quarta-feira,14:55:00,RS,386.0,207,VICTOR GRAEFF,Pista esburacada,Saída de leito carroçável,Com Vítimas Feridas,Pleno dia,Crescente,Céu Claro,Simples,Reta,Não,2.0,0.0,1.0,0.0,1.0,0.0,0.0,2.0,"-28,516662","-52,634054",SPRF-RS,DEL04/RS,UOP03-DEL04-RS
754606,25/02/2026,quarta-feira,09:15:00,MG,116.0,"142,3",PONTO DOS VOLANTES,Reação tardia ou ineficiente do condutor,Tombamento,Com Vítimas Feridas,Pleno dia,Decrescente,Nublado,Simples,Declive;Curva,Não,2.0,0.0,1.0,0.0,1.0,0.0,0.0,14.0,"-16,787695","-41,481909",SPRF-MG,DEL11/MG,UOP02-DEL11-MG
754609,25/02/2026,quarta-feira,12:30:00,PA,316.0,34,SANTA IZABEL DO PARA,Reação tardia ou ineficiente do condutor,Saída de leito carroçável,Com Vítimas Feridas,Pleno dia,Decrescente,Chuva,Dupla,Reta,Sim,2.0,0.0,1.0,0.0,1.0,0.0,0.0,2.0,"-1,294312","-48,172428",SPRF-PA,DEL01/PA,UOP01-DEL01-PA
754619,25/02/2026,quarta-feira,16:00:00,SC,470.0,149,AGRONOMICA,Transitar na contramão,Colisão frontal,Com Vítimas Feridas,Pleno dia,Decrescente,Nublado,Simples,Reta,Não,3.0,0.0,0.0,1.0,1.0,1.0,0.0,3.0,"-27,27208224","-49,73358393",SPRF-SC,DEL04/SC,UOP02-DEL04-SC
754623,25/02/2026,quarta-feira,16:50:00,MG,365.0,601,UBERLANDIA,Velocidade Incompatível,Tombamento,Com Vítimas Feridas,Pleno dia,Crescente,Chuva,Simples,Declive,Não,2.0,0.0,1.0,0.0,1.0,0.0,0.0,2.0,"-18,888396","-48,119223",SPRF-MG,DEL15/MG,UOP01-DEL15-MG
754624,25/02/2026,quarta-feira,16:30:00,PI,316.0,2,TERESINA,Condutor desrespeitou a iluminação vermelha do semáforo,Colisão traseira,Com Vítimas Feridas,Pleno dia,Decrescente,Céu Claro,Múltipla,Interseção de Vias,Sim,3.0,0.0,1.0,0.0,1.0,2.0,0.0,3.0,"-5,123326","-42,794996",SPRF-PI,DEL01-PI,UOP02-DEL01-PI
754628,25/02/2026,quarta-feira,15:40:00,RJ,393.0,297,BARRA MANSA,Retorno proibido,Colisão lateral mesmo sentido,Com Vítimas Feridas,Pleno dia,Decrescente,Céu Claro,Simples,Reta,Sim,2.0,0.0,1.0,0.0,1.0,0.0,0.0,2.0,"-22,5360052","-44,1157",SPRF-RJ,DEL07/RJ,UOP02-DEL07-RJ
754637,25/02/2026,quarta-feira,17:10:00,BA,324.0,532,CONCEICAO DO JACUIPE,Carga excessiva e/ou mal acondicionada,Tombamento,Com Vítimas Feridas,Pleno dia,Decrescente,Nublado,Dupla,Reta,Não,1.0,0.0,1.0,0.0,1.0,0.0,0.0,1.0,"-12,35039129","-38,83585357",SPRF-BA,DEL11/BA,UOP02-DEL11-BA
754641,25/02/2026,quarta-feira,17:20:00,SC,480.0,"131,3",CHAPECO,Reação tardia ou ineficiente do condutor,Colisão traseira,Com Vítimas Feridas,Pleno dia,Crescente,Céu Claro,Dupla,Curva,Sim,6.0,0.0,0.0,1.0,1.0,5.0,0.0,2.0,"-27,05808656","-52,63626337",SPRF-SC,DEL07/SC,UOP01-DEL07-SC
754644,25/02/2026,quarta-feira,10:30:00,BA,101.0,455,ITACARE,Ausência de reação do condutor,Tombamento,Com Vítimas Feridas,Pleno dia,Decrescente,Sol,Simples,Curva;Declive,Não,2.0,0.0,1.0,0.0,1.0,0.0,0.0,2.0,"-14,402487","-39,322755",SPRF-BA,DEL05/BA,UOP01-DEL05-BA
754648,25/02/2026,quarta-feira,15:00:00,SP,116.0,65,GUARATINGUETA,Curva acentuada,Colisão com objeto,Com Vítimas Feridas,Pleno dia,Decrescente,Céu Claro,Múltipla,Curva,Sim,1.0,0.0,1.0,0.0,1.0,0.0,0.0,1.0,"-22,82345209","-45,19316864",SPRF-SP,DEL08/SP,UOP01-DEL08-SP
754651,25/02/2026,quarta-feira,17:32:00,SC,101.0,"104,9",PENHA,Entrada inopinada do pedestre,Atropelamento de Pedestre,Com Vítimas Feridas,Pleno dia,Decrescente,Chuva,Dupla,Curva,Sim,3.0,0.0,1.0,0.0,1.0,1.0,0.0,3.0,"-26,80063463","-48,67882702",SPRF-SC,DEL03/SC,UOP02-DEL03-SC
754655,25/02/2026,quarta-feira,18:10:00,PE,232.0,135,CARUARU,Condutor deixou de manter distância do veículo da frente,Engavetamento,Com Vítimas Feridas,Plena Noite,Decrescente,Céu Claro,Dupla,Reta,Sim,4.0,0.0,1.0,0.0,1.0,3.0,0.0,4.0,"-8,30658267","-36,01730959",SPRF-PE,DEL02/PE,UOP03-DEL02-PE
754656,19/01/2026,segunda-feira,11:00:00,BA,101.0,"31,8",ESPLANADA,Curva acentuada,Tombamento,Com Vítimas Feridas,Pleno dia,Crescente,Nublado,Dupla,Declive;Curva,Não,1.0,0.0,1.0,0.0,1.0,0.0,0.0,1.0,"-11,74227412","-37,93841869",SPRF-SE,DEL02-SE,UOP03-DEL02-SE
754659,25/02/2026,quarta-feira,05:00:00,PI,135.0,166,BERTOLINIA,Reação tardia ou ineficiente do condutor,Saída de leito carroçável,Com Vítimas Feridas,Amanhecer,Decrescente,Nublado,Simples,Aclive;Curva,Não,2.0,0.0,1.0,0.0,1.0,0.0,0.0,2.0,"-7,943137","-43,823495",SPRF-PI,DEL03-PI,UOP01-DEL03-PI
754660,25/02/2026,quarta-feira,16:50:00,SC,101.0,90,BARRA VELHA,Reação tardia ou ineficiente do condutor,Engavetamento,Com Vítimas Feridas,Pleno dia,Crescente,Chuva,Múltipla,Reta,Sim,5.0,0.0,2.0,0.0,2.0,2.0,0.0,5.0,"-26,6702333","-48,69000882",SPRF-SC,DEL03/SC,UOP02-DEL03-SC
754664,25/02/2026,quarta-feira,19:29:00,SP,153.0,283,OCAUCU,Chuva,Colisão lateral sentido oposto,Sem Vítimas,Plena Noite,Crescente,Chuva,Simples,Reta,Não,2.0,0.0,0.0,0.0,0.0,1.0,0.0,2.0,"-22,52091808","-49,88930494",SPRF-SP,DEL07/SP,UOP02-DEL07-SP
754667,25/02/2026,quarta-feira,15:00:00,PI,316.0,274,SANTA CRUZ DOS MILAGRES,Ausência de reação do condutor,Tombamento,Com Vítimas Feridas,Pleno dia,Decrescente,Céu Claro,Simples,Aclive,Não,1.0,0.0,1.0,0.0,1.0,0.0,0.0,1.0,-6,"-41,725242",SPRF-PI,DEL04-PI,UOP01-DEL04-PI
754670,25/02/2026,quarta-feira,17:20:00,BA,116.0,752,POCOES,Condutor deixou de manter distância do veículo da frente,Colisão traseira,Com Vítimas Feridas,Anoitecer,Crescente,Chuva,Simples,Reta,Não,2.0,0.0,1.0,0.0,1.0,0.0,0.0,2.0,"-14,54296198","-40,39521289",SPRF-BA,DEL08/BA,UOP02-DEL08-BA
754673,25/02/2026,quarta-feira,21:00:00,SC,282.0,"45,4",AGUAS MORNAS,Mal súbito do condutor,Saída de leito carroçável,Com Vítimas Feridas,Plena Noite,Decrescente,Garoa/Chuvisco,Simples,Curva,Não,1.0,0.0,0.0,1.0,1.0,0.0,0.0,1.0,"-27,72296064","-48,92981976",SPRF-SC,DEL01/SC,UOP03-DEL01-SC
754675,25/02/2026,quarta-feira,20:05:00,MG,381.0,"789,7",SAO GONCALO DO SAPUCAI,Reação tardia ou ineficiente do condutor,Colisão traseira,Com Vítimas Feridas,Plena Noite,Crescente,Nublado,Dupla,Reta,Não,2.0,0.0,1.0,0.0,1.0,1.0,0.0,2.0,"-21,8776153","-45,5424457",SPRF-MG,DEL16/MG,UOP02-DEL16-MG
754680,25/02/2026,quarta-feira,19:00:00,SC,470.0,"218,5",SAO CRISTOVAO DO SUL,Problema com o freio,Incêndio,Sem Vítimas,Plena Noite,Decrescente,Nublado,Simples,Reta,Não,2.0,0.0,0.0,0.0,0.0,1.0,0.0,3.0,"-27,3018098","-50,3015921",SPRF-SC,DEL05/SC,UOP03-DEL05-SC
754681,25/02/2026,quarta-feira,20:30:00,MG,50.0,109,UBERABA,Condutor Dormindo,Tombamento,Sem Vítimas,Plena Noite,Decrescente,Céu Claro,Dupla,Reta,Não,1.0,0.0,0.0,0.0,0.0,1.0,0.0,1.0,"-19,7031506","-47,9855242",SPRF-MG,DEL13/MG,UOP01-DEL13-MG
754682,25/02/2026,quarta-feira,20:53:00,MT,163.0,694,SORRISO,Ingestão de álcool pelo condutor,Tombamento,Sem Vítimas,Plena Noite,Decrescente,Nublado,Simples,Reta;Retorno Regulamentado,Não,1.0,0.0,0.0,0.0,0.0,1.0,0.0,1.0,"-13,02952833","-55,89822167",SPRF-MT,DEL06/MT,UOP01-DEL06-MT
754683,25/02/2026,quarta-feira,22:30:00,RS,101.0,"50,8",TERRA DE AREIA,Reação tardia ou ineficiente do condutor,Engavetamento,Com Vítimas Feridas,Plena Noite,Crescente,Céu Claro,Dupla,Reta,Não,4.0,0.0,1.0,0.0,1.0,2.0,0.0,5.0,"-29,614477","-50,091295",SPRF-RS,DEL03/RS,UOP02-DEL03-RS
754685,25/02/2026,quarta-feira,19:50:00,BA,242.0,214,ITABERABA,Demais falhas mecânicas ou elétricas,Incêndio,Sem Vítimas,Plena Noite,Decrescente,Ignorado,Simples,Reta,Não,3.0,0.0,0.0,0.0,0.0,2.0,0.0,3.0,"-12,52089","-40,16408",SPRF-BA,DEL06/BA,UOP02-DEL06-BA
754686,25/02/2026,quarta-feira,23:00:00,MG,381.0,0,BETIM,Ausência de reação do condutor,Tombamento,Com Vítimas Fatais,Plena Noite,Decrescente,Céu Claro,Dupla,Reta,Não,2.0,1.0,0.0,0.0,0.0,0.0,0.0,2.0,"-19,96559763","-44,15889502",SPRF-MG,DEL01/MG,UOP03-DEL01-MG
754687,25/02/2026,quarta-feira,16:30:00,AL,104.0,49,BRANQUINHA,Manobra de mudança de faixa,Colisão frontal,Com Vítimas Fatais,Pleno dia,Decrescente,Céu Claro,Simples,Reta,Não,2.0,1.0,0.0,0.0,0.0,1.0,0.0,2.0,"-9,24919216","-35,99636078",SPRF-AL,DEL01-AL,UOP02-DEL01-AL
754692,25/02/2026,quarta-feira,21:10:00,RS,101.0,"53,5",TERRA DE AREIA,Demais falhas mecânicas ou elétricas,Incêndio,Sem Vítimas,Plena Noite,Crescente,Nublado,Dupla,Curva,Não,1.0,0.0,0.0,0.0,0.0,1.0,0.0,1.0,"-29,636031","-50,102404",SPRF-RS,DEL03/RS,UOP02-DEL03-RS
754693,25/02/2026,quarta-feira,23:15:00,PE,232.0,"30,7",MORENO,Demais falhas mecânicas ou elétricas,Incêndio,Sem Vítimas,Plena Noite,Decrescente,Céu Claro,Dupla,Reta,Não,1.0,0.0,0.0,0.0,0.0,1.0,0.0,1.0,"-8,10568","-35,15977",SPRF-PE,DEL02/PE,UOP02-DEL02PE
754694,25/02/2026,quarta-feira,23:32:00,PE,232.0,"7,8",RECIFE,Ingestão de substâncias psicoativas pelo condutor,Colisão com objeto,Sem Vítimas,Plena Noite,Decrescente,Céu Claro,Dupla,Reta,Sim,2.0,0.0,0.0,0.0,0.0,0.0,1.0,2.0,"-8,07635043","-34,97135921",SPRF-PE,DEL01/PE,UOP01-DEL01-PE
754698,26/02/2026,quinta-feira,03:00:00,PR,116.0,8,CAMPINA GRANDE DO SUL,Chuva,Saída de leito carroçável,Com Vítimas Feridas,Plena Noite,Crescente,Chuva,Dupla,Curva,Não,3.0,0.0,1.0,0.0,1.0,1.0,0.0,2.0,"-25,08092895","-48,62355407",SPRF-PR,DEL01/PR,UOP02-DEL01-PR
754699,25/02/2026,quarta-feira,07:17:00,GO,60.0,385,RIO VERDE,Reação tardia ou ineficiente do condutor,Engavetamento,Com Vítimas Feridas,Pleno dia,Crescente,Céu Claro,Dupla,Aclive;Reta,Não,5.0,0.0,1.0,0.0,1.0,4.0,0.0,5.0,"-17,81019969","-50,92714548",SPRF-GO,DEL04/GO,UOP02-DEL04-GO
754702,26/02/2026,quinta-feira,03:35:00,PR,376.0,"658,9",TIJUCAS DO SUL,Condutor deixou de manter distância do veículo da frente,Colisão traseira,Sem Vítimas,Plena Noite,Decrescente,Nublado,Simples,Curva,Não,2.0,0.0,0.0,0.0,0.0,1.0,0.0,2.0,"-25,846333","-49,003965",SPRF-PR,DEL01/PR,UOP04-DEL01-PR
754703,26/02/2026,quinta-feira,03:30:00,MG,40.0,"590,4",OURO PRETO,Ausência de reação do condutor,Saída de leito carroçável,Com Vítimas Fatais,Plena Noite,Crescente,Nevoeiro/Neblina,Simples,Reta;Aclive,Não,2.0,1.0,0.0,0.0,0.0,0.0,0.0,2.0,"-20,41223648","-43,89586544",SPRF-MG,DEL01/MG,UOP02-DEL01-MG
754710,26/02/2026,quinta-feira,06:00:00,MG,381.0,934,EXTREMA,Ausência de reação do condutor,Colisão com objeto,Com Vítimas Feridas,Pleno dia,Crescente,Nublado,Dupla,Aclive;Reta,Não,2.0,0.0,1.0,0.0,1.0,0.0,0.0,2.0,"-22,7995465","-46,2604643",SPRF-MG,DEL16/MG,UOP03-DEL16-MG