id,data_inversa,dia_semana,horario,uf,br,km,municipio,causa_acidente,tipo_acidente,classificacao_acidente,fase_dia,sentido_via,condicao_metereologica,tipo_pista,tracado_via,uso_solo,pessoas,mortos,feridos_leves,feridos_graves,feridos,ilesos,ignorados,veiculos,latitude,longitude,regional,delegacia,uop
754977,27/02/2026,sexta-feira,06:15:00,SC,470.0,193,POUSO REDONDO,Problema com o freio,Tombamento,Com Vítimas Feridas,Pleno dia,Decrescente,Céu Claro,Simples,Declive;Curva,Não,4.0,0.0,3.0,0.0,3.0,1.0,0.0,1.0,"-27,30333759","-50,07875204",SPRF-SC,DEL04/SC,UOP02-DEL04-SC
754979,27/02/2026,sexta-feira,06:45:00,CE,222.0,23,CAUCAIA,Reação tardia ou ineficiente do condutor,Colisão traseira,Sem Vítimas,Pleno dia,Crescente,Céu Claro,Dupla,Reta,Sim,3.0,0.0,0.0,0.0,0.0,1.0,0.0,3.0,"-3,73098714","-38,76438081",SPRF-CE,DEL01/CE,UOP01-DEL01-CE
754984,27/02/2026,sexta-feira,10:30:00,RS,470.0,220,BENTO GONCALVES,Acessar a via sem observar a presença dos outros veículos,Colisão transversal,Com Vítimas Feridas,Pleno dia,Crescente,Céu Claro,Simples,Declive;Reta,Não,2.0,0.0,1.0,0.0,1.0,1.0,0.0,2.0,"-29,198114","-51,518501",SPRF-RS,DEL06/RS,UOP01-DEL06-RS
754988,27/02/2026,sexta-feira,06:59:00,MA,135.0,359,PRESIDENTE DUTRA,Manobra de mudança de faixa,Colisão lateral sentido oposto,Com Vítimas Feridas,Pleno dia,Crescente,Nublado,Simples,Reta,Não,11.0,0.0,6.0,0.0,6.0,4.0,0.0,9.0,"-5,464032","-44,456643",SPRF-MA,DEL06-MA,UOP01-DEL06-MA
754989,27/02/2026,sexta-feira,04:30:00,MA,226.0,284,BARRA DO CORDA,Ausência de reação do condutor,Tombamento,Com Vítimas Feridas,Amanhecer,Crescente,Chuva,Simples,Declive;Curva,Não,2.0,0.0,1.0,0.0,1.0,1.0,0.0,1.0,"-5,43487031","-45,07764816",SPRF-MA,DEL06-MA,UOP01-DEL06-MA
754993,27/02/2026,sexta-feira,11:20:00,RN,304.0,259,SAO PEDRO,Transitar na contramão,Colisão lateral sentido oposto,Com Vítimas Feridas,Pleno dia,Decrescente,Nublado,Simples,Reta,Não,4.0,0.0,2.0,0.0,2.0,1.0,0.0,3.0,"-5,845472","-35,676388",SPRF-RN,DEL01-RN,UOP02-DEL01-RN
754995,27/02/2026,sexta-feira,09:50:00,RJ,40.0,115,DUQUE DE CAXIAS,Chuva,Colisão lateral mesmo sentido,Com Vítimas Feridas,Pleno dia,Crescente,Chuva,Múltipla,Reta,Não,2.0,0.0,1.0,0.0,1.0,1.0,0.0,2.0,"-22,72811472","-43,2884678",SPRF-RJ,DEL01/RJ,UOP02-DEL01-RJ
755006,27/02/2026,sexta-feira,12:40:00,SP,116.0,560,BARRA DO TURVO,Velocidade Incompatível,Tombamento,Com Vítimas Feridas,Pleno dia,Crescente,Garoa/Chuvisco,Simples,Curva;Aclive,Não,2.0,0.0,1.0,0.0,1.0,0.0,0.0,2.0,"-25,019","-48,511",SPRF-SP,DEL05/SP,UOP02-DEL05-SP
755007,27/02/2026,sexta-feira,11:30:00,MG,262.0,"721,9",PERDIZES,Ausência de reação do condutor,Colisão traseira,Com Vítimas Feridas,Pleno dia,Decrescente,Céu Claro,Simples,Reta,Não,8.0,0.0,2.0,0.0,2.0,5.0,0.0,3.0,"-19,61778917","-47,34635353",SPRF-MG,DEL08/MG,UOP01-DEL08-MG
755008,27/02/2026,sexta-feira,12:50:00,SC,280.0,"91,5",CORUPA,Ausência de reação do condutor,Saída de leito carroçável,Com Vítimas Feridas,Pleno dia,Decrescente,Céu Claro,Simples,Curva;Declive,Não,1.0,0.0,1.0,0.0,1.0,0.0,0.0,1.0,"-26,399872","-49,296915",SPRF-SC,DEL06/SC,UOP03-DEL06-SC
755009,27/02/2026,sexta-feira,12:20:00,SP,116.0,"37,9",CACHOEIRA PAULISTA,Chuva,Colisão com objeto,Com Vítimas Feridas,Pleno dia,Crescente,Chuva,Dupla,Reta,Não,4.0,0.0,0.0,2.0,2.0,1.0,0.0,3.0,"-22,67060384","-44,9947934",SPRF-SP,DEL08/SP,UOP02-DEL08-SP
755010,27/02/2026,sexta-feira,12:20:00,BA,324.0,553,AMELIA RODRIGUES,Reação tardia ou ineficiente do condutor,Colisão traseira,Sem Vítimas,Pleno dia,Decrescente,Céu Claro,Dupla,Reta,Não,4.0,0.0,0.0,0.0,0.0,3.0,0.0,3.0,"-12,4491138","-38,711842",SPRF-BA,DEL11/BA,UOP02-DEL11-BA
755012,27/02/2026,sexta-feira,10:10:00,PR,376.0,447,TIBAGI,Ausência de reação do condutor,Colisão traseira,Com Vítimas Feridas,Pleno dia,Decrescente,Sol,Dupla,Declive;Curva,Não,2.0,0.0,0.0,1.0,1.0,1.0,0.0,2.0,"-24,90179965","-50,4231631",SPRF-PR,DEL03/PR,UOP02-DEL03-PR
755013,27/02/2026,sexta-feira,12:00:00,MS,163.0,471,CAMPO GRANDE,Desrespeitar a preferência no cruzamento,Colisão transversal,Com Vítimas Feridas,Pleno dia,Crescente,Céu Claro,Simples,Interseção de Vias;Curva,Não,4.0,0.0,1.0,0.0,1.0,2.0,0.0,3.0,"-20,55445146","-54,55590455",SPRF-MS,DEL01/MS,UOP01-DEL01-MS
755015,27/02/2026,sexta-feira,07:20:00,MG,40.0,209,JOAO PINHEIRO,Ultrapassagem Indevida,Colisão frontal,Com Vítimas Feridas,Pleno dia,Decrescente,Nublado,Simples,Reta,Não,4.0,0.0,1.0,1.0,2.0,1.0,0.0,3.0,"-17,98505623","-45,73612958",SPRF-MG,DEL14/MG,UOP02-DEL14-MG
755027,27/02/2026,sexta-feira,13:20:00,RJ,40.0,102,DUQUE DE CAXIAS,Manobra de mudança de faixa,Colisão lateral mesmo sentido,Com Vítimas Feridas,Pleno dia,Decrescente,Nublado,Dupla,Reta,Sim,5.0,0.0,2.0,0.0,2.0,2.0,0.0,3.0,"-22,6162808","-43,2891593",SPRF-RJ,DEL01/RJ,UOP02-DEL01-RJ
755032,23/02/2026,segunda-feira,05:40:00,BA,116.0,740,POCOES,Pista Escorregadia,Tombamento,Sem Vítimas,Amanhecer,Decrescente,Garoa/Chuvisco,Simples,Curva,Não,2.0,0.0,0.0,0.0,0.0,1.0,0.0,2.0,"-14,413388","-40,352312",SPRF-BA,DEL08/BA,UOP02-DEL08-BA
755033,27/02/2026,sexta-feira,14:30:00,MG,365.0,413,PATOS DE MINAS,Chuva,Saída de leito carroçável,Sem Vítimas,Pleno dia,Decrescente,Chuva,Dupla,Declive,Não,2.0,0.0,0.0,0.0,0.0,2.0,0.0,1.0,"-18,6688013","-46,5348351",SPRF-MG,DEL10/MG,UOP01-DEL10-MG
755035,27/02/2026,sexta-feira,11:15:00,RJ,101.0,383,RIO DE JANEIRO,Velocidade Incompatível,Tombamento,Com Vítimas Feridas,Pleno dia,Crescente,Nublado,Dupla,Reta,Não,2.0,0.0,2.0,0.0,2.0,0.0,0.0,1.0,"-22,87617967","-43,61357538",SPRF-RJ,DEL03/RJ,UOP01-DEL03-RJ
755040,27/02/2026,sexta-feira,13:30:00,BA,101.0,422,IBIRAPITANGA,Ausência de reação do condutor,Saída de leito carroçável,Com Vítimas Feridas,Pleno dia,Decrescente,Chuva,Simples,Curva,Não,2.0,0.0,1.0,0.0,1.0,0.0,0.0,2.0,"-14,1390586","-39,35134292",SPRF-BA,DEL05/BA,UOP03-DEL05-BA
755052,27/02/2026,sexta-feira,16:25:00,MG,267.0,"36,8",ARGIRITA,Ausência de reação do condutor,Engavetamento,Com Vítimas Feridas,Pleno dia,Crescente,Nublado,Simples,Reta;Em Obras,Não,3.0,0.0,1.0,0.0,1.0,2.0,0.0,3.0,"-21,67277","-42,89343",SPRF-MG,DEL07/MG,UOP01-DEL07-MG
755053,27/02/2026,sexta-feira,11:00:00,SP,116.0,512,CAJATI,Demais falhas mecânicas ou elétricas,Eventos atípicos,Com Vítimas Feridas,Pleno dia,Decrescente,Sol,Simples,Curva,Não,1.0,0.0,1.0,0.0,1.0,0.0,0.0,1.0,"-24,84056069","-48,21313351",SPRF-SP,DEL05/SP,UOP02-DEL05-SP
755054,27/02/2026,sexta-feira,16:30:00,MG,381.0,"424,5",SABARA,Pista Escorregadia,Colisão frontal,Com Vítimas Feridas,Pleno dia,Decrescente,Nublado,Simples,Declive;Curva,Não,4.0,0.0,1.0,1.0,2.0,1.0,0.0,3.0,"-19,787777","-43,69946",SPRF-MG,DEL01/MG,UOP01-DEL01-MG
755057,27/02/2026,sexta-feira,16:50:00,MG,381.0,482,BETIM,Reação tardia ou ineficiente do condutor,Colisão lateral mesmo sentido,Com Vítimas Feridas,Pleno dia,Crescente,Céu Claro,Múltipla,Reta,Sim,3.0,0.0,1.0,0.0,1.0,1.0,0.0,3.0,"-19,958723","-44,07198",SPRF-MG,DEL01/MG,UOP03-DEL01-MG
755063,27/02/2026,sexta-feira,16:00:00,RJ,393.0,166,TRES RIOS,Ausência de reação do condutor,Colisão traseira,Com Vítimas Feridas,Pleno dia,Crescente,Nublado,Simples,Aclive;Reta,Não,3.0,0.0,1.0,0.0,1.0,1.0,0.0,4.0,"-22,12727813","-43,14644035",SPRF-RJ,DEL05/RJ,UOP01-DEL05-RJ
755071,27/02/2026,sexta-feira,17:50:00,BA,101.0,715,EUNAPOLIS,Acessar a via sem observar a presença dos outros veículos,Colisão transversal,Com Vítimas Feridas,Plena Noite,Crescente,Nublado,Simples,Interseção de Vias;Reta,Sim,2.0,0.0,1.0,0.0,1.0,1.0,0.0,2.0,"-16,35411","-39,579598",SPRF-BA,DEL09/BA,UOP01-DEL09-BA
755073,27/02/2026,sexta-feira,15:10:00,GO,153.0,127,ESTRELA DO NORTE,Objeto estático sobre o leito carroçável,Tombamento,Com Vítimas Feridas,Pleno dia,Crescente,Chuva,Simples,Reta,Não,2.0,0.0,1.0,0.0,1.0,0.0,0.0,2.0,"-13,88745","-49,056117",SPRF-GO,DEL07/GO,UOP01-DEL07-GO
755077,27/02/2026,sexta-feira,16:40:00,MS,158.0,32,PARANAIBA,Reação tardia ou ineficiente do condutor,Colisão traseira,Com Vítimas Feridas,Pleno dia,Crescente,Céu Claro,Simples,Em Obras;Reta,Não,3.0,0.0,1.0,0.0,1.0,1.0,0.0,4.0,"-19,25920022","-51,50292917",SPRF-MS,DEL08/MS,UOP01-DEL08-MS
755088,27/02/2026,sexta-feira,19:00:00,SP,116.0,300,SAO LOURENCO DA SERRA,Chuva,Saída de leito carroçável,Com Vítimas Feridas,Plena Noite,Crescente,Chuva,Dupla,Curva,Não,3.0,0.0,1.0,0.0,1.0,1.0,0.0,2.0,"-23,797692","-46,914903",SPRF-SP,DEL04/SP,UOP01-DEL04-SP
755094,27/02/2026,sexta-feira,19:40:00,SC,101.0,38,PALHOCA,Retorno proibido,Colisão transversal,Com Vítimas Fatais,Plena Noite,Decrescente,Nublado,Dupla,Curva,Não,4.0,1.0,3.0,0.0,3.0,0.0,0.0,2.0,"-27,63498","-48,71425",SPRF-SC,DEL01/SC,UOP02-DEL01-SC
755101,27/02/2026,sexta-feira,11:00:00,SC,101.0,41,JOINVILLE,Ausência de reação do condutor,Colisão com objeto,Com Vítimas Feridas,Pleno dia,Crescente,Céu Claro,Dupla,Declive;Viaduto;Curva,Sim,2.0,0.0,1.0,0.0,1.0,0.0,0.0,2.0,"-26,31639986","-48,87344711",SPRF-SC,DEL03/SC,UOP01-DEL03-SC
755106,27/02/2026,sexta-feira,17:05:00,MA,135.0,23,SAO LUIS,Reação tardia ou ineficiente do condutor,Colisão traseira,Sem Vítimas,Anoitecer,Crescente,Nublado,Dupla,Reta,Sim,5.0,0.0,0.0,0.0,0.0,2.0,0.0,3.0,"-2,55845525","-44,31309056",SPRF-MA,DEL01-MA,UOP01-DEL01-MA
755110,27/02/2026,sexta-feira,21:00:00,BA,101.0,262,SANTO ANTONIO DE JESUS,Ausência de reação do condutor,Colisão lateral sentido oposto,Com Vítimas Feridas,Plena Noite,Decrescente,Chuva,Simples,Reta,Não,3.0,0.0,1.0,0.0,1.0,1.0,0.0,3.0,"-12,9780571","-39,2793991",SPRF-BA,DEL11/BA,UOP01-DEL11-BA
755119,27/02/2026,sexta-feira,15:58:00,RO,364.0,423,JARU,Acessar a via sem observar a presença dos outros veículos,Colisão transversal,Com Vítimas Feridas,Pleno dia,Crescente,Céu Claro,Dupla,Reta;Declive;Retorno Regulamentado,Sim,3.0,0.0,0.0,1.0,1.0,1.0,0.0,3.0,"-10,45603487","-62,45801568",SPRF-RO,DEL03-RO,UOP02-DEL03-RO
755123,27/02/2026,sexta-feira,19:10:00,RJ,101.0,143,MACAE,Desvio temporário,Colisão traseira,Com Vítimas Feridas,Anoitecer,Crescente,Chuva,Dupla,Curva,Não,4.0,0.0,1.0,0.0,1.0,3.0,0.0,2.0,"-22,21049965","-41,75478157",SPRF-RJ,DEL08/RJ,UOP04-DEL08-RJ
755126,27/02/2026,sexta-feira,21:40:00,GO,153.0,"384,8",SAO FRANCISCO DE GOIAS,Ausência de reação do condutor,Colisão traseira,Com Vítimas Feridas,Plena Noite,Decrescente,Céu Claro,Simples,Aclive;Reta,Não,35.0,0.0,5.0,15.0,20.0,14.0,0.0,3.0,"-15,95247","-49,186075",SPRF-GO,DEL02/GO,UOP02-DEL02-GO
755127,27/02/2026,sexta-feira,22:00:00,SP,459.0,32,LORENA,Desrespeitar a preferência no cruzamento,Queda de ocupante de veículo,Com Vítimas Feridas,Plena Noite,Decrescente,Nublado,Simples,Reta,Sim,2.0,0.0,0.0,1.0,1.0,1.0,0.0,2.0,"-22,74056675","-45,09392881",SPRF-SP,DEL08/SP,UOP02-DEL08-SP
755136,12/02/2026,quinta-feira,05:18:00,CE,222.0,"63,7",SAO GONCALO DO AMARANTE,Acesso irregular,Colisão transversal,Com Vítimas Feridas,Amanhecer,Crescente,Nublado,Simples,Reta;Interseção de Vias,Sim,3.0,0.0,1.0,0.0,1.0,1.0,0.0,5.0,"-3,6723018","-39,1179495",SPRF-CE,DEL01/CE,UOP03-DEL01-CE
755138,27/02/2026,sexta-feira,22:10:00,PE,232.0,62,POMBOS,Reação tardia ou ineficiente do condutor,Colisão traseira,Com Vítimas Feridas,Plena Noite,Decrescente,Céu Claro,Dupla,Declive;Reta,Não,4.0,0.0,1.0,0.0,1.0,3.0,0.0,3.0,"-8,15758544","-35,42870879",SPRF-PE,DEL02/PE,UOP02-DEL02PE
755139,27/02/2026,sexta-feira,23:20:00,SP,116.0,"228,5",SAO PAULO,Reação tardia ou ineficiente do condutor,Colisão traseira,Com Vítimas Feridas,Amanhecer,Decrescente,Nublado,Múltipla,Aclive,Sim,2.0,0.0,0.0,1.0,1.0,0.0,0.0,2.0,"-23,50928993","-46,57248442",SPRF-SP,DEL01/SP,UOP01-DEL01-SP
755140,27/02/2026,sexta-feira,18:50:00,BA,407.0,"200,4",CALDEIRAO GRANDE,Entrada inopinada do pedestre,Atropelamento de Pedestre,Com Vítimas Fatais,Plena Noite,Decrescente,Nublado,Simples,Reta;Aclive,Sim,4.0,1.0,0.0,1.0,1.0,2.0,0.0,3.0,"-11,10702","-40,07002",SPRF-BA,DEL04/BA,UOP02-DEL04-BA
755151,27/02/2026,sexta-feira,23:55:00,MG,381.0,"398,9",BOM JESUS DO AMPARO,Velocidade Incompatível,Colisão traseira,Com Vítimas Feridas,Plena Noite,Crescente,Nublado,Dupla,Curva,Não,4.0,0.0,2.0,0.0,2.0,1.0,0.0,3.0,"-19,748221","-43,522096",SPRF-MG,DEL01/MG,UOP01-DEL01-MG
755152,27/02/2026,sexta-feira,22:50:00,GO,20.0,76,FORMOSA,Acumulo de água sobre o pavimento,Colisão frontal,Com Vítimas Feridas,Plena Noite,Crescente,Chuva,Dupla,Reta,Não,3.0,0.0,0.0,2.0,2.0,1.0,0.0,2.0,"-15,13211878","-47,12791443",SPRF-DF,DEL02-DF,UOP02-DEL02-DF
755154,27/02/2026,sexta-feira,23:00:00,MT,163.0,1032,PEIXOTO DE AZEVEDO,Ingestão de álcool pelo condutor,Colisão lateral sentido oposto,Com Vítimas Feridas,Plena Noite,Decrescente,Céu Claro,Simples,Reta,Não,4.0,0.0,1.0,0.0,1.0,3.0,0.0,2.0,"-10,2254","-54,9739",SPRF-MT,DEL06/MT,UOP03-DEL06-MT
755159,27/02/2026,sexta-feira,23:45:00,MG,40.0,225,JOAO PINHEIRO,Transtornos Mentais (exceto suicidio),Saída de leito carroçável,Com Vítimas Feridas,Plena Noite,Decrescente,Garoa/Chuvisco,Simples,Reta,Sim,3.0,0.0,1.0,0.0,1.0,1.0,0.0,3.0,"-17,98792194","-45,60704324",SPRF-MG,DEL14/MG,UOP02-DEL14-MG
755163,28/02/2026,sábado,01:28:00,RS,290.0,90,PORTO ALEGRE,Ausência de reação do condutor,Colisão traseira,Com Vítimas Feridas,Plena Noite,Crescente,Céu Claro,Dupla,Reta,Não,2.0,0.0,0.0,1.0,1.0,1.0,0.0,2.0,"-29,96837517","-51,16230011",SPRF-RS,DEL01/RS,UOP01-DEL01-RS
755165,27/02/2026,sexta-feira,21:40:00,PE,232.0,"58,3",POMBOS,Ausência de reação do condutor,Colisão traseira,Com Vítimas Fatais,Plena Noite,Decrescente,Céu Claro,Dupla,Reta,Sim,2.0,1.0,0.0,0.0,0.0,0.0,0.0,2.0,"-8,14575959","-35,3924346",SPRF-PE,DEL02/PE,UOP02-DEL02PE
755166,28/02/2026,sábado,01:55:00,MT,364.0,319,CAMPO VERDE,Condutor Dormindo,Saída de leito carroçável,Com Vítimas Feridas,Plena Noite,Crescente,Nublado,Dupla,Reta,Não,1.0,0.0,0.0,1.0,1.0,0.0,0.0,1.0,"-15,818056","-55,334064",SPRF-MT,DEL05/MT,UOP02-DEL05-MT
755171,28/02/2026,sábado,03:04:00,RN,304.0,33,MOSSORO,Velocidade Incompatível,Colisão com objeto,Com Vítimas Feridas,Plena Noite,Decrescente,Nublado,Dupla,Reta,Sim,1.0,0.0,0.0,1.0,1.0,0.0,0.0,1.0,"-5,1451272","-37,3467727",SPRF-RN,DEL04-RN,UOP02-DEL04-RN
755173,28/02/2026,sábado,03:01:00,MS,163.0,205,CAARAPO,Ausência de reação do condutor,Colisão traseira,Com Vítimas Feridas,Plena Noite,Crescente,Céu Claro,Simples,Reta,Não,7.0,0.0,4.0,1.0,5.0,1.0,0.0,4.0,"-22,65693345","-54,80404281",SPRF-MS,DEL04/MS,UOP02-DEL04-MS
755175,28/02/2026,sábado,01:53:00,MT,163.0,896,CLAUDIA,Conversão proibida,Colisão lateral mesmo sentido,Com Vítimas Feridas,Plena Noite,Decrescente,Nublado,Simples,Reta,Não,2.0,0.0,1.0,0.0,1.0,1.0,0.0,2.0,"-11,346572","-55,333172",SPRF-MT,DEL06/MT,UOP02-DEL06-MT
755182,28/02/2026,sábado,05:25:00,MG,40.0,"519,8",CONTAGEM,Reação tardia ou ineficiente do condutor,Colisão traseira,Com Vítimas Feridas,Amanhecer,Crescente,Céu Claro,Dupla,Declive;Reta,Sim,6.0,0.0,2.0,0.0,2.0,3.0,0.0,9.0,"-19,8445313","-44,0739989",SPRF-MG,DEL01/MG,UOP02-DEL01-MG
755183,28/02/2026,sábado,00:05:00,SC,470.0,8,ITAPEMA,Transitar na contramão,Colisão frontal,Com Vítimas Feridas,Plena Noite,Decrescente,Nublado,Dupla,Reta,Não,2.0,0.0,0.0,1.0,1.0,1.0,0.0,2.0,"-27,06616504","-48,59578665",SPRF-SC,DEL04/SC,UOP04-DEL04-SC
755186,27/02/2026,sexta-feira,17:30:00,RS,468.0,"96,3",TRES PASSOS,Ausência de reação do condutor,Queda de ocupante de veículo,Com Vítimas Feridas,Anoitecer,Decrescente,Céu Claro,Simples,Reta,Não,3.0,0.0,1.0,1.0,2.0,0.0,0.0,2.0,"-27,49856257","-53,88608247",SPRF-RS,DEL08/RS,UOP02-DEL08-RS
755187,28/02/2026,sábado,05:30:00,DF,20.0,16,BRASILIA,Acessar a via sem observar a presença dos outros veículos,Colisão lateral mesmo sentido,Sem Vítimas,Amanhecer,Crescente,Chuva,Dupla,Em Obras;Reta,Sim,2.0,0.0,0.0,0.0,0.0,2.0,0.0,2.0,"-15,6241","-47,72238",SPRF-DF,DEL02-DF,UOP01-DEL02-DF
755188,28/02/2026,sábado,06:15:00,RS,290.0,60,GRAVATAI,Ausência de reação do condutor,Colisão traseira,Com Vítimas Feridas,Pleno dia,Decrescente,Céu Claro,Múltipla,Reta,Sim,2.0,0.0,1.0,0.0,1.0,1.0,0.0,2.0,"-29,93887035","-50,89073181",SPRF-RS,DEL03/RS,UOP01-DEL03-RS
755189,27/02/2026,sexta-feira,17:00:00,MG,381.0,"168,5",GOVERNADOR VALADARES,Acumulo de água sobre o pavimento,Saída de leito carroçável,Com Vítimas Feridas,Anoitecer,Crescente,Chuva,Simples,Reta,Não,1.0,0.0,1.0,0.0,1.0,0.0,0.0,1.0,"-18,975488","-42,097234",SPRF-MG,DEL06/MG,UOP01-DEL06-MG
755208,28/02/2026,sábado,06:00:00,MT,364.0,393,CUIABA,Ausência de reação do condutor,Colisão traseira,Com Vítimas Feridas,Pleno dia,Decrescente,Céu Claro,Dupla,Reta,Não,4.0,0.0,2.0,0.0,2.0,1.0,0.0,5.0,"-15,685745","-55,915387",SPRF-MT,DEL01/MT,UOP02-DEL01-MT
755209,28/02/2026,sábado,07:53:00,PE,101.0,"79,5",JABOATAO DOS GUARARAPES,Condutor deixou de manter distância do veículo da frente,Colisão traseira,Com Vítimas Feridas,Pleno dia,Crescente,Sol,Dupla,Reta,Sim,3.0,0.0,0.0,1.0,1.0,1.0,0.0,3.0,"-8,14850401","-34,94392332",SPRF-PE,DEL01/PE,UOP01-DEL01-PE
755210,28/02/2026,sábado,06:50:00,PR,376.0,242,APUCARANA,Velocidade Incompatível,Tombamento,Com Vítimas Feridas,Amanhecer,Decrescente,Céu Claro,Dupla,Curva,Não,2.0,0.0,1.0,0.0,1.0,0.0,0.0,2.0,"-23,581649","-51,434199",SPRF-PR,DEL07/PR,UOP03-DEL07-PR
755211,28/02/2026,sábado,05:40:00,RS,285.0,211,LAGOA VERMELHA,Reação tardia ou ineficiente do condutor,Saída de leito carroçável,Com Vítimas Fatais,Pleno dia,Crescente,Céu Claro,Simples,Curva,Não,1.0,1.0,0.0,0.0,0.0,0.0,0.0,1.0,"-28,23317195","-51,63595033",SPRF-RS,DEL08/RS,UOP05-DEL08-RS
755215,28/02/2026,sábado,05:00:00,CE,230.0,79,VARZEA ALEGRE,Ausência de reação do condutor,Colisão traseira,Com Vítimas Feridas,Amanhecer,Decrescente,Nublado,Dupla,Declive;Reta,Sim,4.0,0.0,2.0,0.0,2.0,1.0,0.0,2.0,"-6,79354336","-39,29342182",SPRF-CE,DEL05/CE,UOP01-DEL05-CE
755219,04/02/2026,quarta-feira,13:30:00,SC,280.0,27,ARAQUARI,Ultrapassagem Indevida,Colisão transversal,Com Vítimas Feridas,Pleno dia,Crescente,Céu Claro,Simples,Reta,Sim,2.0,0.0,1.0,0.0,1.0,1.0,0.0,2.0,"-26,39647021","-48,74019949",SPRF-SC,DEL03/SC,UOP03-DEL03-SC
755228,28/02/2026,sábado,07:18:00,RN,304.0,"247,2",SANTA MARIA,Ingestão de álcool pelo condutor,Saída de leito carroçável,Sem Vítimas,Pleno dia,Crescente,Céu Claro,Simples,Reta,Não,1.0,0.0,0.0,0.0,0.0,1.0,0.0,1.0,"-5,825942","-35,779208",SPRF-RN,DEL01-RN,UOP02-DEL01-RN
755233,28/02/2026,sábado,10:30:00,ES,101.0,210,VILA VALERIO,Ausência de reação do condutor,Colisão traseira,Com Vítimas Feridas,Pleno dia,Crescente,Sol,Simples,Reta,Não,7.0,0.0,2.0,0.0,2.0,4.0,0.0,8.0,-19,"-40,36982",SPRF-ES,DEL02-ES,UOP01-DEL02-ES
755236,28/02/2026,sábado,11:40:00,SP,153.0,63,SAO JOSE DO RIO PRETO,Reação tardia ou ineficiente do condutor,Colisão traseira,Com Vítimas Feridas,Pleno dia,Crescente,Céu Claro,Dupla,Aclive;Reta,Não,3.0,0.0,1.0,0.0,1.0,1.0,0.0,3.0,"-20,816687","-49,357218",SPRF-SP,DEL09/SP,UOP01-DEL09-SP
755238,28/02/2026,sábado,10:40:00,SC,101.0,4,GARUVA,Manobra de mudança de faixa,Saída de leito carroçável,Com Vítimas Feridas,Pleno dia,Decrescente,Céu Claro,Dupla,Curva,Não,3.0,0.0,2.0,0.0,2.0,1.0,0.0,2.0,"-26,01368628","-48,86202542",SPRF-SC,DEL03/SC,UOP01-DEL03-SC
755239,27/02/2026,sexta-feira,19:30:00,MA,330.0,39,BALSAS,Transitar na contramão,Colisão frontal,Com Vítimas Feridas,Plena Noite,Crescente,Nublado,Simples,Declive;Reta,Não,2.0,0.0,2.0,0.0,2.0,0.0,0.0,2.0,"-7,83605","-46,01993",SPRF-MA,DEL05-MA,UOP01-DEL05-MA
755240,28/02/2026,sábado,06:20:00,CE,226.0,36,PEREIRO,Ausência de sinalização,Saída de leito carroçável,Com Vítimas Feridas,Amanhecer,Crescente,Nublado,Simples,Declive;Curva,Não,2.0,0.0,1.0,0.0,1.0,0.0,0.0,2.0,"-6,036819","-38,50962",SPRF-CE,DEL05/CE,UOP02-DEL05-CE
755243,28/02/2026,sábado,11:50:00,SC,101.0,122,ITAJAI,Ausência de reação do condutor,Colisão traseira,Com Vítimas Feridas,Pleno dia,Decrescente,Sol,Dupla,Reta,Não,3.0,0.0,0.0,2.0,2.0,1.0,0.0,2.0,"-26,92374038","-48,70730773",SPRF-SC,DEL04/SC,UOP04-DEL04-SC
755255,28/02/2026,sábado,14:40:00,MG,381.0,2,BETIM,Reação tardia ou ineficiente do condutor,Saída de leito carroçável,Com Vítimas Feridas,Pleno dia,Crescente,Sol,Múltipla,Declive;Curva,Sim,2.0,0.0,0.0,1.0,1.0,0.0,0.0,2.0,"-19,98039","-44,16127",SPRF-MG,DEL01/MG,UOP03-DEL01-MG
755256,28/02/2026,sábado,13:33:00,SP,116.0,"426,6",JUQUIA,Reação tardia ou ineficiente do condutor,Tombamento,Com Vítimas Fatais,Pleno dia,Decrescente,Nublado,Dupla,Curva,Não,3.0,1.0,0.0,0.0,0.0,2.0,0.0,2.0,"-24,387865","-47,720699",SPRF-SP,DEL05/SP,UOP01-DEL05-SP
755265,28/02/2026,sábado,12:40:00,BA,116.0,765,POCOES,Transitar na contramão,Colisão frontal,Com Vítimas Feridas,Pleno dia,Crescente,Chuva,Simples,Declive,Não,3.0,0.0,0.0,1.0,1.0,1.0,0.0,4.0,"-14,5429697","-40,3952417",SPRF-BA,DEL08/BA,UOP02-DEL08-BA
755266,28/02/2026,sábado,12:00:00,MT,70.0,694,CACERES,Velocidade Incompatível,Capotamento,Com Vítimas Feridas,Pleno dia,Decrescente,Céu Claro,Simples,Curva,Não,3.0,0.0,1.0,1.0,2.0,0.0,0.0,2.0,"-16,25025","-57,46834",SPRF-MT,DEL03/MT,UOP01-DEL03-MT
755272,28/02/2026,sábado,11:15:00,MT,158.0,"627,7",AGUA BOA,Manobra de mudança de faixa,Tombamento,Sem Vítimas,Pleno dia,Crescente,Sol,Simples,Reta,Não,2.0,0.0,0.0,0.0,0.0,1.0,0.0,4.0,"-14,43734874","-52,25594759",SPRF-MT,DEL07/MT,UOP02-DEL07-MT