id,data_inversa,dia_semana,horario,uf,br,km,municipio,causa_acidente,tipo_acidente,classificacao_acidente,fase_dia,sentido_via,condicao_metereologica,tipo_pista,tracado_via,uso_solo,pessoas,mortos,feridos_leves,feridos_graves,feridos,ilesos,ignorados,veiculos,latitude,longitude,regional,delegacia,uop
755275,28/02/2026,sábado,15:20:00,PR,369.0,"24,9",CAMBARA,Condutor deixou de manter distância do veículo da frente,Colisão traseira,Com Vítimas Feridas,Pleno dia,Decrescente,Céu Claro,Simples,Reta,Não,4.0,0.0,2.0,0.0,2.0,2.0,0.0,2.0,"-23,0355141","-50,1546581",SPRF-PR,DEL07/PR,UOP05-DEL07-PR
755276,28/02/2026,sábado,16:16:00,MT,364.0,"297,2",JACIARA,Reação tardia ou ineficiente do condutor,Saída de leito carroçável,Com Vítimas Feridas,Pleno dia,Decrescente,Céu Claro,Dupla,Reta,Não,2.0,0.0,1.0,0.0,1.0,0.0,0.0,2.0,"-15,852138","-55,137776",SPRF-MT,DEL05/MT,UOP02-DEL05-MT
755282,28/02/2026,sábado,15:50:00,GO,452.0,115,BOM JESUS DE GOIAS,Ingestão de álcool pelo condutor,Engavetamento,Sem Vítimas,Pleno dia,Decrescente,Céu Claro,Simples,Reta,Não,3.0,0.0,0.0,0.0,0.0,3.0,0.0,3.0,"-18,172067","-49,908824",SPRF-GO,DEL03/GO,UOP02-DEL03-GO
755283,28/02/2026,sábado,17:00:00,SC,282.0,"214,4",LAGES,Ausência de reação do condutor,Colisão lateral mesmo sentido,Com Vítimas Feridas,Pleno dia,Crescente,Céu Claro,Simples,Curva,Sim,3.0,0.0,1.0,0.0,1.0,0.0,0.0,3.0,"-27,78998","-50,2735",SPRF-SC,DEL05/SC,UOP01-DEL05-SC
755284,28/02/2026,sábado,16:50:00,MT,364.0,203,RONDONOPOLIS,Ingestão de álcool pelo condutor,Tombamento,Com Vítimas Feridas,Pleno dia,Crescente,Céu Claro,Dupla,Curva;Declive;Viaduto,Sim,3.0,0.0,1.0,0.0,1.0,1.0,0.0,2.0,"-16,4727","-54,6543",SPRF-MT,DEL02/MT,UOP01-DEL02-MT
755287,28/02/2026,sábado,17:20:00,SC,101.0,297,IMBITUBA,Acessar a via sem observar a presença dos outros veículos,Atropelamento de Pedestre,Com Vítimas Feridas,Pleno dia,Decrescente,Céu Claro,Dupla,Reta,Não,2.0,0.0,1.0,0.0,1.0,1.0,0.0,2.0,"-28,332013","-48,732404",SPRF-SC,DEL02/SC,UOP03-DEL02-SC
755303,28/02/2026,sábado,16:00:00,GO,158.0,197,CAIAPONIA,Condutor usando celular,Colisão traseira,Com Vítimas Feridas,Pleno dia,Decrescente,Céu Claro,Simples,Reta,Não,3.0,0.0,2.0,0.0,2.0,0.0,0.0,3.0,"-17,29394","-51,89127",SPRF-GO,DEL05/GO,UOP01-DEL05-GO
755305,28/02/2026,sábado,16:50:00,SC,280.0,4,SAO FRANCISCO DO SUL,Velocidade Incompatível,Tombamento,Com Vítimas Feridas,Pleno dia,Crescente,Céu Claro,Simples,Rotatória,Sim,2.0,0.0,1.0,0.0,1.0,0.0,0.0,2.0,"-26,25195492","-48,61810533",SPRF-SC,DEL03/SC,UOP03-DEL03-SC
755310,28/02/2026,sábado,20:05:00,RS,386.0,434,NOVA SANTA RITA,Carga excessiva e/ou mal acondicionada,Colisão com objeto,Com Vítimas Feridas,Plena Noite,Decrescente,Céu Claro,Simples,Reta,Não,3.0,0.0,1.0,0.0,1.0,0.0,0.0,3.0,"-29,844465","-51,282406",SPRF-RS,DEL04/RS,UOP02-DEL04-RS
755318,28/02/2026,sábado,20:00:00,SC,101.0,100,BALNEARIO PICARRAS,Condutor Dormindo,Saída de leito carroçável,Com Vítimas Feridas,Plena Noite,Crescente,Céu Claro,Dupla,Reta,Sim,1.0,0.0,1.0,0.0,1.0,0.0,0.0,1.0,"-26,75680874","-48,68900013",SPRF-SC,DEL03/SC,UOP02-DEL03-SC
755326,28/02/2026,sábado,20:00:00,MT,364.0,55,ALTO GARCAS,Acostamento em desnível,Tombamento,Com Vítimas Feridas,Plena Noite,Crescente,Céu Claro,Simples,Declive,Não,2.0,0.0,1.0,0.0,1.0,0.0,0.0,2.0,"-16,96820794","-53,5174942",SPRF-MT,DEL02/MT,UOP02-DEL02-MT
755329,28/02/2026,sábado,21:50:00,MG,50.0,70,UBERLANDIA,Ausência de reação do condutor,Colisão traseira,Sem Vítimas,Plena Noite,Decrescente,Céu Claro,Dupla,Reta,Sim,2.0,0.0,0.0,0.0,0.0,2.0,0.0,2.0,"-18,89156278","-48,2546982",SPRF-MG,DEL15/MG,UOP01-DEL15-MG
755333,28/02/2026,sábado,21:20:00,SC,282.0,"37,4",AGUAS MORNAS,Reação tardia ou ineficiente do condutor,Colisão frontal,Com Vítimas Feridas,Plena Noite,Decrescente,Céu Claro,Simples,Reta,Não,3.0,0.0,1.0,1.0,2.0,1.0,0.0,2.0,"-27,70922924","-48,85218239",SPRF-SC,DEL01/SC,UOP03-DEL01-SC
755344,28/02/2026,sábado,22:40:00,RJ,393.0,244,VASSOURAS,Ultrapassagem Indevida,Colisão frontal,Com Vítimas Feridas,Plena Noite,Crescente,Céu Claro,Simples,Aclive;Curva,Não,6.0,0.0,3.0,0.0,3.0,3.0,0.0,2.0,"-22,4300073","-43,74437857",SPRF-RJ,DEL05/RJ,UOP04-DEL05-RJ
755354,28/02/2026,sábado,22:40:00,MA,10.0,"378,5",ITINGA DO MARANHAO,Suicídio (presumido),Atropelamento de Pedestre,Com Vítimas Fatais,Plena Noite,Crescente,Chuva,Simples,Declive;Reta,Não,2.0,1.0,0.0,0.0,0.0,1.0,0.0,2.0,"-4,44427","-47,53078",SPRF-MA,DEL04-MA,UOP03-DEL04-MA
755363,01/03/2026,domingo,00:32:00,PE,423.0,"108,7",CAETES,Manobra de mudança de faixa,Colisão lateral mesmo sentido,Sem Vítimas,Plena Noite,Crescente,Céu Claro,Simples,Reta,Não,3.0,0.0,0.0,0.0,0.0,1.0,0.0,3.0,"-8,887887","-36,596511",SPRF-PE,DEL03/PE,UOP01-DEL03-PE
755365,01/03/2026,domingo,02:00:00,TO,153.0,636,ALIANCA DO TOCANTINS,Ingestão de substâncias psicoativas pelo condutor,Saída de leito carroçável,Com Vítimas Feridas,Plena Noite,Crescente,Chuva,Simples,Reta,Não,1.0,0.0,0.0,1.0,1.0,0.0,0.0,1.0,"-11,3975607","-48,9749346",SPRF-TO,DEL01-TO,UOP02-DEL01-TO
755366,01/03/2026,domingo,01:45:00,MG,365.0,"281,7",SAO GONCALO DO ABAETE,Demais falhas mecânicas ou elétricas,Incêndio,Sem Vítimas,Plena Noite,Decrescente,Céu Claro,Simples,Reta,Não,2.0,0.0,0.0,0.0,0.0,1.0,0.0,2.0,"-18,01777","-45,634283",SPRF-MG,DEL10/MG,UOP02-DEL010-MG
755368,01/03/2026,domingo,02:05:00,PB,230.0,"48,5",SANTA RITA,Pedestre andava na pista,Atropelamento de Pedestre,Com Vítimas Fatais,Plena Noite,Decrescente,Céu Claro,Dupla,Em Obras;Reta,Não,2.0,1.0,0.0,0.0,0.0,0.0,0.0,2.0,"-7,17624","-35,042475",SPRF-PB,DEL01-PB,UOP02-DEL01-PB
755385,01/03/2026,domingo,04:15:00,BA,101.0,818,ITAMARAJU,Ultrapassagem Indevida,Colisão frontal,Com Vítimas Feridas,Plena Noite,Decrescente,Chuva,Simples,Declive;Curva,Não,5.0,0.0,2.0,1.0,3.0,2.0,0.0,2.0,"-17,095393","-39,565413",SPRF-BA,DEL09/BA,UOP01-DEL09-BA
755393,28/02/2026,sábado,16:34:00,MT,70.0,514,VARZEA GRANDE,Acessar a via sem observar a presença dos outros veículos,Colisão transversal,Com Vítimas Feridas,Pleno dia,Decrescente,Céu Claro,Simples,Reta,Sim,4.0,0.0,1.0,1.0,2.0,1.0,0.0,3.0,"-15,70608744","-56,13212397",SPRF-MT,DEL01/MT,UOP02-DEL01-MT
755401,28/02/2026,sábado,19:00:00,GO,158.0,198,CAIAPONIA,Reação tardia ou ineficiente do condutor,Atropelamento de Pedestre,Com Vítimas Fatais,Plena Noite,Decrescente,Céu Claro,Simples,Reta,Não,2.0,1.0,0.0,0.0,0.0,0.0,0.0,2.0,"-17,29394","-51,89127",SPRF-GO,DEL05/GO,UOP01-DEL05-GO
755411,01/03/2026,domingo,03:00:00,MT,163.0,749,SORRISO,Ingestão de álcool pelo condutor,Saída de leito carroçável,Sem Vítimas,Plena Noite,Crescente,Céu Claro,Dupla,Reta,Não,3.0,0.0,0.0,0.0,0.0,1.0,0.0,4.0,"-12,57337","-55,727597",SPRF-MT,DEL06/MT,UOP01-DEL06-MT
755414,20/01/2026,terça-feira,11:28:00,PE,101.0,51,ABREU E LIMA,Reação tardia ou ineficiente do condutor,Colisão traseira,Com Vítimas Feridas,Pleno dia,Decrescente,Céu Claro,Múltipla,Reta,Não,5.0,0.0,0.0,2.0,2.0,2.0,0.0,4.0,"-7,90606147","-34,90141869",SPRF-PE,DEL01/PE,UOP02-DEL01-PE
755422,01/03/2026,domingo,07:45:00,SC,280.0,"194,5",MAFRA,Demais falhas mecânicas ou elétricas,Incêndio,Sem Vítimas,Pleno dia,Crescente,Céu Claro,Simples,Declive;Curva,Não,2.0,0.0,0.0,0.0,0.0,1.0,0.0,2.0,"-26,18059","-50,02103",SPRF-SC,DEL06/SC,UOP01-DEL06-SC
755428,01/03/2026,domingo,11:56:00,PE,232.0,"75,6",GRAVATA,Ultrapassagem Indevida,Colisão lateral mesmo sentido,Sem Vítimas,Pleno dia,Crescente,Céu Claro,Dupla,Reta,Sim,3.0,0.0,0.0,0.0,0.0,1.0,0.0,3.0,"-8,19532","-35,5345",SPRF-PE,DEL02/PE,UOP02-DEL02PE
755437,01/03/2026,domingo,11:01:00,PA,163.0,428,ITAITUBA,Pista esburacada,Colisão transversal,Com Vítimas Fatais,Pleno dia,Crescente,Céu Claro,Simples,Reta,Não,4.0,1.0,0.0,0.0,0.0,2.0,0.0,5.0,"-6,09001","-55,651028",SPRF-PA,DEL05/PA,UOP03-DEL05-PA
755440,01/03/2026,domingo,13:30:00,SC,101.0,143,ITAPEMA,Suicídio (presumido),Atropelamento de Pedestre,Com Vítimas Fatais,Pleno dia,Decrescente,Céu Claro,Dupla,Reta,Sim,3.0,1.0,0.0,0.0,0.0,1.0,0.0,3.0,"-27,06585623","-48,59571425",SPRF-SC,DEL04/SC,UOP03-DEL04-SC
755441,01/03/2026,domingo,13:50:00,ES,101.0,14,PEDRO CANARIO,Velocidade Incompatível,Tombamento,Com Vítimas Feridas,Pleno dia,Crescente,Sol,Simples,Curva,Não,2.0,0.0,0.0,1.0,1.0,0.0,0.0,2.0,"-18,2234319","-39,94345665",SPRF-ES,DEL04-ES,UOP02-DEL04-ES
755444,01/03/2026,domingo,13:50:00,PR,376.0,"212,7",MANDAGUARI,Ingestão de álcool pelo condutor,Tombamento,Com Vítimas Feridas,Pleno dia,Crescente,Céu Claro,Dupla,Reta;Aclive,Não,1.0,0.0,1.0,0.0,1.0,0.0,0.0,1.0,"-23,56456398","-51,65700901",SPRF-PR,DEL09/PR,UOP01-DEL09-PR
755447,15/02/2026,domingo,19:57:00,MS,158.0,348,BRASILANDIA,Reação tardia ou ineficiente do condutor,Colisão com objeto,Com Vítimas Feridas,Plena Noite,Crescente,Céu Claro,Simples,Reta,Não,4.0,0.0,1.0,0.0,1.0,2.0,0.0,4.0,"-21,258268","-51,951277",SPRF-MS,DEL07/MS,UOP01-DEL07-MS
755450,01/03/2026,domingo,08:30:00,MG,365.0,538,ROMARIA,Demais falhas mecânicas ou elétricas,Saída de leito carroçável,Com Vítimas Feridas,Pleno dia,Decrescente,Céu Claro,Simples,Reta,Não,1.0,0.0,0.0,1.0,1.0,0.0,0.0,1.0,"-18,93109","-47,555489",SPRF-MG,DEL10/MG,UOP01-DEL10-MG
755452,01/03/2026,domingo,15:00:00,MG,116.0,240,TEOFILO OTONI,Reação tardia ou ineficiente do condutor,Colisão traseira,Sem Vítimas,Pleno dia,Crescente,Céu Claro,Simples,Aclive;Curva,Não,6.0,0.0,0.0,0.0,0.0,4.0,0.0,3.0,"-17,569384","-41,468079",SPRF-MG,DEL11/MG,UOP01-DEL11-MG
755462,04/02/2026,quarta-feira,16:00:00,PB,412.0,"123,1",SUME,Transitar na contramão,Colisão transversal,Com Vítimas Feridas,Pleno dia,Crescente,Céu Claro,Simples,Reta,Não,6.0,0.0,3.0,0.0,3.0,2.0,0.0,3.0,"-7,75489","-36,982215",SPRF-PB,DEL02-PB,UOP02-DEL02-PB
755466,01/03/2026,domingo,15:50:00,SP,116.0,538,BARRA DO TURVO,Ausência de reação do condutor,Colisão com objeto,Com Vítimas Feridas,Pleno dia,Crescente,Garoa/Chuvisco,Dupla,Curva,Não,2.0,0.0,1.0,0.0,1.0,1.0,0.0,2.0,"-24,97185391","-48,37053108",SPRF-SP,DEL05/SP,UOP02-DEL05-SP
755469,01/03/2026,domingo,16:30:00,SP,116.0,"361,8",MIRACATU,Velocidade Incompatível,Tombamento,Com Vítimas Feridas,Pleno dia,Decrescente,Céu Claro,Dupla,Curva,Não,2.0,0.0,1.0,0.0,1.0,0.0,0.0,2.0,"-24,1129957","-47,2689731",SPRF-SP,DEL04/SP,UOP03-DEL04-SP
755477,01/03/2026,domingo,16:30:00,MG,365.0,"189,5",BURITIZEIRO,Reação tardia ou ineficiente do condutor,Colisão lateral mesmo sentido,Com Vítimas Feridas,Pleno dia,Crescente,Céu Claro,Simples,Reta;Declive,Não,2.0,0.0,1.0,0.0,1.0,1.0,0.0,2.0,"-17,429267","-45,150208",SPRF-MG,DEL10/MG,UOP02-DEL010-MG
755480,01/03/2026,domingo,17:39:00,MA,135.0,"254,5",CAPINZAL DO NORTE,Mal súbito do condutor,Colisão frontal,Com Vítimas Feridas,Pleno dia,Decrescente,Nublado,Simples,Curva,Não,2.0,0.0,1.0,0.0,1.0,1.0,0.0,2.0,"-4,610954","-44,34254",SPRF-MA,DEL03-MA,UOP01-DEL03-MA
755484,01/03/2026,domingo,15:00:00,MS,376.0,"105,1",IVINHEMA,Problema com o freio,Incêndio,Com Vítimas Feridas,Pleno dia,Crescente,Céu Claro,Simples,Reta,Não,2.0,0.0,1.0,0.0,1.0,0.0,0.0,3.0,"-22,30323203","-54,00692225",SPRF-MS,DEL04/MS,UOP04-DEL04-MS
755486,01/03/2026,domingo,18:10:00,BA,242.0,472,IBITIARA,Transitar na contramão,Colisão lateral sentido oposto,Com Vítimas Feridas,Plena Noite,Decrescente,Chuva,Simples,Curva,Não,3.0,0.0,1.0,0.0,1.0,1.0,0.0,3.0,"-12,46741924","-42,29564667",SPRF-BA,DEL06/BA,UOP01-DEL06-BA
755489,01/03/2026,domingo,14:50:00,MG,116.0,"579,1",MANHUACU,Ausência de reação do condutor,Colisão lateral sentido oposto,Com Vítimas Feridas,Pleno dia,Decrescente,Céu Claro,Simples,Curva,Não,4.0,0.0,2.0,0.0,2.0,1.0,0.0,3.0,"-20,18713906","-42,18515682",SPRF-MG,DEL06/MG,UOP03-DEL06-MG
755490,01/03/2026,domingo,17:45:00,GO,414.0,324,COCALZINHO DE GOIAS,Ultrapassagem Indevida,Colisão traseira,Sem Vítimas,Anoitecer,Decrescente,Céu Claro,Simples,Reta,Não,3.0,0.0,0.0,0.0,0.0,3.0,0.0,2.0,"-15,406605","-48,629514",SPRF-GO,DEL02/GO,UOP01-DEL02-GO
755494,01/03/2026,domingo,17:45:00,MS,267.0,"12,9",BATAGUASSU,Demais falhas mecânicas ou elétricas,Colisão traseira,Com Vítimas Feridas,Anoitecer,Crescente,Sol,Dupla,Reta,Sim,3.0,0.0,1.0,0.0,1.0,1.0,0.0,4.0,"-21,72524","-52,262702",SPRF-MS,DEL02/MS,UOP04-DEL02-MS
755509,01/03/2026,domingo,18:25:00,MG,381.0,"533,5",ITATIAIUCU,Velocidade Incompatível,Tombamento,Com Vítimas Feridas,Pleno dia,Crescente,Nublado,Dupla,Declive;Curva,Não,2.0,0.0,0.0,1.0,1.0,0.0,0.0,2.0,"-20,174023","-44,375762",SPRF-MG,DEL04/MG,UOP03-DEL04-MG
755512,01/03/2026,domingo,19:55:00,SP,116.0,500,CAJATI,Problema com o freio,Tombamento,Com Vítimas Feridas,Plena Noite,Decrescente,Garoa/Chuvisco,Simples,Curva,Não,2.0,0.0,1.0,0.0,1.0,0.0,0.0,2.0,"-24,78654856","-48,17648347",SPRF-SP,DEL05/SP,UOP02-DEL05-SP
755514,01/03/2026,domingo,16:30:00,PR,153.0,494,GENERAL CARNEIRO,Reação tardia ou ineficiente do condutor,Saída de leito carroçável,Com Vítimas Feridas,Pleno dia,Decrescente,Céu Claro,Simples,Curva,Não,2.0,0.0,1.0,0.0,1.0,0.0,0.0,2.0,"-26,43641335","-51,32082369",SPRF-PR,DEL02/PR,UOP03-DEL02-PR
755516,01/03/2026,domingo,20:00:00,RJ,116.0,187,NOVA IGUACU,Pedestre cruzava a pista fora da faixa,Atropelamento de Pedestre,Com Vítimas Feridas,Plena Noite,Crescente,Garoa/Chuvisco,Dupla,Reta,Não,2.0,0.0,0.0,1.0,1.0,0.0,0.0,2.0,"-22,74071768","-43,525295",SPRF-RJ,DEL06/RJ,UOP01-DEL06-RJ
755519,01/03/2026,domingo,19:50:00,PR,376.0,"497,9",TIBAGI,Demais falhas mecânicas ou elétricas,Colisão com objeto,Com Vítimas Feridas,Plena Noite,Crescente,Céu Claro,Dupla,Ponte,Não,1.0,0.0,1.0,0.0,1.0,0.0,0.0,1.0,"-24,57272327","-50,68520872",SPRF-PR,DEL03/PR,UOP03-DEL03-PR
755530,01/03/2026,domingo,11:20:00,MG,251.0,"367,8",GRAO MOGOL,Ultrapassagem Indevida,Colisão lateral sentido oposto,Com Vítimas Fatais,Pleno dia,Decrescente,Nublado,Simples,Reta,Não,31.0,1.0,2.0,0.0,2.0,27.0,0.0,3.0,"-16,26724931","-42,64626503",SPRF-MG,DEL12/MG,UOP01-DEL12-MG
755537,01/03/2026,domingo,21:40:00,MG,381.0,"536,8",ITATIAIUCU,Velocidade Incompatível,Colisão traseira,Sem Vítimas,Plena Noite,Decrescente,Céu Claro,Dupla,Curva,Não,3.0,0.0,0.0,0.0,0.0,2.0,0.0,3.0,"-20,208002","-44,38959",SPRF-MG,DEL04/MG,UOP03-DEL04-MG
755547,01/03/2026,domingo,22:30:00,ES,262.0,"32,9",DOMINGOS MARTINS,Problema com o freio,Incêndio,Sem Vítimas,Plena Noite,Decrescente,Nublado,Simples,Reta,Não,2.0,0.0,0.0,0.0,0.0,1.0,0.0,2.0,"-20,375466","-40,5847357",SPRF-ES,DEL01-ES,UOP01-DEL01-ES
755549,01/03/2026,domingo,22:19:00,CE,222.0,"304,7",TIANGUA,Curva acentuada,Colisão lateral sentido oposto,Com Vítimas Feridas,Plena Noite,Crescente,Chuva,Simples,Curva,Não,6.0,0.0,1.0,0.0,1.0,4.0,0.0,4.0,"-3,67111679","-40,96078366",SPRF-CE,DEL04/CE,UOP02-DEL04-CE
755564,02/03/2026,segunda-feira,00:20:00,SC,470.0,"195,8",PONTE ALTA,Ingestão de álcool pelo condutor,Colisão lateral sentido oposto,Com Vítimas Feridas,Plena Noite,Decrescente,Céu Claro,Simples,Reta,Não,3.0,0.0,1.0,0.0,1.0,1.0,0.0,3.0,"-27,30458469","-50,0959336",SPRF-SC,DEL05/SC,UOP03-DEL05-SC
755566,02/03/2026,segunda-feira,01:50:00,MG,40.0,687,RESSAQUINHA,Condutor Dormindo,Saída de leito carroçável,Com Vítimas Feridas,Plena Noite,Crescente,Nublado,Simples,Reta;Aclive,Não,1.0,0.0,0.0,1.0,1.0,0.0,0.0,1.0,"-21,09643218","-43,76875877",SPRF-MG,DEL05/MG,UOP02-DEL05-MG
755572,02/03/2026,segunda-feira,03:30:00,MG,381.0,532,RIO MANSO,Velocidade Incompatível,Saída de leito carroçável,Com Vítimas Feridas,Plena Noite,Decrescente,Nublado,Dupla,Curva,Não,2.0,0.0,1.0,0.0,1.0,0.0,0.0,2.0,"-20,162215","-44,347919",SPRF-MG,DEL04/MG,UOP03-DEL04-MG
755573,02/03/2026,segunda-feira,02:40:00,SC,116.0,"264,3",CAPAO ALTO,Ausência de reação do condutor,Colisão frontal,Com Vítimas Fatais,Plena Noite,Crescente,Nublado,Simples,Reta,Não,3.0,1.0,0.0,0.0,0.0,1.0,0.0,3.0,"-27,9330159","-50,4640678",SPRF-SC,DEL05/SC,UOP02-DEL05-SC
755581,02/03/2026,segunda-feira,05:59:00,PE,101.0,46,IGARASSU,Manobra de mudança de faixa,Colisão traseira,Com Vítimas Feridas,Pleno dia,Decrescente,Céu Claro,Dupla,Reta,Sim,2.0,0.0,1.0,0.0,1.0,1.0,0.0,2.0,"-7,8716133","-34,9065246",SPRF-PE,DEL01/PE,UOP02-DEL01-PE
755584,02/03/2026,segunda-feira,05:00:00,PE,101.0,"194,6",AGUA PRETA,Condutor Dormindo,Saída de leito carroçável,Com Vítimas Feridas,Amanhecer,Decrescente,Céu Claro,Dupla,Curva,Sim,2.0,0.0,1.0,0.0,1.0,0.0,0.0,2.0,"-8,761272","-35,603922",SPRF-PE,DEL01/PE,UOP03-DEL01-PE
755586,02/03/2026,segunda-feira,06:45:00,RS,290.0,80,GRAVATAI,Condutor deixou de manter distância do veículo da frente,Colisão traseira,Com Vítimas Feridas,Pleno dia,Crescente,Céu Claro,Dupla,Reta,Sim,3.0,0.0,2.0,0.0,2.0,1.0,0.0,2.0,"-29,9539813","-51,06420485",SPRF-RS,DEL01/RS,UOP01-DEL01-RS
755591,02/03/2026,segunda-feira,07:01:00,ES,101.0,145,LINHARES,Reação tardia ou ineficiente do condutor,Colisão traseira,Com Vítimas Feridas,Pleno dia,Crescente,Céu Claro,Múltipla,Reta,Sim,2.0,0.0,1.0,0.0,1.0,1.0,0.0,2.0,"-19,37089592","-40,06554577",SPRF-ES,DEL04-ES,UOP01-DEL04-ES
755598,02/03/2026,segunda-feira,06:53:00,RJ,40.0,78,PETROPOLIS,Condutor Dormindo,Tombamento,Com Vítimas Feridas,Pleno dia,Crescente,Sol,Simples,Curva,Não,2.0,0.0,1.0,0.0,1.0,0.0,0.0,2.0,"-22,4852866","-43,2300516",SPRF-RJ,DEL01/RJ,UOP01-DEL01-RJ
755608,02/03/2026,segunda-feira,07:10:00,MG,116.0,"489,3",INHAPIM,Velocidade Incompatível,Colisão lateral sentido oposto,Com Vítimas Feridas,Pleno dia,Decrescente,Chuva,Simples,Curva,Não,3.0,0.0,1.0,1.0,2.0,1.0,0.0,2.0,"-19,472926","-42,134197",SPRF-MG,DEL06/MG,UOP02-DEL06-MG
755614,02/03/2026,segunda-feira,08:50:00,RN,101.0,99,NATAL,Ausência de reação do condutor,Colisão traseira,Com Vítimas Fatais,Pleno dia,Decrescente,Sol,Dupla,Aclive,Não,3.0,1.0,0.0,0.0,0.0,1.0,0.0,3.0,"-5,87420087","-35,22113498",SPRF-RN,DEL01-RN,UOP01-DEL01-RN
755618,02/03/2026,segunda-feira,08:40:00,ES,262.0,"67,1",MARECHAL FLORIANO,Condutor Dormindo,Colisão lateral sentido oposto,Com Vítimas Feridas,Pleno dia,Decrescente,Céu Claro,Simples,Curva,Não,2.0,0.0,1.0,0.0,1.0,1.0,0.0,2.0,"-20,41419964","-40,84156011",SPRF-ES,DEL01-ES,UOP02-DEL01-ES
755619,02/03/2026,segunda-feira,08:30:00,BA,242.0,578,OLIVEIRA DOS BREJINHOS,Chuva,Tombamento,Sem Vítimas,Pleno dia,Crescente,Chuva,Simples,Reta,Não,2.0,0.0,0.0,0.0,0.0,1.0,0.0,2.0,"-12,04427314","-43,07790756",SPRF-BA,DEL06/BA,UOP03-DEL06-BA
755629,07/02/2026,sábado,14:30:00,PR,153.0,461,PORTO VITORIA,Chuva,Colisão frontal,Com Vítimas Feridas,Pleno dia,Crescente,Chuva,Simples,Curva,Não,3.0,0.0,0.0,1.0,1.0,1.0,0.0,3.0,"-26,28679708","-51,19826317",SPRF-PR,DEL02/PR,UOP03-DEL02-PR
755634,02/03/2026,segunda-feira,08:30:00,RJ,101.0,542,PARATY,Curva acentuada,Tombamento,Com Vítimas Feridas,Pleno dia,Decrescente,Céu Claro,Simples,Declive;Curva,Não,2.0,0.0,1.0,0.0,1.0,0.0,0.0,2.0,"-23,04227642","-44,59836629",SPRF-RJ,DEL03/RJ,UOP04-DEL03-RJ
755639,02/03/2026,segunda-feira,11:35:00,SC,101.0,"189,3",BIGUACU,Reação tardia ou ineficiente do condutor,Queda de ocupante de veículo,Com Vítimas Feridas,Pleno dia,Crescente,Céu Claro,Dupla,Reta,Não,3.0,0.0,2.0,0.0,2.0,1.0,0.0,2.0,"-27,46243","-48,64115",SPRF-SC,DEL01/SC,UOP01-DEL01-SC
755642,02/03/2026,segunda-feira,10:35:00,SP,153.0,"260,5",MARILIA,Reação tardia ou ineficiente do condutor,Colisão traseira,Com Vítimas Feridas,Pleno dia,Decrescente,Sol,Simples,Aclive,Não,7.0,0.0,3.0,0.0,3.0,3.0,0.0,6.0,"-22,274786","-49,921221",SPRF-SP,DEL07/SP,UOP02-DEL07-SP
755643,02/03/2026,segunda-feira,09:30:00,AC,364.0,136,RIO BRANCO,Condutor deixou de manter distância do veículo da frente,Colisão lateral mesmo sentido,Com Vítimas Feridas,Pleno dia,Crescente,Céu Claro,Dupla,Rotatória,Não,2.0,0.0,1.0,0.0,1.0,1.0,0.0,2.0,"-9,97748361","-67,84889102",SPRF-AC,DEL01-AC,UOP01-DEL01-AC
755645,02/03/2026,segunda-feira,11:30:00,PR,376.0,"376,2",IMBAU,Mal súbito do condutor,Saída de leito carroçável,Com Vítimas Feridas,Pleno dia,Decrescente,Sol,Simples,Reta;Declive,Não,7.0,0.0,1.0,1.0,2.0,4.0,0.0,3.0,"-24,411532","-50,783941",SPRF-PR,DEL07/PR,UOP02-DEL07-PR
755646,02/03/2026,segunda-feira,11:15:00,TO,153.0,225,PALMEIRANTE,Avarias e/ou desgaste excessivo no pneu,Colisão transversal,Com Vítimas Fatais,Pleno dia,Decrescente,Nublado,Simples,Reta,Não,7.0,1.0,0.0,3.0,3.0,2.0,0.0,5.0,"-7,867025","-48,457693",SPRF-TO,DEL02-TO,UOP01-DEL02-TO
755652,02/03/2026,segunda-feira,10:30:00,RJ,40.0,113,DUQUE DE CAXIAS,Manobra de mudança de faixa,Colisão lateral mesmo sentido,Sem Vítimas,Pleno dia,Crescente,Céu Claro,Dupla,Reta,Sim,3.0,0.0,0.0,0.0,0.0,3.0,0.0,3.0,"-22,7116579","-43,2903313",SPRF-RJ,DEL01/RJ,UOP02-DEL01-RJ
755656,02/03/2026,segunda-feira,09:00:00,BA,116.0,632,JAGUAQUARA,Acessar a via sem observar a presença dos outros veículos,Colisão transversal,Com Vítimas Feridas,Pleno dia,Decrescente,Chuva,Simples,Reta,Sim,3.0,0.0,1.0,0.0,1.0,1.0,0.0,2.0,"-13,50901709","-40,05455224",SPRF-BA,DEL03/BA,UOP01-DEL03-BA
755659,02/03/2026,segunda-feira,13:00:00,DF,20.0,45,BRASILIA,Ausência de reação do condutor,Colisão traseira,Com Vítimas Feridas,Pleno dia,Decrescente,Céu Claro,Dupla,Reta,Não,2.0,0.0,1.0,0.0,1.0,1.0,0.0,2.0,"-15,58261939","-47,51994101",SPRF-DF,DEL02-DF,UOP01-DEL02-DF
755661,02/03/2026,segunda-feira,10:00:00,GO,452.0,"131,2",BOM JESUS DE GOIAS,Animais na Pista,Colisão traseira,Com Vítimas Feridas,Pleno dia,Decrescente,Céu Claro,Simples,Declive,Não,3.0,0.0,0.0,1.0,1.0,1.0,0.0,5.0,"-18,20401","-49,768161",SPRF-GO,DEL03/GO,UOP02-DEL03-GO
755665,02/03/2026,segunda-feira,10:36:00,SC,101.0,"168,3",TIJUCAS,Manobra de mudança de faixa,Colisão transversal,Com Vítimas Feridas,Pleno dia,Crescente,Céu Claro,Dupla,Reta,Não,3.0,0.0,0.0,2.0,2.0,0.0,0.0,3.0,"-27,281987","-48,631246",SPRF-SC,DEL04/SC,UOP03-DEL04-SC