id,data_inversa,dia_semana,horario,uf,br,km,municipio,causa_acidente,tipo_acidente,classificacao_acidente,fase_dia,sentido_via,condicao_metereologica,tipo_pista,tracado_via,uso_solo,pessoas,mortos,feridos_leves,feridos_graves,feridos,ilesos,ignorados,veiculos,latitude,longitude,regional,delegacia,uop
755667,02/03/2026,segunda-feira,13:45:00,SC,101.0,199,SAO JOSE,Reação tardia ou ineficiente do condutor,Colisão lateral mesmo sentido,Com Vítimas Fatais,Pleno dia,Crescente,Céu Claro,Múltipla,Reta,Sim,5.0,1.0,0.0,0.0,0.0,3.0,0.0,5.0,"-27,53413253","-48,63010168",SPRF-SC,DEL01/SC,UOP01-DEL01-SC
755668,02/03/2026,segunda-feira,12:30:00,RJ,40.0,109,DUQUE DE CAXIAS,Ausência de reação do condutor,Colisão traseira,Com Vítimas Feridas,Pleno dia,Decrescente,Céu Claro,Dupla,Reta,Não,4.0,0.0,0.0,2.0,2.0,1.0,0.0,3.0,"-22,68495703","-43,28536682",SPRF-RJ,DEL01/RJ,UOP02-DEL01-RJ
755669,02/03/2026,segunda-feira,14:15:00,ES,101.0,42,CONCEICAO DA BARRA,Ausência de reação do condutor,Colisão lateral sentido oposto,Com Vítimas Feridas,Pleno dia,Crescente,Céu Claro,Simples,Reta,Não,7.0,0.0,3.0,1.0,4.0,2.0,0.0,4.0,"-18,519237","-39,912652",SPRF-ES,DEL04-ES,UOP02-DEL04-ES
755671,18/02/2026,quarta-feira,07:40:00,SP,153.0,61,SAO JOSE DO RIO PRETO,Ausência de reação do condutor,Engavetamento,Com Vítimas Feridas,Pleno dia,Crescente,Céu Claro,Dupla,Reta,Sim,7.0,0.0,1.0,0.0,1.0,4.0,0.0,5.0,"-20,808803","-49,356371",SPRF-SP,DEL09/SP,UOP01-DEL09-SP
755673,02/03/2026,segunda-feira,10:30:00,BA,135.0,56,FORMOSA DO RIO PRETO,Falta de acostamento,Saída de leito carroçável,Com Vítimas Feridas,Pleno dia,Decrescente,Nublado,Simples,Curva,Não,3.0,0.0,2.0,0.0,2.0,0.0,0.0,3.0,"-11,22814048","-45,04253325",SPRF-BA,DEL10/BA,UOP01-DEL10-BA
755676,02/03/2026,segunda-feira,14:30:00,SC,282.0,"23,6",SANTO AMARO DA IMPERATRIZ,Manobra de mudança de faixa,Colisão lateral mesmo sentido,Com Vítimas Feridas,Pleno dia,Crescente,Céu Claro,Dupla,Interseção de Vias;Reta,Sim,2.0,0.0,1.0,0.0,1.0,1.0,0.0,2.0,"-27,68519","-48,7426",SPRF-SC,DEL01/SC,UOP03-DEL01-SC
755681,02/03/2026,segunda-feira,14:25:00,RS,392.0,0,RIO GRANDE,Ingestão de álcool pelo condutor,Colisão traseira,Sem Vítimas,Pleno dia,Decrescente,Céu Claro,Simples,Reta,Sim,4.0,0.0,0.0,0.0,0.0,1.0,0.0,4.0,"-32,0450145","-52,0754555",SPRF-RS,DEL07/RS,UOP02-DEL07-RS
755687,02/03/2026,segunda-feira,15:20:00,SC,101.0,121,ITAJAI,Acessar a via sem observar a presença dos outros veículos,Colisão transversal,Com Vítimas Feridas,Pleno dia,Crescente,Nublado,Múltipla,Interseção de Vias;Reta,Sim,2.0,0.0,1.0,0.0,1.0,1.0,0.0,2.0,"-26,9206945","-48,7078408",SPRF-SC,DEL04/SC,UOP04-DEL04-SC
755688,02/03/2026,segunda-feira,15:45:00,MG,40.0,"520,8",CONTAGEM,Reação tardia ou ineficiente do condutor,Colisão lateral mesmo sentido,Com Vítimas Feridas,Pleno dia,Decrescente,Céu Claro,Dupla,Retorno Regulamentado,Não,2.0,0.0,1.0,0.0,1.0,1.0,0.0,2.0,"-19,85353349","-44,07223284",SPRF-MG,DEL01/MG,UOP02-DEL01-MG
755703,02/03/2026,segunda-feira,17:40:00,BA,116.0,"847,7",VITORIA DA CONQUISTA,Manobra de mudança de faixa,Colisão lateral sentido oposto,Com Vítimas Feridas,Pleno dia,Decrescente,Nublado,Simples,Reta,Não,2.0,0.0,0.0,1.0,1.0,1.0,0.0,2.0,"-15,039692","-40,96947",SPRF-BA,DEL08/BA,UOP01-DEL08-BA
755710,02/03/2026,segunda-feira,18:30:00,MG,381.0,"577,3",ITAGUARA,Demais falhas mecânicas ou elétricas,Incêndio,Sem Vítimas,Plena Noite,Decrescente,Céu Claro,Dupla,Reta,Não,2.0,0.0,0.0,0.0,0.0,1.0,0.0,2.0,"-20,465385","-44,577562",SPRF-MG,DEL04/MG,UOP01-DEL04-MG
755711,02/03/2026,segunda-feira,11:00:00,SE,101.0,"181,2",UMBAUBA,Ingestão de álcool pelo condutor,Colisão transversal,Com Vítimas Feridas,Pleno dia,Decrescente,Nublado,Simples,Reta,Sim,3.0,0.0,1.0,0.0,1.0,1.0,0.0,3.0,"-11,37176506","-37,65215848",SPRF-SE,DEL02-SE,UOP03-DEL02-SE
755712,02/03/2026,segunda-feira,19:20:00,MG,40.0,"524,7",CONTAGEM,Pedestre cruzava a pista fora da faixa,Atropelamento de Pedestre,Com Vítimas Feridas,Plena Noite,Decrescente,Céu Claro,Dupla,Reta,Sim,2.0,0.0,0.0,1.0,1.0,0.0,0.0,2.0,"-19,87750022","-44,05186629",SPRF-MG,DEL01/MG,UOP02-DEL01-MG
755716,02/03/2026,segunda-feira,16:40:00,SE,235.0,"1,9",ARACAJU,Acesso irregular,Atropelamento de Pedestre,Com Vítimas Feridas,Anoitecer,Crescente,Céu Claro,Dupla,Interseção de Vias;Viaduto,Sim,5.0,0.0,1.0,0.0,1.0,4.0,0.0,3.0,"-10,90764448","-37,09093658",SPRF-SE,DEL01-SE,UOP01-DEL01-SE
755722,02/03/2026,segunda-feira,16:40:00,BA,407.0,"100,9",JAGUARARI,Ultrapassagem Indevida,Colisão frontal,Com Vítimas Fatais,Pleno dia,Crescente,Céu Claro,Simples,Reta;Aclive,Não,4.0,1.0,0.0,0.0,0.0,2.0,0.0,4.0,"-10,2414161","-40,2007588",SPRF-BA,DEL04/BA,UOP01-DEL04-BA
755729,02/03/2026,segunda-feira,21:15:00,PR,277.0,"6,8",PARANAGUA,Acessar a via sem observar a presença dos outros veículos,Colisão transversal,Com Vítimas Feridas,Plena Noite,Decrescente,Céu Claro,Simples,Desvio Temporário;Reta;Em Obras;Interseção de Vias,Sim,3.0,0.0,1.0,0.0,1.0,1.0,0.0,4.0,"-25,5135371","-48,52152435",SPRF-PR,DEL01/PR,UOP05-DEL01-PR
755733,02/03/2026,segunda-feira,21:45:00,BA,324.0,1,FEIRA DE SANTANA,Chuva,Saída de leito carroçável,Com Vítimas Feridas,Plena Noite,Decrescente,Chuva,Dupla,Interseção de Vias;Reta,Sim,2.0,0.0,2.0,0.0,2.0,0.0,0.0,1.0,"-12,280839","-38,942979",SPRF-BA,DEL02/BA,UOP01-DEL02-BA
755734,02/03/2026,segunda-feira,19:45:00,RS,290.0,"469,6",ROSARIO DO SUL,Demais falhas mecânicas ou elétricas,Incêndio,Sem Vítimas,Plena Noite,Decrescente,Céu Claro,Simples,Reta,Não,2.0,0.0,0.0,0.0,0.0,1.0,0.0,2.0,"-30,23712027","-54,78057861",SPRF-RS,DEL11/RS,UOP02-DEL11-RS
755737,02/03/2026,segunda-feira,20:15:00,GO,153.0,647,MORRINHOS,Acessar a via sem observar a presença dos outros veículos,Colisão lateral mesmo sentido,Com Vítimas Feridas,Plena Noite,Crescente,Céu Claro,Dupla,Reta,Não,4.0,0.0,0.0,2.0,2.0,1.0,0.0,3.0,"-17,934531","-49,245052",SPRF-GO,DEL03/GO,UOP01-DEL03-GO
755738,02/03/2026,segunda-feira,21:20:00,PR,277.0,"457,9",LARANJEIRAS DO SUL,Ausência de reação do condutor,Colisão transversal,Com Vítimas Feridas,Plena Noite,Crescente,Nublado,Simples,Reta,Sim,3.0,0.0,1.0,0.0,1.0,1.0,0.0,4.0,"-25,38574","-52,414537",SPRF-PR,DEL04/PR,UOP02-DEL04-PR
755745,02/03/2026,segunda-feira,23:25:00,MG,50.0,"174,1",UBERABA,Manobra de mudança de faixa,Colisão traseira,Com Vítimas Feridas,Plena Noite,Decrescente,Céu Claro,Dupla,Reta,Sim,3.0,0.0,2.0,0.0,2.0,1.0,0.0,2.0,"-19,77066597","-47,97384946",SPRF-MG,DEL13/MG,UOP01-DEL13-MG
755746,18/02/2026,quarta-feira,23:47:00,BA,235.0,308,JUAZEIRO,Manobra de mudança de faixa,Saída de leito carroçável,Com Vítimas Fatais,Plena Noite,Decrescente,Ignorado,Simples,Reta,Não,1.0,1.0,0.0,0.0,0.0,0.0,0.0,1.0,"-9,52666","-40,097946",SPRF-BA,DEL07/BA,UOP03-DEL07-BA
755748,02/03/2026,segunda-feira,23:18:00,RJ,116.0,"79,5",TERESOPOLIS,Ausência de reação do condutor,Colisão traseira,Com Vítimas Feridas,Plena Noite,Crescente,Nublado,Simples,Reta,Sim,2.0,0.0,0.0,1.0,1.0,1.0,0.0,2.0,"-22,37959","-42,952664",SPRF-RJ,DEL04/RJ,UOP01-DEL04-RJ
755753,03/03/2026,terça-feira,03:15:00,CE,116.0,"423,8",IPAUMIRIM,Pista esburacada,Colisão lateral sentido oposto,Com Vítimas Feridas,Plena Noite,Decrescente,Garoa/Chuvisco,Simples,Reta,Não,3.0,0.0,1.0,0.0,1.0,1.0,0.0,4.0,"-6,807037","-38,755292",SPRF-CE,DEL05/CE,UOP01-DEL05-CE
755758,03/03/2026,terça-feira,05:42:00,SP,116.0,225,GUARULHOS,Deficiência do Sistema de Iluminação/Sinalização,Colisão lateral mesmo sentido,Com Vítimas Feridas,Amanhecer,Decrescente,Nublado,Múltipla,Reta,Sim,3.0,0.0,2.0,0.0,2.0,0.0,0.0,2.0,"-23,489637","-46,546878",SPRF-SP,DEL01/SP,UOP01-DEL01-SP
755760,03/03/2026,terça-feira,06:15:00,ES,101.0,"402,2",ITAPEMIRIM,Demais Fenômenos da natureza,Colisão transversal,Com Vítimas Feridas,Amanhecer,Crescente,Céu Claro,Simples,Interseção de Vias;Reta,Não,3.0,0.0,1.0,0.0,1.0,1.0,0.0,3.0,"-20,8903043","-40,9930859",SPRF-ES,DEL03-ES,UOP02-DEL03-ES
755762,03/03/2026,terça-feira,06:10:00,PR,116.0,96,SAO JOSE DOS PINHAIS,Condutor deixou de manter distância do veículo da frente,Colisão traseira,Sem Vítimas,Pleno dia,Crescente,Céu Claro,Múltipla,Declive,Sim,4.0,0.0,0.0,0.0,0.0,3.0,0.0,3.0,"-25,536041","-49,14902",SPRF-PR,DEL01/PR,UOP08-DEL01-PR
755763,03/03/2026,terça-feira,04:30:00,MT,163.0,"1071,5",GUARANTA DO NORTE,Ultrapassagem Indevida,Colisão lateral sentido oposto,Sem Vítimas,Plena Noite,Crescente,Nublado,Simples,Reta,Não,4.0,0.0,0.0,0.0,0.0,2.0,0.0,8.0,"-9,75962724","-54,89571286",SPRF-MT,DEL06/MT,UOP03-DEL06-MT
755764,03/03/2026,terça-feira,07:00:00,RS,470.0,225,GARIBALDI,Acesso irregular,Colisão transversal,Com Vítimas Feridas,Pleno dia,Crescente,Céu Claro,Simples,Reta;Interseção de Vias;Rotatória,Sim,3.0,0.0,1.0,0.0,1.0,1.0,0.0,3.0,"-29,24641057","-51,51608197",SPRF-RS,DEL06/RS,UOP01-DEL06-RS
755766,03/03/2026,terça-feira,05:46:00,PR,277.0,"622,3",CEU AZUL,Pedestre cruzava a pista fora da faixa,Atropelamento de Pedestre,Com Vítimas Feridas,Amanhecer,Decrescente,Céu Claro,Múltipla,Desvio Temporário;Reta,Sim,3.0,0.0,1.0,0.0,1.0,1.0,0.0,3.0,"-25,08422593","-53,71333687",SPRF-PR,DEL05/PR,UOP02-DEL05-PR
755767,02/03/2026,segunda-feira,15:00:00,RJ,40.0,84,PETROPOLIS,Problema com o freio,Saída de leito carroçável,Com Vítimas Feridas,Pleno dia,Crescente,Céu Claro,Dupla,Declive;Reta,Não,1.0,0.0,1.0,0.0,1.0,0.0,0.0,1.0,"-22,52893","-43,23514",SPRF-RJ,DEL01/RJ,UOP01-DEL01-RJ
755772,03/03/2026,terça-feira,06:50:00,RS,116.0,575,ARROIO GRANDE,Condutor Dormindo,Colisão lateral sentido oposto,Com Vítimas Feridas,Pleno dia,Crescente,Céu Claro,Simples,Reta,Não,3.0,0.0,0.0,1.0,1.0,1.0,0.0,4.0,"-32,070803","-52,88387014",SPRF-RS,DEL07/RS,UOP03-DEL07-RS
755774,03/03/2026,terça-feira,06:20:00,RJ,101.0,148,MACAE,Condutor Dormindo,Colisão lateral sentido oposto,Com Vítimas Feridas,Amanhecer,Decrescente,Céu Claro,Simples,Curva,Não,4.0,0.0,1.0,1.0,2.0,2.0,0.0,3.0,"-22,36036036","-41,92731233",SPRF-RJ,DEL08/RJ,UOP04-DEL08-RJ
755775,03/03/2026,terça-feira,05:25:00,PR,376.0,"392,7",IMBAU,Condutor Dormindo,Saída de leito carroçável,Com Vítimas Feridas,Amanhecer,Crescente,Nevoeiro/Neblina,Dupla,Retorno Regulamentado;Reta,Não,2.0,0.0,1.0,0.0,1.0,0.0,0.0,2.0,"-24,529021","-50,699731",SPRF-PR,DEL03/PR,UOP02-DEL03-PR
755778,03/03/2026,terça-feira,08:00:00,SC,101.0,204,SAO JOSE,Condutor deixou de manter distância do veículo da frente,Colisão traseira,Com Vítimas Feridas,Pleno dia,Crescente,Céu Claro,Múltipla,Reta,Sim,2.0,0.0,0.0,1.0,1.0,1.0,0.0,2.0,"-27,569852","-48,613818",SPRF-SC,DEL01/SC,UOP01-DEL01-SC
755781,03/03/2026,terça-feira,05:00:00,MT,158.0,490,CANARANA,Ausência de sinalização,Colisão traseira,Com Vítimas Fatais,Plena Noite,Crescente,Nevoeiro/Neblina,Simples,Reta,Não,3.0,1.0,0.0,1.0,1.0,0.0,0.0,6.0,"-13,463244","-51,933993",SPRF-MT,DEL07/MT,UOP02-DEL07-MT
755790,03/03/2026,terça-feira,08:46:00,PE,101.0,"37,5",ITAPISSUMA,Chuva,Colisão com objeto,Sem Vítimas,Pleno dia,Decrescente,Chuva,Dupla,Aclive,Sim,1.0,0.0,0.0,0.0,0.0,1.0,0.0,1.0,"-7,802777","-34,926228",SPRF-PE,DEL01/PE,UOP02-DEL01-PE
755791,03/03/2026,terça-feira,08:00:00,PA,316.0,79,SAO FRANCISCO DO PARA,Ultrapassagem Indevida,Saída de leito carroçável,Com Vítimas Feridas,Pleno dia,Crescente,Chuva,Simples,Reta,Não,3.0,0.0,1.0,0.0,1.0,1.0,0.0,3.0,"-1,303427","-47,78328",SPRF-PA,DEL01/PA,UOP02-DEL01-PA
755792,03/03/2026,terça-feira,07:17:00,RO,319.0,144,PORTO VELHO,Manobra de mudança de faixa,Colisão lateral mesmo sentido,Sem Vítimas,Pleno dia,Decrescente,Céu Claro,Dupla,Interseção de Vias;Reta,Sim,2.0,0.0,0.0,0.0,0.0,2.0,0.0,2.0,"-8,76500605","-63,88445735",SPRF-RO,DEL01-RO,UOP01-DEL01-RO
755808,03/03/2026,terça-feira,04:30:00,MS,267.0,"219,2",NOVA ALVORADA DO SUL,Ausência de reação do condutor,Colisão com objeto,Sem Vítimas,Plena Noite,Crescente,Céu Claro,Simples,Declive;Reta,Não,2.0,0.0,0.0,0.0,0.0,1.0,0.0,2.0,"-21,569168","-54,121605",SPRF-MS,DEL02/MS,UOP01-DEL02-MS
755809,22/01/2026,quinta-feira,13:10:00,RO,364.0,380,OURO PRETO DO OESTE,Reação tardia ou ineficiente do condutor,Tombamento,Sem Vítimas,Pleno dia,Decrescente,Nublado,Simples,Declive,Não,2.0,0.0,0.0,0.0,0.0,1.0,0.0,3.0,"-10,733018","-62,228488",SPRF-RO,DEL02-RO,UOP01-DEL02-RO
755813,28/02/2026,sábado,05:00:00,MT,364.0,319,CAMPO VERDE,Avarias e/ou desgaste excessivo no pneu,Incêndio,Sem Vítimas,Amanhecer,Crescente,Nevoeiro/Neblina,Dupla,Reta,Não,1.0,0.0,0.0,0.0,0.0,0.0,1.0,1.0,"-15,818056","-55,334064",SPRF-MT,DEL05/MT,UOP02-DEL05-MT
755816,03/03/2026,terça-feira,12:00:00,RJ,116.0,176,SAO JOAO DE MERITI,Ausência de reação do condutor,Queda de ocupante de veículo,Com Vítimas Feridas,Pleno dia,Crescente,Céu Claro,Dupla,Reta,Não,3.0,0.0,1.0,0.0,1.0,1.0,0.0,3.0,"-22,78494","-43,38027",SPRF-RJ,DEL06/RJ,UOP01-DEL06-RJ
755821,03/03/2026,terça-feira,10:30:00,PR,163.0,"233,5",TOLEDO,Reação tardia ou ineficiente do condutor,Colisão lateral mesmo sentido,Com Vítimas Feridas,Pleno dia,Crescente,Céu Claro,Dupla,Reta,Não,2.0,0.0,1.0,0.0,1.0,0.0,0.0,2.0,"-24,77699","-53,68112",SPRF-PR,DEL04/PR,UOP01-DEL04-PR
755824,03/03/2026,terça-feira,12:33:00,RN,101.0,124,SAO JOSE DE MIPIBU,Condutor desrespeitou a iluminação vermelha do semáforo,Colisão transversal,Com Vítimas Feridas,Pleno dia,Crescente,Céu Claro,Dupla,Interseção de Vias,Sim,2.0,0.0,0.0,1.0,1.0,1.0,0.0,2.0,"-6,069894","-35,238538",SPRF-RN,DEL01-RN,UOP01-DEL01-RN
755825,03/03/2026,terça-feira,11:55:00,SP,153.0,"22,9",NOVA GRANADA,Demais falhas mecânicas ou elétricas,Colisão lateral sentido oposto,Com Vítimas Feridas,Pleno dia,Crescente,Céu Claro,Simples,Reta;Aclive,Não,3.0,0.0,0.0,1.0,1.0,1.0,0.0,6.0,"-20,48361","-49,303085",SPRF-SP,DEL09/SP,UOP01-DEL09-SP
755830,03/03/2026,terça-feira,12:30:00,RN,226.0,288,AUGUSTO SEVERO,Ausência de reação do condutor,Colisão com objeto,Com Vítimas Fatais,Pleno dia,Crescente,Céu Claro,Simples,Curva,Não,2.0,1.0,0.0,1.0,1.0,0.0,0.0,2.0,"-5,86290491","-37,29077876",SPRF-RN,DEL03-RN,UOP01-DEL03-RN
755837,03/03/2026,terça-feira,12:50:00,SP,381.0,60,MAIRIPORA,Demais falhas mecânicas ou elétricas,Incêndio,Sem Vítimas,Pleno dia,Decrescente,Céu Claro,Múltipla,Curva;Aclive,Não,1.0,0.0,0.0,0.0,0.0,1.0,0.0,1.0,"-23,29039192","-46,58425042",SPRF-SP,DEL03/SP,UOP01-DEL03-SP
755840,03/03/2026,terça-feira,14:00:00,GO,60.0,"188,7",GUAPO,Ausência de reação do condutor,Colisão traseira,Com Vítimas Feridas,Pleno dia,Crescente,Céu Claro,Múltipla,Aclive;Reta,Sim,3.0,0.0,0.0,1.0,1.0,1.0,0.0,4.0,"-16,834733","-49,540912",SPRF-GO,DEL01/GO,UOP02-DEL01-GO
755843,03/03/2026,terça-feira,13:30:00,PR,369.0,147,LONDRINA,Condutor deixou de manter distância do veículo da frente,Colisão traseira,Com Vítimas Feridas,Pleno dia,Decrescente,Céu Claro,Dupla,Reta;Interseção de Vias,Sim,3.0,0.0,1.0,0.0,1.0,1.0,0.0,3.0,"-23,29319015","-51,13478065",SPRF-PR,DEL07/PR,UOP01-DEL07-PR
755844,03/03/2026,terça-feira,14:05:00,MG,40.0,"681,2",CARANDAI,Falta de acostamento,Saída de leito carroçável,Com Vítimas Feridas,Pleno dia,Crescente,Sol,Simples,Reta,Não,1.0,0.0,1.0,0.0,1.0,0.0,0.0,1.0,"-21,0364016","-43,7712499",SPRF-MG,DEL05/MG,UOP02-DEL05-MG
755845,03/03/2026,terça-feira,12:30:00,CE,222.0,301,TIANGUA,Problema com o freio,Colisão com objeto,Com Vítimas Feridas,Pleno dia,Crescente,Céu Claro,Simples,Reta;Declive,Não,2.0,0.0,1.0,0.0,1.0,0.0,0.0,2.0,"-3,66034542","-40,95031424",SPRF-CE,DEL04/CE,UOP02-DEL04-CE
755849,03/03/2026,terça-feira,11:05:00,PE,408.0,16,TIMBAUBA,Transitar na contramão,Colisão lateral sentido oposto,Com Vítimas Feridas,Pleno dia,Decrescente,Chuva,Simples,Curva,Não,5.0,0.0,0.0,3.0,3.0,2.0,0.0,3.0,"-7,53942","-35,28315",SPRF-PE,DEL01/PE,UOP01-DEL01-PE
755850,03/03/2026,terça-feira,14:35:00,MG,381.0,512,IGARAPE,Ausência de reação do condutor,Colisão traseira,Com Vítimas Feridas,Pleno dia,Crescente,Céu Claro,Dupla,Reta,Sim,4.0,0.0,0.0,2.0,2.0,1.0,0.0,3.0,"-20,068445","-44,297607",SPRF-MG,DEL01/MG,UOP03-DEL01-MG
755852,03/03/2026,terça-feira,14:50:00,SC,101.0,"139,8",BALNEARIO CAMBORIU,Suicídio (presumido),Atropelamento de Pedestre,Com Vítimas Feridas,Pleno dia,Decrescente,Céu Claro,Múltipla,Reta,Sim,3.0,0.0,0.0,1.0,1.0,0.0,0.0,3.0,"-27,03487402","-48,60452414",SPRF-SC,DEL04/SC,UOP03-DEL04-SC
755853,03/03/2026,terça-feira,13:00:00,RN,406.0,55,JANDAIRA,Ausência de sinalização,Colisão frontal,Com Vítimas Feridas,Pleno dia,Crescente,Garoa/Chuvisco,Simples,Reta,Não,2.0,0.0,1.0,0.0,1.0,1.0,0.0,2.0,"-5,328847","-36,185052",SPRF-RN,DEL02-RN,UOP01-DEL02-RN
755854,03/03/2026,terça-feira,14:50:00,CE,222.0,"317,1",TIANGUA,Acessar a via sem observar a presença dos outros veículos,Colisão transversal,Com Vítimas Feridas,Pleno dia,Crescente,Céu Claro,Simples,Reta,Não,3.0,0.0,1.0,0.0,1.0,1.0,0.0,3.0,"-3,758517","-41,024705",SPRF-CE,DEL04/CE,UOP02-DEL04-CE
755857,03/03/2026,terça-feira,14:40:00,RN,304.0,30,MOSSORO,Condutor deixou de manter distância do veículo da frente,Colisão traseira,Com Vítimas Feridas,Pleno dia,Crescente,Chuva,Simples,Reta,Sim,3.0,0.0,1.0,0.0,1.0,1.0,0.0,4.0,"-5,078683","-37,332906",SPRF-RN,DEL04-RN,UOP02-DEL04-RN
755864,03/03/2026,terça-feira,14:30:00,BA,101.0,"4,9",RIO REAL,Frear bruscamente,Colisão traseira,Com Vítimas Feridas,Pleno dia,Crescente,Chuva,Simples,Reta,Não,5.0,0.0,0.0,1.0,1.0,3.0,0.0,6.0,"-11,5376","-37,840247",SPRF-SE,DEL02-SE,UOP03-DEL02-SE
755865,03/03/2026,terça-feira,13:42:00,RO,425.0,78,NOVA MAMORE,Conversão proibida,Colisão transversal,Com Vítimas Feridas,Pleno dia,Decrescente,Céu Claro,Simples,Reta,Não,4.0,0.0,1.0,1.0,2.0,1.0,0.0,3.0,"-10,381277","-65,322017",SPRF-RO,DEL01-RO,UOP03-DEL01-RO
755869,03/03/2026,terça-feira,15:55:00,RS,290.0,96,PORTO ALEGRE,Carga excessiva e/ou mal acondicionada,Engavetamento,Com Vítimas Feridas,Pleno dia,Crescente,Céu Claro,Dupla,Reta,Sim,5.0,0.0,1.0,0.0,1.0,4.0,0.0,5.0,"-29,99678235","-51,21061675",SPRF-RS,DEL01/RS,UOP01-DEL01-RS
755871,03/03/2026,terça-feira,15:40:00,PR,376.0,"433,6",TIBAGI,Ausência de reação do condutor,Colisão com objeto,Com Vítimas Fatais,Pleno dia,Decrescente,Céu Claro,Dupla,Declive;Curva,Não,2.0,1.0,0.0,0.0,0.0,0.0,0.0,2.0,"-24,80366","-50,48969",SPRF-PR,DEL03/PR,UOP02-DEL03-PR
755881,03/03/2026,terça-feira,16:15:00,MG,116.0,"103,4",MEDINA,Transitar na contramão,Colisão frontal,Com Vítimas Feridas,Pleno dia,Decrescente,Nublado,Simples,Reta,Não,4.0,0.0,3.0,1.0,4.0,0.0,0.0,2.0,"-16,459715","-41,500836",SPRF-MG,DEL11/MG,UOP02-DEL11-MG
755888,03/03/2026,terça-feira,16:30:00,ES,101.0,"43,9",CONCEICAO DA BARRA,Condutor Dormindo,Colisão frontal,Com Vítimas Feridas,Pleno dia,Crescente,Céu Claro,Simples,Reta,Não,3.0,0.0,2.0,0.0,2.0,1.0,0.0,2.0,"-18,51719876","-39,9132818",SPRF-ES,DEL04-ES,UOP02-DEL04-ES
755889,03/03/2026,terça-feira,16:50:00,RS,101.0,74,OSORIO,Acessar a via sem observar a presença dos outros veículos,Colisão lateral mesmo sentido,Com Vítimas Feridas,Pleno dia,Decrescente,Céu Claro,Dupla,Reta,Não,3.0,0.0,1.0,0.0,1.0,1.0,0.0,3.0,"-29,776139","-50,220966",SPRF-RS,DEL03/RS,UOP01-DEL03-RS
755894,03/03/2026,terça-feira,15:30:00,RJ,101.0,277,TANGUA,Condutor Dormindo,Saída de leito carroçável,Com Vítimas Feridas,Pleno dia,Decrescente,Céu Claro,Dupla,Reta,Sim,3.0,0.0,2.0,0.0,2.0,1.0,0.0,2.0,"-22,7384974","-42,77502396",SPRF-RJ,DEL02/RJ,UOP03-DEL02-RJ
755900,03/03/2026,terça-feira,16:30:00,AL,104.0,"8,6",SAO JOSE DA LAJE,Ausência de reação do condutor,Tombamento,Com Vítimas Feridas,Plena Noite,Decrescente,Céu Claro,Simples,Declive;Curva,Não,2.0,0.0,1.0,0.0,1.0,1.0,0.0,1.0,"-8,968832","-36,017145",SPRF-AL,DEL01-AL,UOP02-DEL01-AL
755904,03/03/2026,terça-feira,13:52:00,PA,163.0,618,TRAIRAO,Reação tardia ou ineficiente do condutor,Tombamento,Com Vítimas Feridas,Pleno dia,Crescente,Sol,Simples,Curva,Não,2.0,0.0,1.0,0.0,1.0,0.0,0.0,3.0,"-4,7328","-56,0481",SPRF-PA,DEL05/PA,UOP03-DEL05-PA
755907,03/03/2026,terça-feira,14:20:00,GO,452.0,"13,8",RIO VERDE,Reação tardia ou ineficiente do condutor,Tombamento,Com Vítimas Feridas,Pleno dia,Crescente,Céu Claro,Simples,Reta,Não,2.0,0.0,0.0,1.0,1.0,0.0,0.0,3.0,"-17,844885","-50,7866",SPRF-GO,DEL04/GO,UOP01-DEL04-GO
755916,03/03/2026,terça-feira,19:25:00,BA,324.0,516,FEIRA DE SANTANA,Acostamento em desnível,Colisão lateral mesmo sentido,Com Vítimas Feridas,Plena Noite,Decrescente,Chuva,Simples,Interseção de Vias;Reta,Sim,3.0,0.0,0.0,1.0,1.0,1.0,0.0,3.0,"-12,2438","-38,9362",SPRF-BA,DEL02/BA,UOP01-DEL02-BA
755917,03/03/2026,terça-feira,19:40:00,BA,116.0,"447,6",ANTONIO CARDOSO,Demais falhas mecânicas ou elétricas,Incêndio,Sem Vítimas,Plena Noite,Decrescente,Garoa/Chuvisco,Dupla,Reta;Viaduto,Não,2.0,0.0,0.0,0.0,0.0,1.0,0.0,2.0,"-12,38545492","-39,13619667",SPRF-BA,DEL02/BA,UOP01-DEL02-BA
755921,03/03/2026,terça-feira,19:55:00,GO,153.0,702,ITUMBIARA,Velocidade Incompatível,Saída de leito carroçável,Com Vítimas Feridas,Plena Noite,Decrescente,Céu Claro,Dupla,Reta,Não,1.0,0.0,0.0,1.0,1.0,0.0,0.0,1.0,"-18,406797","-49,199227",SPRF-GO,DEL03/GO,UOP02-DEL03-GO
755922,03/03/2026,terça-feira,19:23:00,MS,163.0,"67,8",ITAQUIRAI,Acessar a via sem observar a presença dos outros veículos,Colisão transversal,Com Vítimas Feridas,Plena Noite,Decrescente,Céu Claro,Simples,Reta,Não,4.0,0.0,1.0,1.0,2.0,1.0,0.0,4.0,"-23,566013","-54,195364",SPRF-MS,DEL09/MS,UOP02-DEL09-MS
755923,10/02/2026,terça-feira,15:13:00,SC,282.0,"584,4",PINHALZINHO,Transitar na contramão,Colisão frontal,Com Vítimas Feridas,Pleno dia,Decrescente,Nublado,Simples,Curva,Não,3.0,0.0,1.0,0.0,1.0,2.0,0.0,2.0,"-26,832288","-53,021672",SPRF-SC,DEL07/SC,UOP02-DEL07-SC