id,data_inversa,dia_semana,horario,uf,br,km,municipio,causa_acidente,tipo_acidente,classificacao_acidente,fase_dia,sentido_via,condicao_metereologica,tipo_pista,tracado_via,uso_solo,pessoas,mortos,feridos_leves,feridos_graves,feridos,ilesos,ignorados,veiculos,latitude,longitude,regional,delegacia,uop
756165,05/03/2026,quinta-feira,06:30:00,AL,101.0,"76,1",RIO LARGO,Condutor deixou de manter distância do veículo da frente,Colisão traseira,Com Vítimas Feridas,Pleno dia,Crescente,Céu Claro,Dupla,Curva,Não,2.0,0.0,0.0,1.0,1.0,1.0,0.0,2.0,"-9,41213333","-35,84126833",SPRF-AL,DEL01-AL,UOP01-DEL01-AL
756175,05/03/2026,quinta-feira,06:26:00,TO,153.0,448,BARROLANDIA,Transitar na contramão,Colisão frontal,Com Vítimas Fatais,Pleno dia,Crescente,Nublado,Simples,Reta,Não,3.0,1.0,1.0,0.0,1.0,0.0,0.0,3.0,"-9,807593","-48,72072",SPRF-TO,DEL01-TO,UOP01-DEL01-TO
756177,05/03/2026,quinta-feira,07:30:00,SC,470.0,133,RIO DO SUL,Acessar a via sem observar a presença dos outros veículos,Colisão transversal,Sem Vítimas,Pleno dia,Decrescente,Céu Claro,Simples,Interseção de Vias;Reta,Sim,4.0,0.0,0.0,0.0,0.0,3.0,0.0,4.0,"-27,17258881","-49,58299248",SPRF-SC,DEL04/SC,UOP02-DEL04-SC
756200,01/03/2026,domingo,22:40:00,BA,101.0,354,WENCESLAU GUIMARAES,Transitar na contramão,Colisão frontal,Com Vítimas Feridas,Plena Noite,Decrescente,Chuva,Simples,Declive;Reta,Não,2.0,0.0,0.0,1.0,1.0,1.0,0.0,2.0,"-13,64798","-39,48641",SPRF-BA,DEL05/BA,UOP03-DEL05-BA
756206,01/03/2026,domingo,20:24:00,RJ,40.0,76,PETROPOLIS,Ausência de reação do condutor,Colisão traseira,Com Vítimas Feridas,Plena Noite,Crescente,Céu Claro,Dupla,Reta,Sim,3.0,0.0,2.0,0.0,2.0,1.0,0.0,2.0,"-22,4685584","-43,23283045",SPRF-RJ,DEL01/RJ,UOP01-DEL01-RJ
756208,05/03/2026,quinta-feira,11:10:00,ES,101.0,"229,5",FUNDAO,Entrada inopinada do pedestre,Atropelamento de Pedestre,Com Vítimas Feridas,Pleno dia,Decrescente,Nublado,Dupla,Interseção de Vias,Sim,3.0,0.0,0.0,1.0,1.0,1.0,0.0,3.0,"-19,93335355","-40,40488154",SPRF-ES,DEL02-ES,UOP01-DEL02-ES
756212,05/03/2026,quinta-feira,12:00:00,SP,116.0,216,GUARULHOS,Ausência de reação do condutor,Colisão traseira,Com Vítimas Feridas,Pleno dia,Decrescente,Céu Claro,Múltipla,Em Obras;Reta,Sim,4.0,0.0,1.0,1.0,2.0,2.0,0.0,3.0,"-23,45285306","-46,46924973",SPRF-SP,DEL01/SP,UOP01-DEL01-SP
756213,05/03/2026,quinta-feira,11:25:00,RS,116.0,411,CAMAQUA,Reação tardia ou ineficiente do condutor,Colisão lateral mesmo sentido,Com Vítimas Feridas,Pleno dia,Crescente,Céu Claro,Dupla,Reta,Não,3.0,0.0,2.0,0.0,2.0,1.0,0.0,2.0,"-30,922944","-51,902516",SPRF-RS,DEL02/RS,UOP02-DEL02-RS
756216,05/03/2026,quinta-feira,08:00:00,RS,392.0,"196,5",SANTANA DA BOA VISTA,Velocidade Incompatível,Tombamento,Com Vítimas Feridas,Pleno dia,Crescente,Céu Claro,Múltipla,Declive;Curva,Não,2.0,0.0,0.0,1.0,1.0,0.0,0.0,2.0,"-30,8934935","-53,11867011",SPRF-RS,DEL09/RS,UOP02-DEL09-RS
756217,05/03/2026,quinta-feira,07:00:00,RJ,101.0,297,ITABORAI,Frear bruscamente,Colisão traseira,Sem Vítimas,Pleno dia,Decrescente,Céu Claro,Dupla,Reta,Sim,2.0,0.0,0.0,0.0,0.0,2.0,0.0,2.0,"-22,77127762","-42,92260693",SPRF-RJ,DEL02/RJ,UOP02-DEL02-RJ
756218,05/03/2026,quinta-feira,11:02:00,TO,153.0,414,MIRANORTE,Reação tardia ou ineficiente do condutor,Tombamento,Com Vítimas Feridas,Pleno dia,Decrescente,Céu Claro,Dupla,Rotatória,Sim,1.0,0.0,1.0,0.0,1.0,0.0,0.0,1.0,"-9,53034922","-48,59325886",SPRF-TO,DEL02-TO,UOP02-DEL02-TO
756223,05/03/2026,quinta-feira,10:20:00,PR,369.0,"432,5",UBIRATA,Desrespeitar a preferência no cruzamento,Colisão transversal,Com Vítimas Feridas,Pleno dia,Crescente,Céu Claro,Simples,Declive,Não,5.0,0.0,1.0,2.0,3.0,1.0,0.0,4.0,"-24,557178","-52,989674",SPRF-PR,DEL04/PR,UOP03-DEL04-PR
756224,05/03/2026,quinta-feira,12:20:00,SP,116.0,126,CACAPAVA,Suicídio (presumido),Atropelamento de Pedestre,Com Vítimas Feridas,Pleno dia,Crescente,Sol,Dupla,Reta,Não,4.0,0.0,0.0,1.0,1.0,1.0,0.0,3.0,"-23,10262509","-45,69141789",SPRF-SP,DEL02/SP,UOP02-DEL02-SP
756225,05/03/2026,quinta-feira,13:09:00,GO,60.0,118,TEREZOPOLIS DE GOIAS,Estacionar ou parar em local proibido,Colisão traseira,Com Vítimas Feridas,Pleno dia,Crescente,Céu Claro,Dupla,Aclive,Não,4.0,0.0,1.0,0.0,1.0,2.0,0.0,3.0,"-16,48667091","-49,09550283",SPRF-GO,DEL01/GO,UOP01-DEL01-GO
756226,05/03/2026,quinta-feira,10:30:00,RO,364.0,190,PIMENTA BUENO,Manobra de mudança de faixa,Saída de leito carroçável,Com Vítimas Feridas,Pleno dia,Crescente,Garoa/Chuvisco,Simples,Reta,Não,2.0,0.0,1.0,0.0,1.0,0.0,0.0,4.0,"-11,722","-61,144237",SPRF-RO,DEL02-RO,UOP02-DEL02-RO
756233,26/01/2026,segunda-feira,20:30:00,GO,60.0,39,ALEXANIA,Animais na Pista,Atropelamento de Animal,Com Vítimas Feridas,Plena Noite,Decrescente,Céu Claro,Dupla,Aclive;Ponte,Não,5.0,0.0,1.0,0.0,1.0,3.0,0.0,4.0,"-16,113533","-48,558252",SPRF-DF,DEL03-DF,UOP01-DEL03-DF
756235,05/03/2026,quinta-feira,07:20:00,RJ,493.0,5,ITABORAI,Reação tardia ou ineficiente do condutor,Colisão lateral sentido oposto,Com Vítimas Fatais,Pleno dia,Crescente,Céu Claro,Múltipla,Reta,Sim,3.0,1.0,0.0,1.0,1.0,1.0,0.0,2.0,"-22,73201538","-42,95173645",SPRF-RJ,DEL02/RJ,UOP02-DEL02-RJ
756236,05/03/2026,quinta-feira,14:10:00,PR,153.0,41,SANTO ANTONIO DA PLATINA,Reação tardia ou ineficiente do condutor,Colisão traseira,Com Vítimas Feridas,Pleno dia,Crescente,Céu Claro,Simples,Interseção de Vias;Reta,Sim,3.0,0.0,0.0,2.0,2.0,1.0,0.0,2.0,"-23,29485999","-50,06535022",SPRF-PR,DEL07/PR,UOP04-DEL07-PR
756237,05/03/2026,quinta-feira,11:20:00,SC,280.0,"78,8",CORUPA,Reação tardia ou ineficiente do condutor,Colisão transversal,Sem Vítimas,Pleno dia,Crescente,Céu Claro,Simples,Reta,Não,2.0,0.0,0.0,0.0,0.0,0.0,1.0,2.0,"-26,443343","-49,210448",SPRF-SC,DEL06/SC,UOP03-DEL06-SC
756238,05/03/2026,quinta-feira,14:20:00,RS,290.0,676,URUGUAIANA,Ultrapassagem Indevida,Colisão lateral mesmo sentido,Com Vítimas Feridas,Pleno dia,Crescente,Céu Claro,Simples,Curva,Não,7.0,0.0,5.0,0.0,5.0,1.0,0.0,3.0,"-29,919486","-56,649658",SPRF-RS,DEL13/RS,UOP01-DEL13-RS
756253,05/03/2026,quinta-feira,13:30:00,MS,60.0,"425,2",SIDROLANDIA,Manobra de mudança de faixa,Colisão transversal,Com Vítimas Feridas,Pleno dia,Crescente,Céu Claro,Dupla,Reta,Sim,2.0,0.0,1.0,0.0,1.0,1.0,0.0,2.0,"-20,930981","-54,958433",SPRF-MS,DEL01/MS,UOP04-DEL01-MS
756268,05/03/2026,quinta-feira,09:10:00,BA,242.0,367,LENCOIS,Acumulo de água sobre o pavimento,Colisão traseira,Com Vítimas Feridas,Pleno dia,Decrescente,Chuva,Simples,Reta;Ponte,Não,2.0,0.0,0.0,1.0,1.0,1.0,0.0,2.0,"-12,469225","-41,443632",SPRF-BA,DEL06/BA,UOP01-DEL06-BA
756269,05/03/2026,quinta-feira,17:20:00,RS,293.0,"127,4",PINHEIRO MACHADO,Demais falhas mecânicas ou elétricas,Saída de leito carroçável,Com Vítimas Feridas,Pleno dia,Crescente,Céu Claro,Dupla,Ponte;Reta,Não,1.0,0.0,1.0,0.0,1.0,0.0,0.0,1.0,"-31,499002","-53,569797",SPRF-RS,DEL11/RS,UOP03-DEL11-RS
756270,05/03/2026,quinta-feira,16:00:00,BA,116.0,320,ARACI,Suicídio (presumido),Atropelamento de Pedestre,Com Vítimas Fatais,Pleno dia,Crescente,Céu Claro,Simples,Reta,Sim,3.0,1.0,0.0,0.0,0.0,1.0,0.0,5.0,"-11,333036","-38,955165",SPRF-BA,DEL02/BA,UOP01-DEL02-BA
756277,05/03/2026,quinta-feira,10:00:00,RO,425.0,18,PORTO VELHO,Acessar a via sem observar a presença dos outros veículos,Colisão lateral mesmo sentido,Com Vítimas Feridas,Pleno dia,Decrescente,Nublado,Simples,Reta,Não,2.0,0.0,1.0,0.0,1.0,1.0,0.0,2.0,"-9,84768662","-65,26180816",SPRF-RO,DEL01-RO,UOP03-DEL01-RO
756278,05/03/2026,quinta-feira,14:20:00,RS,116.0,"54,5",VACARIA,Pista Escorregadia,Colisão frontal,Com Vítimas Feridas,Pleno dia,Crescente,Chuva,Múltipla,Curva,Não,2.0,0.0,1.0,0.0,1.0,1.0,0.0,2.0,"-28,613019","-51,042968",SPRF-RS,DEL05/RS,UOP03-DEL05-RS
756279,05/03/2026,quinta-feira,11:00:00,MA,222.0,406,SANTA LUZIA,Ausência de reação do condutor,Engavetamento,Com Vítimas Feridas,Pleno dia,Crescente,Céu Claro,Simples,Reta;Em Obras,Sim,4.0,0.0,1.0,0.0,1.0,3.0,0.0,3.0,"-3,952955","-45,655347",SPRF-MA,DEL02-MA,UOP01-DEL02-MA
756284,09/02/2026,segunda-feira,13:00:00,CE,20.0,369,CANINDE,Transitar na contramão,Colisão transversal,Com Vítimas Feridas,Pleno dia,Crescente,Céu Claro,Simples,Reta,Não,4.0,0.0,2.0,0.0,2.0,1.0,0.0,5.0,"-4,33318318","-39,28708696",SPRF-CE,DEL02/CE,UOP01-DEL02-CE
756290,05/03/2026,quinta-feira,17:30:00,MT,70.0,"0,3",BARRA DO GARCAS,Demais falhas mecânicas ou elétricas,Colisão lateral mesmo sentido,Sem Vítimas,Anoitecer,Decrescente,Céu Claro,Simples,Declive,Sim,5.0,0.0,0.0,0.0,0.0,5.0,0.0,5.0,"-15,89380933","-52,2588465",SPRF-MT,DEL07/MT,UOP01-DEL07-MT
756293,05/03/2026,quinta-feira,19:15:00,MG,459.0,"83,3",CONGONHAL,Animais na Pista,Atropelamento de Animal,Com Vítimas Feridas,Plena Noite,Decrescente,Céu Claro,Simples,Reta,Não,3.0,0.0,1.0,0.0,1.0,2.0,0.0,3.0,"-22,155125","-46,0792797",SPRF-MG,DEL09/MG,UOP01-DEL09-MG
756294,05/03/2026,quinta-feira,16:45:00,MG,40.0,196,JOAO PINHEIRO,Velocidade Incompatível,Tombamento,Sem Vítimas,Pleno dia,Decrescente,Céu Claro,Simples,Declive;Curva,Não,2.0,0.0,0.0,0.0,0.0,0.0,1.0,3.0,"-17,995579","-45,840693",SPRF-MG,DEL14/MG,UOP02-DEL14-MG
756304,05/03/2026,quinta-feira,18:10:00,MG,116.0,375,MATHIAS LOBATO,Ingestão de substâncias psicoativas pelo condutor,Colisão traseira,Com Vítimas Feridas,Anoitecer,Crescente,Céu Claro,Simples,Curva,Sim,4.0,0.0,1.0,0.0,1.0,3.0,0.0,3.0,"-18,57463949","-41,91468984",SPRF-MG,DEL06/MG,UOP01-DEL06-MG
756311,05/03/2026,quinta-feira,19:55:00,RJ,101.0,205,CASIMIRO DE ABREU,Acessar a via sem observar a presença dos outros veículos,Colisão transversal,Sem Vítimas,Plena Noite,Crescente,Céu Claro,Simples,Reta;Interseção de Vias,Sim,2.0,0.0,0.0,0.0,0.0,2.0,0.0,2.0,"-22,47625287","-42,19903498",SPRF-RJ,DEL08/RJ,UOP04-DEL08-RJ
756317,05/03/2026,quinta-feira,20:17:00,MG,381.0,"925,8",ITAPEVA,Demais falhas mecânicas ou elétricas,Incêndio,Sem Vítimas,Plena Noite,Crescente,Céu Claro,Dupla,Reta,Não,3.0,0.0,0.0,0.0,0.0,1.0,0.0,3.0,"-22,76830705","-46,20929003",SPRF-MG,DEL16/MG,UOP03-DEL16-MG
756318,05/03/2026,quinta-feira,18:30:00,RJ,393.0,186,PARAIBA DO SUL,Velocidade Incompatível,Colisão transversal,Com Vítimas Fatais,Anoitecer,Crescente,Céu Claro,Simples,Reta,Não,2.0,1.0,0.0,0.0,0.0,1.0,0.0,2.0,"-22,16673991","-43,32016468",SPRF-RJ,DEL05/RJ,UOP03-DEL05-RJ
756319,05/03/2026,quinta-feira,21:00:00,PR,376.0,"673,8",GUARATUBA,Reação tardia ou ineficiente do condutor,Saída de leito carroçável,Com Vítimas Feridas,Plena Noite,Crescente,Céu Claro,Simples,Reta;Declive,Não,2.0,0.0,1.0,0.0,1.0,0.0,0.0,2.0,"-25,915969","-48,917919",SPRF-PR,DEL01/PR,UOP04-DEL01-PR
756320,05/03/2026,quinta-feira,19:30:00,MG,40.0,81,PARACATU,Demais falhas mecânicas ou elétricas,Incêndio,Sem Vítimas,Plena Noite,Crescente,Céu Claro,Simples,Reta,Não,2.0,0.0,0.0,0.0,0.0,1.0,0.0,3.0,"-17,46566613","-46,65226221",SPRF-MG,DEL14/MG,UOP01-DEL14-MG
756326,05/03/2026,quinta-feira,09:00:00,GO,50.0,"163,3",CAMPO ALEGRE DE GOIAS,Velocidade Incompatível,Tombamento,Sem Vítimas,Pleno dia,Decrescente,Céu Claro,Dupla,Curva,Não,2.0,0.0,0.0,0.0,0.0,0.0,1.0,2.0,"-17,284261","-47,758279",SPRF-GO,DEL06/GO,UOP01-DEL06-GO
756330,05/03/2026,quinta-feira,20:00:00,MS,262.0,"409,7",TERENOS,Pedestre andava na pista,Eventos atípicos,Com Vítimas Fatais,Plena Noite,Crescente,Céu Claro,Simples,Reta,Não,2.0,1.0,0.0,0.0,0.0,1.0,0.0,2.0,"-20,439","-55,111",SPRF-MS,DEL01/MS,UOP03-DEL01-MS
756331,05/03/2026,quinta-feira,17:00:00,MG,381.0,567,ITAGUARA,Velocidade Incompatível,Tombamento,Com Vítimas Feridas,Pleno dia,Decrescente,Céu Claro,Dupla,Curva;Aclive,Não,2.0,0.0,1.0,0.0,1.0,0.0,0.0,2.0,"-20,40255428","-44,50967211",SPRF-MG,DEL04/MG,UOP03-DEL04-MG
756335,05/03/2026,quinta-feira,20:30:00,MG,365.0,"706,5",MONTE ALEGRE DE MINAS,Velocidade Incompatível,Colisão traseira,Com Vítimas Fatais,Plena Noite,Crescente,Céu Claro,Dupla,Declive;Curva,Não,5.0,1.0,0.0,0.0,0.0,1.0,0.0,6.0,"-18,87783","-49,059052",SPRF-MG,DEL15/MG,UOP03-DEL15-MG
756345,06/03/2026,sexta-feira,04:27:00,MG,50.0,"48,5",ARAGUARI,Deficiência do Sistema de Iluminação/Sinalização,Incêndio,Sem Vítimas,Plena Noite,Decrescente,Céu Claro,Dupla,Reta,Não,1.0,0.0,0.0,0.0,0.0,1.0,0.0,1.0,"-18,7315672","-48,2152555",SPRF-MG,DEL15/MG,UOP02-DEL15-MG
756358,06/03/2026,sexta-feira,07:15:00,MG,40.0,402,CURVELO,Ausência de reação do condutor,Colisão lateral sentido oposto,Com Vítimas Feridas,Pleno dia,Crescente,Nublado,Simples,Reta,Não,3.0,0.0,1.0,0.0,1.0,1.0,0.0,4.0,"-19,046","-44,654",SPRF-MG,DEL02/MG,UOP01-DEL02-MG
756359,06/03/2026,sexta-feira,07:15:00,PE,101.0,"64,8",RECIFE,Demais falhas mecânicas ou elétricas,Tombamento,Com Vítimas Fatais,Pleno dia,Crescente,Céu Claro,Dupla,Ponte;Reta,Sim,2.0,1.0,0.0,0.0,0.0,0.0,0.0,2.0,"-8,02245","-34,94325",SPRF-PE,DEL01/PE,UOP01-DEL01-PE
756360,06/03/2026,sexta-feira,07:00:00,PR,277.0,635,CEU AZUL,Ausência de reação do condutor,Colisão lateral sentido oposto,Com Vítimas Feridas,Pleno dia,Decrescente,Céu Claro,Simples,Reta,Não,1.0,0.0,1.0,0.0,1.0,0.0,0.0,1.0,"-25,1261","-53,8189",SPRF-PR,DEL05/PR,UOP02-DEL05-PR
756366,06/03/2026,sexta-feira,05:00:00,RJ,116.0,182,NOVA IGUACU,Condutor deixou de manter distância do veículo da frente,Engavetamento,Com Vítimas Feridas,Amanhecer,Decrescente,Céu Claro,Múltipla,Reta,Sim,7.0,0.0,1.0,1.0,2.0,4.0,0.0,6.0,"-22,74925834","-43,44255321",SPRF-RJ,DEL06/RJ,UOP01-DEL06-RJ
756373,06/03/2026,sexta-feira,08:00:00,MG,40.0,"613,6",CONGONHAS,Manobra de mudança de faixa,Colisão lateral mesmo sentido,Com Vítimas Feridas,Pleno dia,Crescente,Sol,Simples,Reta,Sim,6.0,0.0,1.0,0.0,1.0,4.0,0.0,4.0,"-20,523044","-43,829391",SPRF-MG,DEL05/MG,UOP02-DEL05-MG
756374,05/03/2026,quinta-feira,17:50:00,MT,163.0,1110,GUARANTA DO NORTE,Velocidade Incompatível,Colisão lateral sentido oposto,Com Vítimas Fatais,Anoitecer,Decrescente,Céu Claro,Simples,Declive,Não,3.0,1.0,0.0,0.0,0.0,1.0,0.0,4.0,"-9,6033782","-54,88294814",SPRF-MT,DEL06/MT,UOP03-DEL06-MT
756376,06/03/2026,sexta-feira,06:30:00,MT,364.0,400,CUIABA,Acessar a via sem observar a presença dos outros veículos,Queda de ocupante de veículo,Com Vítimas Feridas,Amanhecer,Decrescente,Céu Claro,Dupla,Reta,Sim,2.0,0.0,1.0,0.0,1.0,0.0,0.0,2.0,"-15,66229","-55,97025",SPRF-MT,DEL01/MT,UOP02-DEL01-MT
756378,06/03/2026,sexta-feira,07:30:00,PI,230.0,199,OEIRAS,Ausência de reação do condutor,Colisão traseira,Com Vítimas Feridas,Pleno dia,Crescente,Nublado,Simples,Reta,Não,2.0,0.0,1.0,0.0,1.0,1.0,0.0,2.0,"-7,01373847","-42,13533461",SPRF-PI,DEL04-PI,UOP01-DEL04-PI
756382,06/03/2026,sexta-feira,08:00:00,SC,101.0,"20,5",BIGUACU,Demais falhas mecânicas ou elétricas,Incêndio,Sem Vítimas,Pleno dia,Decrescente,Céu Claro,Dupla,Reta;Viaduto,Não,1.0,0.0,0.0,0.0,0.0,1.0,0.0,1.0,"-27,49472696","-48,71370074",SPRF-SC,DEL01/SC,UOP02-DEL01-SC
756384,06/03/2026,sexta-feira,08:15:00,SC,470.0,4,NAVEGANTES,Manobra de mudança de faixa,Tombamento,Com Vítimas Feridas,Pleno dia,Decrescente,Céu Claro,Dupla,Reta,Sim,3.0,0.0,1.0,0.0,1.0,1.0,0.0,3.0,"-26,85588794","-48,69980559",SPRF-SC,DEL04/SC,UOP04-DEL04-SC
756387,10/02/2026,terça-feira,20:30:00,PR,153.0,"187,7",TIBAGI,Reação tardia ou ineficiente do condutor,Colisão lateral sentido oposto,Com Vítimas Feridas,Plena Noite,Decrescente,Céu Claro,Simples,Reta,Não,2.0,0.0,0.0,1.0,1.0,0.0,0.0,2.0,"-24,41095","-50,35962",SPRF-PR,DEL03/PR,UOP02-DEL03-PR
756394,06/03/2026,sexta-feira,08:35:00,MG,153.0,58,MONTE ALEGRE DE MINAS,Ausência de reação do condutor,Colisão lateral mesmo sentido,Com Vítimas Feridas,Pleno dia,Crescente,Céu Claro,Dupla,Reta;Aclive,Não,3.0,0.0,1.0,0.0,1.0,1.0,0.0,6.0,"-18,87537","-49,05962",SPRF-MG,DEL15/MG,UOP03-DEL15-MG
756396,03/02/2026,terça-feira,06:30:00,MA,230.0,336,SAO RAIMUNDO DAS MANGABEIRAS,Acessar a via sem observar a presença dos outros veículos,Colisão transversal,Com Vítimas Feridas,Pleno dia,Crescente,Nevoeiro/Neblina,Simples,Reta,Sim,3.0,0.0,1.0,0.0,1.0,1.0,0.0,5.0,"-7,10843036","-45,64736724",SPRF-MA,DEL05-MA,UOP01-DEL05-MA
756399,06/03/2026,sexta-feira,01:50:00,MA,226.0,401,GRAJAU,Ausência de reação do condutor,Colisão traseira,Com Vítimas Feridas,Plena Noite,Crescente,Chuva,Simples,Reta,Não,2.0,0.0,0.0,1.0,1.0,1.0,0.0,2.0,"-5,742692","-46,020027",SPRF-MA,DEL06-MA,UOP01-DEL06-MA
756401,06/03/2026,sexta-feira,10:15:00,RS,116.0,266,CANOAS,Manobra de mudança de faixa,Colisão lateral mesmo sentido,Com Vítimas Feridas,Pleno dia,Decrescente,Céu Claro,Dupla,Reta;Em Obras,Sim,3.0,0.0,1.0,0.0,1.0,2.0,0.0,2.0,"-29,92888365","-51,1774637",SPRF-RS,DEL01/RS,UOP01-DEL01-RS
756410,06/03/2026,sexta-feira,09:40:00,MG,381.0,415,CAETE,Demais falhas mecânicas ou elétricas,Incêndio,Sem Vítimas,Pleno dia,Decrescente,Céu Claro,Simples,Reta,Sim,1.0,0.0,0.0,0.0,0.0,1.0,0.0,1.0,"-19,75680123","-43,6346154",SPRF-MG,DEL01/MG,UOP01-DEL01-MG
756413,06/03/2026,sexta-feira,11:20:00,RS,290.0,109,ELDORADO DO SUL,Ausência de reação do condutor,Colisão traseira,Com Vítimas Feridas,Pleno dia,Decrescente,Céu Claro,Dupla,Reta,Sim,2.0,0.0,0.0,1.0,1.0,1.0,0.0,2.0,"-30,0167581","-51,317827",SPRF-RS,DEL02/RS,UOP01-DEL02-RS
756414,27/02/2026,sexta-feira,21:45:00,PR,376.0,4,APUCARANA,Condutor deixou de manter distância do veículo da frente,Colisão traseira,Com Vítimas Feridas,Plena Noite,Crescente,Céu Claro,Dupla,Reta;Interseção de Vias,Sim,5.0,0.0,1.0,0.0,1.0,3.0,0.0,3.0,"-23,5564748","-51,4429997",SPRF-PR,DEL07/PR,UOP03-DEL07-PR
756417,06/03/2026,sexta-feira,10:17:00,CE,20.0,"297,1",CANINDE,Ultrapassagem Indevida,Colisão lateral mesmo sentido,Com Vítimas Feridas,Pleno dia,Decrescente,Céu Claro,Simples,Aclive;Curva,Não,3.0,0.0,1.0,0.0,1.0,1.0,0.0,3.0,"-4,438162","-39,333375",SPRF-CE,DEL02/CE,UOP01-DEL02-CE
756423,06/03/2026,sexta-feira,12:00:00,PR,376.0,104,PARANAVAI,Condutor Dormindo,Tombamento,Com Vítimas Feridas,Pleno dia,Decrescente,Céu Claro,Dupla,Reta,Não,2.0,0.0,1.0,0.0,1.0,0.0,0.0,2.0,"-23,047","-52,4594",SPRF-PR,DEL09/PR,UOP02-DEL09-PR
756427,23/02/2026,segunda-feira,01:30:00,SC,101.0,208,SAO JOSE,Ingestão de álcool pelo condutor,Colisão lateral mesmo sentido,Sem Vítimas,Plena Noite,Crescente,Céu Claro,Simples,Reta,Sim,3.0,0.0,0.0,0.0,0.0,2.0,0.0,3.0,"-27,60443","-48,63334",SPRF-SC,DEL01/SC,UOP01-DEL01-SC
756431,06/03/2026,sexta-feira,12:40:00,RS,285.0,340,CARAZINHO,Mal súbito do condutor,Saída de leito carroçável,Sem Vítimas,Pleno dia,Crescente,Céu Claro,Simples,Reta,Sim,1.0,0.0,0.0,0.0,0.0,1.0,0.0,1.0,"-28,31811267","-52,80839793",SPRF-RS,DEL08/RS,UOP03-DEL08-RS
756435,06/03/2026,sexta-feira,12:50:00,PB,230.0,17,JOAO PESSOA,Manobra de mudança de faixa,Colisão lateral mesmo sentido,Com Vítimas Feridas,Pleno dia,Decrescente,Céu Claro,Múltipla,Retorno Regulamentado,Sim,3.0,0.0,1.0,0.0,1.0,2.0,0.0,2.0,"-7,11818344","-34,84360009",SPRF-PB,DEL01-PB,UOP01-DEL01-PB
756436,06/03/2026,sexta-feira,11:30:00,AL,316.0,"76,7",POCO DAS TRINCHEIRAS,Demais falhas mecânicas ou elétricas,Saída de leito carroçável,Com Vítimas Feridas,Pleno dia,Crescente,Céu Claro,Simples,Reta;Aclive,Não,3.0,0.0,1.0,0.0,1.0,0.0,0.0,2.0,"-9,32862","-37,3018",SPRF-AL,DEL03-AL,UOP02-DEL03-AL
756437,18/01/2026,domingo,00:50:00,SC,101.0,"325,1",CAPIVARI DE BAIXO,Ingestão de álcool pelo condutor,Colisão com objeto,Sem Vítimas,Plena Noite,Crescente,Nublado,Múltipla,Reta;Declive,Não,3.0,0.0,0.0,0.0,0.0,1.0,0.0,2.0,"-28,425934","-48,944438",SPRF-SC,DEL02/SC,UOP01-DEL02-SC
756438,06/03/2026,sexta-feira,12:00:00,RJ,116.0,216,PARACAMBI,Manobra de mudança de faixa,Colisão com objeto,Com Vítimas Feridas,Pleno dia,Decrescente,Céu Claro,Dupla,Curva,Não,3.0,0.0,1.0,0.0,1.0,1.0,0.0,2.0,"-22,69416996","-43,77047539",SPRF-RJ,DEL06/RJ,UOP02-DEL06-RJ
756439,20/02/2026,sexta-feira,20:20:00,MA,10.0,274,IMPERATRIZ,Ultrapassagem Indevida,Colisão frontal,Com Vítimas Feridas,Plena Noite,Crescente,Nublado,Simples,Reta;Aclive,Não,3.0,0.0,0.0,2.0,2.0,0.0,0.0,4.0,"-5,33667238","-47,48840902",SPRF-MA,DEL04-MA,UOP01-DEL04-MA
756441,06/03/2026,sexta-feira,13:28:00,PR,116.0,"78,9",PIRAQUARA,Demais falhas mecânicas ou elétricas,Colisão traseira,Sem Vítimas,Pleno dia,Crescente,Céu Claro,Dupla,Reta,Não,5.0,0.0,0.0,0.0,0.0,4.0,0.0,5.0,"-25,409157","-49,062818",SPRF-PR,DEL01/PR,UOP02-DEL01-PR
756447,06/03/2026,sexta-feira,12:20:00,SC,470.0,42,GASPAR,Condutor deixou de manter distância do veículo da frente,Colisão lateral mesmo sentido,Sem Vítimas,Pleno dia,Decrescente,Céu Claro,Simples,Reta,Não,3.0,0.0,0.0,0.0,0.0,3.0,0.0,3.0,"-26,87475051","-49,01196811",SPRF-SC,DEL04/SC,UOP01-DEL04-SC
756452,06/03/2026,sexta-feira,14:00:00,PR,376.0,349,ORTIGUEIRA,Acessar a via sem observar a presença dos outros veículos,Colisão traseira,Sem Vítimas,Pleno dia,Crescente,Céu Claro,Múltipla,Declive;Reta,Sim,3.0,0.0,0.0,0.0,0.0,2.0,0.0,4.0,"-24,21387625","-50,9396553",SPRF-PR,DEL07/PR,UOP02-DEL07-PR
756460,06/03/2026,sexta-feira,15:30:00,RJ,101.0,"77,1",CAMPOS DOS GOYTACAZES,Mal súbito do condutor,Saída de leito carroçável,Com Vítimas Fatais,Pleno dia,Crescente,Sol,Simples,Reta,Sim,2.0,1.0,0.0,0.0,0.0,0.0,0.0,7.0,"-21,83377495","-41,41639709",SPRF-RJ,DEL08/RJ,UOP02-DEL08-RJ
756471,06/03/2026,sexta-feira,15:50:00,RJ,101.0,428,MANGARATIBA,Demais falhas mecânicas ou elétricas,Incêndio,Sem Vítimas,Pleno dia,Crescente,Nublado,Simples,Reta,Não,2.0,0.0,0.0,0.0,0.0,1.0,0.0,2.0,"-22,93808","-44,00585",SPRF-RJ,DEL03/RJ,UOP02-DEL03-RJ