id,data_inversa,dia_semana,horario,uf,br,km,municipio,causa_acidente,tipo_acidente,classificacao_acidente,fase_dia,sentido_via,condicao_metereologica,tipo_pista,tracado_via,uso_solo,pessoas,mortos,feridos_leves,feridos_graves,feridos,ilesos,ignorados,veiculos,latitude,longitude,regional,delegacia,uop
756480,06/03/2026,sexta-feira,16:35:00,PR,163.0,152,SANTA LUCIA,Velocidade Incompatível,Saída de leito carroçável,Com Vítimas Feridas,Pleno dia,Decrescente,Céu Claro,Dupla,Reta;Declive,Não,1.0,0.0,1.0,0.0,1.0,0.0,0.0,1.0,"-25,378078","-53,575563",SPRF-PR,DEL05/PR,UOP05-DEL05-PR
756483,06/03/2026,sexta-feira,16:55:00,SC,116.0,146,ITAPEMA,Reação tardia ou ineficiente do condutor,Colisão lateral mesmo sentido,Sem Vítimas,Pleno dia,Decrescente,Céu Claro,Simples,Reta,Sim,3.0,0.0,0.0,0.0,0.0,2.0,0.0,4.0,"-27,08926596","-48,61312866",SPRF-SC,DEL06/SC,UOP02-DEL06-SC
756485,06/03/2026,sexta-feira,09:00:00,MT,163.0,"834,8",SINOP,Velocidade Incompatível,Saída de leito carroçável,Sem Vítimas,Pleno dia,Decrescente,Nublado,Simples,Reta,Sim,2.0,0.0,0.0,0.0,0.0,1.0,0.0,2.0,"-11,86298413","-55,49573493",SPRF-MT,DEL06/MT,UOP02-DEL06-MT
756488,06/03/2026,sexta-feira,15:00:00,MT,364.0,356,SANTO ANTONIO DO LEVERGER,Reação tardia ou ineficiente do condutor,Colisão traseira,Sem Vítimas,Pleno dia,Decrescente,Nublado,Dupla,Curva;Declive,Não,3.0,0.0,0.0,0.0,0.0,2.0,0.0,6.0,"-15,801263","-55,658848",SPRF-MT,DEL05/MT,UOP02-DEL05-MT
756496,06/03/2026,sexta-feira,16:40:00,MG,50.0,179,UBERABA,Condutor deixou de manter distância do veículo da frente,Engavetamento,Com Vítimas Feridas,Pleno dia,Crescente,Chuva,Dupla,Reta,Sim,7.0,0.0,2.0,0.0,2.0,5.0,0.0,3.0,"-19,77818","-47,92693",SPRF-MG,DEL13/MG,UOP01-DEL13-MG
756501,06/03/2026,sexta-feira,13:55:00,MT,163.0,"540,6",DIAMANTINO,Ausência de reação do condutor,Saída de leito carroçável,Com Vítimas Feridas,Pleno dia,Decrescente,Nublado,Dupla,Declive;Curva,Não,1.0,0.0,1.0,0.0,1.0,0.0,0.0,1.0,"-14,40184491","-56,10898018",SPRF-MT,DEL01/MT,UOP01-DEL01-MT
756502,06/03/2026,sexta-feira,12:30:00,MG,367.0,380,PATOS DE MINAS,Pista Escorregadia,Colisão transversal,Sem Vítimas,Pleno dia,Crescente,Chuva,Simples,Reta;Declive,Não,4.0,0.0,0.0,0.0,0.0,3.0,0.0,4.0,"-18,66621014","-46,53048534",SPRF-MG,DEL11/MG,UOP02-DEL11-MG
756504,06/03/2026,sexta-feira,14:10:00,MG,40.0,211,JOAO PINHEIRO,Chuva,Colisão frontal,Com Vítimas Feridas,Pleno dia,Decrescente,Chuva,Simples,Curva,Não,5.0,0.0,3.0,0.0,3.0,1.0,0.0,4.0,"-17,980117","-45,719338",SPRF-MG,DEL14/MG,UOP02-DEL14-MG
756514,06/03/2026,sexta-feira,19:00:00,CE,222.0,304,TIANGUA,Ingestão de álcool pelo condutor,Colisão com objeto,Sem Vítimas,Plena Noite,Decrescente,Nublado,Simples,Reta,Não,2.0,0.0,0.0,0.0,0.0,1.0,0.0,2.0,"-3,663389","-40,949919",SPRF-CE,DEL04/CE,UOP02-DEL04-CE
756515,06/03/2026,sexta-feira,19:20:00,RS,153.0,635,BAGE,Desrespeitar a preferência no cruzamento,Colisão transversal,Com Vítimas Feridas,Plena Noite,Decrescente,Chuva,Simples,Reta;Retorno Regulamentado;Rotatória,Sim,4.0,0.0,0.0,1.0,1.0,1.0,0.0,4.0,"-31,384797","-54,116221",SPRF-RS,DEL11/RS,UOP03-DEL11-RS
756523,09/01/2026,sexta-feira,02:40:00,RJ,101.0,310,SAO GONCALO,Suicídio (presumido),Atropelamento de Pedestre,Com Vítimas Fatais,Plena Noite,Crescente,Céu Claro,Dupla,Reta,Não,2.0,1.0,0.0,0.0,0.0,0.0,0.0,2.0,"-22,7967934","-43,0432714",SPRF-RJ,DEL02/RJ,UOP02-DEL02-RJ
756524,06/03/2026,sexta-feira,20:00:00,MG,116.0,"630,3",DIVINO,Condutor deixou de manter distância do veículo da frente,Colisão traseira,Com Vítimas Feridas,Plena Noite,Decrescente,Nublado,Simples,Declive;Reta,Não,6.0,0.0,4.0,1.0,5.0,1.0,0.0,3.0,"-20,59390182","-42,20801353",SPRF-MG,DEL07/MG,UOP02-DEL07-MG
756525,06/03/2026,sexta-feira,19:10:00,SC,470.0,163,TROMBUDO CENTRAL,Acessar a via sem observar a presença dos outros veículos,Colisão transversal,Com Vítimas Feridas,Plena Noite,Decrescente,Céu Claro,Simples,Reta,Sim,3.0,0.0,1.0,0.0,1.0,1.0,0.0,3.0,"-27,2797887","-49,8281695",SPRF-SC,DEL04/SC,UOP02-DEL04-SC
756529,06/03/2026,sexta-feira,20:00:00,MG,50.0,"119,2",UBERABA,Acessar a via sem observar a presença dos outros veículos,Colisão traseira,Com Vítimas Feridas,Plena Noite,Decrescente,Chuva,Dupla,Reta;Retorno Regulamentado,Não,5.0,0.0,1.0,0.0,1.0,3.0,0.0,3.0,"-19,30183804","-48,11317563",SPRF-MG,DEL13/MG,UOP01-DEL13-MG
756534,06/03/2026,sexta-feira,20:00:00,TO,10.0,431,PORTO NACIONAL,Acessar a via sem observar a presença dos outros veículos,Colisão transversal,Com Vítimas Feridas,Plena Noite,Crescente,Ignorado,Simples,Reta,Não,2.0,0.0,0.0,1.0,1.0,0.0,0.0,2.0,"-10,50053","-48,35432",SPRF-TO,DEL01-TO,UOP03-DEL01-TO
756538,06/03/2026,sexta-feira,19:20:00,RJ,40.0,123,DUQUE DE CAXIAS,Iluminação deficiente,Colisão traseira,Com Vítimas Feridas,Plena Noite,Crescente,Céu Claro,Múltipla,Reta,Não,4.0,0.0,1.0,0.0,1.0,3.0,0.0,3.0,"-22,80154212","-43,28911908",SPRF-RJ,DEL01/RJ,UOP02-DEL01-RJ
756539,06/03/2026,sexta-feira,19:55:00,PE,316.0,"60,5",TRINDADE,Transitar na contramão,Colisão frontal,Com Vítimas Feridas,Plena Noite,Crescente,Nublado,Simples,Reta,Não,2.0,0.0,0.0,1.0,1.0,1.0,0.0,2.0,"-7,77005418","-40,2584535",SPRF-PE,DEL05/PE,UOP02-DEL05-PE
756542,06/03/2026,sexta-feira,19:40:00,PR,476.0,184,LAPA,Reação tardia ou ineficiente do condutor,Colisão lateral sentido oposto,Com Vítimas Feridas,Plena Noite,Crescente,Céu Claro,Simples,Reta,Não,9.0,0.0,4.0,0.0,4.0,4.0,0.0,4.0,"-25,71656909","-49,64003921",SPRF-PR,DEL01/PR,UOP06-DEL01-PR
756547,06/03/2026,sexta-feira,20:40:00,SP,153.0,30,NOVA GRANADA,Ingestão de substâncias psicoativas pelo condutor,Colisão frontal,Com Vítimas Feridas,Plena Noite,Crescente,Céu Claro,Simples,Reta,Não,4.0,0.0,3.0,0.0,3.0,0.0,0.0,3.0,"-20,543028","-49,33034",SPRF-SP,DEL09/SP,UOP01-DEL09-SP
756553,06/03/2026,sexta-feira,14:45:00,PI,135.0,"126,2",BERTOLINIA,Ausência de reação do condutor,Saída de leito carroçável,Com Vítimas Fatais,Pleno dia,Crescente,Céu Claro,Simples,Curva,Não,2.0,1.0,0.0,0.0,0.0,0.0,0.0,2.0,"-7,66000281","-43,9541924",SPRF-PI,DEL03-PI,UOP01-DEL03-PI
756560,06/03/2026,sexta-feira,21:40:00,RN,304.0,28,MOSSORO,Ingestão de álcool pelo condutor,Colisão lateral sentido oposto,Sem Vítimas,Plena Noite,Crescente,Céu Claro,Simples,Reta,Não,4.0,0.0,0.0,0.0,0.0,4.0,0.0,4.0,"-5,098987","-37,337032",SPRF-RN,DEL04-RN,UOP02-DEL04-RN
756562,06/03/2026,sexta-feira,18:50:00,RO,364.0,453,ARIQUEMES,Reação tardia ou ineficiente do condutor,Colisão lateral mesmo sentido,Com Vítimas Feridas,Anoitecer,Decrescente,Céu Claro,Simples,Declive;Reta,Não,4.0,0.0,1.0,0.0,1.0,3.0,0.0,2.0,"-10,2786999","-62,682345",SPRF-RO,DEL03-RO,UOP02-DEL03-RO
756570,06/03/2026,sexta-feira,20:00:00,MT,163.0,776,SORRISO,Ingestão de álcool pelo condutor,Derramamento de carga,Sem Vítimas,Plena Noite,Crescente,Céu Claro,Dupla,Reta,Não,2.0,0.0,0.0,0.0,0.0,1.0,0.0,4.0,"-12,32926911","-55,58532715",SPRF-MT,DEL06/MT,UOP02-DEL06-MT
756571,06/03/2026,sexta-feira,21:45:00,PR,153.0,"38,8",SANTO ANTONIO DA PLATINA,Chuva,Colisão com objeto,Com Vítimas Feridas,Plena Noite,Decrescente,Chuva,Simples,Aclive;Curva,Não,3.0,0.0,1.0,0.0,1.0,1.0,0.0,3.0,"-23,27342937","-50,05592895",SPRF-PR,DEL07/PR,UOP04-DEL07-PR
756575,06/03/2026,sexta-feira,23:20:00,SC,101.0,"103,3",BALNEARIO PICARRAS,Ingestão de álcool pelo condutor,Atropelamento de Pedestre,Com Vítimas Feridas,Plena Noite,Crescente,Nublado,Dupla,Em Obras;Reta,Não,8.0,0.0,1.0,4.0,5.0,1.0,0.0,3.0,"-26,78745","-48,681991",SPRF-SC,DEL03/SC,UOP02-DEL03-SC
756581,06/03/2026,sexta-feira,19:15:00,RS,287.0,"334,5",SAO VICENTE DO SUL,Ingestão de álcool pelo condutor,Colisão frontal,Sem Vítimas,Plena Noite,Decrescente,Chuva,Simples,Curva,Não,5.0,0.0,0.0,0.0,0.0,5.0,0.0,3.0,"-29,62455827","-54,67884913",SPRF-RS,DEL12/RS,UOP02-DEL12-RS
756591,06/03/2026,sexta-feira,23:00:00,CE,222.0,"125,5",ITAPAJE,Acessar a via sem observar a presença dos outros veículos,Colisão lateral mesmo sentido,Com Vítimas Feridas,Plena Noite,Crescente,Céu Claro,Simples,Reta,Sim,2.0,0.0,0.0,1.0,1.0,1.0,0.0,2.0,"-3,69740968","-39,60126042",SPRF-CE,DEL04/CE,UOP03-DEL04-CE
756600,07/03/2026,sábado,01:30:00,PI,407.0,439,GEMINIANO,Pedestre andava na pista,Atropelamento de Pedestre,Com Vítimas Feridas,Plena Noite,Decrescente,Céu Claro,Simples,Reta,Não,2.0,0.0,0.0,1.0,1.0,1.0,0.0,2.0,"-7,22087415","-41,27922535",SPRF-PI,DEL04-PI,UOP01-DEL04-PI
756605,07/03/2026,sábado,03:00:00,ES,101.0,"31,9",CONCEICAO DA BARRA,Ultrapassagem Indevida,Colisão lateral mesmo sentido,Com Vítimas Feridas,Plena Noite,Crescente,Céu Claro,Simples,Reta;Declive,Não,2.0,0.0,1.0,0.0,1.0,1.0,0.0,2.0,"-18,45432584","-39,93082808",SPRF-ES,DEL04-ES,UOP02-DEL04-ES
756606,07/03/2026,sábado,01:30:00,PR,277.0,191,PALMEIRA,Reação tardia ou ineficiente do condutor,Tombamento,Com Vítimas Feridas,Plena Noite,Crescente,Céu Claro,Simples,Aclive;Reta,Não,3.0,0.0,2.0,0.0,2.0,1.0,0.0,1.0,"-25,42749","-50,13121",SPRF-PR,DEL08/PR,UOP02-DEL08-PR
756633,07/03/2026,sábado,05:17:00,PE,232.0,343,CUSTODIA,Transitar na contramão,Colisão frontal,Com Vítimas Feridas,Amanhecer,Crescente,Céu Claro,Simples,Reta,Não,2.0,0.0,0.0,1.0,1.0,1.0,0.0,2.0,"-8,088682","-37,726313",SPRF-PE,DEL04/PE,UOP02-DEL04-PE
756635,06/03/2026,sexta-feira,18:10:00,PR,272.0,557,TERRA ROXA,Ingestão de álcool pelo condutor,Colisão lateral mesmo sentido,Com Vítimas Feridas,Pleno dia,Crescente,Céu Claro,Simples,Curva,Não,2.0,0.0,1.0,0.0,1.0,1.0,0.0,2.0,"-24,0851931","-54,1280462",SPRF-PR,DEL06/PR,UOP01-DEL06-PR
756640,07/03/2026,sábado,08:00:00,MG,381.0,355,SAO GONCALO DO RIO ABAIXO,Velocidade Incompatível,Tombamento,Com Vítimas Feridas,Pleno dia,Crescente,Céu Claro,Simples,Curva;Declive,Não,4.0,0.0,0.0,3.0,3.0,0.0,0.0,5.0,"-19,85758756","-43,2189703",SPRF-MG,DEL03/MG,UOP01-DEL03-MG
756649,07/03/2026,sábado,07:55:00,SP,153.0,"13,1",ICEM,Ingestão de álcool pelo condutor,Saída de leito carroçável,Com Vítimas Feridas,Pleno dia,Crescente,Chuva,Simples,Reta,Não,3.0,0.0,0.0,1.0,1.0,1.0,0.0,3.0,"-20,41023147","-49,25264239",SPRF-SP,DEL09/SP,UOP01-DEL09-SP
756657,04/03/2026,quarta-feira,07:30:00,RJ,116.0,169,RIO DE JANEIRO,Ausência de reação do condutor,Colisão lateral mesmo sentido,Com Vítimas Feridas,Amanhecer,Decrescente,Céu Claro,Dupla,Curva,Não,2.0,0.0,1.0,0.0,1.0,1.0,0.0,2.0,"-22,81875706","-43,32071535",SPRF-RJ,DEL06/RJ,UOP01-DEL06-RJ
756658,23/02/2026,segunda-feira,23:00:00,RS,386.0,319,MARQUES DE SOUZA,Reação tardia ou ineficiente do condutor,Colisão traseira,Com Vítimas Feridas,Plena Noite,Crescente,Céu Claro,Simples,Reta;Em Obras,Não,3.0,0.0,1.0,0.0,1.0,2.0,0.0,2.0,"-29,280091","-52,13243",SPRF-RS,DEL04/RS,UOP01-DEL04-RS
756665,07/03/2026,sábado,01:00:00,CE,116.0,90,CASCAVEL,Reação tardia ou ineficiente do condutor,Saída de leito carroçável,Com Vítimas Feridas,Plena Noite,Decrescente,Céu Claro,Simples,Curva,Não,1.0,0.0,1.0,0.0,1.0,0.0,0.0,1.0,"-4,46899606","-38,36252913",SPRF-CE,DEL01/CE,UOP04-DEL01-CE
756668,07/03/2026,sábado,10:30:00,MG,50.0,109,UBERABA,Velocidade Incompatível,Colisão traseira,Com Vítimas Feridas,Pleno dia,Decrescente,Chuva,Dupla,Reta,Não,4.0,0.0,1.0,0.0,1.0,3.0,0.0,2.0,"-19,207833","-48,131697",SPRF-MG,DEL13/MG,UOP01-DEL13-MG
756680,07/03/2026,sábado,11:30:00,SP,381.0,36,ATIBAIA,Acumulo de água sobre o pavimento,Colisão com objeto,Com Vítimas Feridas,Pleno dia,Crescente,Chuva,Dupla,Aclive;Curva,Não,6.0,0.0,2.0,0.0,2.0,3.0,0.0,7.0,"-23,0923707","-46,5729914",SPRF-SP,DEL03/SP,UOP01-DEL03-SP
756684,07/03/2026,sábado,02:23:00,MT,163.0,750,SORRISO,Ausência de reação do condutor,Saída de leito carroçável,Sem Vítimas,Plena Noite,Decrescente,Nublado,Dupla,Reta,Sim,3.0,0.0,0.0,0.0,0.0,1.0,0.0,3.0,"-12,57265956","-55,72757395",SPRF-MT,DEL06/MT,UOP01-DEL06-MT
756685,07/03/2026,sábado,11:15:00,SP,101.0,52,UBATUBA,Ingestão de álcool pelo condutor,Colisão lateral sentido oposto,Com Vítimas Feridas,Pleno dia,Crescente,Nublado,Simples,Reta,Sim,5.0,0.0,1.0,1.0,2.0,2.0,0.0,4.0,"-23,46496936","-45,06240749",SPRF-SP,DEL06/SP,UOP01-DEL06-SP
756687,07/03/2026,sábado,11:30:00,SP,381.0,4,VARGEM,Condutor usando celular,Colisão traseira,Com Vítimas Feridas,Pleno dia,Decrescente,Céu Claro,Dupla,Reta,Não,2.0,0.0,2.0,0.0,2.0,0.0,0.0,2.0,"-22,885215","-46,4112198",SPRF-SP,DEL03/SP,UOP02-DEL03-SP
756688,07/02/2026,sábado,18:40:00,RJ,116.0,106,GUAPIMIRIM,Demais falhas mecânicas ou elétricas,Colisão frontal,Com Vítimas Fatais,Plena Noite,Crescente,Chuva,Simples,Curva,Não,14.0,3.0,8.0,0.0,8.0,3.0,0.0,5.0,"-22,50944293","-43,00048225",SPRF-RJ,DEL04/RJ,UOP01-DEL04-RJ
756693,07/03/2026,sábado,11:52:00,SC,101.0,101,BALNEARIO PICARRAS,Reação tardia ou ineficiente do condutor,Colisão traseira,Com Vítimas Feridas,Pleno dia,Crescente,Sol,Dupla,Reta;Viaduto,Sim,5.0,0.0,1.0,0.0,1.0,3.0,0.0,5.0,"-26,76510603","-48,6865139",SPRF-SC,DEL03/SC,UOP02-DEL03-SC
756696,07/03/2026,sábado,12:54:00,PE,101.0,39,IGARASSU,Chuva,Saída de leito carroçável,Sem Vítimas,Pleno dia,Decrescente,Chuva,Dupla,Curva;Declive;Retorno Regulamentado,Sim,2.0,0.0,0.0,0.0,0.0,1.0,0.0,2.0,"-7,815839","-34,917567",SPRF-PE,DEL01/PE,UOP02-DEL01-PE
756700,07/03/2026,sábado,11:17:00,MG,365.0,444,GUIMARANIA,Demais falhas mecânicas ou elétricas,Saída de leito carroçável,Com Vítimas Feridas,Pleno dia,Decrescente,Chuva,Simples,Reta,Não,1.0,0.0,1.0,0.0,1.0,0.0,0.0,1.0,"-18,80563","-46,76543",SPRF-MG,DEL10/MG,UOP01-DEL10-MG
756701,07/03/2026,sábado,13:10:00,MG,381.0,858,POUSO ALEGRE,Condutor deixou de manter distância do veículo da frente,Colisão traseira,Com Vítimas Feridas,Pleno dia,Decrescente,Nublado,Dupla,Reta;Aclive,Não,3.0,0.0,1.0,0.0,1.0,1.0,0.0,4.0,"-22,304549","-45,901403",SPRF-MG,DEL16/MG,UOP01-DEL16-MG
756707,07/03/2026,sábado,13:30:00,SC,280.0,"87,5",CORUPA,Ausência de reação do condutor,Tombamento,Com Vítimas Feridas,Pleno dia,Decrescente,Céu Claro,Simples,Curva;Declive,Não,2.0,0.0,1.0,0.0,1.0,0.0,0.0,2.0,"-26,411932","-49,277783",SPRF-SC,DEL06/SC,UOP03-DEL06-SC
756712,07/03/2026,sábado,11:40:00,SC,280.0,"29,9",ARAQUARI,Trafegar com motocicleta (ou similar) entre as faixas,Colisão lateral mesmo sentido,Com Vítimas Feridas,Pleno dia,Crescente,Céu Claro,Simples,Reta,Não,2.0,0.0,1.0,0.0,1.0,1.0,0.0,2.0,"-26,414357","-48,762839",SPRF-SC,DEL03/SC,UOP03-DEL03-SC
756719,07/03/2026,sábado,15:15:00,MG,40.0,"492,9",ESMERALDAS,Condutor Dormindo,Colisão traseira,Com Vítimas Feridas,Pleno dia,Crescente,Céu Claro,Dupla,Aclive;Curva,Não,3.0,0.0,1.0,0.0,1.0,1.0,0.0,5.0,"-19,64415814","-44,20332938",SPRF-MG,DEL02/MG,UOP01-DEL02-MG
756730,07/03/2026,sábado,14:30:00,PI,135.0,408,REDENCAO DO GURGUEIA,Acessar a via sem observar a presença dos outros veículos,Colisão transversal,Com Vítimas Feridas,Pleno dia,Crescente,Sol,Dupla,Reta;Declive;Interseção de Vias,Não,3.0,0.0,1.0,0.0,1.0,1.0,0.0,3.0,"-9,471313","-44,602145",SPRF-PI,DEL03-PI,UOP02-DEL03-PI
756731,07/03/2026,sábado,16:00:00,MG,50.0,166,UBERABA,Condutor Dormindo,Colisão traseira,Com Vítimas Feridas,Pleno dia,Decrescente,Chuva,Dupla,Reta,Sim,5.0,0.0,1.0,0.0,1.0,3.0,0.0,7.0,"-19,7045371","-47,981989",SPRF-MG,DEL13/MG,UOP01-DEL13-MG
756734,07/03/2026,sábado,15:20:00,RJ,40.0,120,DUQUE DE CAXIAS,Reação tardia ou ineficiente do condutor,Colisão lateral sentido oposto,Com Vítimas Feridas,Pleno dia,Crescente,Céu Claro,Dupla,Reta,Sim,2.0,0.0,1.0,0.0,1.0,1.0,0.0,2.0,"-22,77928235","-43,28603333",SPRF-RJ,DEL01/RJ,UOP02-DEL01-RJ
756735,07/03/2026,sábado,15:00:00,MS,163.0,"457,1",CAMPO GRANDE,Acessar a via sem observar a presença dos outros veículos,Colisão transversal,Com Vítimas Feridas,Pleno dia,Crescente,Céu Claro,Simples,Reta;Interseção de Vias,Não,4.0,0.0,1.0,0.0,1.0,1.0,0.0,5.0,"-20,66294797","-54,56092564",SPRF-MS,DEL01/MS,UOP01-DEL01-MS
756736,07/03/2026,sábado,12:30:00,MT,70.0,88,GENERAL CARNEIRO,Ausência de reação do condutor,Saída de leito carroçável,Com Vítimas Feridas,Pleno dia,Decrescente,Céu Claro,Simples,Curva,Não,2.0,0.0,1.0,0.0,1.0,0.0,0.0,2.0,"-15,62285","-52,846692",SPRF-MT,DEL07/MT,UOP01-DEL07-MT
756743,07/03/2026,sábado,12:50:00,RJ,101.0,61,CAMPOS DOS GOYTACAZES,Condutor desrespeitou a iluminação vermelha do semáforo,Colisão transversal,Com Vítimas Feridas,Pleno dia,Crescente,Céu Claro,Simples,Reta,Sim,3.0,0.0,1.0,0.0,1.0,1.0,0.0,3.0,"-21,72680485","-41,32175398",SPRF-RJ,DEL08/RJ,UOP01-DEL08-RJ
756754,07/03/2026,sábado,09:40:00,PR,373.0,"433,9",CHOPINZINHO,Velocidade Incompatível,Tombamento,Com Vítimas Feridas,Pleno dia,Decrescente,Céu Claro,Simples,Declive;Curva,Não,2.0,0.0,1.0,0.0,1.0,0.0,0.0,2.0,"-25,77018486","-52,26067543",SPRF-PR,DEL02/PR,UOP01-DEL02-PR
756759,07/03/2026,sábado,17:10:00,MG,381.0,257,TIMOTEO,Suicídio (presumido),Atropelamento de Pedestre,Com Vítimas Fatais,Pleno dia,Decrescente,Céu Claro,Simples,Ponte;Reta,Não,3.0,1.0,0.0,0.0,0.0,1.0,0.0,3.0,"-19,53086826","-42,60666339",SPRF-MG,DEL03/MG,UOP01-DEL03-MG
756765,03/03/2026,terça-feira,07:20:00,GO,153.0,441,HIDROLANDIA,Ausência de reação do condutor,Colisão lateral mesmo sentido,Com Vítimas Feridas,Pleno dia,Crescente,Céu Claro,Dupla,Reta,Não,3.0,0.0,1.0,0.0,1.0,1.0,0.0,3.0,"-17,03130083","-49,22345862",SPRF-GO,DEL02/GO,UOP01-DEL02-GO
756767,07/03/2026,sábado,18:55:00,TO,153.0,195,NOVA OLINDA,Ultrapassagem Indevida,Colisão frontal,Com Vítimas Fatais,Plena Noite,Crescente,Céu Claro,Simples,Reta,Não,3.0,1.0,0.0,0.0,0.0,1.0,0.0,3.0,"-7,60601","-48,42539",SPRF-TO,DEL02-TO,UOP01-DEL02-TO
756771,07/03/2026,sábado,18:30:00,PR,116.0,51,CAMPINA GRANDE DO SUL,Iluminação deficiente,Colisão traseira,Sem Vítimas,Plena Noite,Crescente,Céu Claro,Dupla,Curva;Aclive,Não,3.0,0.0,0.0,0.0,0.0,2.0,0.0,4.0,"-25,244244","-48,902538",SPRF-PR,DEL01/PR,UOP02-DEL01-PR
756779,07/03/2026,sábado,18:50:00,SC,101.0,"49,3",JOINVILLE,Acessar a via sem observar a presença dos outros veículos,Colisão transversal,Com Vítimas Feridas,Anoitecer,Crescente,Nublado,Dupla,Reta,Não,4.0,0.0,2.0,0.0,2.0,1.0,0.0,3.0,"-26,38694893","-48,84281158",SPRF-SC,DEL03/SC,UOP01-DEL03-SC
756787,07/03/2026,sábado,11:25:00,SC,470.0,270,BRUNOPOLIS,Transitar na contramão,Colisão frontal,Com Vítimas Fatais,Pleno dia,Decrescente,Céu Claro,Simples,Declive;Curva,Não,6.0,4.0,0.0,0.0,0.0,1.0,0.0,4.0,"-27,32057289","-50,7745707",SPRF-SC,DEL07/SC,UOP06-DEL07-SC
756796,07/03/2026,sábado,19:50:00,MT,364.0,204,RONDONOPOLIS,Ingestão de álcool pelo condutor,Colisão lateral mesmo sentido,Sem Vítimas,Plena Noite,Crescente,Chuva,Dupla,Reta;Aclive,Sim,3.0,0.0,0.0,0.0,0.0,2.0,0.0,5.0,"-16,4575","-54,6616",SPRF-MT,DEL02/MT,UOP01-DEL02-MT
756798,07/03/2026,sábado,20:40:00,BA,116.0,833,VITORIA DA CONQUISTA,Reação tardia ou ineficiente do condutor,Atropelamento de Pedestre,Com Vítimas Feridas,Plena Noite,Decrescente,Céu Claro,Simples,Reta,Sim,5.0,0.0,0.0,1.0,1.0,3.0,0.0,3.0,"-14,95982013","-40,90488106",SPRF-BA,DEL08/BA,UOP01-DEL08-BA
756803,07/03/2026,sábado,20:30:00,MS,262.0,"717,9",CORUMBA,Condutor Dormindo,Colisão frontal,Com Vítimas Fatais,Plena Noite,Crescente,Céu Claro,Simples,Reta,Não,7.0,2.0,0.0,3.0,3.0,0.0,0.0,3.0,"-19,430609","-57,449486",SPRF-MS,DEL03/MS,UOP03-DEL03-MS
756808,07/03/2026,sábado,18:50:00,SC,116.0,"176,9",SAO CRISTOVAO DO SUL,Reação tardia ou ineficiente do condutor,Tombamento,Com Vítimas Feridas,Anoitecer,Decrescente,Nublado,Simples,Curva,Não,2.0,0.0,0.0,1.0,1.0,0.0,0.0,2.0,"-27,227213","-50,46805255",SPRF-SC,DEL05/SC,UOP03-DEL05-SC
756816,07/03/2026,sábado,17:18:00,MT,364.0,474,JANGADA,Ausência de reação do condutor,Saída de leito carroçável,Com Vítimas Feridas,Anoitecer,Decrescente,Chuva,Simples,Reta,Não,2.0,0.0,1.0,0.0,1.0,0.0,0.0,2.0,"-15,381525","-56,398658",SPRF-MT,DEL01/MT,UOP02-DEL01-MT
756817,07/03/2026,sábado,22:35:00,MG,50.0,"116,5",UBERABA,Ausência de reação do condutor,Colisão traseira,Com Vítimas Feridas,Plena Noite,Decrescente,Chuva,Dupla,Reta,Não,3.0,0.0,0.0,1.0,1.0,1.0,0.0,6.0,"-19,27977","-48,12243",SPRF-MG,DEL13/MG,UOP01-DEL13-MG
756818,07/03/2026,sábado,23:30:00,MG,50.0,"174,8",UBERABA,Pedestre andava na pista,Atropelamento de Pedestre,Com Vítimas Fatais,Plena Noite,Decrescente,Céu Claro,Dupla,Curva,Sim,3.0,1.0,0.0,0.0,0.0,1.0,0.0,4.0,"-19,77735975","-47,97109215",SPRF-MG,DEL13/MG,UOP01-DEL13-MG
756824,08/03/2026,domingo,00:50:00,MG,381.0,"920,2",CAMANDUCAIA,Pedestre cruzava a pista fora da faixa,Atropelamento de Pedestre,Com Vítimas Fatais,Plena Noite,Crescente,Nublado,Dupla,Reta,Não,2.0,1.0,0.0,0.0,0.0,0.0,0.0,2.0,"-22,76012854","-46,16010904",SPRF-MG,DEL16/MG,UOP03-DEL16-MG
756856,28/02/2026,sábado,01:00:00,SC,470.0,1,NAVEGANTES,Reação tardia ou ineficiente do condutor,Colisão lateral mesmo sentido,Sem Vítimas,Plena Noite,Crescente,Céu Claro,Dupla,Reta,Não,2.0,0.0,0.0,0.0,0.0,0.0,1.0,2.0,"-26,881122","-48,662651",SPRF-SC,DEL04/SC,UOP04-DEL04-SC
756857,08/03/2026,domingo,06:40:00,PA,163.0,16,NOVO PROGRESSO,Conversão proibida,Colisão transversal,Com Vítimas Feridas,Pleno dia,Decrescente,Céu Claro,Simples,Curva;Declive,Não,3.0,0.0,1.0,0.0,1.0,1.0,0.0,5.0,"-9,4264823","-54,8711846",SPRF-MT,DEL06/MT,UOP03-DEL06-MT
756861,23/01/2026,sexta-feira,07:50:00,PR,376.0,"182,9",SARANDI,Reação tardia ou ineficiente do condutor,Colisão lateral mesmo sentido,Com Vítimas Fatais,Pleno dia,Crescente,Sol,Dupla,Reta;Em Obras,Sim,6.0,1.0,0.0,1.0,1.0,2.0,0.0,6.0,"-23,436277","-51,879967",SPRF-PR,DEL09/PR,UOP01-DEL09-PR
756864,07/03/2026,sábado,21:45:00,MA,226.0,221,TUNTUM,Transitar no Acostamento,Colisão traseira,Com Vítimas Fatais,Plena Noite,Decrescente,Céu Claro,Simples,Reta,Não,2.0,1.0,0.0,0.0,0.0,0.0,0.0,2.0,"-5,322242","-44,638555",SPRF-MA,DEL06-MA,UOP01-DEL06-MA