id,data_inversa,dia_semana,horario,uf,br,km,municipio,causa_acidente,tipo_acidente,classificacao_acidente,fase_dia,sentido_via,condicao_metereologica,tipo_pista,tracado_via,uso_solo,pessoas,mortos,feridos_leves,feridos_graves,feridos,ilesos,ignorados,veiculos,latitude,longitude,regional,delegacia,uop
756871,06/03/2026,sexta-feira,22:11:00,SC,116.0,279,CAPAO ALTO,Reação tardia ou ineficiente do condutor,Colisão com objeto,Sem Vítimas,Plena Noite,Decrescente,Céu Claro,Simples,Aclive,Não,2.0,0.0,0.0,0.0,0.0,1.0,0.0,3.0,"-28,031229","-50,562458",SPRF-SC,DEL05/SC,UOP02-DEL05-SC
756875,08/03/2026,domingo,07:50:00,GO,153.0,"550,9",HIDROLANDIA,Ausência de reação do condutor,Saída de leito carroçável,Com Vítimas Fatais,Pleno dia,Decrescente,Céu Claro,Dupla,Reta,Não,2.0,1.0,0.0,0.0,0.0,1.0,0.0,1.0,"-17,00196358","-49,2232132",SPRF-GO,DEL01/GO,UOP03-DEL01-GO
756888,20/02/2026,sexta-feira,11:15:00,AL,101.0,200,SAO SEBASTIAO,Acesso irregular,Colisão transversal,Com Vítimas Feridas,Pleno dia,Crescente,Céu Claro,Dupla,Reta,Não,5.0,0.0,0.0,1.0,1.0,4.0,0.0,2.0,"-9,957882","-36,545197",SPRF-AL,DEL02-AL,UOP02-DEL02-AL
756890,08/03/2026,domingo,06:26:00,PA,10.0,171,PARAGOMINAS,Demais falhas mecânicas ou elétricas,Incêndio,Sem Vítimas,Amanhecer,Crescente,Céu Claro,Simples,Reta,Não,2.0,0.0,0.0,0.0,0.0,1.0,0.0,2.0,"-2,938708","-47,4458224",SPRF-PA,DEL02/PA,UOP01-DEL02-PA
756892,08/03/2026,domingo,06:00:00,MT,163.0,624,NOVA MUTUM,Reação tardia ou ineficiente do condutor,Saída de leito carroçável,Com Vítimas Feridas,Amanhecer,Decrescente,Chuva,Dupla,Reta,Não,2.0,0.0,1.0,0.0,1.0,0.0,0.0,4.0,"-13,57426121","-56,03089521",SPRF-MT,DEL01/MT,UOP01-DEL01-MT
756900,08/03/2026,domingo,10:10:00,CE,116.0,54,PACAJUS,Acessar a via sem observar a presença dos outros veículos,Colisão transversal,Com Vítimas Feridas,Pleno dia,Decrescente,Céu Claro,Dupla,Interseção de Vias,Não,3.0,0.0,1.0,0.0,1.0,1.0,0.0,3.0,"-4,1974805","-38,4693582",SPRF-CE,DEL01/CE,UOP04-DEL01-CE
756902,04/02/2026,quarta-feira,19:00:00,MT,163.0,905,CLAUDIA,Demais falhas mecânicas ou elétricas,Engavetamento,Com Vítimas Feridas,Plena Noite,Crescente,Céu Claro,Simples,Reta;Declive,Não,6.0,0.0,4.0,0.0,4.0,1.0,0.0,9.0,"-11,26461221","-55,3122139",SPRF-MT,DEL06/MT,UOP02-DEL06-MT
756913,08/03/2026,domingo,12:43:00,PE,423.0,69,JUPI,Velocidade Incompatível,Tombamento,Com Vítimas Feridas,Pleno dia,Crescente,Céu Claro,Simples,Declive;Reta,Não,1.0,0.0,1.0,0.0,1.0,0.0,0.0,1.0,"-8,67254232","-36,39268398",SPRF-PE,DEL03/PE,UOP01-DEL03-PE
756915,07/01/2026,quarta-feira,06:10:00,RJ,101.0,394,RIO DE JANEIRO,Condutor deixou de manter distância do veículo da frente,Colisão traseira,Com Vítimas Feridas,Pleno dia,Decrescente,Céu Claro,Dupla,Aclive;Reta,Não,2.0,0.0,0.0,1.0,1.0,1.0,0.0,2.0,"-22,8842411","-43,71816158",SPRF-RJ,DEL03/RJ,UOP01-DEL03-RJ
756916,08/03/2026,domingo,11:38:00,RO,429.0,133,SAO MIGUEL DO GUAPORE,Pista esburacada,Colisão lateral mesmo sentido,Com Vítimas Feridas,Pleno dia,Crescente,Céu Claro,Simples,Reta,Não,6.0,0.0,1.0,0.0,1.0,4.0,0.0,5.0,"-11,6926522","-62,7274283",SPRF-RO,DEL02-RO,UOP03-DEL02-RO
756923,08/03/2026,domingo,10:12:00,BA,116.0,725,BOA NOVA,Carga excessiva e/ou mal acondicionada,Tombamento,Sem Vítimas,Pleno dia,Crescente,Céu Claro,Simples,Reta,Não,2.0,0.0,0.0,0.0,0.0,2.0,0.0,2.0,"-14,27401","-40,299409",SPRF-BA,DEL08/BA,UOP02-DEL08-BA
756925,21/02/2026,sábado,01:50:00,MS,163.0,511,JARAGUARI,Ausência de reação do condutor,Saída de leito carroçável,Com Vítimas Feridas,Plena Noite,Crescente,Céu Claro,Simples,Em Obras;Desvio Temporário;Declive,Não,2.0,0.0,1.0,0.0,1.0,0.0,0.0,2.0,"-20,09159865","-54,4289312",SPRF-MS,DEL01/MS,UOP02-DEL01-MS
756931,08/03/2026,domingo,14:08:00,PR,376.0,421,TIBAGI,Condutor Dormindo,Colisão traseira,Com Vítimas Feridas,Pleno dia,Crescente,Céu Claro,Dupla,Reta,Não,4.0,0.0,1.0,0.0,1.0,2.0,0.0,4.0,"-24,71474","-50,54866",SPRF-PR,DEL03/PR,UOP02-DEL03-PR
756934,08/03/2026,domingo,15:00:00,MG,40.0,545,NOVA LIMA,Demais falhas mecânicas ou elétricas,Incêndio,Sem Vítimas,Pleno dia,Crescente,Nublado,Dupla,Declive;Reta,Sim,2.0,0.0,0.0,0.0,0.0,1.0,0.0,2.0,"-20,005854","-43,964429",SPRF-MG,DEL01/MG,UOP02-DEL01-MG
756944,08/03/2026,domingo,14:30:00,PA,163.0,618,TRAIRAO,Demais falhas mecânicas ou elétricas,Tombamento,Com Vítimas Feridas,Pleno dia,Crescente,Céu Claro,Simples,Curva;Aclive,Não,2.0,0.0,1.0,0.0,1.0,0.0,0.0,3.0,"-4,73280593","-56,04792774",SPRF-PA,DEL05/PA,UOP03-DEL05-PA
756945,08/03/2026,domingo,12:10:00,MG,251.0,334,RUBELITA,Problema com o freio,Colisão traseira,Com Vítimas Feridas,Pleno dia,Decrescente,Céu Claro,Simples,Curva;Declive,Não,4.0,0.0,0.0,1.0,1.0,2.0,0.0,3.0,"-16,265708","-42,411367",SPRF-MG,DEL12/MG,UOP02-DEL12-MG
756947,08/03/2026,domingo,15:55:00,MG,116.0,"776,8",LEOPOLDINA,Velocidade Incompatível,Tombamento,Com Vítimas Feridas,Pleno dia,Decrescente,Nublado,Simples,Curva,Não,2.0,0.0,1.0,0.0,1.0,0.0,0.0,2.0,"-21,62572","-42,69918887",SPRF-MG,DEL07/MG,UOP01-DEL07-MG
756961,08/03/2026,domingo,17:00:00,MG,365.0,753,ITUIUTABA,Velocidade Incompatível,Saída de leito carroçável,Com Vítimas Feridas,Pleno dia,Decrescente,Céu Claro,Dupla,Reta,Não,2.0,0.0,1.0,0.0,1.0,0.0,0.0,2.0,"-18,96560334","-49,50644404",SPRF-MG,DEL15/MG,UOP03-DEL15-MG
756962,08/03/2026,domingo,15:00:00,PR,153.0,506,GENERAL CARNEIRO,Condutor Dormindo,Saída de leito carroçável,Com Vítimas Feridas,Pleno dia,Crescente,Chuva,Simples,Curva;Aclive,Não,2.0,0.0,1.0,0.0,1.0,0.0,0.0,2.0,"-26,533","-51,374",SPRF-PR,DEL02/PR,UOP03-DEL02-PR
756964,08/03/2026,domingo,16:00:00,GO,153.0,"689,3",ITUMBIARA,Ausência de reação do condutor,Colisão traseira,Com Vítimas Feridas,Pleno dia,Decrescente,Céu Claro,Dupla,Reta,Não,4.0,0.0,0.0,1.0,1.0,2.0,0.0,4.0,"-18,29488348","-49,23722506",SPRF-GO,DEL03/GO,UOP02-DEL03-GO
756967,08/03/2026,domingo,17:00:00,RJ,116.0,317,ITATIAIA,Avarias e/ou desgaste excessivo no pneu,Incêndio,Sem Vítimas,Anoitecer,Decrescente,Céu Claro,Dupla,Reta,Sim,2.0,0.0,0.0,0.0,0.0,1.0,0.0,2.0,"-22,46647435","-44,5033595",SPRF-RJ,DEL07/RJ,UOP02-DEL07-RJ
756981,08/03/2026,domingo,17:10:00,MT,364.0,"88,3",ALTO GARCAS,Transitar na contramão,Colisão lateral sentido oposto,Com Vítimas Fatais,Anoitecer,Crescente,Céu Claro,Simples,Aclive,Não,3.0,1.0,0.0,0.0,0.0,1.0,0.0,3.0,"-16,84718","-53,769887",SPRF-MT,DEL02/MT,UOP02-DEL02-MT
756990,08/03/2026,domingo,16:30:00,PA,163.0,671,ITAITUBA,Ingestão de álcool pelo condutor,Engavetamento,Com Vítimas Fatais,Pleno dia,Decrescente,Céu Claro,Dupla,Reta;Aclive,Não,8.0,1.0,0.0,4.0,4.0,2.0,0.0,6.0,"-4,37752","-55,78587",SPRF-PA,DEL05/PA,UOP02-DEL05-PA
756991,08/03/2026,domingo,09:40:00,CE,20.0,138,TAUA,Reação tardia ou ineficiente do condutor,Saída de leito carroçável,Com Vítimas Feridas,Pleno dia,Decrescente,Sol,Simples,Reta,Não,2.0,0.0,1.0,0.0,1.0,0.0,0.0,2.0,"-5,68039919","-40,12445061",SPRF-CE,DEL02/CE,UOP02-DEL02-CE
756992,08/03/2026,domingo,10:30:00,BA,242.0,"492,5",OLIVEIRA DOS BREJINHOS,Ultrapassagem Indevida,Colisão com objeto,Com Vítimas Feridas,Pleno dia,Crescente,Nublado,Múltipla,Aclive;Reta,Não,4.0,0.0,1.0,0.0,1.0,2.0,0.0,9.0,"-12,40442247","-42,3877945",SPRF-BA,DEL06/BA,UOP01-DEL06-BA
756999,08/03/2026,domingo,05:50:00,PE,424.0,6,ARCOVERDE,Velocidade Incompatível,Tombamento,Com Vítimas Feridas,Amanhecer,Crescente,Céu Claro,Simples,Curva,Não,2.0,0.0,0.0,1.0,1.0,0.0,0.0,2.0,"-8,47682919","-37,03542709",SPRF-PE,DEL04/PE,UOP02-DEL04-PE
757001,08/03/2026,domingo,18:00:00,RS,472.0,445,ITAQUI,Acesso irregular,Tombamento,Com Vítimas Feridas,Pleno dia,Decrescente,Céu Claro,Simples,Reta,Não,2.0,0.0,1.0,0.0,1.0,0.0,0.0,2.0,"-29,09637707","-56,2695694",SPRF-RS,DEL12/RS,UOP01-DEL12-RS
757002,08/03/2026,domingo,20:15:00,BA,116.0,15,VITORIA DA CONQUISTA,Ultrapassagem Indevida,Colisão lateral mesmo sentido,Com Vítimas Fatais,Plena Noite,Decrescente,Céu Claro,Simples,Reta,Sim,5.0,1.0,0.0,0.0,0.0,1.0,0.0,4.0,"-14,89894184","-40,8558476",SPRF-BA,DEL08/BA,UOP01-DEL08-BA
757008,08/03/2026,domingo,20:17:00,SP,116.0,"77,3",ROSEIRA,Ausência de reação do condutor,Colisão traseira,Com Vítimas Feridas,Plena Noite,Decrescente,Chuva,Dupla,Reta,Não,4.0,0.0,2.0,0.0,2.0,1.0,0.0,3.0,"-22,88694128","-45,28416434",SPRF-SP,DEL08/SP,UOP01-DEL08-SP
757019,08/03/2026,domingo,21:30:00,ES,101.0,390,RIO NOVO DO SUL,Acessar a via sem observar a presença dos outros veículos,Colisão lateral mesmo sentido,Com Vítimas Feridas,Plena Noite,Decrescente,Garoa/Chuvisco,Simples,Reta,Não,2.0,0.0,1.0,0.0,1.0,1.0,0.0,2.0,"-20,865","-40,888",SPRF-ES,DEL03-ES,UOP02-DEL03-ES
757022,08/03/2026,domingo,19:10:00,RS,116.0,"1,6",VACARIA,Ausência de reação do condutor,Colisão com objeto,Com Vítimas Feridas,Plena Noite,Decrescente,Céu Claro,Simples,Curva;Declive,Não,1.0,0.0,1.0,0.0,1.0,0.0,0.0,1.0,"-28,22447","-50,758",SPRF-RS,DEL05/RS,UOP03-DEL05-RS
757024,08/03/2026,domingo,20:30:00,TO,153.0,"274,5",BRASILANDIA DO TOCANTINS,Ultrapassagem Indevida,Colisão frontal,Com Vítimas Fatais,Plena Noite,Decrescente,Céu Claro,Simples,Reta;Aclive,Não,3.0,1.0,0.0,0.0,0.0,1.0,0.0,3.0,"-8,30721","-48,47123",SPRF-TO,DEL02-TO,UOP02-DEL02-TO
757029,08/03/2026,domingo,21:30:00,PR,116.0,166,QUITANDINHA,Velocidade Incompatível,Colisão frontal,Com Vítimas Feridas,Plena Noite,Crescente,Nublado,Simples,Curva,Não,2.0,0.0,0.0,1.0,1.0,1.0,0.0,2.0,"-25,875832","-49,488407",SPRF-PR,DEL01/PR,UOP03-DEL01-PR
757055,08/03/2026,domingo,22:50:00,MG,116.0,"776,9",LEOPOLDINA,Velocidade Incompatível,Colisão frontal,Com Vítimas Feridas,Plena Noite,Decrescente,Nublado,Simples,Curva,Não,4.0,0.0,0.0,2.0,2.0,1.0,0.0,3.0,"-21,59662","-42,69468",SPRF-MG,DEL07/MG,UOP01-DEL07-MG
757058,08/03/2026,domingo,22:30:00,SC,280.0,12,SAO FRANCISCO DO SUL,Condutor Dormindo,Colisão frontal,Com Vítimas Fatais,Plena Noite,Crescente,Chuva,Simples,Reta,Não,4.0,1.0,0.0,0.0,0.0,1.0,0.0,4.0,"-26,3128038","-48,6443029",SPRF-SC,DEL03/SC,UOP03-DEL03-SC
757068,09/03/2026,segunda-feira,02:35:00,ES,101.0,"280,5",SERRA,Ausência de reação do condutor,Saída de leito carroçável,Com Vítimas Feridas,Plena Noite,Crescente,Céu Claro,Dupla,Curva,Não,1.0,0.0,1.0,0.0,1.0,0.0,0.0,1.0,"-20,218764","-40,35492",SPRF-ES,DEL02-ES,UOP01-DEL02-ES
757071,09/03/2026,segunda-feira,03:00:00,RJ,116.0,301,RESENDE,Ausência de reação do condutor,Colisão traseira,Sem Vítimas,Plena Noite,Crescente,Céu Claro,Dupla,Reta,Não,3.0,0.0,0.0,0.0,0.0,2.0,0.0,3.0,"-22,45525011","-44,38987353",SPRF-RJ,DEL07/RJ,UOP02-DEL07-RJ
757080,09/03/2026,segunda-feira,04:35:00,SC,282.0,"523,7",XAXIM,Transitar na contramão,Colisão frontal,Com Vítimas Feridas,Plena Noite,Crescente,Céu Claro,Simples,Reta,Sim,4.0,0.0,1.0,1.0,2.0,1.0,0.0,3.0,"-26,9652732","-52,5533292",SPRF-SC,DEL07/SC,UOP01-DEL07-SC
757081,09/03/2026,segunda-feira,03:30:00,PR,376.0,310,MAUA DA SERRA,Ausência de reação do condutor,Saída de leito carroçável,Com Vítimas Feridas,Plena Noite,Crescente,Chuva,Dupla,Declive;Curva,Não,3.0,0.0,2.0,0.0,2.0,0.0,0.0,2.0,"-23,97831","-51,09567",SPRF-PR,DEL07/PR,UOP02-DEL07-PR
757087,28/02/2026,sábado,22:50:00,ES,101.0,"148,9",LINHARES,Velocidade Incompatível,Colisão traseira,Com Vítimas Feridas,Plena Noite,Decrescente,Garoa/Chuvisco,Múltipla,Reta;Aclive,Sim,5.0,0.0,1.0,0.0,1.0,3.0,0.0,3.0,"-19,39442905","-40,06540932",SPRF-ES,DEL04-ES,UOP01-DEL04-ES
757096,09/03/2026,segunda-feira,06:31:00,SC,282.0,56,RANCHO QUEIMADO,Chuva,Saída de leito carroçável,Com Vítimas Feridas,Amanhecer,Crescente,Chuva,Simples,Declive;Curva,Não,2.0,0.0,2.0,0.0,2.0,0.0,0.0,1.0,"-27,688332","-48,993333",SPRF-SC,DEL01/SC,UOP03-DEL01-SC
757098,09/03/2026,segunda-feira,07:10:00,ES,101.0,"149,3",LINHARES,Entrada inopinada do pedestre,Atropelamento de Pedestre,Com Vítimas Feridas,Pleno dia,Decrescente,Céu Claro,Múltipla,Reta;Declive;Interseção de Vias,Sim,3.0,0.0,1.0,0.0,1.0,1.0,0.0,5.0,"-19,39978716","-40,06229821",SPRF-ES,DEL04-ES,UOP01-DEL04-ES
757101,09/03/2026,segunda-feira,06:50:00,ES,259.0,"15,9",JOAO NEIVA,Velocidade Incompatível,Tombamento,Com Vítimas Feridas,Pleno dia,Decrescente,Sol,Simples,Declive;Curva,Não,6.0,0.0,5.0,1.0,6.0,0.0,0.0,2.0,"-19,65985036","-40,43131113",SPRF-ES,DEL02-ES,UOP01-DEL02-ES
757102,06/03/2026,sexta-feira,22:20:00,RJ,116.0,267,BARRA MANSA,Carga excessiva e/ou mal acondicionada,Tombamento,Com Vítimas Feridas,Plena Noite,Crescente,Céu Claro,Dupla,Curva,Não,1.0,0.0,1.0,0.0,1.0,0.0,0.0,1.0,"-22,54363","-44,08965",SPRF-RJ,DEL07/RJ,UOP02-DEL07-RJ
757103,09/03/2026,segunda-feira,06:50:00,SC,101.0,363,SANGAO,Ausência de reação do condutor,Colisão traseira,Com Vítimas Feridas,Pleno dia,Crescente,Nublado,Múltipla,Declive;Reta,Não,2.0,0.0,1.0,0.0,1.0,1.0,0.0,2.0,"-28,6771782","-49,13455781",SPRF-SC,DEL02/SC,UOP01-DEL02-SC
757108,09/03/2026,segunda-feira,06:53:00,CE,116.0,325,JAGUARIBE,Pista esburacada,Colisão com objeto,Com Vítimas Feridas,Pleno dia,Decrescente,Céu Claro,Simples,Reta,Não,2.0,0.0,1.0,0.0,1.0,0.0,0.0,2.0,"-6,041","-38,646",SPRF-CE,DEL05/CE,UOP02-DEL05-CE
757121,08/03/2026,domingo,21:45:00,RJ,116.0,169,RIO DE JANEIRO,Ausência de reação do condutor,Colisão traseira,Com Vítimas Feridas,Plena Noite,Crescente,Nublado,Dupla,Curva;Aclive;Viaduto,Sim,3.0,0.0,0.0,1.0,1.0,1.0,0.0,4.0,"-22,81867197","-43,32012177",SPRF-RJ,DEL06/RJ,UOP01-DEL06-RJ
757122,09/03/2026,segunda-feira,07:29:00,PE,101.0,60,RECIFE,Conversão proibida,Colisão transversal,Com Vítimas Feridas,Pleno dia,Crescente,Céu Claro,Dupla,Reta,Sim,3.0,0.0,1.0,0.0,1.0,2.0,0.0,2.0,"-7,9838231","-34,9319048",SPRF-PE,DEL01/PE,UOP02-DEL01-PE
757125,09/03/2026,segunda-feira,08:20:00,ES,101.0,"283,9",CARIACICA,Demais falhas mecânicas ou elétricas,Saída de leito carroçável,Com Vítimas Feridas,Pleno dia,Crescente,Céu Claro,Múltipla,Reta,Sim,2.0,0.0,1.0,0.0,1.0,0.0,0.0,2.0,"-20,24230145","-40,36959887",SPRF-ES,DEL01-ES,UOP01-DEL01-ES
757141,09/03/2026,segunda-feira,09:00:00,GO,153.0,274,NOVA GLORIA,Ultrapassagem Indevida,Colisão lateral sentido oposto,Com Vítimas Feridas,Pleno dia,Crescente,Sol,Simples,Reta,Não,6.0,0.0,2.0,0.0,2.0,3.0,0.0,7.0,"-15,1346769","-49,51794148",SPRF-GO,DEL07/GO,UOP02-DEL07-GO
757151,16/02/2026,segunda-feira,15:40:00,MT,70.0,3,BARRA DO GARCAS,Reação tardia ou ineficiente do condutor,Colisão traseira,Com Vítimas Feridas,Pleno dia,Crescente,Céu Claro,Dupla,Reta;Declive,Sim,5.0,0.0,2.0,0.0,2.0,2.0,0.0,4.0,"-15,88102836","-52,27815824",SPRF-MT,DEL07/MT,UOP01-DEL07-MT
757152,09/03/2026,segunda-feira,10:50:00,MG,381.0,"434,2",SABARA,Manobra de mudança de faixa,Colisão traseira,Sem Vítimas,Pleno dia,Crescente,Céu Claro,Simples,Curva;Aclive,Não,3.0,0.0,0.0,0.0,0.0,2.0,0.0,3.0,"-19,80958302","-43,76686757",SPRF-MG,DEL01/MG,UOP01-DEL01-MG
757154,09/03/2026,segunda-feira,09:30:00,SC,101.0,"337,8",TUBARAO,Frear bruscamente,Colisão traseira,Com Vítimas Feridas,Pleno dia,Decrescente,Nublado,Múltipla,Reta;Aclive,Não,2.0,0.0,1.0,0.0,1.0,0.0,0.0,2.0,"-28,49454925","-49,04286146",SPRF-SC,DEL02/SC,UOP01-DEL02-SC
757161,09/03/2026,segunda-feira,10:40:00,AL,316.0,240,ATALAIA,Transitar na contramão,Colisão frontal,Com Vítimas Feridas,Pleno dia,Decrescente,Céu Claro,Simples,Curva,Sim,2.0,0.0,1.0,0.0,1.0,1.0,0.0,2.0,"-9,50101","-36,027202",SPRF-AL,DEL01-AL,UOP01-DEL01-AL
757164,09/03/2026,segunda-feira,09:45:00,MA,135.0,20,SAO LUIS,Acessar a via sem observar a presença dos outros veículos,Colisão transversal,Sem Vítimas,Pleno dia,Crescente,Céu Claro,Simples,Reta,Não,2.0,0.0,0.0,0.0,0.0,2.0,0.0,2.0,"-2,733693","-44,333237",SPRF-MA,DEL01-MA,UOP01-DEL01-MA
757167,09/03/2026,segunda-feira,10:25:00,PR,153.0,"33,6",SANTO ANTONIO DA PLATINA,Ausência de reação do condutor,Colisão lateral mesmo sentido,Com Vítimas Feridas,Pleno dia,Crescente,Chuva,Simples,Curva,Não,6.0,0.0,2.0,2.0,4.0,1.0,0.0,4.0,"-23,23778369","-50,0393232",SPRF-PR,DEL07/PR,UOP04-DEL07-PR
757169,05/03/2026,quinta-feira,12:12:00,RJ,101.0,320,NITEROI,Manobra de mudança de faixa,Colisão lateral mesmo sentido,Com Vítimas Feridas,Pleno dia,Decrescente,Céu Claro,Dupla,Curva,Sim,2.0,0.0,1.0,0.0,1.0,0.0,0.0,2.0,"-22,86571648","-43,10833454",SPRF-RJ,DEL02/RJ,UOP01-DEL02-RJ
757171,09/03/2026,segunda-feira,12:20:00,GO,452.0,135,BOM JESUS DE GOIAS,Demais falhas mecânicas ou elétricas,Incêndio,Sem Vítimas,Pleno dia,Crescente,Nublado,Simples,Reta,Não,2.0,0.0,0.0,0.0,0.0,1.0,0.0,3.0,"-18,28535711","-49,61339235",SPRF-GO,DEL03/GO,UOP02-DEL03-GO
757173,09/03/2026,segunda-feira,13:00:00,SP,381.0,70,MAIRIPORA,Reação tardia ou ineficiente do condutor,Colisão lateral mesmo sentido,Com Vítimas Feridas,Pleno dia,Decrescente,Garoa/Chuvisco,Dupla,Declive;Curva,Não,3.0,0.0,2.0,0.0,2.0,1.0,0.0,2.0,"-23,34949034","-46,55322647",SPRF-SP,DEL03/SP,UOP01-DEL03-SP
757177,24/02/2026,terça-feira,22:20:00,PR,373.0,175,PONTA GROSSA,Acessar a via sem observar a presença dos outros veículos,Colisão transversal,Com Vítimas Feridas,Plena Noite,Crescente,Céu Claro,Dupla,Reta,Sim,5.0,0.0,1.0,0.0,1.0,3.0,0.0,3.0,"-25,070594","-50,211371",SPRF-PR,DEL03/PR,UOP01-DEL03-PR
757180,09/03/2026,segunda-feira,13:50:00,DF,251.0,60,BRASILIA,Condutor Dormindo,Colisão traseira,Com Vítimas Feridas,Pleno dia,Crescente,Nublado,Simples,Reta,Não,3.0,0.0,1.0,0.0,1.0,1.0,0.0,3.0,"-15,97566671","-47,98410773",SPRF-DF,DEL01-DF,UOP01-DEL01-DF
757181,09/03/2026,segunda-feira,13:00:00,MG,116.0,114,ITAOBIM,Ausência de reação do condutor,Colisão transversal,Com Vítimas Fatais,Pleno dia,Decrescente,Céu Claro,Simples,Declive;Reta,Sim,4.0,1.0,1.0,0.0,1.0,1.0,0.0,4.0,"-16,5518672","-41,5011857",SPRF-MG,DEL11/MG,UOP02-DEL11-MG
757190,09/03/2026,segunda-feira,14:30:00,GO,60.0,"96,4",ANAPOLIS,Pista Escorregadia,Tombamento,Com Vítimas Feridas,Pleno dia,Decrescente,Nublado,Dupla,Declive;Reta,Sim,4.0,0.0,1.0,0.0,1.0,3.0,0.0,4.0,"-16,37124943","-48,94243453",SPRF-GO,DEL02/GO,UOP01-DEL02-GO
757192,09/03/2026,segunda-feira,13:50:00,SC,282.0,24,SANTO AMARO DA IMPERATRIZ,Acessar a via sem observar a presença dos outros veículos,Colisão transversal,Com Vítimas Feridas,Pleno dia,Crescente,Nublado,Simples,Interseção de Vias,Sim,3.0,0.0,2.0,0.0,2.0,1.0,0.0,2.0,"-27,68439264","-48,74374151",SPRF-SC,DEL01/SC,UOP03-DEL01-SC
757193,03/03/2026,terça-feira,22:37:00,MG,365.0,640,UBERLANDIA,Demais falhas mecânicas ou elétricas,Colisão com objeto,Sem Vítimas,Plena Noite,Crescente,Céu Claro,Dupla,Reta,Não,2.0,0.0,0.0,0.0,0.0,1.0,0.0,4.0,"-18,88684254","-48,45655052",SPRF-MG,DEL15/MG,UOP01-DEL15-MG
757196,09/03/2026,segunda-feira,14:50:00,SP,116.0,218,GUARULHOS,Trafegar com motocicleta (ou similar) entre as faixas,Colisão lateral mesmo sentido,Com Vítimas Feridas,Pleno dia,Decrescente,Garoa/Chuvisco,Múltipla,Reta;Aclive,Não,2.0,0.0,1.0,0.0,1.0,0.0,0.0,2.0,"-23,45968358","-46,48431301",SPRF-SP,DEL01/SP,UOP01-DEL01-SP
757198,09/03/2026,segunda-feira,09:00:00,PA,10.0,"338,9",SAO MIGUEL DO GUAMA,Demais falhas mecânicas ou elétricas,Colisão com objeto,Com Vítimas Feridas,Pleno dia,Crescente,Céu Claro,Simples,Reta,Não,6.0,0.0,1.0,0.0,1.0,4.0,0.0,3.0,"-1,476422","-47,530765",SPRF-PA,DEL01/PA,UOP02-DEL01-PA
757200,09/03/2026,segunda-feira,07:50:00,BA,242.0,698,MUQUEM DE SAO FRANCISCO,Velocidade Incompatível,Tombamento,Com Vítimas Feridas,Pleno dia,Crescente,Céu Claro,Simples,Reta,Não,2.0,0.0,1.0,0.0,1.0,0.0,0.0,3.0,"-12,22370029","-43,88044596",SPRF-BA,DEL10/BA,UOP01-DEL10-BA
757211,09/03/2026,segunda-feira,15:45:00,RJ,465.0,1,SEROPEDICA,Ausência de reação do condutor,Colisão transversal,Com Vítimas Feridas,Pleno dia,Decrescente,Garoa/Chuvisco,Dupla,Retorno Regulamentado,Sim,5.0,0.0,2.0,0.0,2.0,2.0,0.0,3.0,"-22,7182546","-43,72721169",SPRF-RJ,DEL06/RJ,UOP02-DEL06-RJ
757215,09/03/2026,segunda-feira,16:35:00,MG,381.0,499,BETIM,Transitar no Acostamento,Colisão lateral mesmo sentido,Com Vítimas Feridas,Pleno dia,Crescente,Céu Claro,Dupla,Reta,Não,8.0,0.0,1.0,0.0,1.0,6.0,0.0,5.0,"-20,00292028","-44,2123847",SPRF-MG,DEL01/MG,UOP03-DEL01-MG
757217,09/03/2026,segunda-feira,14:01:00,MT,364.0,"245,4",JUSCIMEIRA,Reação tardia ou ineficiente do condutor,Saída de leito carroçável,Com Vítimas Feridas,Pleno dia,Decrescente,Céu Claro,Dupla,Reta,Não,3.0,0.0,1.0,0.0,1.0,0.0,0.0,3.0,"-16,144692","-54,816812",SPRF-MT,DEL02/MT,UOP01-DEL02-MT
757220,09/03/2026,segunda-feira,16:50:00,PR,277.0,"1,1",PARANAGUA,Acessar a via sem observar a presença dos outros veículos,Colisão traseira,Com Vítimas Feridas,Pleno dia,Crescente,Garoa/Chuvisco,Dupla,Rotatória;Reta,Sim,2.0,0.0,1.0,0.0,1.0,1.0,0.0,2.0,"-25,55159865","-48,55225325",SPRF-PR,DEL01/PR,UOP05-DEL01-PR
757221,09/03/2026,segunda-feira,17:00:00,SP,381.0,"39,8",ATIBAIA,Reação tardia ou ineficiente do condutor,Colisão traseira,Com Vítimas Feridas,Pleno dia,Decrescente,Nublado,Dupla,Reta,Não,3.0,0.0,1.0,0.0,1.0,1.0,0.0,3.0,"-23,12950549","-46,57657161",SPRF-SP,DEL03/SP,UOP01-DEL03-SP
757222,09/03/2026,segunda-feira,15:28:00,RN,304.0,210,CAICARA DO RIO DO VENTO,Demais falhas mecânicas ou elétricas,Incêndio,Sem Vítimas,Pleno dia,Decrescente,Nublado,Simples,Reta,Não,1.0,0.0,0.0,0.0,0.0,1.0,0.0,1.0,"-5,74436932","-36,08028179",SPRF-RN,DEL01-RN,UOP03-DEL01-RN
757240,09/03/2026,segunda-feira,17:20:00,SP,381.0,85,SAO PAULO,Acumulo de água sobre o pavimento,Colisão transversal,Sem Vítimas,Pleno dia,Crescente,Chuva,Dupla,Aclive;Reta,Sim,4.0,0.0,0.0,0.0,0.0,4.0,0.0,4.0,"-23,4568721","-46,5714305",SPRF-SP,DEL03/SP,UOP01-DEL03-SP