id,data_inversa,dia_semana,horario,uf,br,km,municipio,causa_acidente,tipo_acidente,classificacao_acidente,fase_dia,sentido_via,condicao_metereologica,tipo_pista,tracado_via,uso_solo,pessoas,mortos,feridos_leves,feridos_graves,feridos,ilesos,ignorados,veiculos,latitude,longitude,regional,delegacia,uop
757250,09/03/2026,segunda-feira,15:50:00,MG,153.0,"236,9",FRONTEIRA,Ultrapassagem Indevida,Saída de leito carroçável,Com Vítimas Feridas,Pleno dia,Decrescente,Sol,Simples,Reta,Não,2.0,0.0,1.0,0.0,1.0,0.0,0.0,2.0,"-20,22868742","-49,15207028",SPRF-MG,DEL13/MG,UOP02-DEL13-MG
757262,09/03/2026,segunda-feira,19:15:00,PB,101.0,86,BAYEUX,Reação tardia ou ineficiente do condutor,Colisão traseira,Com Vítimas Feridas,Plena Noite,Decrescente,Céu Claro,Dupla,Reta,Sim,3.0,0.0,1.0,0.0,1.0,2.0,0.0,3.0,"-7,14718129","-34,9145177",SPRF-PB,DEL01-PB,UOP01-DEL01-PB
757267,09/03/2026,segunda-feira,17:35:00,AC,364.0,136,RIO BRANCO,Manobra de mudança de faixa,Colisão lateral mesmo sentido,Com Vítimas Feridas,Pleno dia,Decrescente,Chuva,Dupla,Rotatória,Sim,2.0,0.0,1.0,0.0,1.0,1.0,0.0,2.0,"-9,97780721","-67,84900611",SPRF-AC,DEL01-AC,UOP01-DEL01-AC
757270,07/01/2026,quarta-feira,19:00:00,PA,230.0,707,BRASIL NOVO,Ausência de reação do condutor,Colisão transversal,Com Vítimas Fatais,Plena Noite,Decrescente,Ignorado,Simples,Reta,Não,3.0,1.0,0.0,0.0,0.0,1.0,0.0,3.0,"-3,34531","-52,60737",SPRF-PA,DEL04/PA,UOP01-DEL04-PA
757271,09/03/2026,segunda-feira,19:30:00,BA,116.0,"543,2",MILAGRES,Acessar a via sem observar a presença dos outros veículos,Colisão transversal,Com Vítimas Fatais,Plena Noite,Decrescente,Céu Claro,Simples,Interseção de Vias,Não,3.0,1.0,0.0,0.0,0.0,1.0,0.0,3.0,"-12,8465","-39,8409",SPRF-BA,DEL03/BA,UOP02-DEL03-BA
757274,09/03/2026,segunda-feira,20:05:00,PR,376.0,"187,2",MARIALVA,Manobra de mudança de faixa,Colisão lateral mesmo sentido,Com Vítimas Feridas,Plena Noite,Crescente,Céu Claro,Dupla,Reta,Não,2.0,0.0,1.0,0.0,1.0,1.0,0.0,2.0,"-23,457189","-51,84406",SPRF-PR,DEL09/PR,UOP01-DEL09-PR
757279,09/03/2026,segunda-feira,21:15:00,ES,262.0,"105,3",VENDA NOVA DO IMIGRANTE,Ultrapassagem Indevida,Colisão lateral mesmo sentido,Com Vítimas Feridas,Plena Noite,Crescente,Chuva,Simples,Curva,Sim,3.0,0.0,0.0,1.0,1.0,1.0,0.0,3.0,"-20,32502969","-41,138134",SPRF-ES,DEL01-ES,UOP02-DEL01-ES
757283,09/03/2026,segunda-feira,21:20:00,MG,40.0,484,SETE LAGOAS,Condutor deixou de manter distância do veículo da frente,Saída de leito carroçável,Com Vítimas Feridas,Plena Noite,Decrescente,Nublado,Dupla,Reta,Sim,2.0,0.0,1.0,0.0,1.0,0.0,0.0,2.0,"-19,584444","-44,228056",SPRF-MG,DEL02/MG,UOP01-DEL02-MG
757289,09/03/2026,segunda-feira,19:20:00,PR,277.0,376,GUARAPUAVA,Condutor deixou de manter distância do veículo da frente,Colisão traseira,Com Vítimas Feridas,Plena Noite,Decrescente,Céu Claro,Simples,Reta;Aclive,Não,2.0,0.0,1.0,0.0,1.0,0.0,0.0,2.0,"-25,4074617","-51,710464",SPRF-PR,DEL08/PR,UOP01-DEL08-PR
757290,09/03/2026,segunda-feira,21:00:00,RN,226.0,"153,5",CURRAIS NOVOS,Transitar na calçada,Colisão lateral sentido oposto,Com Vítimas Feridas,Plena Noite,Crescente,Nublado,Simples,Reta,Não,3.0,0.0,0.0,1.0,1.0,1.0,0.0,3.0,"-6,20027","-36,338395",SPRF-RN,DEL03-RN,UOP02-DEL03-RN
757296,09/03/2026,segunda-feira,20:00:00,PA,163.0,44,NOVO PROGRESSO,Afundamento ou ondulação no pavimento,Tombamento,Com Vítimas Feridas,Plena Noite,Crescente,Garoa/Chuvisco,Simples,Aclive;Reta,Não,2.0,0.0,1.0,0.0,1.0,0.0,0.0,3.0,"-9,20627","-54,87914",SPRF-MT,DEL06/MT,UOP03-DEL06-MT
757297,09/03/2026,segunda-feira,20:30:00,RJ,116.0,246,PIRAI,Pista Escorregadia,Colisão com objeto,Com Vítimas Feridas,Plena Noite,Decrescente,Garoa/Chuvisco,Dupla,Curva,Não,5.0,0.0,0.0,3.0,3.0,1.0,0.0,4.0,"-22,61616114","-43,93187707",SPRF-RJ,DEL07/RJ,UOP01-DEL07-RJ
757302,10/03/2026,terça-feira,01:50:00,ES,262.0,"114,9",CONCEICAO DO CASTELO,Estacionar ou parar em local proibido,Colisão traseira,Sem Vítimas,Plena Noite,Decrescente,Nevoeiro/Neblina,Dupla,Reta,Não,3.0,0.0,0.0,0.0,0.0,1.0,0.0,3.0,"-20,3209145","-41,2179079",SPRF-ES,DEL01-ES,UOP02-DEL01-ES
757303,10/03/2026,terça-feira,02:50:00,MS,163.0,575,BANDEIRANTES,Condutor deixou de manter distância do veículo da frente,Colisão traseira,Sem Vítimas,Pleno dia,Crescente,Garoa/Chuvisco,Dupla,Interseção de Vias,Não,5.0,0.0,0.0,0.0,0.0,5.0,0.0,2.0,"-19,6794491","-54,34983579",SPRF-MS,DEL01/MS,UOP02-DEL01-MS
757304,10/03/2026,terça-feira,03:30:00,SP,116.0,367,MIRACATU,Acumulo de água sobre o pavimento,Saída de leito carroçável,Com Vítimas Feridas,Plena Noite,Crescente,Chuva,Dupla,Curva,Não,1.0,0.0,1.0,0.0,1.0,0.0,0.0,1.0,"-24,15272506","-47,31967487",SPRF-SP,DEL04/SP,UOP02-DEL04-SP
757305,10/03/2026,terça-feira,03:10:00,RN,110.0,"82,1",UPANEMA,Pedestre andava na pista,Atropelamento de Pedestre,Com Vítimas Fatais,Plena Noite,Crescente,Céu Claro,Simples,Reta,Não,2.0,1.0,0.0,0.0,0.0,0.0,0.0,2.0,"-5,508","-37,326",SPRF-RN,DEL04-RN,UOP01-DEL04-RN
757310,10/03/2026,terça-feira,06:00:00,PR,116.0,115,CURITIBA,Reação tardia ou ineficiente do condutor,Colisão transversal,Com Vítimas Feridas,Pleno dia,Crescente,Nublado,Múltipla,Reta,Sim,3.0,0.0,0.0,1.0,1.0,1.0,0.0,3.0,"-25,550502","-49,305638",SPRF-PR,DEL01/PR,UOP03-DEL01-PR
757311,09/03/2026,segunda-feira,11:30:00,RJ,116.0,291,BARRA MANSA,Ausência de reação do condutor,Saída de leito carroçável,Com Vítimas Feridas,Pleno dia,Crescente,Céu Claro,Dupla,Aclive;Curva,Não,1.0,0.0,1.0,0.0,1.0,0.0,0.0,1.0,"-22,478003","-44,262665",SPRF-RJ,DEL07/RJ,UOP02-DEL07-RJ
757312,10/03/2026,terça-feira,05:00:00,RJ,465.0,3,SEROPEDICA,Acesso irregular,Colisão transversal,Com Vítimas Feridas,Amanhecer,Crescente,Nublado,Simples,Reta,Não,3.0,0.0,0.0,1.0,1.0,1.0,0.0,3.0,"-22,73167553","-43,71453021",SPRF-RJ,DEL06/RJ,UOP02-DEL06-RJ
757313,10/03/2026,terça-feira,06:00:00,SC,280.0,"91,4",CORUPA,Reação tardia ou ineficiente do condutor,Colisão lateral mesmo sentido,Com Vítimas Feridas,Amanhecer,Decrescente,Nublado,Simples,Declive;Curva,Não,3.0,0.0,1.0,0.0,1.0,1.0,0.0,4.0,"-26,399617","-49,296078",SPRF-SC,DEL06/SC,UOP03-DEL06-SC
757317,09/03/2026,segunda-feira,08:40:00,RJ,493.0,22,MAGE,Ausência de reação do condutor,Colisão traseira,Com Vítimas Feridas,Pleno dia,Decrescente,Nublado,Simples,Reta,Não,2.0,0.0,0.0,1.0,1.0,0.0,0.0,2.0,"-22,65797001","-43,07324857",SPRF-RJ,DEL04/RJ,UOP02-DEL04-RJ
757319,10/03/2026,terça-feira,05:30:00,SC,101.0,"95,6",BARRA VELHA,Ausência de reação do condutor,Colisão traseira,Com Vítimas Fatais,Amanhecer,Crescente,Chuva,Múltipla,Reta;Aclive;Interseção de Vias,Não,3.0,2.0,0.0,0.0,0.0,0.0,0.0,2.0,"-26,71569937","-48,70200098",SPRF-SC,DEL03/SC,UOP02-DEL03-SC
757321,10/03/2026,terça-feira,06:30:00,PE,101.0,80,JABOATAO DOS GUARARAPES,Condutor deixou de manter distância do veículo da frente,Colisão traseira,Com Vítimas Feridas,Pleno dia,Crescente,Céu Claro,Dupla,Reta,Sim,2.0,0.0,0.0,1.0,1.0,1.0,0.0,2.0,"-8,15826","-34,94064",SPRF-PE,DEL01/PE,UOP01-DEL01-PE
757322,10/03/2026,terça-feira,04:00:00,RJ,101.0,71,CAMPOS DOS GOYTACAZES,Condutor deixou de manter distância do veículo da frente,Colisão traseira,Sem Vítimas,Pleno dia,Decrescente,Chuva,Simples,Reta,Não,2.0,0.0,0.0,0.0,0.0,1.0,0.0,2.0,"-21,8169729","-41,3981444",SPRF-RJ,DEL08/RJ,UOP02-DEL08-RJ
757327,10/03/2026,terça-feira,07:40:00,PR,277.0,75,SAO JOSE DOS PINHAIS,Reação tardia ou ineficiente do condutor,Colisão traseira,Com Vítimas Feridas,Amanhecer,Decrescente,Nublado,Dupla,Reta,Sim,2.0,0.0,1.0,0.0,1.0,1.0,0.0,2.0,"-25,492652","-49,170433",SPRF-PR,DEL01/PR,UOP08-DEL01-PR
757337,01/02/2026,domingo,17:30:00,SP,116.0,360,MIRACATU,Velocidade Incompatível,Tombamento,Com Vítimas Feridas,Pleno dia,Decrescente,Céu Claro,Dupla,Curva,Não,3.0,0.0,2.0,0.0,2.0,0.0,0.0,2.0,"-24,113228","-47,26949215",SPRF-SP,DEL04/SP,UOP03-DEL04-SP
757340,10/03/2026,terça-feira,07:45:00,BA,116.0,"420,1",FEIRA DE SANTANA,Condutor deixou de manter distância do veículo da frente,Colisão traseira,Com Vítimas Feridas,Pleno dia,Decrescente,Céu Claro,Dupla,Reta,Sim,6.0,0.0,0.0,2.0,2.0,3.0,0.0,4.0,"-12,21155","-38,96548",SPRF-BA,DEL02/BA,UOP01-DEL02-BA
757344,10/03/2026,terça-feira,08:30:00,MG,267.0,"71,9",BICAS,Velocidade Incompatível,Tombamento,Com Vítimas Feridas,Pleno dia,Crescente,Nublado,Simples,Curva,Não,3.0,0.0,1.0,1.0,2.0,0.0,0.0,3.0,"-21,75736","-43,16582",SPRF-MG,DEL05/MG,UOP01-DEL05-MG
757346,10/03/2026,terça-feira,05:45:00,GO,60.0,322,ACREUNA,Condutor Dormindo,Saída de leito carroçável,Sem Vítimas,Amanhecer,Crescente,Nevoeiro/Neblina,Dupla,Reta,Não,1.0,0.0,0.0,0.0,0.0,1.0,0.0,1.0,"-17,514098","-50,479867",SPRF-GO,DEL04/GO,UOP02-DEL04-GO
757348,10/03/2026,terça-feira,08:10:00,SP,116.0,143,SAO JOSE DOS CAMPOS,Ausência de reação do condutor,Colisão lateral mesmo sentido,Com Vítimas Feridas,Pleno dia,Crescente,Nublado,Múltipla,Reta,Sim,4.0,0.0,1.0,0.0,1.0,2.0,0.0,3.0,"-23,18250834","-45,84592279",SPRF-SP,DEL02/SP,UOP01-DEL02-SP
757349,10/03/2026,terça-feira,05:00:00,MS,60.0,"516,5",NIOAQUE,Demais falhas mecânicas ou elétricas,Incêndio,Sem Vítimas,Amanhecer,Crescente,Nublado,Simples,Reta,Não,2.0,0.0,0.0,0.0,0.0,1.0,0.0,4.0,"-21,171378","-55,643021",SPRF-MS,DEL05/MS,UOP01-DEL05-MS
757350,10/03/2026,terça-feira,07:51:00,MG,40.0,"488,9",ESMERALDAS,Condutor deixou de manter distância do veículo da frente,Colisão lateral mesmo sentido,Sem Vítimas,Pleno dia,Crescente,Céu Claro,Dupla,Declive;Curva,Não,2.0,0.0,0.0,0.0,0.0,1.0,0.0,2.0,"-19,6141644","-44,2158326",SPRF-MG,DEL02/MG,UOP01-DEL02-MG
757353,10/03/2026,terça-feira,07:50:00,PR,376.0,665,GUARATUBA,Ausência de reação do condutor,Colisão com objeto,Com Vítimas Feridas,Pleno dia,Crescente,Garoa/Chuvisco,Dupla,Declive;Curva,Não,4.0,0.0,1.0,0.0,1.0,2.0,0.0,5.0,"-25,859572","-48,949728",SPRF-PR,DEL01/PR,UOP04-DEL01-PR
757354,10/03/2026,terça-feira,08:15:00,MA,226.0,300,BARRA DO CORDA,Ausência de reação do condutor,Queda de ocupante de veículo,Com Vítimas Feridas,Pleno dia,Crescente,Céu Claro,Simples,Reta;Rotatória,Sim,2.0,0.0,0.0,1.0,1.0,0.0,0.0,2.0,"-5,5019419","-45,24649084",SPRF-MA,DEL06-MA,UOP01-DEL06-MA
757355,10/03/2026,terça-feira,05:30:00,SP,116.0,"339,4",JUQUITIBA,Ausência de reação do condutor,Tombamento,Com Vítimas Feridas,Amanhecer,Decrescente,Chuva,Múltipla,Aclive;Reta,Não,2.0,0.0,1.0,0.0,1.0,0.0,0.0,2.0,"-24,002788","-47,154618",SPRF-SP,DEL04/SP,UOP03-DEL04-SP
757359,10/03/2026,terça-feira,09:30:00,RS,116.0,367,SENTINELA DO SUL,Reação tardia ou ineficiente do condutor,Colisão traseira,Com Vítimas Feridas,Pleno dia,Crescente,Garoa/Chuvisco,Dupla,Reta,Não,2.0,0.0,1.0,0.0,1.0,1.0,0.0,2.0,"-30,67703032","-51,57458246",SPRF-RS,DEL02/RS,UOP02-DEL02-RS
757360,10/03/2026,terça-feira,07:30:00,SP,116.0,523,BARRA DO TURVO,Chuva,Colisão com objeto,Com Vítimas Feridas,Pleno dia,Crescente,Chuva,Simples,Declive;Reta,Não,2.0,0.0,1.0,0.0,1.0,1.0,0.0,1.0,"-24,918978","-48,25809002",SPRF-SP,DEL05/SP,UOP02-DEL05-SP
757361,10/03/2026,terça-feira,08:00:00,MG,381.0,"423,8",SABARA,Avarias e/ou desgaste excessivo no pneu,Tombamento,Com Vítimas Feridas,Pleno dia,Decrescente,Nublado,Simples,Curva,Sim,2.0,0.0,1.0,0.0,1.0,0.0,0.0,2.0,"-19,78834933","-43,69674683",SPRF-MG,DEL01/MG,UOP01-DEL01-MG
757365,10/03/2026,terça-feira,08:30:00,PR,163.0,"214,5",CASCAVEL,Demais falhas mecânicas ou elétricas,Capotamento,Com Vítimas Feridas,Pleno dia,Decrescente,Céu Claro,Dupla,Reta,Não,2.0,0.0,1.0,0.0,1.0,0.0,0.0,2.0,"-24,88961801","-53,55289522",SPRF-PR,DEL04/PR,UOP01-DEL04-PR
757374,10/03/2026,terça-feira,09:35:00,PI,230.0,309,FLORIANO,Acessar a via sem observar a presença dos outros veículos,Colisão transversal,Com Vítimas Feridas,Pleno dia,Crescente,Chuva,Simples,Reta,Sim,2.0,0.0,1.0,0.0,1.0,1.0,0.0,2.0,"-6,772297","-43,007133",SPRF-PI,DEL03-PI,UOP01-DEL03-PI
757378,04/03/2026,quarta-feira,14:30:00,SC,153.0,"81,3",IRANI,Demais falhas mecânicas ou elétricas,Saída de leito carroçável,Sem Vítimas,Pleno dia,Crescente,Céu Claro,Simples,Curva,Não,1.0,0.0,0.0,0.0,0.0,1.0,0.0,1.0,"-27,123662","-51,926212",SPRF-SC,DEL07/SC,UOP04-DEL07-SC
757380,10/03/2026,terça-feira,09:30:00,SC,280.0,39,ARAQUARI,Manobra de mudança de faixa,Colisão frontal,Com Vítimas Feridas,Pleno dia,Decrescente,Garoa/Chuvisco,Simples,Ponte;Reta;Em Obras,Não,4.0,0.0,0.0,1.0,1.0,3.0,0.0,3.0,"-26,4426026","-48,80916595",SPRF-SC,DEL03/SC,UOP03-DEL03-SC
757385,10/03/2026,terça-feira,08:10:00,SC,163.0,"109,4",GUARUJA DO SUL,Velocidade Incompatível,Tombamento,Com Vítimas Feridas,Pleno dia,Crescente,Céu Claro,Simples,Curva,Não,3.0,0.0,0.0,1.0,1.0,1.0,0.0,2.0,"-26,40985242","-53,5220425",SPRF-SC,DEL07/SC,UOP03-DEL07-SC
757392,10/03/2026,terça-feira,10:00:00,ES,101.0,"389,5",RIO NOVO DO SUL,Condutor deixou de manter distância do veículo da frente,Colisão frontal,Com Vítimas Fatais,Pleno dia,Decrescente,Nublado,Simples,Curva,Não,3.0,1.0,1.0,0.0,1.0,0.0,0.0,4.0,"-20,864617","-40,881988",SPRF-ES,DEL03-ES,UOP02-DEL03-ES
757397,10/03/2026,terça-feira,10:25:00,MS,163.0,831,SONORA,Acessar a via sem observar a presença dos outros veículos,Colisão transversal,Sem Vítimas,Pleno dia,Crescente,Céu Claro,Simples,Reta,Não,2.0,0.0,0.0,0.0,0.0,2.0,0.0,2.0,"-17,649","-54,748",SPRF-MS,DEL06/MS,UOP01-DEL06-MS
757398,10/03/2026,terça-feira,07:50:00,MA,226.0,"0,7",TIMON,Desrespeitar a preferência no cruzamento,Colisão lateral mesmo sentido,Sem Vítimas,Pleno dia,Decrescente,Nublado,Dupla,Interseção de Vias,Sim,2.0,0.0,0.0,0.0,0.0,1.0,0.0,2.0,"-5,132029","-42,819601",SPRF-MA,DEL03-MA,UOP02-DEL03-MA
757400,10/03/2026,terça-feira,11:50:00,SC,101.0,104,BALNEARIO PICARRAS,Reação tardia ou ineficiente do condutor,Colisão traseira,Com Vítimas Feridas,Pleno dia,Crescente,Garoa/Chuvisco,Dupla,Reta,Não,3.0,0.0,1.0,0.0,1.0,1.0,0.0,3.0,"-26,79639567","-48,68015639",SPRF-SC,DEL03/SC,UOP02-DEL03-SC
757401,10/03/2026,terça-feira,12:50:00,GO,40.0,92,CRISTALINA,Desrespeitar a preferência no cruzamento,Colisão transversal,Com Vítimas Feridas,Pleno dia,Crescente,Céu Claro,Simples,Reta;Interseção de Vias,Não,7.0,0.0,0.0,1.0,1.0,6.0,0.0,2.0,"-16,733913","-47,621698",SPRF-DF,DEL01-DF,UOP02-DEL01-DF
757405,10/03/2026,terça-feira,13:05:00,RN,101.0,153,GOIANINHA,Demais falhas mecânicas ou elétricas,Incêndio,Sem Vítimas,Pleno dia,Crescente,Céu Claro,Dupla,Reta,Não,1.0,0.0,0.0,0.0,0.0,1.0,0.0,1.0,"-6,314866","-35,184927",SPRF-RN,DEL01-RN,UOP01-DEL01-RN
757406,10/03/2026,terça-feira,13:15:00,ES,262.0,46,MARECHAL FLORIANO,Transitar na contramão,Colisão frontal,Com Vítimas Feridas,Pleno dia,Crescente,Nublado,Simples,Reta,Sim,3.0,0.0,1.0,0.0,1.0,1.0,0.0,4.0,"-20,40740041","-40,67320911",SPRF-ES,DEL01-ES,UOP01-DEL01-ES
757408,10/03/2026,terça-feira,07:00:00,BA,116.0,806,VITORIA DA CONQUISTA,Condutor Dormindo,Colisão frontal,Com Vítimas Feridas,Pleno dia,Crescente,Céu Claro,Simples,Reta,Não,4.0,0.0,1.0,1.0,2.0,1.0,0.0,4.0,"-14,75726976","-40,69078063",SPRF-BA,DEL08/BA,UOP01-DEL08-BA
757425,10/03/2026,terça-feira,14:30:00,CE,116.0,16,EUSEBIO,Avarias e/ou desgaste excessivo no pneu,Eventos atípicos,Com Vítimas Feridas,Pleno dia,Decrescente,Céu Claro,Dupla,Reta,Sim,2.0,0.0,1.0,0.0,1.0,0.0,0.0,2.0,"-3,888614","-38,501621",SPRF-CE,DEL01/CE,UOP02-DEL01-CE
757432,10/03/2026,terça-feira,14:40:00,PR,277.0,"1,7",PARANAGUA,Manobra de mudança de faixa,Colisão transversal,Com Vítimas Feridas,Pleno dia,Decrescente,Chuva,Dupla,Reta,Sim,3.0,0.0,1.0,0.0,1.0,1.0,0.0,4.0,"-25,529933","-48,548005",SPRF-PR,DEL01/PR,UOP05-DEL01-PR
757436,28/02/2026,sábado,20:34:00,MS,262.0,570,MIRANDA,Avarias e/ou desgaste excessivo no pneu,Incêndio,Sem Vítimas,Plena Noite,Crescente,Nublado,Simples,Reta,Não,2.0,0.0,0.0,0.0,0.0,1.0,0.0,2.0,"-20,189932","-56,470159",SPRF-MS,DEL03/MS,UOP02-DEL03-MS
757437,10/03/2026,terça-feira,15:10:00,PR,376.0,633,SAO JOSE DOS PINHAIS,Reação tardia ou ineficiente do condutor,Tombamento,Com Vítimas Feridas,Pleno dia,Crescente,Garoa/Chuvisco,Simples,Viaduto;Curva,Não,2.0,0.0,1.0,0.0,1.0,1.0,0.0,1.0,"-25,727997","-49,133988",SPRF-PR,DEL01/PR,UOP04-DEL01-PR
757438,10/03/2026,terça-feira,14:30:00,SC,153.0,"112,1",CONCORDIA,Transitar na contramão,Colisão frontal,Com Vítimas Fatais,Pleno dia,Decrescente,Nublado,Simples,Curva,Não,4.0,1.0,0.0,1.0,1.0,1.0,0.0,3.0,"-27,33527","-51,975558",SPRF-SC,DEL07/SC,UOP04-DEL07-SC
757439,10/03/2026,terça-feira,13:30:00,PE,101.0,"102,6",CABO DE SANTO AGOSTINHO,Reação tardia ou ineficiente do condutor,Colisão lateral mesmo sentido,Com Vítimas Feridas,Pleno dia,Crescente,Sol,Dupla,Reta,Não,5.0,0.0,0.0,1.0,1.0,1.0,0.0,4.0,"-8,28843","-35,05668",SPRF-PE,DEL01/PE,UOP03-DEL01-PE
757440,10/03/2026,terça-feira,15:40:00,PR,369.0,159,CAMBE,Manobra de mudança de faixa,Colisão lateral mesmo sentido,Sem Vítimas,Pleno dia,Crescente,Chuva,Dupla,Reta,Sim,3.0,0.0,0.0,0.0,0.0,2.0,0.0,3.0,"-23,283807","-51,244656",SPRF-PR,DEL07/PR,UOP01-DEL07-PR
757449,10/03/2026,terça-feira,13:40:00,RJ,116.0,222,PARACAMBI,Condutor Dormindo,Engavetamento,Com Vítimas Feridas,Pleno dia,Crescente,Nublado,Dupla,Reta,Não,5.0,0.0,1.0,0.0,1.0,4.0,0.0,3.0,"-22,689963","-43,799886",SPRF-RJ,DEL06/RJ,UOP02-DEL06-RJ
757453,10/03/2026,terça-feira,16:45:00,MG,146.0,487,POCOS DE CALDAS,Acessar a via sem observar a presença dos outros veículos,Atropelamento de Pedestre,Com Vítimas Feridas,Pleno dia,Crescente,Nublado,Simples,Declive;Reta,Não,3.0,0.0,0.0,1.0,1.0,1.0,0.0,2.0,"-21,807063","-46,488084",SPRF-MG,DEL09/MG,UOP01-DEL09-MG
757455,10/03/2026,terça-feira,17:10:00,PR,277.0,137,CAMPO LARGO,Manobra de mudança de faixa,Colisão lateral mesmo sentido,Sem Vítimas,Pleno dia,Crescente,Nublado,Dupla,Reta;Aclive,Não,3.0,0.0,0.0,0.0,0.0,2.0,0.0,3.0,"-25,464282","-49,651372",SPRF-PR,DEL01/PR,UOP07-DEL01-PR
757461,10/03/2026,terça-feira,14:11:00,MT,163.0,821,SINOP,Suicídio (presumido),Colisão traseira,Com Vítimas Feridas,Pleno dia,Crescente,Céu Claro,Simples,Reta,Sim,2.0,0.0,1.0,0.0,1.0,1.0,0.0,2.0,"-11,985452","-55,517013",SPRF-MT,DEL06/MT,UOP02-DEL06-MT
757463,10/03/2026,terça-feira,17:25:00,CE,222.0,22,CAUCAIA,Reação tardia ou ineficiente do condutor,Saída de leito carroçável,Com Vítimas Feridas,Anoitecer,Crescente,Céu Claro,Dupla,Reta,Sim,6.0,0.0,4.0,0.0,4.0,2.0,0.0,3.0,"-3,732177","-38,757272",SPRF-CE,DEL01/CE,UOP01-DEL01-CE
757465,10/03/2026,terça-feira,17:40:00,PR,153.0,"42,1",SANTO ANTONIO DA PLATINA,Mal súbito do condutor,Colisão transversal,Com Vítimas Feridas,Pleno dia,Decrescente,Garoa/Chuvisco,Simples,Interseção de Vias,Sim,2.0,0.0,0.0,1.0,1.0,1.0,0.0,2.0,"-23,29719371","-50,068516",SPRF-PR,DEL07/PR,UOP04-DEL07-PR
757467,10/03/2026,terça-feira,16:35:00,MG,116.0,"713,5",MURIAE,Chuva,Colisão lateral sentido oposto,Com Vítimas Feridas,Pleno dia,Crescente,Chuva,Simples,Curva,Não,7.0,0.0,4.0,0.0,4.0,2.0,0.0,5.0,"-21,19886","-42,3839",SPRF-MG,DEL07/MG,UOP02-DEL07-MG
757470,10/03/2026,terça-feira,15:40:00,MA,230.0,"402,6",BALSAS,Ausência de reação do condutor,Colisão traseira,Com Vítimas Feridas,Pleno dia,Crescente,Chuva,Simples,Reta,Sim,3.0,0.0,1.0,0.0,1.0,1.0,0.0,8.0,"-7,515602","-46,03459",SPRF-MA,DEL05-MA,UOP01-DEL05-MA
757471,10/03/2026,terça-feira,18:45:00,RS,158.0,321,SANTA MARIA,Ausência de reação do condutor,Colisão traseira,Com Vítimas Feridas,Plena Noite,Decrescente,Céu Claro,Dupla,Aclive;Curva;Em Obras,Não,3.0,0.0,1.0,0.0,1.0,1.0,0.0,4.0,"-29,68379319","-53,77848387",SPRF-RS,DEL09/RS,UOP01-DEL09-RS
757481,10/03/2026,terça-feira,17:20:00,MS,262.0,114,AGUA CLARA,Chuva,Colisão lateral sentido oposto,Com Vítimas Fatais,Anoitecer,Crescente,Chuva,Simples,Curva,Não,8.0,1.0,4.0,2.0,6.0,1.0,0.0,2.0,"-20,517111","-52,615848",SPRF-MS,DEL07/MS,UOP02-DEL07-MS
757482,10/03/2026,terça-feira,14:55:00,MG,153.0,121,PRATA,Avarias e/ou desgaste excessivo no pneu,Tombamento,Com Vítimas Feridas,Pleno dia,Crescente,Nublado,Dupla,Declive;Curva,Não,2.0,0.0,1.0,0.0,1.0,0.0,0.0,2.0,"-19,409725","-48,894502",SPRF-MG,DEL15/MG,UOP03-DEL15-MG
757484,10/03/2026,terça-feira,18:35:00,PR,277.0,5,FOZ DO IGUACU,Conversão proibida,Colisão transversal,Com Vítimas Feridas,Pleno dia,Crescente,Céu Claro,Simples,Viaduto,Sim,2.0,0.0,1.0,0.0,1.0,1.0,0.0,2.0,"-25,53386113","-54,52836741",SPRF-PR,DEL05/PR,UOP04-DEL05-PR
757489,10/03/2026,terça-feira,16:45:00,MG,365.0,"489,8",PATROCINIO,Condutor deixou de manter distância do veículo da frente,Engavetamento,Com Vítimas Feridas,Pleno dia,Crescente,Sol,Simples,Em Obras,Não,4.0,0.0,1.0,0.0,1.0,2.0,0.0,4.0,"-18,903044","-47,140503",SPRF-MG,DEL10/MG,UOP01-DEL10-MG
757493,10/03/2026,terça-feira,17:30:00,RJ,116.0,230,PIRAI,Reação tardia ou ineficiente do condutor,Colisão com objeto,Com Vítimas Feridas,Anoitecer,Decrescente,Garoa/Chuvisco,Dupla,Declive;Curva,Não,3.0,0.0,1.0,2.0,3.0,0.0,0.0,1.0,"-22,67160216","-43,82877442",SPRF-RJ,DEL07/RJ,UOP01-DEL07-RJ
757498,10/03/2026,terça-feira,15:00:00,GO,153.0,114,ESTRELA DO NORTE,Ausência de reação do condutor,Tombamento,Sem Vítimas,Pleno dia,Crescente,Céu Claro,Simples,Declive,Não,2.0,0.0,0.0,0.0,0.0,1.0,0.0,2.0,"-13,8597472","-49,05000687",SPRF-GO,DEL07/GO,UOP01-DEL07-GO
757499,10/03/2026,terça-feira,20:10:00,BA,324.0,520,FEIRA DE SANTANA,Condutor deixou de manter distância do veículo da frente,Colisão traseira,Com Vítimas Feridas,Plena Noite,Decrescente,Céu Claro,Dupla,Viaduto;Reta,Não,4.0,0.0,2.0,0.0,2.0,1.0,0.0,3.0,"-12,2715659","-38,9366349",SPRF-BA,DEL11/BA,UOP02-DEL11-BA