id,data_inversa,dia_semana,horario,uf,br,km,municipio,causa_acidente,tipo_acidente,classificacao_acidente,fase_dia,sentido_via,condicao_metereologica,tipo_pista,tracado_via,uso_solo,pessoas,mortos,feridos_leves,feridos_graves,feridos,ilesos,ignorados,veiculos,latitude,longitude,regional,delegacia,uop
757501,10/03/2026,terça-feira,20:40:00,PR,376.0,245,APUCARANA,Transitar na contramão,Atropelamento de Pedestre,Com Vítimas Feridas,Plena Noite,Crescente,Garoa/Chuvisco,Dupla,Declive;Reta,Sim,4.0,0.0,0.0,1.0,1.0,2.0,0.0,4.0,"-23,588701","-51,412695",SPRF-PR,DEL07/PR,UOP03-DEL07-PR
757519,10/03/2026,terça-feira,22:00:00,PR,373.0,182,PONTA GROSSA,Pedestre cruzava a pista fora da faixa,Atropelamento de Pedestre,Com Vítimas Feridas,Plena Noite,Decrescente,Céu Claro,Dupla,Reta,Sim,2.0,0.0,1.0,0.0,1.0,1.0,0.0,2.0,"-25,04015149","-50,27244353",SPRF-PR,DEL03/PR,UOP01-DEL03-PR
757520,10/03/2026,terça-feira,22:15:00,RS,116.0,"243,6",SAO LEOPOLDO,Ausência de reação do condutor,Colisão com objeto,Sem Vítimas,Plena Noite,Decrescente,Céu Claro,Dupla,Reta,Sim,1.0,0.0,0.0,0.0,0.0,1.0,0.0,1.0,"-29,73370704","-51,14959525",SPRF-RS,DEL01/RS,UOP02-DEL01-RS
757527,10/03/2026,terça-feira,21:50:00,SP,116.0,77,ROSEIRA,Ausência de reação do condutor,Colisão traseira,Com Vítimas Feridas,Plena Noite,Crescente,Chuva,Dupla,Reta,Não,7.0,0.0,4.0,0.0,4.0,2.0,0.0,4.0,"-22,87859607","-45,27377542",SPRF-SP,DEL08/SP,UOP01-DEL08-SP
757531,10/03/2026,terça-feira,22:15:00,RS,285.0,"97,6",VACARIA,Ausência de reação do condutor,Tombamento,Com Vítimas Feridas,Plena Noite,Decrescente,Céu Claro,Simples,Curva,Não,3.0,0.0,0.0,1.0,1.0,0.0,0.0,3.0,"-28,5913","-50,75375",SPRF-RS,DEL05/RS,UOP03-DEL05-RS
757532,10/03/2026,terça-feira,22:40:00,PR,116.0,69,QUATRO BARRAS,Condutor deixou de manter distância do veículo da frente,Colisão traseira,Com Vítimas Feridas,Plena Noite,Crescente,Garoa/Chuvisco,Dupla,Reta,Não,3.0,0.0,1.0,0.0,1.0,1.0,0.0,4.0,"-25,33260376","-49,03227615",SPRF-PR,DEL01/PR,UOP02-DEL01-PR
757533,10/03/2026,terça-feira,23:45:00,PR,376.0,2,APUCARANA,Acessar a via sem observar a presença dos outros veículos,Colisão transversal,Com Vítimas Feridas,Plena Noite,Crescente,Nublado,Simples,Aclive,Não,3.0,0.0,0.0,1.0,1.0,1.0,0.0,3.0,"-23,57101","-51,428529",SPRF-PR,DEL07/PR,UOP03-DEL07-PR
757535,11/03/2026,quarta-feira,00:01:00,SP,116.0,443,REGISTRO,Avarias e/ou desgaste excessivo no pneu,Colisão traseira,Com Vítimas Feridas,Plena Noite,Crescente,Nublado,Dupla,Reta,Não,3.0,0.0,1.0,0.0,1.0,1.0,0.0,3.0,"-24,48458508","-47,8333017",SPRF-SP,DEL05/SP,UOP01-DEL05-SP
757539,11/03/2026,quarta-feira,01:30:00,CE,116.0,18,EUSEBIO,Transtornos Mentais (exceto suicidio),Atropelamento de Pedestre,Com Vítimas Feridas,Plena Noite,Crescente,Céu Claro,Dupla,Reta,Sim,2.0,0.0,0.0,1.0,1.0,1.0,0.0,2.0,"-3,90915756","-38,50589689",SPRF-CE,DEL01/CE,UOP02-DEL01-CE
757540,11/03/2026,quarta-feira,00:50:00,MG,40.0,"383,9",CURVELO,Condutor Dormindo,Saída de leito carroçável,Com Vítimas Feridas,Plena Noite,Crescente,Céu Claro,Simples,Reta,Não,1.0,0.0,1.0,0.0,1.0,0.0,0.0,1.0,"-18,8961946","-44,6928737",SPRF-MG,DEL02/MG,UOP01-DEL02-MG
757541,11/03/2026,quarta-feira,01:25:00,SC,101.0,"377,9",ICARA,Condutor Dormindo,Saída de leito carroçável,Com Vítimas Feridas,Plena Noite,Crescente,Chuva,Múltipla,Reta,Não,2.0,0.0,1.0,0.0,1.0,0.0,0.0,2.0,"-28,7518864","-49,27141395",SPRF-SC,DEL02/SC,UOP01-DEL02-SC
757544,10/03/2026,terça-feira,07:45:00,MS,262.0,607,MIRANDA,Carga excessiva e/ou mal acondicionada,Derramamento de carga,Sem Vítimas,Pleno dia,Crescente,Nublado,Simples,Reta,Não,2.0,0.0,0.0,0.0,0.0,1.0,0.0,3.0,"-20,093051","-56,743791",SPRF-MS,DEL03/MS,UOP02-DEL03-MS
757545,11/03/2026,quarta-feira,06:00:00,BA,116.0,330,TEOFILANDIA,Reação tardia ou ineficiente do condutor,Queda de ocupante de veículo,Com Vítimas Fatais,Pleno dia,Crescente,Céu Claro,Simples,Aclive;Reta,Não,3.0,1.0,0.0,0.0,0.0,1.0,0.0,3.0,"-11,42236","-38,97235",SPRF-BA,DEL02/BA,UOP01-DEL02-BA
757546,11/03/2026,quarta-feira,05:35:00,PA,316.0,64,CASTANHAL,Condutor desrespeitou a iluminação vermelha do semáforo,Colisão transversal,Com Vítimas Feridas,Amanhecer,Decrescente,Ignorado,Dupla,Reta,Sim,4.0,0.0,1.0,0.0,1.0,3.0,0.0,2.0,"-1,296188","-47,919153",SPRF-PA,DEL01/PA,UOP01-DEL01-PA
757548,11/03/2026,quarta-feira,05:52:00,MG,381.0,487,BETIM,Ausência de reação do condutor,Colisão lateral mesmo sentido,Com Vítimas Feridas,Amanhecer,Decrescente,Chuva,Dupla,Reta,Sim,2.0,0.0,1.0,0.0,1.0,0.0,0.0,2.0,"-19,95671919","-44,12658048",SPRF-MG,DEL01/MG,UOP03-DEL01-MG
757551,10/03/2026,terça-feira,18:29:00,RJ,101.0,263,RIO BONITO,Demais falhas mecânicas ou elétricas,Incêndio,Sem Vítimas,Plena Noite,Crescente,Garoa/Chuvisco,Dupla,Declive,Sim,1.0,0.0,0.0,0.0,0.0,1.0,0.0,1.0,"-22,71873505","-42,62695313",SPRF-RJ,DEL02/RJ,UOP03-DEL02-RJ
757554,11/03/2026,quarta-feira,05:50:00,PR,376.0,241,APUCARANA,Ultrapassagem Indevida,Colisão traseira,Com Vítimas Feridas,Pleno dia,Decrescente,Céu Claro,Dupla,Reta,Não,3.0,0.0,1.0,0.0,1.0,1.0,0.0,5.0,"-23,581716","-51,443177",SPRF-PR,DEL07/PR,UOP03-DEL07-PR
757556,10/03/2026,terça-feira,21:40:00,BA,101.0,449,AURELINO LEAL,Ultrapassagem Indevida,Colisão lateral mesmo sentido,Com Vítimas Feridas,Plena Noite,Decrescente,Céu Claro,Simples,Reta,Não,7.0,0.0,5.0,0.0,5.0,1.0,0.0,3.0,"-14,328899","-39,314068",SPRF-BA,DEL05/BA,UOP01-DEL05-BA
757563,11/03/2026,quarta-feira,07:40:00,RS,153.0,47,ERECHIM,Desrespeitar a preferência no cruzamento,Colisão transversal,Com Vítimas Feridas,Pleno dia,Decrescente,Céu Claro,Simples,Interseção de Vias;Rotatória,Não,2.0,0.0,1.0,0.0,1.0,1.0,0.0,2.0,"-27,63298327","-52,23628586",SPRF-RS,DEL08/RS,UOP04-DEL08-RS
757567,11/03/2026,quarta-feira,05:30:00,AP,210.0,88,PORTO GRANDE,Ausência de reação do condutor,Colisão lateral sentido oposto,Sem Vítimas,Amanhecer,Decrescente,Garoa/Chuvisco,Simples,Reta,Não,3.0,0.0,0.0,0.0,0.0,2.0,0.0,3.0,"0,6345499","-51,28747914",SPRF-AP,DEL01-AP,UOP01-DEL01-AP
757570,08/03/2026,domingo,03:25:00,GO,60.0,306,ACREUNA,Ausência de reação do condutor,Colisão traseira,Com Vítimas Feridas,Plena Noite,Crescente,Céu Claro,Dupla,Reta,Não,7.0,0.0,0.0,2.0,2.0,4.0,0.0,5.0,"-17,40973402","-50,40420324",SPRF-GO,DEL04/GO,UOP02-DEL04-GO
757571,11/03/2026,quarta-feira,04:30:00,PA,230.0,1127,ITAITUBA,Acumulo de areia ou detritos sobre o pavimento,Colisão transversal,Com Vítimas Feridas,Pleno dia,Decrescente,Nublado,Simples,Reta,Não,4.0,0.0,2.0,0.0,2.0,1.0,0.0,4.0,"-4,304225","-55,959353",SPRF-PA,DEL05/PA,UOP02-DEL05-PA
757576,23/02/2026,segunda-feira,09:45:00,MG,116.0,"526,9",CARATINGA,Ausência de reação do condutor,Colisão traseira,Com Vítimas Feridas,Pleno dia,Crescente,Céu Claro,Dupla,Declive;Reta,Sim,2.0,0.0,0.0,1.0,1.0,1.0,0.0,2.0,"-19,78716019","-42,13539898",SPRF-MG,DEL06/MG,UOP02-DEL06-MG
757578,11/03/2026,quarta-feira,08:45:00,SP,116.0,359,MIRACATU,Velocidade Incompatível,Tombamento,Com Vítimas Feridas,Pleno dia,Decrescente,Nublado,Dupla,Curva,Não,2.0,0.0,0.0,1.0,1.0,0.0,0.0,2.0,"-24,10587939","-47,2641449",SPRF-SP,DEL04/SP,UOP03-DEL04-SP
757580,04/02/2026,quarta-feira,10:51:00,RO,319.0,143,PORTO VELHO,Estacionar ou parar em local proibido,Colisão traseira,Com Vítimas Feridas,Pleno dia,Crescente,Céu Claro,Dupla,Reta,Sim,12.0,0.0,4.0,0.0,4.0,7.0,0.0,5.0,"-8,74666147","-63,88878107",SPRF-RO,DEL01-RO,UOP01-DEL01-RO
757594,11/03/2026,quarta-feira,09:30:00,SP,116.0,217,GUARULHOS,Trafegar com motocicleta (ou similar) entre as faixas,Colisão lateral mesmo sentido,Com Vítimas Feridas,Pleno dia,Crescente,Chuva,Múltipla,Reta,Não,3.0,0.0,1.0,0.0,1.0,2.0,0.0,3.0,"-23,455718","-46,475975",SPRF-SP,DEL01/SP,UOP01-DEL01-SP
757601,11/03/2026,quarta-feira,10:00:00,PE,101.0,131,ESCADA,Demais falhas na via,Saída de leito carroçável,Sem Vítimas,Pleno dia,Decrescente,Céu Claro,Dupla,Reta,Não,4.0,0.0,0.0,0.0,0.0,3.0,0.0,2.0,"-8,403635","-35,269187",SPRF-PE,DEL01/PE,UOP03-DEL01-PE
757602,11/03/2026,quarta-feira,08:45:00,RJ,101.0,303,SAO GONCALO,Acessar a via sem observar a presença dos outros veículos,Colisão lateral mesmo sentido,Com Vítimas Feridas,Pleno dia,Decrescente,Nublado,Simples,Rotatória;Curva,Não,3.0,0.0,1.0,0.0,1.0,2.0,0.0,2.0,"-22,783","-42,975565",SPRF-RJ,DEL02/RJ,UOP02-DEL02-RJ
757603,11/03/2026,quarta-feira,08:30:00,MS,267.0,190,NOVA ANDRADINA,Mal súbito do condutor,Saída de leito carroçável,Com Vítimas Feridas,Pleno dia,Decrescente,Chuva,Simples,Reta,Não,2.0,0.0,1.0,0.0,1.0,0.0,0.0,3.0,"-21,758","-53,256",SPRF-MS,DEL02/MS,UOP03-DEL02-MS
757605,11/03/2026,quarta-feira,10:55:00,SC,101.0,95,BARRA VELHA,Reação tardia ou ineficiente do condutor,Colisão traseira,Com Vítimas Feridas,Pleno dia,Decrescente,Nublado,Dupla,Aclive;Curva,Não,2.0,0.0,0.0,1.0,1.0,1.0,0.0,2.0,"-26,71191862","-48,70277882",SPRF-SC,DEL03/SC,UOP02-DEL03-SC
757608,11/03/2026,quarta-feira,10:45:00,MG,50.0,160,UBERABA,Ausência de reação do condutor,Colisão lateral mesmo sentido,Com Vítimas Feridas,Pleno dia,Decrescente,Chuva,Dupla,Reta,Não,1.0,0.0,1.0,0.0,1.0,0.0,0.0,1.0,"-19,2930444","-48,1158688",SPRF-MG,DEL13/MG,UOP01-DEL13-MG
757613,07/03/2026,sábado,14:36:00,TO,242.0,355,PEIXE,Condutor Dormindo,Colisão lateral sentido oposto,Com Vítimas Feridas,Pleno dia,Crescente,Nublado,Simples,Curva,Não,3.0,0.0,1.0,0.0,1.0,1.0,0.0,4.0,"-11,87353","-48,860055",SPRF-TO,DEL01-TO,UOP02-DEL01-TO
757615,11/03/2026,quarta-feira,11:50:00,SC,470.0,"137,8",RIO DO SUL,Transitar na contramão,Colisão frontal,Com Vítimas Feridas,Pleno dia,Crescente,Garoa/Chuvisco,Simples,Reta,Sim,5.0,0.0,1.0,0.0,1.0,3.0,0.0,5.0,"-27,19191719","-49,62182013",SPRF-SC,DEL04/SC,UOP02-DEL04-SC
757616,11/03/2026,quarta-feira,08:30:00,GO,158.0,153,CAIAPONIA,Reação tardia ou ineficiente do condutor,Tombamento,Sem Vítimas,Pleno dia,Decrescente,Sol,Simples,Rotatória;Interseção de Vias,Não,4.0,0.0,0.0,0.0,0.0,0.0,1.0,3.0,"-16,932682","-51,824371",SPRF-GO,DEL04/GO,UOP02-DEL04-GO
757619,11/03/2026,quarta-feira,11:45:00,ES,101.0,"42,5",CONCEICAO DA BARRA,Condutor deixou de manter distância do veículo da frente,Colisão traseira,Sem Vítimas,Pleno dia,Decrescente,Nublado,Simples,Reta,Não,2.0,0.0,0.0,0.0,0.0,2.0,0.0,2.0,"-18,52103288","-39,91218631",SPRF-ES,DEL04-ES,UOP02-DEL04-ES
757629,11/03/2026,quarta-feira,11:55:00,SP,116.0,"76,2",APARECIDA,Reação tardia ou ineficiente do condutor,Engavetamento,Com Vítimas Feridas,Pleno dia,Crescente,Nublado,Dupla,Reta,Não,5.0,0.0,1.0,0.0,1.0,3.0,0.0,5.0,"-22,87570071","-45,26736259",SPRF-SP,DEL08/SP,UOP01-DEL08-SP
757632,11/03/2026,quarta-feira,12:00:00,MT,364.0,307,JACIARA,Acumulo de água sobre o pavimento,Saída de leito carroçável,Com Vítimas Feridas,Pleno dia,Decrescente,Chuva,Dupla,Reta,Não,1.0,0.0,0.0,1.0,1.0,0.0,0.0,1.0,"-15,8166042","-55,2309715",SPRF-MT,DEL05/MT,UOP02-DEL05-MT
757638,11/03/2026,quarta-feira,13:52:00,PE,101.0,"49,3",ABREU E LIMA,Demais falhas mecânicas ou elétricas,Eventos atípicos,Com Vítimas Feridas,Pleno dia,Decrescente,Céu Claro,Múltipla,Reta,Sim,3.0,0.0,1.0,0.0,1.0,1.0,0.0,3.0,"-7,903743","-34,901427",SPRF-PE,DEL01/PE,UOP02-DEL01-PE
757639,11/03/2026,quarta-feira,14:20:00,RS,392.0,"267,6",CACAPAVA DO SUL,Transitar na contramão,Colisão frontal,Com Vítimas Feridas,Pleno dia,Crescente,Céu Claro,Simples,Declive;Curva,Não,3.0,0.0,0.0,1.0,1.0,1.0,0.0,3.0,"-30,410993","-53,497947",SPRF-RS,DEL09/RS,UOP02-DEL09-RS
757647,01/03/2026,domingo,22:20:00,PE,407.0,"107,6",PETROLINA,Acessar a via sem observar a presença dos outros veículos,Colisão transversal,Sem Vítimas,Plena Noite,Crescente,Ignorado,Simples,Interseção de Vias,Não,3.0,0.0,0.0,0.0,0.0,1.0,0.0,3.0,"-9,24474461","-40,61430931",SPRF-PE,DEL06/PE,UOP01-DEL06-PE
757648,11/03/2026,quarta-feira,11:30:00,BA,116.0,777,PLANALTO,Ausência de reação do condutor,Engavetamento,Com Vítimas Feridas,Pleno dia,Crescente,Céu Claro,Simples,Reta,Sim,5.0,0.0,3.0,0.0,3.0,2.0,0.0,3.0,"-14,6699672","-40,473837",SPRF-BA,DEL08/BA,UOP02-DEL08-BA
757652,09/02/2026,segunda-feira,11:25:00,MG,381.0,934,EXTREMA,Manobra de mudança de faixa,Colisão traseira,Com Vítimas Feridas,Pleno dia,Crescente,Chuva,Dupla,Reta,Não,5.0,0.0,1.0,0.0,1.0,2.0,0.0,4.0,"-22,79939663","-46,2613678",SPRF-MG,DEL16/MG,UOP03-DEL16-MG
757654,11/03/2026,quarta-feira,11:45:00,RJ,493.0,52,DUQUE DE CAXIAS,Acessar a via sem observar a presença dos outros veículos,Colisão transversal,Com Vítimas Feridas,Pleno dia,Decrescente,Chuva,Dupla,Reta,Não,2.0,0.0,1.0,0.0,1.0,1.0,0.0,2.0,"-22,66661066","-43,32939148",SPRF-RJ,DEL01/RJ,UOP03-DEL01-RJ
757666,03/02/2026,terça-feira,22:00:00,PA,163.0,144,ALTAMIRA,Ultrapassagem Indevida,Saída de leito carroçável,Com Vítimas Feridas,Plena Noite,Crescente,Nublado,Simples,Reta,Não,2.0,0.0,1.0,0.0,1.0,0.0,0.0,3.0,"-8,4372","-55,1164",SPRF-MT,DEL06/MT,UOP03-DEL06-MT
757673,11/03/2026,quarta-feira,17:45:00,MG,365.0,"7,7",MONTES CLAROS,Chuva,Colisão frontal,Com Vítimas Feridas,Anoitecer,Crescente,Chuva,Simples,Reta;Declive,Não,3.0,0.0,1.0,0.0,1.0,2.0,0.0,2.0,"-16,82117","-43,91965",SPRF-MG,DEL12/MG,UOP01-DEL12-MG
757675,11/03/2026,quarta-feira,17:00:00,MG,262.0,"72,5",MATIPO,Reação tardia ou ineficiente do condutor,Colisão lateral mesmo sentido,Com Vítimas Feridas,Pleno dia,Crescente,Chuva,Simples,Reta,Não,3.0,0.0,0.0,1.0,1.0,1.0,0.0,5.0,"-20,339318","-42,351047",SPRF-MG,DEL06/MG,UOP03-DEL06-MG
757676,11/03/2026,quarta-feira,14:15:00,PR,476.0,"195,2",LAPA,Velocidade Incompatível,Colisão lateral sentido oposto,Com Vítimas Feridas,Pleno dia,Crescente,Nublado,Simples,Reta,Não,3.0,0.0,1.0,0.0,1.0,1.0,0.0,5.0,"-25,74896475","-49,72059902",SPRF-PR,DEL01/PR,UOP06-DEL01-PR
757680,11/03/2026,quarta-feira,16:50:00,PR,376.0,"616,3",SAO JOSE DOS PINHAIS,Reação tardia ou ineficiente do condutor,Tombamento,Com Vítimas Feridas,Pleno dia,Crescente,Chuva,Dupla,Reta,Sim,6.0,0.0,3.0,0.0,3.0,2.0,0.0,5.0,"-25,584552","-49,1760033",SPRF-PR,DEL01/PR,UOP04-DEL01-PR
757685,11/03/2026,quarta-feira,16:45:00,SC,101.0,"46,7",JOINVILLE,Reação tardia ou ineficiente do condutor,Colisão lateral mesmo sentido,Com Vítimas Feridas,Pleno dia,Crescente,Nublado,Dupla,Reta,Sim,3.0,0.0,1.0,0.0,1.0,1.0,0.0,3.0,"-26,36174425","-48,85881297",SPRF-SC,DEL03/SC,UOP01-DEL03-SC
757691,11/03/2026,quarta-feira,19:00:00,RJ,493.0,17,GUAPIMIRIM,Afundamento ou ondulação no pavimento,Tombamento,Com Vítimas Feridas,Plena Noite,Crescente,Chuva,Simples,Reta;Em Obras,Sim,5.0,0.0,2.0,0.0,2.0,2.0,0.0,3.0,"-22,66874908","-43,01883459",SPRF-RJ,DEL04/RJ,UOP02-DEL04-RJ
757693,11/03/2026,quarta-feira,19:20:00,GO,153.0,429,ANAPOLIS,Condutor deixou de manter distância do veículo da frente,Colisão traseira,Com Vítimas Feridas,Plena Noite,Crescente,Céu Claro,Dupla,Aclive,Não,2.0,0.0,1.0,0.0,1.0,1.0,0.0,2.0,"-16,25959","-48,986975",SPRF-GO,DEL02/GO,UOP01-DEL02-GO
757695,11/03/2026,quarta-feira,19:35:00,PR,376.0,66,GUAIRACA,Acessar a via sem observar a presença dos outros veículos,Colisão transversal,Com Vítimas Feridas,Plena Noite,Decrescente,Chuva,Simples,Reta;Retorno Regulamentado,Não,3.0,0.0,0.0,1.0,1.0,1.0,0.0,5.0,"-22,92913353","-52,78891504",SPRF-PR,DEL09/PR,UOP02-DEL09-PR
757701,11/03/2026,quarta-feira,15:55:00,MT,70.0,522,VARZEA GRANDE,Acesso irregular,Colisão transversal,Com Vítimas Feridas,Pleno dia,Decrescente,Céu Claro,Simples,Reta,Sim,2.0,0.0,1.0,0.0,1.0,1.0,0.0,2.0,"-15,65103827","-56,19426901",SPRF-MT,DEL01/MT,UOP02-DEL01-MT
757702,11/03/2026,quarta-feira,20:15:00,RJ,101.0,47,CAMPOS DOS GOYTACAZES,Velocidade Incompatível,Colisão traseira,Com Vítimas Feridas,Plena Noite,Crescente,Nublado,Simples,Reta,Sim,2.0,0.0,0.0,1.0,1.0,1.0,0.0,2.0,"-21,608562","-41,316425",SPRF-RJ,DEL08/RJ,UOP01-DEL08-RJ
757703,11/03/2026,quarta-feira,14:00:00,RJ,116.0,"249,9",PIRAI,Demais falhas mecânicas ou elétricas,Incêndio,Sem Vítimas,Pleno dia,Crescente,Chuva,Dupla,Reta,Não,1.0,0.0,0.0,0.0,0.0,1.0,0.0,1.0,"-22,593493","-43,9556162",SPRF-RJ,DEL07/RJ,UOP01-DEL07-RJ
757704,11/03/2026,quarta-feira,20:30:00,SP,116.0,202,ARUJA,Manobra de mudança de faixa,Colisão lateral mesmo sentido,Com Vítimas Fatais,Plena Noite,Decrescente,Ignorado,Dupla,Reta;Aclive,Não,2.0,1.0,0.0,0.0,0.0,0.0,0.0,2.0,"-23,40908232","-46,34079027",SPRF-SP,DEL01/SP,UOP01-DEL01-SP
757706,11/03/2026,quarta-feira,19:30:00,RO,319.0,137,PORTO VELHO,Transitar na contramão,Colisão frontal,Com Vítimas Feridas,Plena Noite,Crescente,Céu Claro,Simples,Ponte,Não,3.0,0.0,1.0,0.0,1.0,1.0,0.0,4.0,"-8,73764211","-63,92100899",SPRF-RO,DEL01-RO,UOP01-DEL01-RO
757715,11/03/2026,quarta-feira,20:38:00,RJ,101.0,384,RIO DE JANEIRO,Demais falhas mecânicas ou elétricas,Incêndio,Sem Vítimas,Plena Noite,Decrescente,Chuva,Dupla,Reta,Sim,1.0,0.0,0.0,0.0,0.0,1.0,0.0,1.0,"-22,88083001","-43,63039669",SPRF-RJ,DEL03/RJ,UOP01-DEL03-RJ
757728,19/01/2026,segunda-feira,05:00:00,PA,230.0,"393,2",PACAJA,Reação tardia ou ineficiente do condutor,Saída de leito carroçável,Com Vítimas Feridas,Amanhecer,Crescente,Céu Claro,Simples,Curva,Não,4.0,0.0,2.0,1.0,3.0,0.0,0.0,2.0,"-3,847028","-50,521197",SPRF-PA,DEL04/PA,UOP01-DEL04-PA
757729,11/03/2026,quarta-feira,21:50:00,SC,101.0,"161,7",TIJUCAS,Reação tardia ou ineficiente do condutor,Tombamento,Com Vítimas Feridas,Plena Noite,Decrescente,Nublado,Dupla,Interseção de Vias;Reta,Sim,3.0,0.0,1.0,0.0,1.0,1.0,0.0,3.0,"-27,22328","-48,62642",SPRF-SC,DEL04/SC,UOP03-DEL04-SC
757731,11/03/2026,quarta-feira,21:50:00,SC,280.0,19,SAO FRANCISCO DO SUL,Ultrapassagem Indevida,Colisão lateral mesmo sentido,Com Vítimas Feridas,Plena Noite,Decrescente,Nublado,Simples,Reta,Não,2.0,0.0,1.0,0.0,1.0,1.0,0.0,2.0,"-26,35895822","-48,66153717",SPRF-SC,DEL03/SC,UOP03-DEL03-SC
757734,11/03/2026,quarta-feira,19:15:00,MG,116.0,"368,3",FREI INOCENCIO,Ultrapassagem Indevida,Colisão lateral mesmo sentido,Com Vítimas Feridas,Plena Noite,Crescente,Nublado,Simples,Reta,Não,5.0,0.0,1.0,1.0,2.0,2.0,0.0,4.0,"-18,521492","-41,883623",SPRF-MG,DEL11/MG,UOP01-DEL11-MG
757736,11/03/2026,quarta-feira,17:15:00,MG,262.0,"2,5",MARTINS SOARES,Chuva,Colisão frontal,Com Vítimas Feridas,Anoitecer,Decrescente,Chuva,Simples,Curva,Não,3.0,0.0,2.0,0.0,2.0,0.0,0.0,3.0,"-20,2518987","-41,78726435",SPRF-MG,DEL06/MG,UOP03-DEL06-MG
757737,11/03/2026,quarta-feira,21:58:00,PR,153.0,"51,2",SANTO ANTONIO DA PLATINA,Condutor usando celular,Colisão traseira,Com Vítimas Fatais,Plena Noite,Crescente,Chuva,Simples,Reta,Não,3.0,1.0,0.0,0.0,0.0,1.0,0.0,3.0,"-23,37641672","-50,06275213",SPRF-PR,DEL07/PR,UOP04-DEL07-PR
757742,12/03/2026,quinta-feira,00:40:00,MG,381.0,925,ITAPEVA,Velocidade Incompatível,Colisão com objeto,Com Vítimas Feridas,Plena Noite,Decrescente,Chuva,Dupla,Curva,Não,2.0,0.0,1.0,0.0,1.0,0.0,0.0,2.0,"-22,76926962","-46,20552099",SPRF-MG,DEL16/MG,UOP03-DEL16-MG
757744,11/03/2026,quarta-feira,23:10:00,MG,116.0,"305,1",ITAMBACURI,Ausência de sinalização,Colisão com objeto,Com Vítimas Feridas,Plena Noite,Decrescente,Nublado,Simples,Reta;Aclive,Não,2.0,0.0,1.0,0.0,1.0,1.0,0.0,2.0,"-18,033111","-41,653172",SPRF-MG,DEL11/MG,UOP01-DEL11-MG
757745,11/03/2026,quarta-feira,22:40:00,PI,343.0,220,CAPITAO DE CAMPOS,Manobra de mudança de faixa,Saída de leito carroçável,Com Vítimas Feridas,Plena Noite,Decrescente,Céu Claro,Simples,Reta,Não,1.0,0.0,1.0,0.0,1.0,0.0,0.0,1.0,"-4,51755928","-41,95953369",SPRF-PI,DEL01-PI,UOP03-DEL01-PI
757746,11/03/2026,quarta-feira,21:07:00,PA,163.0,970,SANTAREM,Reação tardia ou ineficiente do condutor,Tombamento,Com Vítimas Feridas,Plena Noite,Crescente,Céu Claro,Simples,Reta,Não,4.0,0.0,2.0,0.0,2.0,1.0,0.0,5.0,"-2,63028167","-54,74260833",SPRF-PA,DEL05/PA,UOP01-DEL05-PA
757748,11/03/2026,quarta-feira,21:00:00,BA,101.0,"18,5",RIO REAL,Pedestre andava na pista,Atropelamento de Pedestre,Com Vítimas Fatais,Plena Noite,Decrescente,Céu Claro,Dupla,Aclive;Reta,Não,2.0,1.0,0.0,0.0,0.0,0.0,0.0,2.0,"-11,637648","-37,889198",SPRF-SE,DEL02-SE,UOP03-DEL02-SE
757749,11/03/2026,quarta-feira,19:00:00,MT,70.0,525,VARZEA GRANDE,Iluminação deficiente,Colisão transversal,Com Vítimas Feridas,Plena Noite,Crescente,Céu Claro,Simples,Interseção de Vias,Sim,2.0,0.0,1.0,0.0,1.0,0.0,0.0,2.0,"-15,6496625","-56,1956236",SPRF-MT,DEL01/MT,UOP02-DEL01-MT
757752,12/03/2026,quinta-feira,03:28:00,PR,376.0,"627,6",SAO JOSE DOS PINHAIS,Condutor Dormindo,Colisão traseira,Com Vítimas Feridas,Plena Noite,Decrescente,Chuva,Dupla,Reta,Não,3.0,0.0,0.0,1.0,1.0,1.0,0.0,4.0,"-25,68633735","-49,14677493",SPRF-PR,DEL01/PR,UOP04-DEL01-PR
757753,12/03/2026,quinta-feira,01:00:00,RS,470.0,175,VERANOPOLIS,Ingestão de álcool pelo condutor,Colisão com objeto,Sem Vítimas,Plena Noite,Crescente,Céu Claro,Dupla,Aclive;Rotatória,Sim,1.0,0.0,0.0,0.0,0.0,1.0,0.0,1.0,"-28,89134079","-51,54941496",SPRF-RS,DEL06/RS,UOP02-DEL06-RS
757754,12/03/2026,quinta-feira,02:00:00,PR,376.0,"393,8",IMBAU,Demais falhas mecânicas ou elétricas,Incêndio,Sem Vítimas,Plena Noite,Decrescente,Nublado,Dupla,Reta;Aclive,Não,2.0,0.0,0.0,0.0,0.0,1.0,0.0,3.0,"-24,467146","-50,747419",SPRF-PR,DEL03/PR,UOP02-DEL03-PR
757758,12/03/2026,quinta-feira,06:18:00,CE,116.0,19,EUSEBIO,Manobra de mudança de faixa,Colisão traseira,Com Vítimas Feridas,Pleno dia,Crescente,Sol,Dupla,Reta;Retorno Regulamentado,Sim,2.0,0.0,1.0,0.0,1.0,1.0,0.0,2.0,"-3,91832588","-38,50735752",SPRF-CE,DEL01/CE,UOP02-DEL01-CE
757759,12/03/2026,quinta-feira,05:45:00,PR,369.0,"446,2",UBIRATA,Transitar na contramão,Colisão transversal,Com Vítimas Feridas,Amanhecer,Crescente,Garoa/Chuvisco,Simples,Reta,Não,9.0,0.0,2.0,3.0,5.0,4.0,0.0,3.0,"-24,55266847","-53,09302851",SPRF-PR,DEL04/PR,UOP03-DEL04-PR