id,data_inversa,dia_semana,horario,uf,br,km,municipio,causa_acidente,tipo_acidente,classificacao_acidente,fase_dia,sentido_via,condicao_metereologica,tipo_pista,tracado_via,uso_solo,pessoas,mortos,feridos_leves,feridos_graves,feridos,ilesos,ignorados,veiculos,latitude,longitude,regional,delegacia,uop
757760,11/03/2026,quarta-feira,21:00:00,MG,50.0,"188,1",UBERABA,Ausência de reação do condutor,Saída de leito carroçável,Com Vítimas Feridas,Plena Noite,Crescente,Garoa/Chuvisco,Dupla,Reta,Não,2.0,0.0,1.0,0.0,1.0,0.0,0.0,2.0,"-19,8401","-47,88238",SPRF-MG,DEL13/MG,UOP01-DEL13-MG
757762,12/03/2026,quinta-feira,04:07:00,MT,364.0,"287,9",JACIARA,Condutor deixou de manter distância do veículo da frente,Colisão traseira,Com Vítimas Feridas,Amanhecer,Decrescente,Céu Claro,Dupla,Reta,Não,2.0,0.0,1.0,0.0,1.0,0.0,0.0,3.0,"-15,906","-55,079",SPRF-MT,DEL05/MT,UOP02-DEL05-MT
757765,12/03/2026,quinta-feira,06:25:00,RS,290.0,148,ELDORADO DO SUL,Manobra de mudança de faixa,Colisão lateral mesmo sentido,Com Vítimas Feridas,Amanhecer,Crescente,Céu Claro,Simples,Reta,Não,4.0,0.0,2.0,0.0,2.0,1.0,0.0,3.0,"-30,10655272","-51,6936373",SPRF-RS,DEL02/RS,UOP01-DEL02-RS
757767,24/02/2026,terça-feira,16:35:00,RS,386.0,372,FAZENDA VILANOVA,Acumulo de água sobre o pavimento,Colisão frontal,Com Vítimas Feridas,Pleno dia,Decrescente,Chuva,Simples,Reta,Não,2.0,0.0,1.0,0.0,1.0,1.0,0.0,2.0,"-29,6057341","-51,80833563",SPRF-RS,DEL04/RS,UOP01-DEL04-RS
757769,12/03/2026,quinta-feira,04:35:00,MG,365.0,"427,6",PATOS DE MINAS,Velocidade Incompatível,Saída de leito carroçável,Sem Vítimas,Amanhecer,Crescente,Garoa/Chuvisco,Simples,Curva,Não,2.0,0.0,0.0,0.0,0.0,1.0,0.0,2.0,"-18,74435839","-46,63106024",SPRF-MG,DEL10/MG,UOP01-DEL10-MG
757771,12/03/2026,quinta-feira,06:30:00,SC,101.0,136,BALNEARIO CAMBORIU,Reação tardia ou ineficiente do condutor,Colisão lateral mesmo sentido,Com Vítimas Feridas,Pleno dia,Crescente,Garoa/Chuvisco,Dupla,Curva,Sim,3.0,0.0,0.0,1.0,1.0,1.0,0.0,4.0,"-27,00621999","-48,62342834",SPRF-SC,DEL04/SC,UOP03-DEL04-SC
757772,12/03/2026,quinta-feira,03:21:00,AC,364.0,75,SENADOR GUIOMARD,Condutor Dormindo,Saída de leito carroçável,Com Vítimas Feridas,Plena Noite,Decrescente,Chuva,Simples,Reta,Não,1.0,0.0,0.0,1.0,1.0,0.0,0.0,1.0,"-10,0775243","-67,3841545",SPRF-AC,DEL01-AC,UOP01-DEL01-AC
757774,12/03/2026,quinta-feira,06:30:00,MG,251.0,372,GRAO MOGOL,Condutor Dormindo,Saída de leito carroçável,Com Vítimas Feridas,Pleno dia,Decrescente,Céu Claro,Simples,Reta,Não,1.0,0.0,0.0,1.0,1.0,0.0,0.0,1.0,"-16,281127","-42,679683",SPRF-MG,DEL12/MG,UOP01-DEL12-MG
757778,12/03/2026,quinta-feira,07:10:00,GO,40.0,"3,8",VALPARAISO DE GOIAS,Ausência de reação do condutor,Colisão lateral mesmo sentido,Sem Vítimas,Pleno dia,Decrescente,Céu Claro,Dupla,Reta;Aclive,Sim,5.0,0.0,0.0,0.0,0.0,5.0,0.0,3.0,"-16,0852118","-47,9864932",SPRF-DF,DEL01-DF,UOP01-DEL01-DF
757781,12/03/2026,quinta-feira,08:15:00,SC,101.0,"4,8",ARARANGUA,Ultrapassagem Indevida,Colisão lateral mesmo sentido,Com Vítimas Feridas,Pleno dia,Crescente,Céu Claro,Simples,Rotatória,Não,3.0,0.0,1.0,0.0,1.0,1.0,0.0,3.0,"-28,95819291","-49,51435344",SPRF-SC,DEL02/SC,UOP02-DEL02-SC
757786,08/03/2026,domingo,15:30:00,BA,324.0,520,FEIRA DE SANTANA,Ausência de reação do condutor,Colisão lateral mesmo sentido,Sem Vítimas,Pleno dia,Decrescente,Céu Claro,Dupla,Interseção de Vias,Não,3.0,0.0,0.0,0.0,0.0,2.0,0.0,3.0,"-12,33518055","-38,85245439",SPRF-BA,DEL11/BA,UOP02-DEL11-BA
757788,19/01/2026,segunda-feira,20:50:00,SC,101.0,"168,4",TIJUCAS,Acessar a via sem observar a presença dos outros veículos,Colisão lateral mesmo sentido,Sem Vítimas,Plena Noite,Crescente,Nublado,Dupla,Reta,Não,3.0,0.0,0.0,0.0,0.0,2.0,0.0,6.0,"-27,28356","-48,63045",SPRF-SC,DEL04/SC,UOP03-DEL04-SC
757790,12/03/2026,quinta-feira,09:00:00,BA,410.0,11,TUCANO,Demais falhas mecânicas ou elétricas,Tombamento,Com Vítimas Feridas,Pleno dia,Decrescente,Céu Claro,Simples,Reta,Não,2.0,0.0,1.0,0.0,1.0,1.0,0.0,1.0,"-10,868135","-38,619122",SPRF-BA,DEL07/BA,UOP02-DEL07-BA
757791,12/03/2026,quinta-feira,08:50:00,RN,304.0,"48,9",MOSSORO,Desrespeitar a preferência no cruzamento,Colisão transversal,Com Vítimas Fatais,Pleno dia,Crescente,Céu Claro,Simples,Reta;Retorno Regulamentado;Interseção de Vias,Sim,3.0,1.0,0.0,0.0,0.0,1.0,0.0,3.0,"-5,235555","-37,318072",SPRF-RN,DEL04-RN,UOP01-DEL04-RN
757793,12/03/2026,quinta-feira,06:13:00,PB,116.0,"10,9",CACHOEIRA DOS INDIOS,Condutor Dormindo,Colisão frontal,Com Vítimas Fatais,Pleno dia,Crescente,Chuva,Simples,Declive;Curva,Não,3.0,1.0,0.0,1.0,1.0,0.0,0.0,5.0,"-6,98491","-38,744307",SPRF-CE,DEL05/CE,UOP03-DEL05-CE
757796,12/03/2026,quinta-feira,08:14:00,MG,381.0,"540,5",ITATIAIUCU,Demais falhas mecânicas ou elétricas,Colisão traseira,Com Vítimas Feridas,Pleno dia,Decrescente,Céu Claro,Dupla,Declive;Curva,Não,2.0,0.0,0.0,2.0,2.0,0.0,0.0,2.0,"-20,23288534","-44,40038681",SPRF-MG,DEL04/MG,UOP03-DEL04-MG
757808,12/03/2026,quinta-feira,06:30:00,PE,424.0,64,CAETES,Acessar a via sem observar a presença dos outros veículos,Colisão transversal,Com Vítimas Feridas,Amanhecer,Decrescente,Céu Claro,Simples,Reta,Sim,2.0,0.0,0.0,1.0,1.0,1.0,0.0,2.0,"-8,773807","-36,628162",SPRF-PE,DEL03/PE,UOP01-DEL03-PE
757809,12/03/2026,quinta-feira,10:20:00,MG,116.0,"281,9",TEOFILO OTONI,Ausência de reação do condutor,Colisão traseira,Com Vítimas Feridas,Pleno dia,Decrescente,Nublado,Simples,Aclive,Não,3.0,0.0,0.0,1.0,1.0,1.0,0.0,4.0,"-17,901021","-41,523289",SPRF-MG,DEL11/MG,UOP01-DEL11-MG
757812,16/02/2026,segunda-feira,14:20:00,SC,101.0,104,BALNEARIO PICARRAS,Manobra de mudança de faixa,Colisão lateral mesmo sentido,Com Vítimas Feridas,Pleno dia,Decrescente,Céu Claro,Múltipla,Reta,Não,5.0,0.0,1.0,1.0,2.0,2.0,0.0,3.0,"-26,79573475","-48,67951012",SPRF-SC,DEL03/SC,UOP02-DEL03-SC
757813,12/03/2026,quinta-feira,10:30:00,MG,262.0,53,MANHUACU,Transitar na contramão,Colisão frontal,Com Vítimas Fatais,Pleno dia,Crescente,Céu Claro,Simples,Reta,Não,3.0,1.0,1.0,0.0,1.0,0.0,0.0,3.0,"-20,255075","-42,160603",SPRF-MG,DEL06/MG,UOP03-DEL06-MG
757817,12/03/2026,quinta-feira,11:10:00,SC,282.0,489,FAXINAL DOS GUEDES,Condutor Dormindo,Colisão lateral sentido oposto,Com Vítimas Feridas,Pleno dia,Crescente,Céu Claro,Simples,Curva,Não,4.0,0.0,1.0,0.0,1.0,1.0,0.0,5.0,"-26,8706433","-52,27518368",SPRF-SC,DEL07/SC,UOP01-DEL07-SC
757818,12/03/2026,quinta-feira,11:10:00,PR,158.0,509,CORONEL VIVIDA,Demais falhas mecânicas ou elétricas,Incêndio,Sem Vítimas,Pleno dia,Crescente,Céu Claro,Simples,Reta,Não,2.0,0.0,0.0,0.0,0.0,1.0,0.0,2.0,"-26,03332682","-52,59219043",SPRF-PR,DEL02/PR,UOP01-DEL02-PR
757819,12/03/2026,quinta-feira,12:00:00,GO,40.0,"4,2",VALPARAISO DE GOIAS,Trafegar com motocicleta (ou similar) entre as faixas,Colisão traseira,Com Vítimas Fatais,Pleno dia,Crescente,Nublado,Dupla,Reta,Sim,5.0,1.0,0.0,0.0,0.0,2.0,0.0,6.0,"-16,08914","-47,984495",SPRF-DF,DEL01-DF,UOP01-DEL01-DF
757820,12/03/2026,quinta-feira,10:00:00,MT,158.0,565,AGUA BOA,Acessar a via sem observar a presença dos outros veículos,Colisão transversal,Sem Vítimas,Pleno dia,Decrescente,Céu Claro,Dupla,Interseção de Vias,Sim,3.0,0.0,0.0,0.0,0.0,1.0,0.0,3.0,"-14,05047839","-52,15497404",SPRF-MT,DEL07/MT,UOP02-DEL07-MT
757822,12/03/2026,quinta-feira,11:05:00,PR,277.0,"572,6",CASCAVEL,Transitar na contramão,Colisão frontal,Com Vítimas Feridas,Pleno dia,Crescente,Nublado,Simples,Reta,Não,3.0,0.0,0.0,1.0,1.0,1.0,0.0,5.0,"-25,0149901","-53,28971598",SPRF-PR,DEL04/PR,UOP01-DEL04-PR
757823,12/03/2026,quinta-feira,07:50:00,SP,153.0,"29,7",NOVA GRANADA,Reação tardia ou ineficiente do condutor,Colisão traseira,Sem Vítimas,Pleno dia,Crescente,Nublado,Simples,Reta,Não,2.0,0.0,0.0,0.0,0.0,1.0,0.0,2.0,"-20,537184","-49,330685",SPRF-SP,DEL09/SP,UOP01-DEL09-SP
757824,12/03/2026,quinta-feira,12:00:00,SC,101.0,"123,8",ITAJAI,Ausência de reação do condutor,Tombamento,Com Vítimas Feridas,Pleno dia,Decrescente,Nublado,Dupla,Reta,Não,5.0,0.0,1.0,1.0,2.0,1.0,0.0,5.0,"-26,94056262","-48,69474359",SPRF-SC,DEL04/SC,UOP04-DEL04-SC
757831,28/02/2026,sábado,02:58:00,PI,343.0,"184,8",PIRIPIRI,Transitar na contramão,Colisão frontal,Com Vítimas Feridas,Plena Noite,Crescente,Chuva,Simples,Reta,Não,5.0,0.0,1.0,0.0,1.0,2.0,0.0,4.0,"-4,31652588","-41,77775502",SPRF-PI,DEL02-PI,UOP01-DEL02-PI
757833,12/03/2026,quinta-feira,10:45:00,RS,116.0,"0,1",VACARIA,Demais falhas mecânicas ou elétricas,Tombamento,Com Vítimas Feridas,Pleno dia,Crescente,Céu Claro,Simples,Curva;Ponte,Não,2.0,0.0,1.0,0.0,1.0,0.0,0.0,2.0,"-28,211209","-50,759729",SPRF-RS,DEL05/RS,UOP03-DEL05-RS
757837,12/03/2026,quinta-feira,11:30:00,MS,163.0,802,SONORA,Manobra de mudança de faixa,Colisão lateral sentido oposto,Com Vítimas Feridas,Pleno dia,Crescente,Nublado,Simples,Reta,Não,3.0,0.0,1.0,0.0,1.0,1.0,0.0,3.0,"-17,89931","-54,69179",SPRF-MS,DEL06/MS,UOP01-DEL06-MS
757840,12/03/2026,quinta-feira,14:00:00,SP,116.0,113,TAUBATE,Condutor deixou de manter distância do veículo da frente,Colisão traseira,Com Vítimas Feridas,Pleno dia,Crescente,Garoa/Chuvisco,Simples,Interseção de Vias,Sim,3.0,0.0,2.0,0.0,2.0,1.0,0.0,2.0,"-23,04498","-45,58523",SPRF-SP,DEL02/SP,UOP02-DEL02-SP
757843,12/03/2026,quinta-feira,11:20:00,MG,381.0,"750,1",TRES CORACOES,Velocidade Incompatível,Saída de leito carroçável,Com Vítimas Feridas,Pleno dia,Crescente,Chuva,Dupla,Curva,Não,2.0,0.0,0.0,1.0,1.0,0.0,0.0,2.0,"-21,642522","-45,287996",SPRF-MG,DEL16/MG,UOP02-DEL16-MG
757845,12/03/2026,quinta-feira,12:15:00,SC,282.0,"452,2",PONTE SERRADA,Demais falhas mecânicas ou elétricas,Colisão traseira,Com Vítimas Feridas,Pleno dia,Crescente,Chuva,Dupla,Aclive,Não,3.0,0.0,1.0,0.0,1.0,1.0,0.0,3.0,"-26,91420633","-51,9050467",SPRF-SC,DEL07/SC,UOP04-DEL07-SC
757851,12/03/2026,quinta-feira,13:55:00,MT,163.0,5,ITIQUIRA,Ausência de reação do condutor,Colisão traseira,Com Vítimas Feridas,Pleno dia,Decrescente,Céu Claro,Dupla,Reta,Não,2.0,0.0,1.0,0.0,1.0,1.0,0.0,2.0,"-17,479088","-54,740512",SPRF-MT,DEL02/MT,UOP03-DEL02-MT
757856,12/03/2026,quinta-feira,13:45:00,AL,101.0,"144,5",JEQUIA DA PRAIA,Demais falhas mecânicas ou elétricas,Colisão com objeto,Com Vítimas Feridas,Pleno dia,Crescente,Céu Claro,Dupla,Curva,Não,1.0,0.0,1.0,0.0,1.0,0.0,0.0,1.0,"-9,857592","-36,144901",SPRF-AL,DEL02-AL,UOP01-DEL02-AL
757859,17/02/2026,terça-feira,14:00:00,MT,364.0,3,ALTO ARAGUAIA,Mal súbito do condutor,Saída de leito carroçável,Com Vítimas Feridas,Pleno dia,Crescente,Nublado,Simples,Curva;Retorno Regulamentado,Sim,5.0,0.0,1.0,0.0,1.0,0.0,0.0,5.0,"-17,30975315","-53,22086334",SPRF-MT,DEL02/MT,UOP02-DEL02-MT
757863,12/03/2026,quinta-feira,13:00:00,ES,101.0,"407,9",ITAPEMIRIM,Demais falhas mecânicas ou elétricas,Tombamento,Com Vítimas Feridas,Pleno dia,Crescente,Céu Claro,Simples,Curva,Não,2.0,0.0,1.0,0.0,1.0,0.0,0.0,2.0,"-20,88970983","-41,03683054",SPRF-ES,DEL03-ES,UOP02-DEL03-ES
757867,12/03/2026,quinta-feira,15:00:00,MG,50.0,132,UBERABA,Demais falhas mecânicas ou elétricas,Atropelamento de Pedestre,Com Vítimas Fatais,Pleno dia,Crescente,Chuva,Dupla,Reta;Aclive,Não,3.0,1.0,0.0,0.0,0.0,0.0,0.0,3.0,"-19,41017","-48,07435",SPRF-MG,DEL13/MG,UOP01-DEL13-MG
757868,12/03/2026,quinta-feira,14:30:00,GO,60.0,29,ALEXANIA,Chuva,Queda de ocupante de veículo,Com Vítimas Fatais,Pleno dia,Decrescente,Chuva,Dupla,Reta,Não,2.0,1.0,0.0,0.0,0.0,0.0,0.0,2.0,"-16,098135","-48,479382",SPRF-DF,DEL03-DF,UOP01-DEL03-DF
757869,12/03/2026,quinta-feira,15:25:00,PR,369.0,149,LONDRINA,Condutor deixou de manter distância do veículo da frente,Colisão traseira,Com Vítimas Feridas,Pleno dia,Decrescente,Céu Claro,Dupla,Reta;Declive;Em Obras,Sim,4.0,0.0,0.0,2.0,2.0,1.0,0.0,4.0,"-23,292877","-51,152138",SPRF-PR,DEL07/PR,UOP01-DEL07-PR
757872,12/03/2026,quinta-feira,16:05:00,SP,381.0,54,MAIRIPORA,Velocidade Incompatível,Tombamento,Com Vítimas Feridas,Pleno dia,Decrescente,Chuva,Dupla,Curva;Declive,Não,2.0,0.0,1.0,0.0,1.0,0.0,0.0,2.0,"-23,247422","-46,592907",SPRF-SP,DEL03/SP,UOP01-DEL03-SP
757873,12/03/2026,quinta-feira,16:10:00,CE,222.0,221,SOBRAL,Entrada inopinada do pedestre,Atropelamento de Pedestre,Com Vítimas Feridas,Pleno dia,Decrescente,Garoa/Chuvisco,Múltipla,Reta,Sim,4.0,0.0,1.0,0.0,1.0,3.0,0.0,3.0,"-3,718961","-40,332115",SPRF-CE,DEL04/CE,UOP01-DEL04-CE
757877,12/03/2026,quinta-feira,17:08:00,ES,101.0,"135,9",LINHARES,Acessar a via sem observar a presença dos outros veículos,Colisão transversal,Com Vítimas Feridas,Pleno dia,Crescente,Céu Claro,Simples,Interseção de Vias,Não,2.0,0.0,0.0,1.0,1.0,1.0,0.0,2.0,"-19,28327644","-40,08705139",SPRF-ES,DEL04-ES,UOP01-DEL04-ES
757879,05/03/2026,quinta-feira,08:00:00,SP,116.0,286,ITAPECERICA DA SERRA,Reação tardia ou ineficiente do condutor,Colisão lateral mesmo sentido,Com Vítimas Feridas,Pleno dia,Decrescente,Céu Claro,Dupla,Interseção de Vias,Sim,2.0,0.0,1.0,0.0,1.0,0.0,0.0,2.0,"-23,69561392","-46,86455436",SPRF-SP,DEL04/SP,UOP01-DEL04-SP
757881,12/03/2026,quinta-feira,16:00:00,MT,158.0,512,CANARANA,Velocidade Incompatível,Saída de leito carroçável,Com Vítimas Fatais,Pleno dia,Crescente,Chuva,Simples,Reta,Não,1.0,1.0,0.0,0.0,0.0,0.0,0.0,1.0,"-13,6275433","-51,9491467",SPRF-MT,DEL07/MT,UOP02-DEL07-MT
757886,12/03/2026,quinta-feira,17:35:00,GO,153.0,"497,6",GOIANIA,Ultrapassagem Indevida,Colisão lateral mesmo sentido,Com Vítimas Feridas,Pleno dia,Decrescente,Nublado,Dupla,Reta;Aclive,Não,7.0,0.0,1.0,0.0,1.0,3.0,0.0,7.0,"-16,681156","-49,233308",SPRF-GO,DEL01/GO,UOP01-DEL01-GO
757897,12/03/2026,quinta-feira,18:10:00,RS,285.0,"111,1",VACARIA,Velocidade Incompatível,Tombamento,Com Vítimas Feridas,Anoitecer,Crescente,Chuva,Simples,Reta,Não,1.0,0.0,1.0,0.0,1.0,0.0,0.0,1.0,"-28,510881","-50,849211",SPRF-RS,DEL05/RS,UOP03-DEL05-RS
757908,12/03/2026,quinta-feira,19:20:00,MA,230.0,"391,3",BALSAS,Restrição de visibilidade em curvas verticais,Colisão transversal,Com Vítimas Feridas,Plena Noite,Crescente,Céu Claro,Simples,Reta;Declive,Não,7.0,0.0,3.0,2.0,5.0,1.0,0.0,3.0,"-7,422765","-45,997923",SPRF-MA,DEL05-MA,UOP01-DEL05-MA
757910,12/03/2026,quinta-feira,20:15:00,RJ,101.0,238,SILVA JARDIM,Condutor Dormindo,Saída de leito carroçável,Com Vítimas Feridas,Plena Noite,Crescente,Garoa/Chuvisco,Dupla,Reta,Não,1.0,0.0,1.0,0.0,1.0,0.0,0.0,1.0,"-22,62320144","-42,42336273",SPRF-RJ,DEL02/RJ,UOP03-DEL02-RJ
757922,12/03/2026,quinta-feira,21:20:00,MG,40.0,426,PARAOPEBA,Reação tardia ou ineficiente do condutor,Colisão traseira,Com Vítimas Feridas,Plena Noite,Decrescente,Ignorado,Dupla,Declive;Reta,Não,10.0,0.0,1.0,4.0,5.0,4.0,0.0,3.0,"-19,17341","-44,50932",SPRF-MG,DEL02/MG,UOP01-DEL02-MG
757926,12/03/2026,quinta-feira,17:50:00,MS,163.0,"610,3",SAO GABRIEL DO OESTE,Ausência de reação do condutor,Colisão lateral mesmo sentido,Sem Vítimas,Anoitecer,Decrescente,Nublado,Simples,Reta,Não,3.0,0.0,0.0,0.0,0.0,2.0,0.0,3.0,"-19,428882","-54,541914",SPRF-MS,DEL06/MS,UOP02-DEL06-MS
757933,27/02/2026,sexta-feira,19:52:00,CE,116.0,69,CHOROZINHO,Condutor deixou de manter distância do veículo da frente,Engavetamento,Com Vítimas Feridas,Plena Noite,Crescente,Céu Claro,Simples,Reta,Não,3.0,0.0,1.0,0.0,1.0,2.0,0.0,3.0,"-4,321939","-38,489952",SPRF-CE,DEL01/CE,UOP04-DEL01-CE
757934,12/03/2026,quinta-feira,19:30:00,GO,153.0,629,MORRINHOS,Condutor Dormindo,Saída de leito carroçável,Com Vítimas Feridas,Plena Noite,Decrescente,Garoa/Chuvisco,Dupla,Declive,Não,3.0,0.0,1.0,0.0,1.0,0.0,0.0,3.0,"-17,78697345","-49,18610574",SPRF-GO,DEL03/GO,UOP01-DEL03-GO
757940,24/02/2026,terça-feira,09:15:00,BA,324.0,2,FEIRA DE SANTANA,Ausência de sinalização,Colisão traseira,Com Vítimas Feridas,Pleno dia,Decrescente,Ignorado,Simples,Reta,Sim,3.0,0.0,0.0,1.0,1.0,1.0,0.0,3.0,"-12,28517","-38,951253",SPRF-BA,DEL02/BA,UOP01-DEL02-BA
757941,12/03/2026,quinta-feira,23:00:00,GO,153.0,498,GOIANIA,Reação tardia ou ineficiente do condutor,Colisão traseira,Com Vítimas Fatais,Plena Noite,Crescente,Céu Claro,Múltipla,Aclive;Reta,Sim,5.0,1.0,0.0,0.0,0.0,1.0,0.0,5.0,"-16,686702","-49,233503",SPRF-GO,DEL01/GO,UOP01-DEL01-GO
757942,12/03/2026,quinta-feira,23:20:00,BA,101.0,221,CRUZ DAS ALMAS,Condutor deixou de manter distância do veículo da frente,Colisão traseira,Com Vítimas Feridas,Plena Noite,Crescente,Céu Claro,Simples,Reta,Sim,2.0,0.0,1.0,0.0,1.0,1.0,0.0,2.0,"-12,6633067","-39,1294305",SPRF-BA,DEL11/BA,UOP01-DEL11-BA
757944,12/03/2026,quinta-feira,22:30:00,PR,376.0,507,PONTA GROSSA,Velocidade Incompatível,Colisão traseira,Com Vítimas Feridas,Plena Noite,Decrescente,Nublado,Dupla,Curva;Aclive,Não,3.0,0.0,1.0,0.0,1.0,1.0,0.0,4.0,"-25,2396","-50,0347",SPRF-PR,DEL03/PR,UOP03-DEL03-PR
757946,13/03/2026,sexta-feira,00:01:00,RS,290.0,"14,5",SANTO ANTONIO DA PATRULHA,Condutor Dormindo,Capotamento,Com Vítimas Feridas,Plena Noite,Crescente,Nublado,Dupla,Curva,Não,2.0,0.0,1.0,0.0,1.0,0.0,0.0,2.0,"-29,86475896","-50,40962769",SPRF-RS,DEL03/RS,UOP01-DEL03-RS
757947,13/03/2026,sexta-feira,00:35:00,RS,386.0,231,SOLEDADE,Reação tardia ou ineficiente do condutor,Colisão frontal,Com Vítimas Fatais,Plena Noite,Decrescente,Nublado,Simples,Curva,Não,8.0,1.0,0.0,4.0,4.0,1.0,0.0,4.0,"-28,705017","-52,582573",SPRF-RS,DEL04/RS,UOP03-DEL04-RS
757948,12/03/2026,quinta-feira,22:40:00,MG,364.0,40,FRUTAL,Chuva,Colisão frontal,Com Vítimas Fatais,Plena Noite,Decrescente,Chuva,Simples,Curva,Não,5.0,2.0,0.0,0.0,0.0,1.0,0.0,5.0,"-19,946261","-48,958178",SPRF-MG,DEL13/MG,UOP02-DEL13-MG
757949,12/03/2026,quinta-feira,21:30:00,MG,116.0,"616,1",ORIZANIA,Ausência de reação do condutor,Colisão traseira,Com Vítimas Feridas,Plena Noite,Crescente,Chuva,Simples,Reta,Não,5.0,0.0,3.0,0.0,3.0,1.0,0.0,4.0,"-20,473047","-42,18",SPRF-MG,DEL07/MG,UOP02-DEL07-MG
757951,12/03/2026,quinta-feira,20:00:00,MT,163.0,657,NOVA UBIRATA,Demais falhas mecânicas ou elétricas,Incêndio,Sem Vítimas,Plena Noite,Crescente,Chuva,Dupla,Reta,Não,2.0,0.0,0.0,0.0,0.0,1.0,0.0,2.0,"-13,334167","-55,052627",SPRF-MT,DEL06/MT,UOP01-DEL06-MT
757954,12/03/2026,quinta-feira,23:25:00,SC,470.0,195,POUSO REDONDO,Ausência de reação do condutor,Saída de leito carroçável,Com Vítimas Feridas,Plena Noite,Decrescente,Céu Claro,Simples,Declive;Curva,Não,2.0,0.0,1.0,0.0,1.0,0.0,0.0,2.0,"-27,29748384","-50,07516861",SPRF-SC,DEL04/SC,UOP02-DEL04-SC
757955,12/03/2026,quinta-feira,16:50:00,SC,470.0,104,APIUNA,Velocidade Incompatível,Tombamento,Com Vítimas Feridas,Pleno dia,Crescente,Nublado,Simples,Curva,Não,2.0,0.0,1.0,0.0,1.0,0.0,0.0,2.0,"-27,061074","-49,411097",SPRF-SC,DEL04/SC,UOP02-DEL04-SC
757957,12/03/2026,quinta-feira,23:45:00,MT,163.0,574,NOVA MUTUM,Reação tardia ou ineficiente do condutor,Colisão traseira,Com Vítimas Feridas,Plena Noite,Decrescente,Chuva,Dupla,Reta,Não,3.0,0.0,1.0,0.0,1.0,1.0,0.0,5.0,"-14,02807","-56,095936",SPRF-MT,DEL01/MT,UOP01-DEL01-MT
757959,13/03/2026,sexta-feira,02:00:00,PR,376.0,541,PALMEIRA,Ausência de reação do condutor,Saída de leito carroçável,Com Vítimas Feridas,Plena Noite,Crescente,Céu Claro,Dupla,Reta,Não,2.0,0.0,1.0,0.0,1.0,0.0,0.0,4.0,"-25,41175594","-49,77740549",SPRF-PR,DEL01/PR,UOP07-DEL01-PR
757960,13/03/2026,sexta-feira,02:40:00,GO,364.0,310,MINEIROS,Reação tardia ou ineficiente do condutor,Colisão transversal,Com Vítimas Feridas,Plena Noite,Crescente,Chuva,Simples,Interseção de Vias,Não,3.0,0.0,0.0,1.0,1.0,1.0,0.0,3.0,"-17,48683697","-52,55489993",SPRF-GO,DEL05/GO,UOP01-DEL05-GO
757966,12/03/2026,quinta-feira,22:20:00,PR,476.0,"242,3",LAPA,Velocidade Incompatível,Tombamento,Com Vítimas Feridas,Plena Noite,Crescente,Céu Claro,Simples,Curva,Não,2.0,0.0,1.0,0.0,1.0,0.0,0.0,2.0,"-25,85991","-50,09058",SPRF-PR,DEL02/PR,UOP03-DEL02-PR
757969,13/03/2026,sexta-feira,06:30:00,SP,116.0,"158,7",JACAREI,Condutor deixou de manter distância do veículo da frente,Colisão traseira,Com Vítimas Feridas,Pleno dia,Crescente,Nublado,Dupla,Reta,Sim,2.0,0.0,1.0,0.0,1.0,1.0,0.0,2.0,"-23,262701","-45,9572319",SPRF-SP,DEL02/SP,UOP01-DEL02-SP
757974,13/03/2026,sexta-feira,06:00:00,CE,222.0,22,CAUCAIA,Ausência de reação do condutor,Colisão traseira,Com Vítimas Feridas,Pleno dia,Crescente,Céu Claro,Dupla,Reta,Não,4.0,0.0,1.0,0.0,1.0,2.0,0.0,5.0,"-3,73186154","-38,7599916",SPRF-CE,DEL01/CE,UOP01-DEL01-CE
757976,13/03/2026,sexta-feira,07:04:00,CE,116.0,"14,5",FORTALEZA,Manobra de mudança de faixa,Colisão traseira,Com Vítimas Feridas,Pleno dia,Decrescente,Céu Claro,Dupla,Reta,Sim,3.0,0.0,1.0,0.0,1.0,0.0,0.0,3.0,"-3,874257","-38,499194",SPRF-CE,DEL01/CE,UOP02-DEL01-CE
757978,13/03/2026,sexta-feira,06:00:00,TO,235.0,190,FORTALEZA DO TABOCAO,Condutor Dormindo,Colisão frontal,Com Vítimas Fatais,Amanhecer,Crescente,Nublado,Simples,Reta,Não,3.0,1.0,0.0,0.0,0.0,2.0,0.0,2.0,"-8,975312","-48,385512",SPRF-TO,DEL02-TO,UOP02-DEL02-TO
757979,13/03/2026,sexta-feira,06:00:00,MS,262.0,160,RIBAS DO RIO PARDO,Transitar na contramão,Colisão frontal,Com Vítimas Feridas,Amanhecer,Crescente,Nevoeiro/Neblina,Simples,Reta,Não,4.0,0.0,0.0,2.0,2.0,0.0,0.0,8.0,"-20,41086307","-53,19373481",SPRF-MS,DEL07/MS,UOP02-DEL07-MS
757981,13/03/2026,sexta-feira,05:20:00,GO,20.0,140,ALVORADA DO NORTE,Ausência de reação do condutor,Saída de leito carroçável,Com Vítimas Feridas,Amanhecer,Crescente,Céu Claro,Simples,Reta,Não,2.0,0.0,0.0,1.0,1.0,1.0,0.0,1.0,"-14,756992","-46,666995",SPRF-DF,DEL02-DF,UOP03-DEL02-DF