id,data_inversa,dia_semana,horario,uf,br,km,municipio,causa_acidente,tipo_acidente,classificacao_acidente,fase_dia,sentido_via,condicao_metereologica,tipo_pista,tracado_via,uso_solo,pessoas,mortos,feridos_leves,feridos_graves,feridos,ilesos,ignorados,veiculos,latitude,longitude,regional,delegacia,uop
757982,13/03/2026,sexta-feira,07:45:00,ES,101.0,290,CARIACICA,Reação tardia ou ineficiente do condutor,Colisão lateral mesmo sentido,Com Vítimas Feridas,Pleno dia,Crescente,Céu Claro,Dupla,Reta;Interseção de Vias,Não,3.0,0.0,1.0,0.0,1.0,1.0,0.0,3.0,"-20,29404266","-40,39303684",SPRF-ES,DEL01-ES,UOP01-DEL01-ES
757985,13/03/2026,sexta-feira,07:40:00,SC,101.0,139,BALNEARIO CAMBORIU,Manobra de mudança de faixa,Colisão traseira,Com Vítimas Feridas,Pleno dia,Crescente,Céu Claro,Dupla,Reta;Aclive,Sim,2.0,0.0,0.0,1.0,1.0,1.0,0.0,2.0,"-27,03324582","-48,60049948",SPRF-SC,DEL04/SC,UOP03-DEL04-SC
757987,12/03/2026,quinta-feira,13:50:00,MT,163.0,"582,5",NOVA MUTUM,Carga excessiva e/ou mal acondicionada,Incêndio,Sem Vítimas,Pleno dia,Decrescente,Sol,Dupla,Reta,Não,2.0,0.0,0.0,0.0,0.0,1.0,0.0,2.0,"-13,962797","-56,098243",SPRF-MT,DEL01/MT,UOP01-DEL01-MT
757990,13/03/2026,sexta-feira,07:00:00,MT,163.0,"83,3",RONDONOPOLIS,Reação tardia ou ineficiente do condutor,Colisão traseira,Com Vítimas Feridas,Pleno dia,Crescente,Garoa/Chuvisco,Dupla,Reta,Não,4.0,0.0,0.0,1.0,1.0,2.0,0.0,5.0,"-16,729455","-54,644616",SPRF-MT,DEL02/MT,UOP03-DEL02-MT
757994,03/03/2026,terça-feira,01:30:00,MT,163.0,827,SINOP,Frear bruscamente,Tombamento,Sem Vítimas,Plena Noite,Decrescente,Céu Claro,Dupla,Retorno Regulamentado,Não,2.0,0.0,0.0,0.0,0.0,1.0,0.0,2.0,"-11,929942","-55,513248",SPRF-MT,DEL06/MT,UOP02-DEL06-MT
758003,13/03/2026,sexta-feira,08:40:00,MA,135.0,2,SAO LUIS,Reação tardia ou ineficiente do condutor,Colisão traseira,Com Vítimas Feridas,Pleno dia,Crescente,Nublado,Dupla,Reta,Sim,3.0,0.0,1.0,0.0,1.0,2.0,0.0,3.0,"-2,59551","-44,245393",SPRF-MA,DEL01-MA,UOP01-DEL01-MA
758008,13/03/2026,sexta-feira,05:40:00,RO,364.0,"510,4",ARIQUEMES,Ingestão de álcool pelo condutor,Saída de leito carroçável,Com Vítimas Feridas,Amanhecer,Decrescente,Céu Claro,Simples,Reta,Não,4.0,0.0,2.0,1.0,3.0,0.0,0.0,2.0,"-9,964058","-63,048119",SPRF-RO,DEL03-RO,UOP01-DEL03-RO
758011,13/03/2026,sexta-feira,04:58:00,PA,163.0,631,TRAIRAO,Transitar na contramão,Colisão lateral sentido oposto,Com Vítimas Feridas,Plena Noite,Crescente,Céu Claro,Simples,Reta,Não,4.0,0.0,1.0,0.0,1.0,2.0,0.0,3.0,"-4,6628773","-55,9611864",SPRF-PA,DEL05/PA,UOP03-DEL05-PA
758012,13/03/2026,sexta-feira,09:10:00,PE,407.0,"129,9",PETROLINA,Condutor deixou de manter distância do veículo da frente,Colisão traseira,Com Vítimas Feridas,Pleno dia,Crescente,Céu Claro,Dupla,Reta,Não,5.0,0.0,1.0,0.0,1.0,3.0,0.0,3.0,"-9,4074608","-40,50493654",SPRF-PE,DEL06/PE,UOP01-DEL06-PE
758015,13/03/2026,sexta-feira,09:30:00,MG,381.0,"907,8",CAMBUI,Avarias e/ou desgaste excessivo no pneu,Saída de leito carroçável,Com Vítimas Feridas,Pleno dia,Decrescente,Chuva,Dupla,Declive;Curva,Não,1.0,0.0,1.0,0.0,1.0,0.0,0.0,1.0,"-22,67606499","-46,0980749",SPRF-MG,DEL16/MG,UOP03-DEL16-MG
758017,13/03/2026,sexta-feira,08:10:00,RN,406.0,"101,1",JOAO CAMARA,Ultrapassagem Indevida,Colisão lateral mesmo sentido,Com Vítimas Feridas,Pleno dia,Crescente,Céu Claro,Simples,Declive;Curva,Não,2.0,0.0,1.0,0.0,1.0,1.0,0.0,2.0,"-5,52233","-35,822335",SPRF-RN,DEL02-RN,UOP01-DEL02-RN
758018,13/03/2026,sexta-feira,09:30:00,PA,316.0,68,CASTANHAL,Transitar na contramão,Colisão lateral sentido oposto,Com Vítimas Feridas,Pleno dia,Crescente,Sol,Simples,Curva,Não,2.0,0.0,1.0,0.0,1.0,1.0,0.0,2.0,"-1,29400684","-47,87908351",SPRF-PA,DEL01/PA,UOP01-DEL01-PA
758026,13/03/2026,sexta-feira,10:08:00,PE,104.0,38,CARUARU,Condutor deixou de manter distância do veículo da frente,Colisão traseira,Com Vítimas Feridas,Pleno dia,Crescente,Sol,Dupla,Aclive;Curva,Não,2.0,0.0,1.0,0.0,1.0,1.0,0.0,2.0,"-8,071004","-36,046151",SPRF-PE,DEL02/PE,UOP01-DEL02-PE
758027,13/03/2026,sexta-feira,10:30:00,PR,277.0,335,GUARAPUAVA,Transitar na contramão,Colisão frontal,Com Vítimas Fatais,Pleno dia,Crescente,Céu Claro,Simples,Reta;Aclive,Sim,3.0,1.0,0.0,0.0,0.0,1.0,0.0,4.0,"-25,3555","-51,36162",SPRF-PR,DEL08/PR,UOP01-DEL08-PR
758028,13/03/2026,sexta-feira,09:00:00,MG,40.0,615,CONGONHAS,Transitar na contramão,Colisão frontal,Com Vítimas Feridas,Pleno dia,Crescente,Chuva,Simples,Curva;Declive,Não,4.0,0.0,0.0,1.0,1.0,2.0,0.0,8.0,"-20,53306789","-43,82278919",SPRF-MG,DEL05/MG,UOP02-DEL05-MG
758033,13/03/2026,sexta-feira,06:50:00,BA,116.0,893,CANDIDO SALES,Transitar na contramão,Colisão frontal,Com Vítimas Fatais,Pleno dia,Decrescente,Céu Claro,Simples,Reta,Não,3.0,1.0,0.0,0.0,0.0,1.0,0.0,3.0,"-15,378379","-41,196861",SPRF-BA,DEL08/BA,UOP03-DEL08-BA
758034,08/01/2026,quinta-feira,04:56:00,RJ,101.0,288,ITABORAI,Demais falhas mecânicas ou elétricas,Incêndio,Sem Vítimas,Amanhecer,Crescente,Céu Claro,Dupla,Reta,Não,2.0,0.0,0.0,0.0,0.0,1.0,0.0,2.0,"-22,76295049","-42,85004781",SPRF-RJ,DEL02/RJ,UOP02-DEL02-RJ
758035,13/03/2026,sexta-feira,09:20:00,SP,116.0,"113,9",TAUBATE,Frear bruscamente,Colisão traseira,Com Vítimas Feridas,Pleno dia,Crescente,Nevoeiro/Neblina,Dupla,Reta,Sim,5.0,0.0,1.0,0.0,1.0,3.0,0.0,3.0,"-23,04565253","-45,58728159",SPRF-SP,DEL02/SP,UOP02-DEL02-SP
758043,13/03/2026,sexta-feira,11:50:00,SE,101.0,"10,9",MALHADA DOS BOIS,Ausência de reação do condutor,Colisão traseira,Com Vítimas Feridas,Pleno dia,Crescente,Céu Claro,Dupla,Reta,Não,3.0,0.0,1.0,0.0,1.0,1.0,0.0,3.0,"-10,3878487","-36,9160109",SPRF-SE,DEL02-SE,UOP02-DEL02-SE
758047,13/03/2026,sexta-feira,06:40:00,MA,226.0,2,TIMON,Condutor deixou de manter distância do veículo da frente,Colisão lateral mesmo sentido,Com Vítimas Fatais,Pleno dia,Decrescente,Céu Claro,Múltipla,Reta,Sim,2.0,1.0,0.0,0.0,0.0,1.0,0.0,2.0,"-5,134251","-42,827373",SPRF-MA,DEL03-MA,UOP02-DEL03-MA
758050,13/03/2026,sexta-feira,11:40:00,BA,324.0,520,FEIRA DE SANTANA,Condutor deixou de manter distância do veículo da frente,Colisão traseira,Com Vítimas Feridas,Pleno dia,Crescente,Céu Claro,Dupla,Reta,Não,5.0,0.0,1.0,0.0,1.0,3.0,0.0,5.0,"-12,2872255","-38,9151021",SPRF-BA,DEL11/BA,UOP02-DEL11-BA
758053,13/03/2026,sexta-feira,12:40:00,RJ,101.0,482,ANGRA DOS REIS,Condutor deixou de manter distância do veículo da frente,Colisão traseira,Com Vítimas Feridas,Pleno dia,Decrescente,Garoa/Chuvisco,Simples,Reta,Sim,2.0,0.0,1.0,0.0,1.0,1.0,0.0,2.0,"-22,98460961","-44,2967248",SPRF-RJ,DEL03/RJ,UOP03-DEL03-RJ
758054,13/03/2026,sexta-feira,12:15:00,MG,365.0,611,UBERLANDIA,Ausência de reação do condutor,Colisão com objeto,Sem Vítimas,Pleno dia,Crescente,Nublado,Simples,Em Obras,Sim,2.0,0.0,0.0,0.0,0.0,1.0,0.0,2.0,"-18,91222415","-48,21990609",SPRF-MG,DEL15/MG,UOP01-DEL15-MG
758060,13/03/2026,sexta-feira,14:20:00,MG,40.0,"433,9",PARAOPEBA,Velocidade Incompatível,Colisão traseira,Com Vítimas Feridas,Pleno dia,Crescente,Nublado,Dupla,Declive;Reta,Não,4.0,0.0,0.0,2.0,2.0,1.0,0.0,4.0,"-19,3457784","-44,5371359",SPRF-MG,DEL02/MG,UOP01-DEL02-MG
758061,13/03/2026,sexta-feira,11:00:00,MG,381.0,881,ESTIVA,Carga excessiva e/ou mal acondicionada,Colisão com objeto,Com Vítimas Fatais,Pleno dia,Crescente,Chuva,Dupla,Declive;Curva,Sim,2.0,1.0,0.0,1.0,1.0,0.0,0.0,1.0,"-22,469213","-46,010841",SPRF-MG,DEL16/MG,UOP01-DEL16-MG
758062,24/02/2026,terça-feira,14:45:00,SC,282.0,"45,8",AGUAS MORNAS,Ultrapassagem Indevida,Colisão frontal,Com Vítimas Feridas,Pleno dia,Crescente,Nublado,Simples,Aclive;Curva,Não,4.0,0.0,1.0,0.0,1.0,2.0,0.0,4.0,"-27,72123747","-48,92456532",SPRF-SC,DEL01/SC,UOP03-DEL01-SC
758066,13/03/2026,sexta-feira,14:50:00,PR,277.0,139,CAMPO LARGO,Manobra de mudança de faixa,Colisão traseira,Sem Vítimas,Pleno dia,Decrescente,Ignorado,Múltipla,Reta,Sim,3.0,0.0,0.0,0.0,0.0,2.0,0.0,3.0,"-25,46483","-49,65226",SPRF-PR,DEL01/PR,UOP07-DEL01-PR
758067,13/03/2026,sexta-feira,15:30:00,MG,116.0,"764,1",LEOPOLDINA,Pista Escorregadia,Colisão frontal,Com Vítimas Fatais,Pleno dia,Crescente,Chuva,Simples,Declive;Curva,Sim,4.0,2.0,0.0,0.0,0.0,1.0,0.0,5.0,"-21,51957695","-42,6446557",SPRF-MG,DEL07/MG,UOP01-DEL07-MG
758069,13/03/2026,sexta-feira,14:30:00,MT,364.0,506,ROSARIO OESTE,Reação tardia ou ineficiente do condutor,Colisão frontal,Com Vítimas Fatais,Pleno dia,Crescente,Céu Claro,Simples,Ponte;Reta,Não,4.0,1.0,0.0,1.0,1.0,1.0,0.0,9.0,"-15,13682073","-56,52233005",SPRF-MT,DEL01/MT,UOP01-DEL01-MT
758076,13/03/2026,sexta-feira,15:45:00,ES,101.0,363,ANCHIETA,Acumulo de água sobre o pavimento,Colisão transversal,Com Vítimas Feridas,Pleno dia,Crescente,Chuva,Simples,Curva,Não,4.0,0.0,0.0,2.0,2.0,1.0,0.0,3.0,"-20,7114899","-40,7220353",SPRF-ES,DEL03-ES,UOP01-DEL03-ES
758077,13/03/2026,sexta-feira,15:40:00,GO,153.0,133,MARA ROSA,Chuva,Tombamento,Com Vítimas Feridas,Pleno dia,Decrescente,Chuva,Simples,Declive,Não,2.0,0.0,1.0,0.0,1.0,1.0,0.0,1.0,"-13,92694658","-49,07110834",SPRF-GO,DEL07/GO,UOP01-DEL07-GO
758080,13/03/2026,sexta-feira,16:01:00,GO,153.0,296,RIALMA,Desrespeitar a preferência no cruzamento,Colisão transversal,Com Vítimas Feridas,Pleno dia,Crescente,Chuva,Simples,Interseção de Vias;Curva,Não,6.0,0.0,1.0,2.0,3.0,2.0,0.0,6.0,"-15,27544207","-49,55157207",SPRF-GO,DEL02/GO,UOP02-DEL02-GO
758082,13/03/2026,sexta-feira,14:00:00,SC,101.0,"208,1",SAO JOSE,Demais falhas mecânicas ou elétricas,Eventos atípicos,Com Vítimas Feridas,Pleno dia,Decrescente,Céu Claro,Múltipla,Declive,Sim,2.0,0.0,1.0,0.0,1.0,0.0,0.0,2.0,"-27,60432507","-48,63275019",SPRF-SC,DEL01/SC,UOP01-DEL01-SC
758092,09/03/2026,segunda-feira,12:00:00,RJ,116.0,97,TERESOPOLIS,Demais falhas mecânicas ou elétricas,Colisão frontal,Sem Vítimas,Pleno dia,Decrescente,Chuva,Simples,Reta,Não,2.0,0.0,0.0,0.0,0.0,2.0,0.0,2.0,"-22,45436945","-42,95558338",SPRF-RJ,DEL04/RJ,UOP01-DEL04-RJ
758104,04/03/2026,quarta-feira,15:50:00,SC,153.0,56,IRANI,Transitar na contramão,Colisão lateral sentido oposto,Com Vítimas Feridas,Pleno dia,Decrescente,Céu Claro,Simples,Reta,Não,4.0,0.0,1.0,0.0,1.0,2.0,0.0,4.0,"-26,953615","-51,831761",SPRF-SC,DEL07/SC,UOP07-DEL07-SC
758107,13/03/2026,sexta-feira,15:40:00,SC,282.0,586,PINHALZINHO,Demais falhas mecânicas ou elétricas,Saída de leito carroçável,Com Vítimas Feridas,Pleno dia,Decrescente,Chuva,Simples,Reta,Não,1.0,0.0,1.0,0.0,1.0,0.0,0.0,1.0,"-26,8324284","-53,0352894",SPRF-SC,DEL07/SC,UOP02-DEL07-SC
758112,13/03/2026,sexta-feira,15:00:00,SC,282.0,412,CATANDUVAS,Condutor deixou de manter distância do veículo da frente,Colisão traseira,Com Vítimas Feridas,Pleno dia,Decrescente,Céu Claro,Simples,Curva;Aclive,Não,5.0,0.0,1.0,0.0,1.0,3.0,0.0,5.0,"-27,05787","-51,682831",SPRF-SC,DEL07/SC,UOP05-DEL07-SC
758122,13/03/2026,sexta-feira,18:30:00,PR,116.0,3,QUATRO BARRAS,Reação tardia ou ineficiente do condutor,Engavetamento,Com Vítimas Feridas,Anoitecer,Decrescente,Céu Claro,Dupla,Reta,Sim,6.0,0.0,2.0,0.0,2.0,3.0,0.0,5.0,"-25,36602477","-49,0414989",SPRF-PR,DEL01/PR,UOP02-DEL01-PR
758126,13/03/2026,sexta-feira,17:50:00,SP,116.0,104,TAUBATE,Reação tardia ou ineficiente do condutor,Colisão traseira,Com Vítimas Feridas,Pleno dia,Crescente,Nublado,Dupla,Reta,Não,3.0,0.0,2.0,0.0,2.0,1.0,0.0,2.0,"-23,00581152","-45,51104333",SPRF-SP,DEL02/SP,UOP02-DEL02-SP
758128,13/03/2026,sexta-feira,17:45:00,RO,364.0,"140,7",PIMENTA BUENO,Ultrapassagem Indevida,Colisão lateral mesmo sentido,Com Vítimas Feridas,Anoitecer,Crescente,Céu Claro,Simples,Declive,Não,4.0,0.0,1.0,0.0,1.0,2.0,0.0,3.0,"-12,014545","-60,852375",SPRF-RO,DEL02-RO,UOP02-DEL02-RO
758136,13/03/2026,sexta-feira,15:00:00,SC,280.0,"227,3",TRES BARRAS,Ultrapassagem Indevida,Colisão frontal,Com Vítimas Feridas,Pleno dia,Decrescente,Nublado,Simples,Reta,Não,6.0,0.0,1.0,1.0,2.0,2.0,0.0,6.0,"-26,18364628","-50,33728968",SPRF-SC,DEL06/SC,UOP04-DEL06-SC
758141,13/03/2026,sexta-feira,19:20:00,MG,116.0,255,TEOFILO OTONI,Reação tardia ou ineficiente do condutor,Colisão lateral mesmo sentido,Com Vítimas Feridas,Plena Noite,Crescente,Céu Claro,Simples,Reta,Não,3.0,0.0,1.0,0.0,1.0,0.0,0.0,4.0,"-17,6895327","-41,4860074",SPRF-MG,DEL11/MG,UOP01-DEL11-MG
758144,13/03/2026,sexta-feira,18:45:00,PA,10.0,"327,5",SAO MIGUEL DO GUAMA,Transitar na contramão,Colisão frontal,Com Vítimas Fatais,Plena Noite,Decrescente,Céu Claro,Simples,Reta,Não,2.0,1.0,0.0,0.0,0.0,1.0,0.0,2.0,"-1,576635","-47,503308",SPRF-PA,DEL01/PA,UOP02-DEL01-PA
758145,13/03/2026,sexta-feira,05:00:00,PA,163.0,138,ALTAMIRA,Ausência de reação do condutor,Saída de leito carroçável,Com Vítimas Feridas,Amanhecer,Crescente,Ignorado,Simples,Reta;Declive,Não,2.0,0.0,1.0,0.0,1.0,0.0,0.0,4.0,"-8,48078","-55,127567",SPRF-MT,DEL06/MT,UOP03-DEL06-MT
758156,13/03/2026,sexta-feira,19:30:00,RS,153.0,"689,8",ACEGUA,Manobra de mudança de faixa,Colisão frontal,Com Vítimas Feridas,Pleno dia,Decrescente,Céu Claro,Simples,Curva,Não,4.0,0.0,0.0,1.0,1.0,2.0,0.0,4.0,"-31,830817","-54,162235",SPRF-RS,DEL11/RS,UOP03-DEL11-RS
758171,13/03/2026,sexta-feira,17:45:00,BA,101.0,502,ITABUNA,Manobra de mudança de faixa,Colisão frontal,Com Vítimas Feridas,Anoitecer,Crescente,Céu Claro,Simples,Reta,Não,2.0,0.0,1.0,0.0,1.0,1.0,0.0,2.0,"-14,769225","-39,294062",SPRF-BA,DEL05/BA,UOP01-DEL05-BA
758173,13/03/2026,sexta-feira,15:25:00,MG,251.0,316,SALINAS,Entrada inopinada do pedestre,Atropelamento de Pedestre,Com Vítimas Fatais,Pleno dia,Decrescente,Céu Claro,Simples,Reta,Não,3.0,1.0,0.0,0.0,0.0,1.0,0.0,3.0,"-16,16001069","-42,31381953",SPRF-MG,DEL12/MG,UOP02-DEL12-MG
758176,13/03/2026,sexta-feira,21:30:00,MG,116.0,"236,5",TEOFILO OTONI,Reação tardia ou ineficiente do condutor,Saída de leito carroçável,Com Vítimas Feridas,Plena Noite,Crescente,Céu Claro,Simples,Reta,Não,2.0,0.0,1.0,0.0,1.0,1.0,0.0,1.0,"-17,542302","-41,478143",SPRF-MG,DEL11/MG,UOP01-DEL11-MG
758180,13/03/2026,sexta-feira,22:00:00,MG,40.0,290,TRES MARIAS,Condutor deixou de manter distância do veículo da frente,Colisão traseira,Com Vítimas Feridas,Plena Noite,Decrescente,Chuva,Simples,Reta,Não,4.0,0.0,1.0,0.0,1.0,2.0,0.0,3.0,"-18,247425","-45,181476",SPRF-MG,DEL14/MG,UOP02-DEL14-MG
758182,13/03/2026,sexta-feira,20:00:00,MA,226.0,"107,3",CAXIAS,Velocidade Incompatível,Tombamento,Com Vítimas Feridas,Plena Noite,Crescente,Céu Claro,Simples,Curva,Não,2.0,0.0,0.0,1.0,1.0,0.0,0.0,2.0,"-5,30563192","-43,71743202",SPRF-MA,DEL03-MA,UOP02-DEL03-MA
758185,13/03/2026,sexta-feira,22:00:00,RS,392.0,"189,7",SANTANA DA BOA VISTA,Ausência de reação do condutor,Tombamento,Com Vítimas Feridas,Plena Noite,Decrescente,Céu Claro,Simples,Declive;Curva,Não,2.0,0.0,1.0,0.0,1.0,0.0,0.0,2.0,"-30,9424365","-53,09768021",SPRF-RS,DEL09/RS,UOP02-DEL09-RS
758188,13/03/2026,sexta-feira,22:30:00,MG,381.0,525,BRUMADINHO,Velocidade Incompatível,Tombamento,Com Vítimas Feridas,Plena Noite,Crescente,Chuva,Dupla,Curva;Declive,Não,2.0,0.0,2.0,0.0,2.0,0.0,0.0,1.0,"-20,145838","-44,323024",SPRF-MG,DEL04/MG,UOP03-DEL04-MG
758190,13/03/2026,sexta-feira,23:40:00,MG,381.0,360,SAO GONCALO DO RIO ABAIXO,Transitar na contramão,Colisão lateral sentido oposto,Com Vítimas Feridas,Plena Noite,Crescente,Chuva,Simples,Curva,Não,8.0,0.0,1.0,0.0,1.0,6.0,0.0,4.0,"-19,855894","-43,243958",SPRF-MG,DEL03/MG,UOP01-DEL03-MG
758193,14/03/2026,sábado,01:35:00,TO,153.0,"544,4",NOVA ROSALANDIA,Condutor Dormindo,Colisão traseira,Com Vítimas Fatais,Plena Noite,Crescente,Céu Claro,Simples,Reta,Não,3.0,1.0,0.0,0.0,0.0,1.0,0.0,3.0,"-10,596104","-48,912934",SPRF-TO,DEL01-TO,UOP01-DEL01-TO
758200,13/03/2026,sexta-feira,19:00:00,RO,364.0,1020,PORTO VELHO,Reação tardia ou ineficiente do condutor,Saída de leito carroçável,Com Vítimas Feridas,Plena Noite,Crescente,Céu Claro,Simples,Reta;Declive,Não,3.0,0.0,0.0,2.0,2.0,0.0,0.0,2.0,"-9,6845306","-65,9417367",SPRF-RO,DEL01-RO,UOP03-DEL01-RO
758218,13/03/2026,sexta-feira,23:30:00,RO,364.0,695,PORTO VELHO,Ausência de reação do condutor,Colisão com objeto,Sem Vítimas,Plena Noite,Decrescente,Chuva,Dupla,Reta,Não,2.0,0.0,0.0,0.0,0.0,1.0,0.0,3.0,"-8,80057923","-63,72423291",SPRF-RO,DEL01-RO,UOP01-DEL01-RO
758221,14/03/2026,sábado,05:28:00,RS,392.0,"350,6",SANTA MARIA,Ingestão de álcool pelo condutor,Colisão lateral sentido oposto,Sem Vítimas,Amanhecer,Decrescente,Céu Claro,Simples,Reta,Sim,3.0,0.0,0.0,0.0,0.0,1.0,0.0,5.0,"-29,730831","-53,801217",SPRF-RS,DEL09/RS,UOP01-DEL09-RS
758227,14/03/2026,sábado,04:50:00,PE,424.0,"71,9",CAETES,Ausência de sinalização,Colisão lateral mesmo sentido,Com Vítimas Feridas,Amanhecer,Crescente,Céu Claro,Simples,Reta,Não,4.0,0.0,1.0,1.0,2.0,1.0,0.0,3.0,"-8,78916543","-36,60620928",SPRF-PE,DEL03/PE,UOP01-DEL03-PE
758238,14/03/2026,sábado,08:00:00,MG,40.0,792,JUIZ DE FORA,Avarias e/ou desgaste excessivo no pneu,Colisão transversal,Com Vítimas Feridas,Pleno dia,Decrescente,Chuva,Dupla,Reta,Não,3.0,0.0,1.0,0.0,1.0,1.0,0.0,3.0,"-21,76576165","-43,44009015",SPRF-MG,DEL05/MG,UOP01-DEL05-MG
758244,14/03/2026,sábado,09:00:00,GO,60.0,393,RIO VERDE,Reação tardia ou ineficiente do condutor,Tombamento,Com Vítimas Feridas,Pleno dia,Decrescente,Céu Claro,Simples,Rotatória;Viaduto,Não,2.0,0.0,1.0,0.0,1.0,0.0,0.0,2.0,"-17,8231356","-51,00106213",SPRF-GO,DEL04/GO,UOP02-DEL04-GO
758248,14/03/2026,sábado,08:35:00,MS,163.0,639,SAO GABRIEL DO OESTE,Acesso irregular,Colisão traseira,Com Vítimas Feridas,Pleno dia,Decrescente,Céu Claro,Dupla,Retorno Regulamentado;Reta,Não,4.0,0.0,2.0,0.0,2.0,2.0,0.0,2.0,"-19,226864","-54,705363",SPRF-MS,DEL06/MS,UOP02-DEL06-MS
758252,14/03/2026,sábado,09:30:00,BA,116.0,"16,2",VITORIA DA CONQUISTA,Conversão proibida,Colisão transversal,Com Vítimas Feridas,Pleno dia,Decrescente,Céu Claro,Simples,Reta,Sim,3.0,0.0,1.0,0.0,1.0,1.0,0.0,3.0,"-14,902511","-40,84863",SPRF-BA,DEL08/BA,UOP01-DEL08-BA
758254,24/02/2026,terça-feira,15:10:00,GO,364.0,"203,3",JATAI,Ausência de reação do condutor,Colisão traseira,Com Vítimas Feridas,Pleno dia,Decrescente,Céu Claro,Simples,Aclive;Reta,Não,3.0,0.0,1.0,0.0,1.0,1.0,0.0,6.0,"-17,90917942","-51,80738926",SPRF-GO,DEL05/GO,UOP01-DEL05-GO
758258,14/03/2026,sábado,07:30:00,PR,476.0,220,LAPA,Velocidade Incompatível,Capotamento,Com Vítimas Feridas,Pleno dia,Crescente,Céu Claro,Simples,Curva,Não,4.0,0.0,0.0,1.0,1.0,2.0,0.0,8.0,"-25,82559","-49,924075",SPRF-PR,DEL01/PR,UOP06-DEL01-PR
758261,14/03/2026,sábado,10:25:00,DF,20.0,"39,2",BRASILIA,Reação tardia ou ineficiente do condutor,Saída de leito carroçável,Com Vítimas Feridas,Pleno dia,Crescente,Céu Claro,Dupla,Declive;Reta,Não,3.0,0.0,2.0,0.0,2.0,0.0,0.0,2.0,"-15,5818709","-47,52576828",SPRF-DF,DEL02-DF,UOP01-DEL02-DF
758273,14/03/2026,sábado,11:45:00,SC,101.0,"221,9",PALHOCA,Manobra de mudança de faixa,Colisão lateral mesmo sentido,Com Vítimas Feridas,Pleno dia,Crescente,Céu Claro,Múltipla,Curva,Não,3.0,0.0,1.0,0.0,1.0,1.0,0.0,3.0,"-27,70943573","-48,65567654",SPRF-SC,DEL01/SC,UOP02-DEL01-SC
758278,14/03/2026,sábado,10:42:00,SP,116.0,564,BARRA DO TURVO,Reação tardia ou ineficiente do condutor,Tombamento,Com Vítimas Feridas,Pleno dia,Crescente,Sol,Simples,Curva;Aclive,Não,2.0,0.0,1.0,0.0,1.0,0.0,0.0,2.0,"-25,0356686","-48,5370424",SPRF-SP,DEL05/SP,UOP02-DEL05-SP
758288,14/03/2026,sábado,01:30:00,MA,330.0,"122,6",TASSO FRAGOSO,Demais falhas mecânicas ou elétricas,Tombamento,Sem Vítimas,Amanhecer,Decrescente,Céu Claro,Simples,Reta,Não,2.0,0.0,0.0,0.0,0.0,1.0,0.0,3.0,"-8,454482","-45,910925",SPRF-MA,DEL05-MA,UOP01-DEL05-MA
758298,14/03/2026,sábado,10:06:00,MT,174.0,290,PONTES E LACERDA,Ausência de reação do condutor,Colisão traseira,Com Vítimas Feridas,Pleno dia,Decrescente,Céu Claro,Simples,Reta,Não,2.0,0.0,0.0,1.0,1.0,1.0,0.0,2.0,"-15,23733","-59,31646667",SPRF-MT,DEL04/MT,UOP01-DEL04-MT
758302,14/03/2026,sábado,13:30:00,GO,40.0,16,LUZIANIA,Reação tardia ou ineficiente do condutor,Colisão lateral mesmo sentido,Sem Vítimas,Pleno dia,Crescente,Nublado,Dupla,Aclive;Reta,Não,3.0,0.0,0.0,0.0,0.0,1.0,0.0,3.0,"-16,182523","-47,929098",SPRF-DF,DEL01-DF,UOP01-DEL01-DF
758308,14/03/2026,sábado,14:00:00,MG,365.0,"415,5",PATOS DE MINAS,Ausência de reação do condutor,Colisão traseira,Com Vítimas Fatais,Pleno dia,Crescente,Sol,Simples,Reta,Não,5.0,1.0,1.0,0.0,1.0,2.0,0.0,4.0,"-18,677533","-46,549993",SPRF-MG,DEL10/MG,UOP01-DEL10-MG
758315,14/03/2026,sábado,12:30:00,RS,386.0,"47,8",SEBERI,Acostamento em desnível,Tombamento,Sem Vítimas,Pleno dia,Decrescente,Céu Claro,Simples,Reta,Sim,2.0,0.0,0.0,0.0,0.0,1.0,0.0,2.0,"-27,4701309","-53,4031404",SPRF-RS,DEL08/RS,UOP02-DEL08-RS
758326,14/03/2026,sábado,15:50:00,MG,381.0,924,CAMANDUCAIA,Ingestão de álcool pelo condutor,Colisão lateral mesmo sentido,Sem Vítimas,Pleno dia,Crescente,Sol,Dupla,Curva;Interseção de Vias,Não,3.0,0.0,0.0,0.0,0.0,2.0,0.0,3.0,"-22,7724401","-46,18426325",SPRF-MG,DEL16/MG,UOP03-DEL16-MG
758327,14/03/2026,sábado,09:25:00,MG,381.0,940,EXTREMA,Ausência de reação do condutor,Colisão lateral mesmo sentido,Com Vítimas Feridas,Pleno dia,Crescente,Céu Claro,Dupla,Curva,Não,3.0,0.0,1.0,0.0,1.0,1.0,0.0,4.0,"-22,82492178","-46,30943298",SPRF-MG,DEL16/MG,UOP03-DEL16-MG
758329,14/03/2026,sábado,17:10:00,PR,277.0,115,CAMPO LARGO,Ingestão de álcool pelo condutor,Colisão lateral mesmo sentido,Sem Vítimas,Pleno dia,Decrescente,Céu Claro,Dupla,Reta,Não,3.0,0.0,0.0,0.0,0.0,2.0,0.0,4.0,"-25,434066","-49,437519",SPRF-PR,DEL01/PR,UOP07-DEL01-PR
758335,14/03/2026,sábado,16:50:00,SC,282.0,"361,5",ERVAL VELHO,Demais falhas mecânicas ou elétricas,Saída de leito carroçável,Com Vítimas Feridas,Pleno dia,Crescente,Céu Claro,Simples,Aclive;Reta,Não,1.0,0.0,1.0,0.0,1.0,0.0,0.0,1.0,"-27,314425","-51,369213",SPRF-SC,DEL07/SC,UOP05-DEL07-SC