id,data_inversa,dia_semana,horario,uf,br,km,municipio,causa_acidente,tipo_acidente,classificacao_acidente,fase_dia,sentido_via,condicao_metereologica,tipo_pista,tracado_via,uso_solo,pessoas,mortos,feridos_leves,feridos_graves,feridos,ilesos,ignorados,veiculos,latitude,longitude,regional,delegacia,uop
758342,07/03/2026,sábado,20:20:00,MG,116.0,407,GOVERNADOR VALADARES,Condutor Dormindo,Colisão lateral sentido oposto,Com Vítimas Feridas,Plena Noite,Crescente,Chuva,Simples,Curva;Aclive,Não,7.0,0.0,1.0,0.0,1.0,3.0,0.0,3.0,"-18,825437","-41,986312",SPRF-MG,DEL06/MG,UOP01-DEL06-MG
758348,14/03/2026,sábado,18:35:00,MA,135.0,0,SAO LUIS,Velocidade Incompatível,Tombamento,Com Vítimas Feridas,Plena Noite,Crescente,Chuva,Múltipla,Retorno Regulamentado,Sim,2.0,0.0,1.0,0.0,1.0,0.0,0.0,2.0,"-2,5830465","-44,2428049",SPRF-MA,DEL01-MA,UOP01-DEL01-MA
758358,14/03/2026,sábado,18:30:00,MG,262.0,"432,8",NOVA SERRANA,Ingestão de álcool pelo condutor,Colisão lateral mesmo sentido,Com Vítimas Feridas,Plena Noite,Decrescente,Vento,Dupla,Reta,Não,3.0,0.0,1.0,0.0,1.0,1.0,0.0,4.0,"-19,88768","-44,93074",SPRF-MG,DEL08/MG,UOP03-DEL08-MG
758366,14/03/2026,sábado,19:00:00,BA,324.0,607,SIMOES FILHO,Condutor deixou de manter distância do veículo da frente,Colisão traseira,Com Vítimas Feridas,Plena Noite,Crescente,Céu Claro,Dupla,Reta,Sim,2.0,0.0,1.0,0.0,1.0,0.0,0.0,2.0,"-12,81973118","-38,40760231",SPRF-BA,DEL01/BA,UOP01-DEL01-BA
758369,14/03/2026,sábado,19:00:00,PE,232.0,236,PESQUEIRA,Ultrapassagem Indevida,Colisão lateral mesmo sentido,Com Vítimas Feridas,Plena Noite,Crescente,Chuva,Simples,Declive;Curva,Não,6.0,0.0,2.0,0.0,2.0,3.0,0.0,6.0,"-8,413017","-36,927952",SPRF-PE,DEL04/PE,UOP02-DEL04-PE
758377,14/03/2026,sábado,17:35:00,GO,153.0,554,PIRACANJUBA,Conversão proibida,Colisão traseira,Com Vítimas Feridas,Anoitecer,Decrescente,Nublado,Dupla,Reta,Sim,5.0,0.0,1.0,0.0,1.0,4.0,0.0,2.0,"-17,163383","-49,212774",SPRF-GO,DEL03/GO,UOP01-DEL03-GO
758382,14/03/2026,sábado,20:10:00,PR,277.0,70,SAO JOSE DOS PINHAIS,Ausência de reação do condutor,Colisão lateral mesmo sentido,Com Vítimas Feridas,Plena Noite,Crescente,Céu Claro,Dupla,Reta,Não,3.0,0.0,1.0,0.0,1.0,0.0,0.0,3.0,"-25,56853864","-49,18186247",SPRF-PR,DEL01/PR,UOP01-DEL01-PR
758387,14/03/2026,sábado,21:35:00,SC,280.0,25,ARAQUARI,Reação tardia ou ineficiente do condutor,Colisão traseira,Sem Vítimas,Plena Noite,Crescente,Céu Claro,Simples,Reta,Sim,3.0,0.0,0.0,0.0,0.0,2.0,0.0,3.0,"-26,383574","-48,726757",SPRF-SC,DEL03/SC,UOP03-DEL03-SC
758395,14/03/2026,sábado,18:40:00,BA,101.0,948,MUCURI,Acesso irregular,Colisão transversal,Com Vítimas Feridas,Plena Noite,Decrescente,Céu Claro,Simples,Reta,Não,3.0,0.0,0.0,1.0,1.0,1.0,0.0,4.0,"-18,110205","-39,884417",SPRF-BA,DEL09/BA,UOP02-DEL09-BA
758396,14/03/2026,sábado,21:55:00,SC,282.0,515,XANXERE,Ultrapassagem Indevida,Colisão lateral mesmo sentido,Com Vítimas Feridas,Plena Noite,Crescente,Céu Claro,Simples,Reta,Não,2.0,0.0,1.0,0.0,1.0,1.0,0.0,2.0,"-26,91369737","-52,47660065",SPRF-SC,DEL07/SC,UOP01-DEL07-SC
758398,14/03/2026,sábado,20:50:00,PR,376.0,666,GUARATUBA,Problema com o freio,Colisão traseira,Com Vítimas Feridas,Plena Noite,Crescente,Nublado,Dupla,Curva;Declive,Não,5.0,0.0,1.0,1.0,2.0,2.0,0.0,6.0,"-25,8664172","-48,9466258",SPRF-PR,DEL01/PR,UOP04-DEL01-PR
758399,14/03/2026,sábado,13:50:00,RJ,116.0,230,PIRAI,Problema com o freio,Saída de leito carroçável,Com Vítimas Feridas,Pleno dia,Decrescente,Céu Claro,Simples,Declive;Curva,Não,2.0,0.0,1.0,0.0,1.0,1.0,0.0,1.0,"-22,66674036","-43,84157475",SPRF-RJ,DEL07/RJ,UOP01-DEL07-RJ
758403,14/03/2026,sábado,17:00:00,MT,174.0,209,FIGUEIROPOLIS DOESTE,Acumulo de água sobre o pavimento,Tombamento,Com Vítimas Feridas,Anoitecer,Decrescente,Chuva,Simples,Curva,Não,5.0,0.0,0.0,1.0,1.0,4.0,0.0,1.0,"-15,64580167","-58,75032333",SPRF-MT,DEL04/MT,UOP01-DEL04-MT
758405,14/03/2026,sábado,23:10:00,SC,116.0,"57,6",PAPANDUVA,Acessar a via sem observar a presença dos outros veículos,Atropelamento de Pedestre,Com Vítimas Feridas,Plena Noite,Decrescente,Céu Claro,Simples,Declive;Curva,Não,3.0,0.0,0.0,1.0,1.0,1.0,0.0,3.0,"-26,37791912","-50,19409137",SPRF-SC,DEL06/SC,UOP02-DEL06-SC
758413,14/03/2026,sábado,22:30:00,MT,70.0,"408,2",CAMPO VERDE,Demais falhas mecânicas ou elétricas,Incêndio,Sem Vítimas,Plena Noite,Crescente,Nublado,Simples,Reta,Não,2.0,0.0,0.0,0.0,0.0,1.0,0.0,2.0,"-15,67525146","-55,30679494",SPRF-MT,DEL05/MT,UOP02-DEL05-MT
758414,15/03/2026,domingo,00:46:00,PI,316.0,"13,4",TERESINA,Carga excessiva e/ou mal acondicionada,Tombamento,Com Vítimas Feridas,Plena Noite,Crescente,Céu Claro,Dupla,Curva,Sim,1.0,0.0,1.0,0.0,1.0,0.0,0.0,1.0,"-5,2112432","-42,7550504",SPRF-PI,DEL01-PI,UOP02-DEL01-PI
758415,14/03/2026,sábado,23:40:00,PE,423.0,76,JUCATI,Manobra de mudança de faixa,Colisão frontal,Com Vítimas Feridas,Plena Noite,Crescente,Céu Claro,Simples,Curva,Não,3.0,0.0,1.0,1.0,2.0,0.0,0.0,3.0,"-8,728708","-36,431794",SPRF-PE,DEL03/PE,UOP01-DEL03-PE
758416,15/03/2026,domingo,00:51:00,ES,101.0,"148,6",LINHARES,Condutor desrespeitou a iluminação vermelha do semáforo,Colisão transversal,Com Vítimas Feridas,Plena Noite,Crescente,Garoa/Chuvisco,Simples,Reta;Interseção de Vias,Sim,2.0,0.0,1.0,0.0,1.0,0.0,0.0,2.0,"-19,39475052","-40,06522743",SPRF-ES,DEL04-ES,UOP01-DEL04-ES
758419,15/03/2026,domingo,00:25:00,PE,232.0,204,PESQUEIRA,Transitar na contramão,Colisão lateral sentido oposto,Com Vítimas Feridas,Plena Noite,Decrescente,Céu Claro,Simples,Aclive,Não,2.0,0.0,1.0,0.0,1.0,0.0,0.0,2.0,"-8,4050714","-36,6298035",SPRF-PE,DEL03/PE,UOP02-DEL03-PE
758420,14/03/2026,sábado,23:15:00,MG,116.0,"221,4",CATUJI,Acessar a via sem observar a presença dos outros veículos,Colisão transversal,Com Vítimas Feridas,Plena Noite,Decrescente,Céu Claro,Simples,Reta;Declive;Viaduto,Não,4.0,0.0,0.0,2.0,2.0,1.0,0.0,3.0,"-17,418496","-41,513535",SPRF-MG,DEL11/MG,UOP01-DEL11-MG
758426,15/03/2026,domingo,01:30:00,GO,153.0,306,RIALMA,Demais falhas mecânicas ou elétricas,Colisão traseira,Sem Vítimas,Plena Noite,Decrescente,Nevoeiro/Neblina,Simples,Aclive,Não,43.0,0.0,0.0,0.0,0.0,42.0,0.0,5.0,"-15,331933","-49,570492",SPRF-GO,DEL02/GO,UOP02-DEL02-GO
758443,15/03/2026,domingo,04:20:00,RS,116.0,563,PEDRO OSORIO,Demais falhas mecânicas ou elétricas,Incêndio,Sem Vítimas,Plena Noite,Crescente,Céu Claro,Simples,Curva,Não,2.0,0.0,0.0,0.0,0.0,1.0,0.0,3.0,"-31,92613616","-52,72494435",SPRF-RS,DEL07/RS,UOP03-DEL07-RS
758444,15/03/2026,domingo,02:45:00,MS,262.0,164,RIBAS DO RIO PARDO,Condutor Dormindo,Colisão lateral mesmo sentido,Com Vítimas Feridas,Plena Noite,Decrescente,Céu Claro,Simples,Reta,Não,3.0,0.0,1.0,0.0,1.0,1.0,0.0,6.0,"-20,442841","-53,069205",SPRF-MS,DEL07/MS,UOP02-DEL07-MS
758446,15/03/2026,domingo,05:40:00,BA,101.0,"715,1",EUNAPOLIS,Transitar na contramão,Colisão frontal,Sem Vítimas,Amanhecer,Decrescente,Nublado,Simples,Reta,Sim,5.0,0.0,0.0,0.0,0.0,4.0,0.0,3.0,"-16,355112","-39,579467",SPRF-BA,DEL09/BA,UOP01-DEL09-BA
758449,15/03/2026,domingo,06:00:00,BA,116.0,"701,9",JEQUIE,Velocidade Incompatível,Colisão frontal,Com Vítimas Fatais,Amanhecer,Decrescente,Garoa/Chuvisco,Simples,Curva,Não,4.0,2.0,0.0,0.0,0.0,1.0,0.0,5.0,"-14,08570517","-40,21442413",SPRF-BA,DEL03/BA,UOP01-DEL03-BA
758458,14/03/2026,sábado,23:50:00,MA,316.0,"551,6",CAXIAS,Entrada inopinada do pedestre,Atropelamento de Pedestre,Com Vítimas Fatais,Plena Noite,Crescente,Céu Claro,Dupla,Curva,Sim,2.0,1.0,0.0,0.0,0.0,0.0,0.0,2.0,"-4,886081","-43,349856",SPRF-MA,DEL03-MA,UOP02-DEL03-MA
758459,14/03/2026,sábado,22:10:00,PA,230.0,583,VITORIA DO XINGU,Reação tardia ou ineficiente do condutor,Colisão com objeto,Com Vítimas Feridas,Plena Noite,Crescente,Céu Claro,Simples,Aclive;Curva,Não,2.0,0.0,1.0,0.0,1.0,0.0,0.0,2.0,"-3,09388","-51,85283",SPRF-PA,DEL04/PA,UOP01-DEL04-PA
758464,15/03/2026,domingo,07:10:00,PR,376.0,305,MAUA DA SERRA,Demais falhas mecânicas ou elétricas,Tombamento,Com Vítimas Feridas,Pleno dia,Crescente,Céu Claro,Dupla,Declive;Curva,Não,3.0,0.0,2.0,0.0,2.0,0.0,0.0,2.0,"-23,95034","-51,1159",SPRF-PR,DEL07/PR,UOP02-DEL07-PR
758476,11/03/2026,quarta-feira,19:00:00,GO,158.0,205,JATAI,Demais falhas mecânicas ou elétricas,Incêndio,Sem Vítimas,Plena Noite,Decrescente,Céu Claro,Simples,Reta,Não,2.0,0.0,0.0,0.0,0.0,1.0,0.0,3.0,"-17,397546","-51,88788",SPRF-GO,DEL05/GO,UOP01-DEL05-GO
758478,14/03/2026,sábado,18:00:00,MT,163.0,649,LUCAS DO RIO VERDE,Ingestão de álcool pelo condutor,Capotamento,Com Vítimas Feridas,Plena Noite,Crescente,Chuva,Simples,Desvio Temporário,Não,1.0,0.0,1.0,0.0,1.0,0.0,0.0,1.0,"-13,3800237","-56,0855585",SPRF-MT,DEL06/MT,UOP01-DEL06-MT
758479,15/03/2026,domingo,08:00:00,SP,153.0,"101,9",JOSE BONIFACIO,Ausência de reação do condutor,Saída de leito carroçável,Com Vítimas Feridas,Pleno dia,Crescente,Céu Claro,Simples,Reta,Não,7.0,0.0,2.0,1.0,3.0,2.0,0.0,4.0,"-21,022607","-49,6425578",SPRF-SP,DEL09/SP,UOP01-DEL09-SP
758481,15/03/2026,domingo,06:00:00,PR,369.0,14,CAMBARA,Condutor Dormindo,Colisão lateral sentido oposto,Com Vítimas Feridas,Amanhecer,Crescente,Céu Claro,Simples,Reta,Não,3.0,0.0,1.0,0.0,1.0,2.0,0.0,2.0,"-23,01804182","-50,02107114",SPRF-PR,DEL07/PR,UOP05-DEL07-PR
758482,15/03/2026,domingo,09:10:00,SP,116.0,"65,3",GUARATINGUETA,Manobra de mudança de faixa,Colisão lateral mesmo sentido,Com Vítimas Feridas,Pleno dia,Crescente,Nublado,Dupla,Aclive,Não,6.0,0.0,1.0,0.0,1.0,4.0,0.0,3.0,"-22,82241003","-45,19509315",SPRF-SP,DEL08/SP,UOP01-DEL08-SP
758491,15/03/2026,domingo,09:30:00,MG,40.0,"609,4",CONGONHAS,Conversão proibida,Colisão transversal,Com Vítimas Feridas,Pleno dia,Crescente,Céu Claro,Simples,Declive;Reta,Não,5.0,0.0,3.0,0.0,3.0,1.0,0.0,3.0,"-20,4906596","-43,8372468",SPRF-MG,DEL05/MG,UOP02-DEL05-MG
758493,15/03/2026,domingo,07:25:00,RJ,101.0,487,ANGRA DOS REIS,Acessar a via sem observar a presença dos outros veículos,Colisão transversal,Com Vítimas Feridas,Pleno dia,Crescente,Céu Claro,Dupla,Curva;Rotatória,Sim,2.0,0.0,0.0,1.0,1.0,1.0,0.0,2.0,"-22,95649654","-44,30305481",SPRF-RJ,DEL03/RJ,UOP03-DEL03-RJ
758497,15/03/2026,domingo,10:00:00,GO,60.0,"88,2",ANAPOLIS,Demais falhas mecânicas ou elétricas,Derramamento de carga,Com Vítimas Feridas,Pleno dia,Crescente,Céu Claro,Dupla,Declive;Reta,Sim,5.0,0.0,1.0,2.0,3.0,1.0,0.0,4.0,"-16,332006","-48,889617",SPRF-GO,DEL02/GO,UOP01-DEL02-GO
758498,15/03/2026,domingo,10:00:00,GO,153.0,504,GOIANIA,Suicídio (presumido),Atropelamento de Pedestre,Com Vítimas Feridas,Pleno dia,Crescente,Céu Claro,Dupla,Reta,Sim,3.0,0.0,0.0,1.0,1.0,1.0,0.0,3.0,"-16,7329214","-49,2438441",SPRF-GO,DEL01/GO,UOP01-DEL01-GO
758508,15/03/2026,domingo,09:13:00,PA,163.0,563,TRAIRAO,Pista esburacada,Colisão traseira,Com Vítimas Feridas,Pleno dia,Crescente,Nublado,Simples,Aclive;Reta,Não,4.0,0.0,1.0,0.0,1.0,1.0,0.0,5.0,"-5,096937","-56,137383",SPRF-PA,DEL05/PA,UOP03-DEL05-PA
758510,15/03/2026,domingo,12:35:00,MG,365.0,382,PATOS DE MINAS,Ausência de reação do condutor,Saída de leito carroçável,Com Vítimas Fatais,Pleno dia,Decrescente,Chuva,Dupla,Reta,Não,2.0,1.0,0.0,0.0,0.0,0.0,0.0,2.0,"-18,59268387","-46,27741814",SPRF-MG,DEL10/MG,UOP01-DEL10-MG
758517,15/03/2026,domingo,10:22:00,PA,163.0,102,ALTAMIRA,Transitar no Acostamento,Colisão lateral mesmo sentido,Com Vítimas Feridas,Pleno dia,Decrescente,Céu Claro,Simples,Reta,Não,2.0,0.0,0.0,1.0,1.0,0.0,0.0,2.0,"-8,73344","-54,970083",SPRF-MT,DEL06/MT,UOP03-DEL06-MT
758519,15/03/2026,domingo,10:40:00,MT,174.0,5,PONTES E LACERDA,Acessar a via sem observar a presença dos outros veículos,Colisão transversal,Com Vítimas Feridas,Pleno dia,Decrescente,Céu Claro,Simples,Reta,Sim,2.0,0.0,1.0,0.0,1.0,1.0,0.0,2.0,"-15,2267029","-59,34941267",SPRF-MT,DEL04/MT,UOP01-DEL04-MT
758521,15/03/2026,domingo,13:50:00,TO,153.0,157,ARAGUAINA,Ingestão de álcool pelo condutor,Colisão lateral mesmo sentido,Sem Vítimas,Pleno dia,Decrescente,Chuva,Simples,Reta,Não,3.0,0.0,0.0,0.0,0.0,2.0,0.0,3.0,"-7,298083","-48,291855",SPRF-TO,DEL02-TO,UOP01-DEL02-TO
758526,15/03/2026,domingo,12:30:00,MA,316.0,"557,8",CAXIAS,Manobra de mudança de faixa,Colisão transversal,Com Vítimas Fatais,Pleno dia,Crescente,Chuva,Simples,Aclive,Não,3.0,1.0,2.0,0.0,2.0,0.0,0.0,2.0,"-4,884657","-43,306523",SPRF-MA,DEL03-MA,UOP02-DEL03-MA
758528,15/03/2026,domingo,13:59:00,SP,116.0,"209,5",GUARULHOS,Condutor deixou de manter distância do veículo da frente,Colisão traseira,Com Vítimas Feridas,Pleno dia,Decrescente,Céu Claro,Múltipla,Reta;Viaduto;Declive,Sim,13.0,0.0,4.0,0.0,4.0,8.0,0.0,5.0,"-23,427014","-46,406366",SPRF-SP,DEL01/SP,UOP01-DEL01-SP
758547,15/03/2026,domingo,15:30:00,SC,101.0,"86,2",BARRA VELHA,Reação tardia ou ineficiente do condutor,Colisão lateral mesmo sentido,Sem Vítimas,Pleno dia,Decrescente,Céu Claro,Dupla,Reta,Sim,2.0,0.0,0.0,0.0,0.0,2.0,0.0,2.0,"-26,63858702","-48,6943109",SPRF-SC,DEL03/SC,UOP02-DEL03-SC
758550,15/03/2026,domingo,15:00:00,MT,163.0,1058,GUARANTA DO NORTE,Transitar na contramão,Colisão lateral sentido oposto,Com Vítimas Feridas,Pleno dia,Crescente,Nublado,Simples,Reta;Declive,Não,4.0,0.0,1.0,0.0,1.0,2.0,0.0,5.0,"-10,01365098","-54,90833759",SPRF-MT,DEL06/MT,UOP03-DEL06-MT
758558,15/03/2026,domingo,16:30:00,SP,116.0,98,PINDAMONHANGABA,Ausência de reação do condutor,Colisão traseira,Com Vítimas Feridas,Pleno dia,Decrescente,Sol,Dupla,Reta,Não,3.0,0.0,1.0,0.0,1.0,1.0,0.0,4.0,"-22,97146438","-45,44241575",SPRF-SP,DEL08/SP,UOP01-DEL08-SP
758559,15/03/2026,domingo,16:55:00,PR,163.0,176,LINDOESTE,Ausência de reação do condutor,Saída de leito carroçável,Com Vítimas Feridas,Pleno dia,Crescente,Sol,Dupla,Curva,Não,2.0,0.0,1.0,0.0,1.0,0.0,0.0,2.0,"-25,18657347","-53,6008358",SPRF-PR,DEL05/PR,UOP05-DEL05-PR
758572,15/03/2026,domingo,15:12:00,MG,251.0,"493,3",FRANCISCO SA,Velocidade Incompatível,Colisão frontal,Com Vítimas Feridas,Pleno dia,Crescente,Chuva,Simples,Reta,Não,4.0,0.0,1.0,0.0,1.0,2.0,0.0,7.0,"-16,536","-43,588",SPRF-MG,DEL12/MG,UOP01-DEL12-MG
758574,15/03/2026,domingo,16:00:00,RO,364.0,"522,4",ARIQUEMES,Demais falhas mecânicas ou elétricas,Tombamento,Sem Vítimas,Pleno dia,Decrescente,Céu Claro,Simples,Reta,Não,5.0,0.0,0.0,0.0,0.0,3.0,0.0,6.0,"-9,85687","-63,058605",SPRF-RO,DEL03-RO,UOP01-DEL03-RO
758580,15/03/2026,domingo,17:25:00,SP,116.0,358,MIRACATU,Velocidade Incompatível,Colisão traseira,Com Vítimas Feridas,Anoitecer,Crescente,Céu Claro,Dupla,Declive;Curva,Não,14.0,0.0,1.0,0.0,1.0,1.0,0.0,15.0,"-24,11182667","-47,2685051",SPRF-SP,DEL04/SP,UOP03-DEL04-SP
758582,15/03/2026,domingo,16:00:00,MT,70.0,496,CUIABA,Velocidade Incompatível,Tombamento,Sem Vítimas,Pleno dia,Crescente,Céu Claro,Simples,Curva,Sim,2.0,0.0,0.0,0.0,0.0,1.0,0.0,1.0,"-15,66106141","-56,00689027",SPRF-MT,DEL01/MT,UOP02-DEL01-MT
758594,15/03/2026,domingo,16:20:00,RS,116.0,331,BARRA DO RIBEIRO,Ingestão de álcool pelo condutor,Colisão traseira,Com Vítimas Feridas,Pleno dia,Decrescente,Céu Claro,Dupla,Reta,Não,4.0,0.0,0.0,2.0,2.0,1.0,0.0,4.0,"-30,38707469","-51,43192287",SPRF-RS,DEL02/RS,UOP02-DEL02-RS
758595,15/03/2026,domingo,15:12:00,BA,242.0,892,BARREIRAS,Reação tardia ou ineficiente do condutor,Tombamento,Com Vítimas Feridas,Pleno dia,Crescente,Céu Claro,Simples,Reta,Não,2.0,0.0,1.0,0.0,1.0,0.0,0.0,3.0,"-12,073006","-45,656862",SPRF-BA,DEL10/BA,UOP01-DEL10-BA
758596,15/03/2026,domingo,10:30:00,BA,116.0,195,CANUDOS,Afundamento ou ondulação no pavimento,Tombamento,Com Vítimas Feridas,Pleno dia,Decrescente,Céu Claro,Simples,Reta,Não,1.0,0.0,1.0,0.0,1.0,0.0,0.0,1.0,"-10,363555","-39,05639648",SPRF-BA,DEL07/BA,UOP03-DEL07-BA
758597,15/03/2026,domingo,15:00:00,SC,282.0,"629,2",IRACEMINHA,Condutor usando celular,Colisão lateral mesmo sentido,Com Vítimas Feridas,Pleno dia,Decrescente,Céu Claro,Dupla,Curva,Não,4.0,0.0,2.0,1.0,3.0,0.0,0.0,3.0,"-26,820044","-53,377044",SPRF-SC,DEL07/SC,UOP03-DEL07-SC
758600,15/03/2026,domingo,20:20:00,GO,414.0,"410,5",ABADIANIA,Ingestão de álcool pelo condutor,Colisão frontal,Com Vítimas Feridas,Plena Noite,Crescente,Nublado,Simples,Interseção de Vias;Reta,Sim,5.0,0.0,1.0,1.0,2.0,2.0,0.0,4.0,"-16,054996","-48,853653",SPRF-GO,DEL02/GO,UOP01-DEL02-GO
758608,15/03/2026,domingo,19:15:00,PR,153.0,"134,5",VENTANIA,Demais falhas mecânicas ou elétricas,Incêndio,Sem Vítimas,Plena Noite,Decrescente,Céu Claro,Simples,Aclive;Reta,Não,2.0,0.0,0.0,0.0,0.0,1.0,0.0,2.0,"-24,03613","-50,2473",SPRF-PR,DEL07/PR,UOP04-DEL07-PR
758614,15/03/2026,domingo,20:10:00,MG,116.0,"699,7",MURIAE,Acessar a via sem observar a presença dos outros veículos,Colisão transversal,Com Vítimas Feridas,Plena Noite,Crescente,Nublado,Simples,Reta,Não,4.0,0.0,1.0,1.0,2.0,1.0,0.0,3.0,"-21,101","-42,378",SPRF-MG,DEL07/MG,UOP02-DEL07-MG
758616,10/01/2026,sábado,17:15:00,MG,50.0,86,UBERLANDIA,Velocidade Incompatível,Tombamento,Com Vítimas Feridas,Pleno dia,Crescente,Sol,Dupla,Reta,Não,2.0,0.0,1.0,0.0,1.0,0.0,0.0,2.0,"-19,0120862","-48,20809063",SPRF-MG,DEL15/MG,UOP01-DEL15-MG
758626,15/03/2026,domingo,21:55:00,PR,153.0,123,IBAITI,Ingestão de substâncias psicoativas pelo condutor,Tombamento,Com Vítimas Feridas,Plena Noite,Decrescente,Céu Claro,Simples,Reta,Não,2.0,0.0,1.0,0.0,1.0,0.0,0.0,4.0,"-23,95178745","-50,23836343",SPRF-PR,DEL07/PR,UOP04-DEL07-PR
758642,15/03/2026,domingo,23:30:00,MT,163.0,995,TERRA NOVA DO NORTE,Condutor deixou de manter distância do veículo da frente,Colisão traseira,Com Vítimas Feridas,Plena Noite,Crescente,Céu Claro,Simples,Reta,Não,4.0,0.0,1.0,1.0,2.0,1.0,0.0,3.0,"-10,537669","-55,082981",SPRF-MT,DEL06/MT,UOP03-DEL06-MT
758643,15/03/2026,domingo,22:10:00,SP,116.0,173,JACAREI,Objeto estático sobre o leito carroçável,Colisão com objeto,Com Vítimas Feridas,Pleno dia,Crescente,Céu Claro,Dupla,Reta,Não,2.0,0.0,1.0,0.0,1.0,0.0,0.0,2.0,"-23,3227699","-46,092844",SPRF-SP,DEL02/SP,UOP01-DEL02-SP
758647,16/03/2026,segunda-feira,00:30:00,BA,324.0,572,SAO SEBASTIAO DO PASSE,Demais falhas mecânicas ou elétricas,Incêndio,Sem Vítimas,Plena Noite,Crescente,Céu Claro,Dupla,Reta,Não,2.0,0.0,0.0,0.0,0.0,1.0,0.0,2.0,"-12,564529","-38,5565",SPRF-BA,DEL01/BA,UOP01-DEL01-BA
758649,16/03/2026,segunda-feira,02:50:00,MS,267.0,205,NOVA ALVORADA DO SUL,Ausência de reação do condutor,Colisão com objeto,Com Vítimas Fatais,Plena Noite,Decrescente,Céu Claro,Múltipla,Declive;Reta,Não,25.0,1.0,2.0,3.0,5.0,18.0,0.0,4.0,"-21,58986","-53,98959",SPRF-MS,DEL02/MS,UOP03-DEL02-MS
758652,16/03/2026,segunda-feira,05:25:00,MS,60.0,"402,2",SIDROLANDIA,Ausência de reação do condutor,Colisão traseira,Com Vítimas Feridas,Amanhecer,Crescente,Céu Claro,Simples,Reta,Não,5.0,0.0,2.0,1.0,3.0,2.0,0.0,2.0,"-20,820419","-54,802428",SPRF-MS,DEL01/MS,UOP04-DEL01-MS
758656,15/03/2026,domingo,07:30:00,SC,163.0,"106,6",SAO JOSE DO CEDRO,Manobra de mudança de faixa,Colisão lateral mesmo sentido,Sem Vítimas,Pleno dia,Decrescente,Céu Claro,Simples,Reta,Sim,3.0,0.0,0.0,0.0,0.0,2.0,0.0,5.0,"-26,43118438","-53,51956336",SPRF-SC,DEL07/SC,UOP03-DEL07-SC
758662,16/03/2026,segunda-feira,06:00:00,MG,40.0,"767,5",JUIZ DE FORA,Carga excessiva e/ou mal acondicionada,Tombamento,Com Vítimas Feridas,Pleno dia,Decrescente,Céu Claro,Simples,Reta,Não,1.0,0.0,1.0,0.0,1.0,0.0,0.0,1.0,"-21,581423","-43,466283",SPRF-MG,DEL05/MG,UOP01-DEL05-MG
758682,16/03/2026,segunda-feira,07:10:00,SC,282.0,446,PONTE SERRADA,Ausência de reação do condutor,Colisão lateral sentido oposto,Com Vítimas Feridas,Pleno dia,Crescente,Céu Claro,Dupla,Curva,Não,3.0,0.0,1.0,0.0,1.0,1.0,0.0,3.0,"-26,911389","-51,904834",SPRF-SC,DEL07/SC,UOP04-DEL07-SC
758683,16/03/2026,segunda-feira,07:00:00,ES,101.0,"288,9",CARIACICA,Trafegar com motocicleta (ou similar) entre as faixas,Colisão transversal,Com Vítimas Feridas,Pleno dia,Decrescente,Céu Claro,Dupla,Reta;Retorno Regulamentado,Não,2.0,0.0,1.0,0.0,1.0,1.0,0.0,2.0,"-20,279206","-40,392595",SPRF-ES,DEL01-ES,UOP01-DEL01-ES
758686,16/03/2026,segunda-feira,03:01:00,AM,319.0,733,HUMAITA,Ausência de reação do condutor,Saída de leito carroçável,Com Vítimas Feridas,Plena Noite,Crescente,Céu Claro,Simples,Reta,Não,2.0,0.0,1.0,0.0,1.0,1.0,0.0,1.0,"-7,927367","-63,329773",SPRF-AM,DEL02-AM,UOP01-DEL02-AM
758699,16/03/2026,segunda-feira,06:52:00,MS,262.0,"528,5",AQUIDAUANA,Acessar a via sem observar a presença dos outros veículos,Colisão traseira,Com Vítimas Feridas,Amanhecer,Decrescente,Nublado,Simples,Reta;Interseção de Vias,Não,5.0,0.0,2.0,0.0,2.0,2.0,0.0,3.0,"-20,35585001","-56,1294922",SPRF-MS,DEL03/MS,UOP02-DEL03-MS
758701,16/03/2026,segunda-feira,08:00:00,MG,381.0,946,EXTREMA,Velocidade Incompatível,Colisão traseira,Com Vítimas Feridas,Pleno dia,Decrescente,Céu Claro,Dupla,Reta;Declive,Sim,3.0,0.0,1.0,0.0,1.0,1.0,0.0,3.0,"-22,8627913","-46,34486944",SPRF-MG,DEL16/MG,UOP03-DEL16-MG
758702,16/03/2026,segunda-feira,08:10:00,BA,101.0,263,SANTO ANTONIO DE JESUS,Acessar a via sem observar a presença dos outros veículos,Colisão transversal,Com Vítimas Feridas,Pleno dia,Decrescente,Céu Claro,Simples,Reta;Interseção de Vias;Rotatória,Sim,4.0,0.0,1.0,0.0,1.0,3.0,0.0,2.0,"-12,97879967","-39,28441554",SPRF-BA,DEL11/BA,UOP01-DEL11-BA
758703,16/03/2026,segunda-feira,08:40:00,RJ,40.0,"41,6",AREAL,Velocidade Incompatível,Tombamento,Com Vítimas Fatais,Pleno dia,Decrescente,Nublado,Dupla,Declive;Curva,Não,2.0,1.0,0.0,0.0,0.0,0.0,0.0,2.0,"-22,254801","-43,107712",SPRF-RJ,DEL05/RJ,UOP02-DEL05-RJ