id,data_inversa,dia_semana,horario,uf,br,km,municipio,causa_acidente,tipo_acidente,classificacao_acidente,fase_dia,sentido_via,condicao_metereologica,tipo_pista,tracado_via,uso_solo,pessoas,mortos,feridos_leves,feridos_graves,feridos,ilesos,ignorados,veiculos,latitude,longitude,regional,delegacia,uop
758974,17/03/2026,terça-feira,15:16:00,RJ,116.0,143,DUQUE DE CAXIAS,Reação tardia ou ineficiente do condutor,Engavetamento,Com Vítimas Fatais,Pleno dia,Crescente,Céu Claro,Dupla,Reta,Sim,4.0,1.0,0.0,0.0,0.0,3.0,0.0,4.0,"-22,667838","-43,267307",SPRF-RJ,DEL01/RJ,UOP02-DEL01-RJ
758981,17/03/2026,terça-feira,14:00:00,SC,101.0,"378,4",ICARA,Desrespeitar a preferência no cruzamento,Colisão transversal,Com Vítimas Feridas,Pleno dia,Crescente,Céu Claro,Múltipla,Interseção de Vias,Sim,3.0,0.0,1.0,0.0,1.0,1.0,0.0,3.0,"-28,75072419","-49,27040432",SPRF-SC,DEL02/SC,UOP02-DEL02-SC
758988,17/03/2026,terça-feira,17:40:00,PR,277.0,731,FOZ DO IGUACU,Reação tardia ou ineficiente do condutor,Colisão com objeto,Sem Vítimas,Pleno dia,Crescente,Céu Claro,Dupla,Retorno Regulamentado,Sim,2.0,0.0,0.0,0.0,0.0,2.0,0.0,1.0,"-25,50966244","-54,59574806",SPRF-PR,DEL05/PR,UOP03-DEL05-PR
758989,17/03/2026,terça-feira,17:30:00,BA,116.0,16,VITORIA DA CONQUISTA,Conversão proibida,Colisão transversal,Com Vítimas Feridas,Anoitecer,Crescente,Sol,Simples,Curva,Não,2.0,0.0,0.0,1.0,1.0,1.0,0.0,2.0,"-14,8926934","-40,844303",SPRF-BA,DEL08/BA,UOP01-DEL08-BA
758990,17/03/2026,terça-feira,17:20:00,PR,376.0,485,PONTA GROSSA,Demais falhas mecânicas ou elétricas,Colisão com objeto,Com Vítimas Feridas,Pleno dia,Crescente,Céu Claro,Dupla,Declive;Reta,Não,6.0,0.0,2.0,0.0,2.0,3.0,0.0,4.0,"-25,10568591","-50,1941628",SPRF-PR,DEL03/PR,UOP03-DEL03-PR
759003,17/03/2026,terça-feira,15:30:00,RJ,393.0,114,SAPUCAIA,Velocidade Incompatível,Tombamento,Com Vítimas Feridas,Pleno dia,Decrescente,Céu Claro,Simples,Curva,Não,3.0,0.0,2.0,0.0,2.0,0.0,0.0,2.0,"-21,90832379","-42,73378892",SPRF-RJ,DEL05/RJ,UOP01-DEL05-RJ
759005,17/03/2026,terça-feira,11:20:00,MT,163.0,"659,6",LUCAS DO RIO VERDE,Ausência de reação do condutor,Engavetamento,Com Vítimas Feridas,Pleno dia,Decrescente,Céu Claro,Simples,Em Obras;Reta,Não,8.0,0.0,4.0,0.0,4.0,3.0,0.0,14.0,"-13,297","-56,036",SPRF-MT,DEL06/MT,UOP01-DEL06-MT
759008,17/03/2026,terça-feira,18:10:00,MG,262.0,469,BOM DESPACHO,Reação tardia ou ineficiente do condutor,Colisão transversal,Com Vítimas Feridas,Anoitecer,Crescente,Chuva,Simples,Reta,Não,3.0,0.0,0.0,1.0,1.0,1.0,0.0,3.0,"-19,78601178","-45,25167201",SPRF-MG,DEL08/MG,UOP03-DEL08-MG
759016,17/03/2026,terça-feira,08:00:00,MA,10.0,41,CAROLINA,Transitar na contramão,Colisão frontal,Com Vítimas Feridas,Pleno dia,Crescente,Nublado,Simples,Curva,Não,3.0,0.0,1.0,1.0,2.0,0.0,0.0,4.0,"-7,284251","-47,455089",SPRF-MA,DEL04-MA,UOP02-DEL04-MA
759017,17/03/2026,terça-feira,14:20:00,RJ,40.0,111,DUQUE DE CAXIAS,Reação tardia ou ineficiente do condutor,Engavetamento,Com Vítimas Feridas,Pleno dia,Crescente,Céu Claro,Dupla,Aclive;Reta,Sim,5.0,0.0,1.0,0.0,1.0,4.0,0.0,3.0,"-22,697949","-43,28952",SPRF-RJ,DEL01/RJ,UOP02-DEL01-RJ
759018,17/03/2026,terça-feira,11:10:00,MA,10.0,159,PORTO FRANCO,Reação tardia ou ineficiente do condutor,Colisão traseira,Com Vítimas Feridas,Pleno dia,Decrescente,Céu Claro,Simples,Reta,Não,7.0,0.0,4.0,0.0,4.0,3.0,0.0,3.0,"-6,322614","-47,369255",SPRF-MA,DEL04-MA,UOP02-DEL04-MA
759019,17/03/2026,terça-feira,19:30:00,BA,324.0,519,FEIRA DE SANTANA,Acessar a via sem observar a presença dos outros veículos,Colisão lateral mesmo sentido,Sem Vítimas,Plena Noite,Decrescente,Céu Claro,Dupla,Reta,Sim,4.0,0.0,0.0,0.0,0.0,3.0,0.0,3.0,"-12,27699","-38,9342871",SPRF-BA,DEL02/BA,UOP01-DEL02-BA
759020,05/02/2026,quinta-feira,16:45:00,RJ,116.0,276,BARRA MANSA,Velocidade Incompatível,Colisão traseira,Com Vítimas Feridas,Pleno dia,Crescente,Chuva,Dupla,Aclive;Curva,Sim,5.0,0.0,1.0,0.0,1.0,3.0,0.0,4.0,"-22,56139546","-44,17185036",SPRF-RJ,DEL07/RJ,UOP02-DEL07-RJ
759022,17/03/2026,terça-feira,20:05:00,SC,282.0,221,LAGES,Acessar a via sem observar a presença dos outros veículos,Colisão frontal,Com Vítimas Feridas,Plena Noite,Decrescente,Chuva,Simples,Rotatória,Sim,4.0,0.0,2.0,0.0,2.0,2.0,0.0,2.0,"-27,79513","-50,3388545",SPRF-SC,DEL05/SC,UOP01-DEL05-SC
759028,17/03/2026,terça-feira,17:39:00,MG,381.0,921,CAMANDUCAIA,Carga excessiva e/ou mal acondicionada,Derramamento de carga,Sem Vítimas,Pleno dia,Crescente,Céu Claro,Dupla,Curva,Não,2.0,0.0,0.0,0.0,0.0,1.0,0.0,2.0,"-22,75621799","-46,15410841",SPRF-MG,DEL16/MG,UOP03-DEL16-MG
759030,17/03/2026,terça-feira,19:55:00,MG,50.0,72,UBERLANDIA,Velocidade Incompatível,Colisão traseira,Com Vítimas Feridas,Plena Noite,Crescente,Garoa/Chuvisco,Dupla,Declive;Reta,Sim,2.0,0.0,1.0,0.0,1.0,1.0,0.0,2.0,"-18,901378","-48,238304",SPRF-MG,DEL15/MG,UOP01-DEL15-MG
759033,17/03/2026,terça-feira,21:05:00,SP,116.0,442,REGISTRO,Ausência de reação do condutor,Colisão lateral mesmo sentido,Com Vítimas Feridas,Plena Noite,Crescente,Céu Claro,Dupla,Reta,Não,2.0,0.0,1.0,0.0,1.0,0.0,0.0,2.0,"-24,47146846","-47,82430989",SPRF-SP,DEL05/SP,UOP01-DEL05-SP
759034,17/03/2026,terça-feira,19:00:00,BA,116.0,738,POCOES,Ingestão de álcool pelo condutor,Colisão lateral sentido oposto,Sem Vítimas,Plena Noite,Decrescente,Céu Claro,Simples,Declive,Não,2.0,0.0,0.0,0.0,0.0,2.0,0.0,2.0,"-14,41237144","-40,35360932",SPRF-BA,DEL08/BA,UOP02-DEL08-BA
759037,17/03/2026,terça-feira,19:25:00,RS,290.0,482,ROSARIO DO SUL,Ingestão de álcool pelo condutor,Colisão frontal,Sem Vítimas,Plena Noite,Decrescente,Nublado,Simples,Declive;Reta,Sim,5.0,0.0,0.0,0.0,0.0,5.0,0.0,2.0,"-30,24176448","-54,94204438",SPRF-RS,DEL11/RS,UOP02-DEL11-RS
759038,17/03/2026,terça-feira,19:30:00,MG,251.0,333,FRUTA DE LEITE,Reação tardia ou ineficiente do condutor,Tombamento,Com Vítimas Feridas,Plena Noite,Decrescente,Céu Claro,Simples,Curva,Não,2.0,0.0,0.0,1.0,1.0,0.0,0.0,2.0,"-16,2627596","-42,4076345",SPRF-MG,DEL12/MG,UOP02-DEL12-MG
759042,17/03/2026,terça-feira,18:10:00,PR,376.0,"488,6",PONTA GROSSA,Reação tardia ou ineficiente do condutor,Colisão traseira,Com Vítimas Feridas,Pleno dia,Decrescente,Sol,Dupla,Declive;Reta,Sim,3.0,0.0,0.0,1.0,1.0,1.0,0.0,3.0,"-25,132247","-50,168919",SPRF-PR,DEL03/PR,UOP03-DEL03-PR
759045,17/03/2026,terça-feira,18:30:00,MG,116.0,"630,4",DIVINO,Ausência de reação do condutor,Saída de leito carroçável,Com Vítimas Feridas,Plena Noite,Decrescente,Nublado,Simples,Reta;Aclive,Não,1.0,0.0,1.0,0.0,1.0,0.0,0.0,1.0,"-20,59691099","-42,20762998",SPRF-MG,DEL07/MG,UOP02-DEL07-MG
759047,17/03/2026,terça-feira,17:30:00,RO,364.0,"470,1",ARIQUEMES,Demais falhas mecânicas ou elétricas,Incêndio,Sem Vítimas,Plena Noite,Decrescente,Céu Claro,Simples,Reta,Não,2.0,0.0,0.0,0.0,0.0,1.0,0.0,2.0,"-10,196422","-62,79828",SPRF-RO,DEL03-RO,UOP01-DEL03-RO
759048,17/03/2026,terça-feira,20:05:00,MS,163.0,684,RIO VERDE DE MATO GROSSO,Demais falhas mecânicas ou elétricas,Incêndio,Sem Vítimas,Plena Noite,Decrescente,Céu Claro,Simples,Reta,Não,2.0,0.0,0.0,0.0,0.0,1.0,0.0,2.0,"-18,883","-54,838",SPRF-MS,DEL06/MS,UOP01-DEL06-MS
759055,17/03/2026,terça-feira,23:20:00,MG,50.0,"0,6",ARAGUARI,Velocidade Incompatível,Tombamento,Com Vítimas Feridas,Plena Noite,Crescente,Céu Claro,Dupla,Curva;Aclive,Não,3.0,0.0,1.0,0.0,1.0,1.0,0.0,3.0,"-18,42745128","-48,06359864",SPRF-MG,DEL15/MG,UOP02-DEL15-MG
759056,18/03/2026,quarta-feira,00:01:00,PR,376.0,673,GUARATUBA,Problema com o freio,Colisão lateral mesmo sentido,Com Vítimas Feridas,Plena Noite,Crescente,Céu Claro,Simples,Declive;Reta,Não,4.0,0.0,1.0,0.0,1.0,2.0,0.0,6.0,"-25,915775","-48,918236",SPRF-PR,DEL01/PR,UOP04-DEL01-PR
759059,18/03/2026,quarta-feira,00:30:00,RS,290.0,"44,5",GLORINHA,Condutor Dormindo,Saída de leito carroçável,Com Vítimas Feridas,Plena Noite,Decrescente,Nublado,Múltipla,Reta,Não,2.0,0.0,1.0,0.0,1.0,0.0,0.0,2.0,"-29,8904436","-50,70701659",SPRF-RS,DEL03/RS,UOP01-DEL03-RS
759060,18/03/2026,quarta-feira,00:30:00,MG,262.0,153,SAO DOMINGOS DO PRATA,Ausência de reação do condutor,Tombamento,Com Vítimas Fatais,Plena Noite,Crescente,Céu Claro,Simples,Curva,Não,4.0,1.0,0.0,0.0,0.0,2.0,0.0,6.0,"-19,98905","-42,791078",SPRF-MG,DEL03/MG,UOP03-DEL03-MG
759067,18/03/2026,quarta-feira,01:40:00,RS,386.0,"354,5",ESTRELA,Ausência de reação do condutor,Colisão com objeto,Com Vítimas Feridas,Plena Noite,Decrescente,Céu Claro,Dupla,Ponte;Reta,Não,2.0,0.0,0.0,1.0,1.0,0.0,0.0,2.0,"-29,512209","-51,940918",SPRF-RS,DEL04/RS,UOP01-DEL04-RS
759077,17/03/2026,terça-feira,23:02:00,MG,381.0,"723,9",CARMO DA CACHOEIRA,Ausência de reação do condutor,Tombamento,Com Vítimas Feridas,Plena Noite,Decrescente,Nublado,Dupla,Curva,Não,2.0,0.0,1.0,0.0,1.0,0.0,0.0,2.0,"-21,457115","-45,2109",SPRF-MG,DEL04/MG,UOP02-DEL04-MG
759083,18/03/2026,quarta-feira,03:45:00,MS,267.0,"23,5",BATAGUASSU,Manobra de mudança de faixa,Colisão lateral sentido oposto,Sem Vítimas,Plena Noite,Crescente,Céu Claro,Simples,Curva,Não,2.0,0.0,0.0,0.0,0.0,1.0,0.0,2.0,"-21,727325","-52,362372",SPRF-MS,DEL02/MS,UOP04-DEL02-MS
759086,17/03/2026,terça-feira,23:00:00,CE,222.0,302,TIANGUA,Demais falhas mecânicas ou elétricas,Colisão com objeto,Com Vítimas Feridas,Pleno dia,Decrescente,Céu Claro,Simples,Declive;Curva,Não,1.0,0.0,1.0,0.0,1.0,0.0,0.0,1.0,"-3,663","-40,949",SPRF-CE,DEL04/CE,UOP02-DEL04-CE
759087,17/03/2026,terça-feira,09:30:00,MG,40.0,70,PARACATU,Ausência de reação do condutor,Colisão com objeto,Com Vítimas Feridas,Pleno dia,Decrescente,Céu Claro,Simples,Reta,Não,1.0,0.0,0.0,1.0,1.0,0.0,0.0,1.0,"-17,400838","-46,727587",SPRF-MG,DEL14/MG,UOP01-DEL14-MG
759089,18/03/2026,quarta-feira,07:00:00,PR,116.0,125,FAZENDA RIO GRANDE,Trafegar com motocicleta (ou similar) entre as faixas,Colisão traseira,Com Vítimas Feridas,Pleno dia,Crescente,Céu Claro,Dupla,Reta,Sim,4.0,0.0,1.0,0.0,1.0,2.0,0.0,4.0,"-25,62534747","-49,31485891",SPRF-PR,DEL01/PR,UOP03-DEL01-PR
759091,18/03/2026,quarta-feira,02:45:00,RO,364.0,337,JI-PARANA,Velocidade Incompatível,Tombamento,Com Vítimas Feridas,Plena Noite,Crescente,Céu Claro,Múltipla,Viaduto,Não,3.0,0.0,1.0,0.0,1.0,0.0,0.0,3.0,"-10,92070493","-61,93071914",SPRF-RO,DEL02-RO,UOP01-DEL02-RO
759096,18/03/2026,quarta-feira,08:00:00,MG,40.0,511,RIBEIRAO DAS NEVES,Reação tardia ou ineficiente do condutor,Colisão traseira,Com Vítimas Feridas,Pleno dia,Decrescente,Nublado,Dupla,Reta,Sim,2.0,0.0,1.0,0.0,1.0,1.0,0.0,2.0,"-19,7820722","-44,1161496",SPRF-MG,DEL01/MG,UOP02-DEL01-MG
759100,18/03/2026,quarta-feira,06:20:00,RS,386.0,249,SOLEDADE,Condutor Dormindo,Colisão lateral sentido oposto,Com Vítimas Fatais,Amanhecer,Crescente,Céu Claro,Simples,Reta;Em Obras,Não,3.0,1.0,0.0,0.0,0.0,1.0,0.0,4.0,"-28,82896656","-52,46306127",SPRF-RS,DEL04/RS,UOP03-DEL04-RS
759103,18/03/2026,quarta-feira,08:10:00,SP,116.0,138,SAO JOSE DOS CAMPOS,Trafegar com motocicleta (ou similar) entre as faixas,Colisão lateral mesmo sentido,Com Vítimas Feridas,Pleno dia,Crescente,Nublado,Dupla,Reta,Sim,4.0,0.0,0.0,1.0,1.0,2.0,0.0,7.0,"-23,15827","-45,79668039",SPRF-SP,DEL02/SP,UOP01-DEL02-SP
759105,18/03/2026,quarta-feira,09:05:00,BA,116.0,422,FEIRA DE SANTANA,Ausência de reação do condutor,Colisão lateral mesmo sentido,Com Vítimas Feridas,Pleno dia,Crescente,Sol,Dupla,Rotatória,Sim,4.0,0.0,1.0,0.0,1.0,3.0,0.0,4.0,"-12,23067417","-38,96575356",SPRF-BA,DEL02/BA,UOP01-DEL02-BA
759109,18/03/2026,quarta-feira,09:00:00,RS,290.0,721,URUGUAIANA,Velocidade Incompatível,Tombamento,Com Vítimas Feridas,Pleno dia,Crescente,Céu Claro,Simples,Curva;Rotatória;Interseção de Vias,Não,2.0,0.0,1.0,0.0,1.0,0.0,0.0,2.0,"-29,7719457","-57,05672113",SPRF-RS,DEL13/RS,UOP01-DEL13-RS
759112,12/03/2026,quinta-feira,08:18:00,TO,153.0,"758,7",ALVORADA,Ausência de reação do condutor,Colisão traseira,Com Vítimas Feridas,Pleno dia,Crescente,Chuva,Simples,Reta,Não,4.0,0.0,1.0,1.0,2.0,1.0,0.0,3.0,"-12,4595","-49,1185",SPRF-TO,DEL01-TO,UOP02-DEL01-TO
759115,18/03/2026,quarta-feira,07:45:00,MT,174.0,291,PONTES E LACERDA,Acessar a via sem observar a presença dos outros veículos,Colisão transversal,Com Vítimas Feridas,Pleno dia,Crescente,Céu Claro,Simples,Reta;Rotatória,Sim,4.0,0.0,2.0,0.0,2.0,1.0,0.0,4.0,"-15,22593","-59,318704",SPRF-MT,DEL04/MT,UOP01-DEL04-MT
759116,18/03/2026,quarta-feira,09:00:00,SP,116.0,132,CACAPAVA,Trafegar com motocicleta (ou similar) entre as faixas,Colisão lateral mesmo sentido,Com Vítimas Feridas,Pleno dia,Crescente,Céu Claro,Dupla,Reta,Não,3.0,0.0,0.0,1.0,1.0,2.0,0.0,3.0,"-23,130316","-45,742488",SPRF-SP,DEL02/SP,UOP02-DEL02-SP
759122,15/03/2026,domingo,06:10:00,RO,435.0,49,VILHENA,Conversão proibida,Colisão frontal,Com Vítimas Feridas,Pleno dia,Crescente,Céu Claro,Simples,Reta;Aclive,Não,3.0,0.0,1.0,0.0,1.0,1.0,0.0,4.0,"-12,90198615","-60,37350655",SPRF-RO,DEL04-RO,UOP02-DEL04-RO
759127,18/03/2026,quarta-feira,11:20:00,SC,101.0,"194,8",BIGUACU,Estacionar ou parar em local proibido,Colisão traseira,Com Vítimas Feridas,Pleno dia,Crescente,Céu Claro,Dupla,Reta,Sim,3.0,0.0,1.0,0.0,1.0,1.0,0.0,3.0,"-27,49239258","-48,65669696",SPRF-SC,DEL01/SC,UOP01-DEL01-SC
759130,18/03/2026,quarta-feira,09:40:00,GO,153.0,23,PORANGATU,Reação tardia ou ineficiente do condutor,Colisão frontal,Com Vítimas Fatais,Pleno dia,Crescente,Chuva,Simples,Aclive,Não,4.0,1.0,1.0,1.0,2.0,0.0,0.0,3.0,"-13,03213","-49,16976",SPRF-GO,DEL07/GO,UOP01-DEL07-GO
759132,18/03/2026,quarta-feira,11:10:00,PE,101.0,"40,9",IGARASSU,Demais falhas mecânicas ou elétricas,Incêndio,Sem Vítimas,Pleno dia,Decrescente,Céu Claro,Dupla,Reta,Sim,3.0,0.0,0.0,0.0,0.0,2.0,0.0,4.0,"-7,827979","-34,914892",SPRF-PE,DEL01/PE,UOP02-DEL01-PE
759135,18/03/2026,quarta-feira,11:30:00,MG,381.0,372,SAO GONCALO DO RIO ABAIXO,Ausência de reação do condutor,Colisão traseira,Com Vítimas Feridas,Pleno dia,Crescente,Chuva,Simples,Declive;Curva,Sim,5.0,0.0,1.0,0.0,1.0,3.0,0.0,7.0,"-19,84143","-43,33096",SPRF-MG,DEL01/MG,UOP01-DEL01-MG
759136,18/03/2026,quarta-feira,06:20:00,MA,135.0,123,MIRANDA DO NORTE,Transitar na contramão,Colisão frontal,Com Vítimas Feridas,Amanhecer,Crescente,Céu Claro,Simples,Reta,Não,4.0,0.0,0.0,2.0,2.0,1.0,0.0,5.0,"-3,543375","-44,57086",SPRF-MA,DEL01-MA,UOP02-DEL01-MA
759137,18/03/2026,quarta-feira,11:20:00,PR,376.0,"466,7",PONTA GROSSA,Mal súbito do condutor,Colisão com objeto,Com Vítimas Feridas,Pleno dia,Crescente,Céu Claro,Dupla,Declive;Reta,Não,3.0,0.0,1.0,0.0,1.0,1.0,0.0,3.0,"-25,026945","-50,31361",SPRF-PR,DEL03/PR,UOP01-DEL03-PR
759141,18/03/2026,quarta-feira,12:25:00,SP,116.0,"40,9",CACHOEIRA PAULISTA,Problema com o freio,Colisão lateral mesmo sentido,Com Vítimas Feridas,Pleno dia,Crescente,Céu Claro,Dupla,Reta;Em Obras;Declive,Não,3.0,0.0,1.0,0.0,1.0,1.0,0.0,3.0,"-22,68578595","-45,01437664",SPRF-SP,DEL08/SP,UOP02-DEL08-SP
759151,18/03/2026,quarta-feira,13:10:00,ES,101.0,"450,9",MIMOSO DO SUL,Reação tardia ou ineficiente do condutor,Colisão com objeto,Sem Vítimas,Pleno dia,Crescente,Céu Claro,Simples,Declive;Reta,Não,1.0,0.0,0.0,0.0,0.0,1.0,0.0,1.0,"-21,152722","-41,274412",SPRF-ES,DEL03-ES,UOP02-DEL03-ES
759158,24/02/2026,terça-feira,06:43:00,PA,163.0,605,NOVO PROGRESSO,Pista esburacada,Colisão lateral mesmo sentido,Sem Vítimas,Amanhecer,Decrescente,Céu Claro,Simples,Reta,Sim,2.0,0.0,0.0,0.0,0.0,0.0,1.0,2.0,"-7,0915706","-55,401009",SPRF-PA,DEL05/PA,UOP03-DEL05-PA
759161,18/03/2026,quarta-feira,14:50:00,MG,381.0,"479,3",CONTAGEM,Manobra de mudança de faixa,Colisão lateral mesmo sentido,Com Vítimas Feridas,Pleno dia,Decrescente,Nublado,Múltipla,Declive;Curva,Sim,3.0,0.0,1.0,0.0,1.0,1.0,0.0,3.0,"-19,9640029","-44,0471312",SPRF-MG,DEL01/MG,UOP03-DEL01-MG
759163,19/01/2026,segunda-feira,22:00:00,BA,116.0,564,BREJOES,Carga excessiva e/ou mal acondicionada,Saída de leito carroçável,Sem Vítimas,Plena Noite,Crescente,Chuva,Simples,Curva,Não,2.0,0.0,0.0,0.0,0.0,1.0,0.0,2.0,"-12,99392","-39,95215",SPRF-BA,DEL03/BA,UOP02-DEL03-BA
759167,08/02/2026,domingo,04:18:00,PA,163.0,375,NOVO PROGRESSO,Ultrapassagem Indevida,Colisão lateral sentido oposto,Com Vítimas Feridas,Plena Noite,Decrescente,Céu Claro,Simples,Reta;Aclive,Não,4.0,0.0,1.0,0.0,1.0,2.0,0.0,2.0,"-6,5138863","-55,5385849",SPRF-PA,DEL05/PA,UOP03-DEL05-PA
759176,18/03/2026,quarta-feira,15:55:00,PR,376.0,"183,9",SARANDI,Velocidade Incompatível,Colisão traseira,Com Vítimas Feridas,Pleno dia,Crescente,Nublado,Dupla,Reta;Aclive,Sim,3.0,0.0,0.0,1.0,1.0,2.0,0.0,3.0,"-23,44129","-51,8714",SPRF-PR,DEL09/PR,UOP01-DEL09-PR
759177,20/02/2026,sexta-feira,13:45:00,BA,116.0,589,IRAJUBA,Problema com o freio,Tombamento,Com Vítimas Feridas,Pleno dia,Decrescente,Sol,Simples,Reta;Declive,Não,12.0,0.0,4.0,0.0,4.0,7.0,0.0,8.0,"-13,17192614","-39,99844216",SPRF-BA,DEL03/BA,UOP02-DEL03-BA
759180,18/03/2026,quarta-feira,14:30:00,MT,364.0,387,CUIABA,Acumulo de água sobre o pavimento,Saída de leito carroçável,Sem Vítimas,Pleno dia,Decrescente,Chuva,Dupla,Reta,Não,1.0,0.0,0.0,0.0,0.0,1.0,0.0,1.0,"-15,693779","-55,901463",SPRF-MT,DEL01/MT,UOP02-DEL01-MT
759184,18/03/2026,quarta-feira,13:32:00,MT,364.0,584,NOBRES,Ausência de reação do condutor,Saída de leito carroçável,Com Vítimas Feridas,Pleno dia,Decrescente,Céu Claro,Dupla,Aclive;Curva,Não,2.0,0.0,1.0,0.0,1.0,0.0,0.0,3.0,"-14,56311728","-56,21925116",SPRF-MT,DEL01/MT,UOP01-DEL01-MT
759185,18/03/2026,quarta-feira,15:50:00,MG,251.0,333,RUBELITA,Reação tardia ou ineficiente do condutor,Tombamento,Com Vítimas Feridas,Pleno dia,Decrescente,Céu Claro,Simples,Declive;Curva,Não,2.0,0.0,1.0,0.0,1.0,0.0,0.0,2.0,"-16,26253217","-42,40821362",SPRF-MG,DEL12/MG,UOP02-DEL12-MG
759186,18/03/2026,quarta-feira,16:47:00,PE,101.0,"73,5",RECIFE,Reação tardia ou ineficiente do condutor,Colisão traseira,Com Vítimas Feridas,Pleno dia,Decrescente,Céu Claro,Dupla,Reta,Não,2.0,0.0,1.0,0.0,1.0,1.0,0.0,2.0,"-8,09915904","-34,94993448",SPRF-PE,DEL01/PE,UOP01-DEL01-PE
759187,18/03/2026,quarta-feira,15:40:00,MG,116.0,"304,2",ITAMBACURI,Condutor Dormindo,Colisão traseira,Com Vítimas Fatais,Pleno dia,Decrescente,Céu Claro,Simples,Reta;Aclive,Não,4.0,1.0,0.0,0.0,0.0,2.0,0.0,4.0,"-18,026275","-41,649407",SPRF-MG,DEL11/MG,UOP01-DEL11-MG
759189,18/03/2026,quarta-feira,16:04:00,MT,163.0,877,SINOP,Ultrapassagem Indevida,Colisão frontal,Com Vítimas Fatais,Pleno dia,Decrescente,Céu Claro,Simples,Reta,Não,5.0,1.0,0.0,0.0,0.0,3.0,0.0,8.0,"-11,5102","-55,37567",SPRF-MT,DEL06/MT,UOP02-DEL06-MT
759190,18/03/2026,quarta-feira,15:15:00,MS,163.0,"279,4",DOURADOS,Problema com o freio,Colisão traseira,Sem Vítimas,Pleno dia,Crescente,Nublado,Simples,Reta,Sim,5.0,0.0,0.0,0.0,0.0,3.0,0.0,3.0,"-22,13890321","-54,62051994",SPRF-MS,DEL04/MS,UOP01-DEL04-MS
759196,18/03/2026,quarta-feira,16:45:00,TO,153.0,181,NOVA OLINDA,Reação tardia ou ineficiente do condutor,Tombamento,Com Vítimas Feridas,Pleno dia,Crescente,Céu Claro,Simples,Aclive,Não,2.0,0.0,1.0,0.0,1.0,0.0,0.0,3.0,"-7,490048","-48,381266",SPRF-TO,DEL02-TO,UOP01-DEL02-TO
759199,18/03/2026,quarta-feira,17:14:00,PE,101.0,89,JABOATAO DOS GUARARAPES,Manobra de mudança de faixa,Colisão lateral mesmo sentido,Com Vítimas Feridas,Anoitecer,Decrescente,Céu Claro,Dupla,Aclive;Reta,Não,4.0,0.0,1.0,0.0,1.0,2.0,0.0,3.0,"-8,216943","-34,988149",SPRF-PE,DEL01/PE,UOP01-DEL01-PE
759200,18/03/2026,quarta-feira,18:06:00,PB,101.0,90,JOAO PESSOA,Pedestre andava na pista,Atropelamento de Pedestre,Com Vítimas Feridas,Plena Noite,Crescente,Céu Claro,Dupla,Reta,Sim,2.0,0.0,0.0,1.0,1.0,1.0,0.0,2.0,"-7,17505162","-34,89886433",SPRF-PB,DEL01-PB,UOP01-DEL01-PB
759204,18/03/2026,quarta-feira,12:50:00,MT,163.0,"598,9",NOVA MUTUM,Manobra de mudança de faixa,Colisão lateral mesmo sentido,Com Vítimas Feridas,Pleno dia,Decrescente,Céu Claro,Dupla,Reta,Sim,2.0,0.0,0.0,1.0,1.0,1.0,0.0,2.0,"-13,81673471","-56,07573062",SPRF-MT,DEL01/MT,UOP01-DEL01-MT
759209,18/03/2026,quarta-feira,16:30:00,MT,163.0,850,SINOP,Reação tardia ou ineficiente do condutor,Colisão traseira,Com Vítimas Feridas,Pleno dia,Decrescente,Céu Claro,Simples,Declive;Reta,Sim,3.0,0.0,1.0,0.0,1.0,2.0,0.0,2.0,"-11,7241","-55,4587",SPRF-MT,DEL06/MT,UOP02-DEL06-MT
759212,18/03/2026,quarta-feira,17:40:00,MA,135.0,6,SAO LUIS,Manobra de mudança de faixa,Colisão lateral mesmo sentido,Com Vítimas Feridas,Anoitecer,Crescente,Chuva,Dupla,Declive;Reta,Sim,2.0,0.0,0.0,1.0,1.0,1.0,0.0,2.0,"-2,635068","-44,267697",SPRF-MA,DEL01-MA,UOP01-DEL01-MA
759214,18/03/2026,quarta-feira,18:10:00,MG,381.0,478,CONTAGEM,Trafegar com motocicleta (ou similar) entre as faixas,Colisão traseira,Com Vítimas Feridas,Plena Noite,Decrescente,Céu Claro,Dupla,Reta,Sim,4.0,0.0,3.0,0.0,3.0,1.0,0.0,3.0,"-19,96064","-44,03583",SPRF-MG,DEL01/MG,UOP03-DEL01-MG
759223,18/03/2026,quarta-feira,19:45:00,PR,116.0,60,QUATRO BARRAS,Manobra de mudança de faixa,Colisão lateral mesmo sentido,Sem Vítimas,Plena Noite,Decrescente,Nublado,Dupla,Reta,Não,3.0,0.0,0.0,0.0,0.0,2.0,0.0,3.0,"-25,30380379","-48,95784466",SPRF-PR,DEL01/PR,UOP02-DEL01-PR
759233,18/03/2026,quarta-feira,18:35:00,MG,116.0,417,GOVERNADOR VALADARES,Desrespeitar a preferência no cruzamento,Colisão transversal,Com Vítimas Feridas,Plena Noite,Crescente,Nublado,Simples,Reta;Interseção de Vias,Sim,2.0,0.0,1.0,0.0,1.0,1.0,0.0,2.0,"-18,903243","-41,943855",SPRF-MG,DEL06/MG,UOP01-DEL06-MG