id,data_inversa,dia_semana,horario,uf,br,km,municipio,causa_acidente,tipo_acidente,classificacao_acidente,fase_dia,sentido_via,condicao_metereologica,tipo_pista,tracado_via,uso_solo,pessoas,mortos,feridos_leves,feridos_graves,feridos,ilesos,ignorados,veiculos,latitude,longitude,regional,delegacia,uop
759234,18/03/2026,quarta-feira,20:00:00,RS,471.0,"676,5",CHUI,Acessar a via sem observar a presença dos outros veículos,Colisão lateral mesmo sentido,Com Vítimas Feridas,Plena Noite,Crescente,Nublado,Simples,Reta,Não,2.0,0.0,0.0,1.0,1.0,1.0,0.0,2.0,"-33,65028692","-53,42856646",SPRF-RS,DEL07/RS,UOP04-DEL07-RS
759235,18/03/2026,quarta-feira,19:00:00,MG,262.0,"7,4",MARTINS SOARES,Pista esburacada,Tombamento,Sem Vítimas,Plena Noite,Decrescente,Chuva,Simples,Declive;Reta,Não,1.0,0.0,0.0,0.0,0.0,1.0,0.0,1.0,"-20,254795","-41,82085",SPRF-MG,DEL06/MG,UOP03-DEL06-MG
759237,18/03/2026,quarta-feira,18:00:00,SP,116.0,347,MIRACATU,Velocidade Incompatível,Tombamento,Com Vítimas Feridas,Anoitecer,Crescente,Nublado,Dupla,Declive;Curva,Não,2.0,0.0,0.0,1.0,1.0,0.0,0.0,2.0,"-24,05163627","-47,20176065",SPRF-SP,DEL04/SP,UOP03-DEL04-SP
759239,18/03/2026,quarta-feira,18:40:00,BA,101.0,708,EUNAPOLIS,Pedestre andava na pista,Atropelamento de Pedestre,Com Vítimas Fatais,Plena Noite,Crescente,Céu Claro,Simples,Reta,Não,3.0,1.0,0.0,0.0,0.0,1.0,0.0,3.0,"-16,310365","-39,59789",SPRF-BA,DEL09/BA,UOP01-DEL09-BA
759241,18/03/2026,quarta-feira,20:20:00,MG,262.0,776,UBERABA,Reação tardia ou ineficiente do condutor,Colisão traseira,Sem Vítimas,Plena Noite,Crescente,Céu Claro,Simples,Reta,Não,3.0,0.0,0.0,0.0,0.0,3.0,0.0,2.0,"-19,759338","-47,814509",SPRF-MG,DEL13/MG,UOP01-DEL13-MG
759244,18/03/2026,quarta-feira,21:10:00,MG,251.0,"482,6",FRANCISCO SA,Ausência de reação do condutor,Colisão traseira,Com Vítimas Fatais,Plena Noite,Crescente,Céu Claro,Simples,Reta,Sim,2.0,1.0,0.0,0.0,0.0,0.0,0.0,2.0,"-16,47627344","-43,50113265",SPRF-MG,DEL12/MG,UOP01-DEL12-MG
759245,18/03/2026,quarta-feira,18:45:00,MG,251.0,"427,7",GRAO MOGOL,Problema com o freio,Colisão traseira,Com Vítimas Fatais,Plena Noite,Crescente,Céu Claro,Simples,Declive;Curva,Não,3.0,1.0,1.0,0.0,1.0,0.0,0.0,3.0,"-16,32524","-43,12292",SPRF-MG,DEL12/MG,UOP01-DEL12-MG
759252,18/03/2026,quarta-feira,18:30:00,SC,101.0,"1,5",GARUVA,Problema com o freio,Incêndio,Sem Vítimas,Plena Noite,Crescente,Céu Claro,Múltipla,Interseção de Vias,Não,2.0,0.0,0.0,0.0,0.0,1.0,0.0,2.0,"-25,99249149","-48,8815519",SPRF-SC,DEL03/SC,UOP01-DEL03-SC
759254,18/03/2026,quarta-feira,23:00:00,PR,476.0,"318,2",PAULO FRONTIN,Transitar na contramão,Colisão frontal,Com Vítimas Fatais,Plena Noite,Crescente,Chuva,Simples,Reta,Não,3.0,1.0,0.0,0.0,0.0,1.0,0.0,3.0,"-26,02483577","-50,6606598",SPRF-PR,DEL02/PR,UOP03-DEL02-PR
759257,18/03/2026,quarta-feira,22:25:00,SC,101.0,"115,5",ITAJAI,Reação tardia ou ineficiente do condutor,Saída de leito carroçável,Com Vítimas Fatais,Plena Noite,Decrescente,Céu Claro,Múltipla,Reta,Sim,2.0,1.0,0.0,0.0,0.0,0.0,0.0,2.0,"-26,875107","-48,727427",SPRF-SC,DEL04/SC,UOP04-DEL04-SC
759258,18/03/2026,quarta-feira,19:00:00,MT,174.0,"123,5",MIRASSOL DOESTE,Demais falhas mecânicas ou elétricas,Incêndio,Sem Vítimas,Plena Noite,Crescente,Chuva,Simples,Curva,Não,2.0,0.0,0.0,0.0,0.0,1.0,0.0,2.0,"-15,82895807","-58,07068348",SPRF-MT,DEL03/MT,UOP01-DEL03-MT
759261,18/03/2026,quarta-feira,21:30:00,MT,163.0,539,DIAMANTINO,Reação tardia ou ineficiente do condutor,Colisão traseira,Com Vítimas Feridas,Plena Noite,Decrescente,Céu Claro,Dupla,Aclive,Não,3.0,0.0,0.0,1.0,1.0,1.0,0.0,3.0,"-14,302312","-56,14151001",SPRF-MT,DEL01/MT,UOP01-DEL01-MT
759266,19/03/2026,quinta-feira,00:40:00,PR,369.0,150,LONDRINA,Condutor desrespeitou a iluminação vermelha do semáforo,Colisão transversal,Com Vítimas Feridas,Plena Noite,Decrescente,Céu Claro,Dupla,Reta;Interseção de Vias,Sim,4.0,0.0,1.0,0.0,1.0,2.0,0.0,3.0,"-23,29291869","-51,16152612",SPRF-PR,DEL07/PR,UOP01-DEL07-PR
759270,19/03/2026,quinta-feira,03:00:00,RJ,116.0,66,TERESOPOLIS,Reação tardia ou ineficiente do condutor,Tombamento,Com Vítimas Feridas,Plena Noite,Decrescente,Céu Claro,Simples,Curva,Sim,1.0,0.0,1.0,0.0,1.0,0.0,0.0,1.0,"-22,281063","-42,929056",SPRF-RJ,DEL04/RJ,UOP01-DEL04-RJ
759271,19/03/2026,quinta-feira,02:45:00,AL,101.0,"180,6",JUNQUEIRO,Velocidade Incompatível,Capotamento,Com Vítimas Feridas,Plena Noite,Decrescente,Céu Claro,Dupla,Declive;Curva,Não,1.0,0.0,1.0,0.0,1.0,0.0,0.0,1.0,"-9,895085","-36,405087",SPRF-AL,DEL02-AL,UOP02-DEL02-AL
759272,19/03/2026,quinta-feira,02:40:00,PR,373.0,"234,6",IMBITUVA,Ingestão de álcool pelo condutor,Colisão lateral sentido oposto,Sem Vítimas,Plena Noite,Crescente,Nublado,Simples,Aclive;Reta,Não,3.0,0.0,0.0,0.0,0.0,2.0,0.0,3.0,"-25,1825","-50,711112",SPRF-PR,DEL03/PR,UOP01-DEL03-PR
759273,19/03/2026,quinta-feira,02:45:00,GO,153.0,214,URUACU,Condutor Dormindo,Colisão lateral sentido oposto,Com Vítimas Feridas,Plena Noite,Crescente,Céu Claro,Simples,Reta,Não,4.0,0.0,1.0,0.0,1.0,2.0,0.0,3.0,"-14,64658382","-49,18377042",SPRF-GO,DEL07/GO,UOP02-DEL07-GO
759275,19/03/2026,quinta-feira,04:40:00,SP,116.0,"70,3",APARECIDA,Velocidade Incompatível,Tombamento,Com Vítimas Feridas,Plena Noite,Crescente,Nublado,Dupla,Aclive;Curva,Não,2.0,0.0,0.0,1.0,1.0,0.0,0.0,2.0,"-22,8511","-45,227633",SPRF-SP,DEL08/SP,UOP01-DEL08-SP
759276,19/03/2026,quinta-feira,03:40:00,MT,70.0,"354,5",CAMPO VERDE,Transitar na contramão,Colisão frontal,Com Vítimas Fatais,Plena Noite,Crescente,Nevoeiro/Neblina,Simples,Reta,Não,2.0,1.0,0.0,1.0,1.0,0.0,0.0,2.0,"-15,48344255","-54,91300535",SPRF-MT,DEL05/MT,UOP02-DEL05-MT
759278,19/03/2026,quinta-feira,04:10:00,MG,116.0,"198,2",CARAI,Transitar na contramão,Colisão frontal,Com Vítimas Feridas,Amanhecer,Crescente,Ignorado,Simples,Curva;Aclive,Não,4.0,0.0,2.0,1.0,3.0,1.0,0.0,2.0,"-17,227825","-41,49508",SPRF-MG,DEL11/MG,UOP01-DEL11-MG
759285,19/03/2026,quinta-feira,06:30:00,MG,40.0,470,SETE LAGOAS,Velocidade Incompatível,Saída de leito carroçável,Com Vítimas Feridas,Pleno dia,Decrescente,Chuva,Dupla,Declive;Reta,Não,2.0,0.0,1.0,0.0,1.0,1.0,0.0,1.0,"-19,47","-44,295",SPRF-MG,DEL02/MG,UOP01-DEL02-MG
759290,19/03/2026,quinta-feira,06:30:00,SC,101.0,"72,9",ARAQUARI,Acessar a via sem observar a presença dos outros veículos,Colisão traseira,Com Vítimas Feridas,Amanhecer,Crescente,Céu Claro,Dupla,Reta,Não,3.0,0.0,1.0,0.0,1.0,1.0,0.0,3.0,"-26,53905839","-48,71328235",SPRF-SC,DEL03/SC,UOP02-DEL03-SC
759291,19/03/2026,quinta-feira,07:20:00,SP,116.0,352,MIRACATU,Condutor deixou de manter distância do veículo da frente,Colisão traseira,Sem Vítimas,Amanhecer,Decrescente,Nublado,Dupla,Reta;Aclive,Não,3.0,0.0,0.0,0.0,0.0,2.0,0.0,3.0,"-24,0642201","-47,2330046",SPRF-SP,DEL04/SP,UOP03-DEL04-SP
759293,19/03/2026,quinta-feira,07:03:00,PE,424.0,"88,2",GARANHUNS,Ausência de reação do condutor,Saída de leito carroçável,Com Vítimas Feridas,Pleno dia,Crescente,Céu Claro,Simples,Declive;Reta,Sim,1.0,0.0,0.0,1.0,1.0,0.0,0.0,1.0,"-8,89037","-36,50666",SPRF-PE,DEL03/PE,UOP01-DEL03-PE
759300,27/02/2026,sexta-feira,17:12:00,PA,163.0,"309,9",NOVO PROGRESSO,Condutor deixou de manter distância do veículo da frente,Colisão traseira,Com Vítimas Feridas,Pleno dia,Crescente,Céu Claro,Dupla,Reta,Sim,2.0,0.0,1.0,0.0,1.0,0.0,0.0,2.0,"-7,04035244","-55,41449189",SPRF-PA,DEL05/PA,UOP03-DEL05-PA
759302,19/03/2026,quinta-feira,07:50:00,SP,381.0,40,ATIBAIA,Reação tardia ou ineficiente do condutor,Colisão lateral mesmo sentido,Sem Vítimas,Pleno dia,Crescente,Chuva,Dupla,Reta,Sim,2.0,0.0,0.0,0.0,0.0,2.0,0.0,2.0,"-23,131437","-46,576652",SPRF-SP,DEL03/SP,UOP01-DEL03-SP
759305,03/03/2026,terça-feira,00:33:00,MG,365.0,418,PATOS DE MINAS,Reação tardia ou ineficiente do condutor,Colisão frontal,Com Vítimas Feridas,Plena Noite,Crescente,Chuva,Simples,Reta,Não,3.0,0.0,1.0,1.0,2.0,0.0,0.0,4.0,"-18,68775964","-46,57993035",SPRF-MG,DEL10/MG,UOP01-DEL10-MG
759309,19/03/2026,quinta-feira,06:30:00,BA,101.0,141,TEODORO SAMPAIO,Condutor Dormindo,Saída de leito carroçável,Com Vítimas Fatais,Pleno dia,Decrescente,Céu Claro,Simples,Curva,Não,1.0,1.0,0.0,0.0,0.0,0.0,0.0,1.0,"-12,25720816","-38,64498988",SPRF-BA,DEL01/BA,UOP04-DEL01-BA
759312,19/03/2026,quinta-feira,06:00:00,MG,262.0,547,CORREGO DANTA,Transitar na contramão,Colisão lateral sentido oposto,Com Vítimas Feridas,Pleno dia,Crescente,Nublado,Simples,Reta,Não,4.0,0.0,0.0,1.0,1.0,2.0,0.0,5.0,"-19,72434699","-45,93547789",SPRF-MG,DEL08/MG,UOP02-DEL08-MG
759315,10/02/2026,terça-feira,08:05:00,BA,324.0,622,SALVADOR,Trafegar com motocicleta (ou similar) entre as faixas,Colisão lateral mesmo sentido,Com Vítimas Feridas,Pleno dia,Crescente,Céu Claro,Dupla,Reta,Não,2.0,0.0,1.0,0.0,1.0,0.0,0.0,2.0,"-12,930732","-38,470597",SPRF-BA,DEL01/BA,UOP01-DEL01-BA
759316,07/03/2026,sábado,17:20:00,GO,364.0,199,JATAI,Problema com o freio,Queda de ocupante de veículo,Com Vítimas Feridas,Pleno dia,Crescente,Nublado,Múltipla,Declive;Em Obras;Desvio Temporário,Sim,2.0,0.0,0.0,1.0,1.0,0.0,0.0,3.0,"-17,9181425","-51,75221121",SPRF-GO,DEL05/GO,UOP01-DEL05-GO
759321,19/03/2026,quinta-feira,09:21:00,MG,262.0,"624,4",IBIA,Ausência de reação do condutor,Colisão traseira,Sem Vítimas,Pleno dia,Decrescente,Céu Claro,Simples,Reta,Não,2.0,0.0,0.0,0.0,0.0,1.0,0.0,2.0,"-19,58603","-46,50355",SPRF-MG,DEL08/MG,UOP01-DEL08-MG
759329,19/03/2026,quinta-feira,08:40:00,AM,174.0,896,MANAUS,Pedestre andava na pista,Atropelamento de Pedestre,Com Vítimas Feridas,Pleno dia,Decrescente,Chuva,Simples,Declive;Reta,Não,3.0,0.0,1.0,0.0,1.0,1.0,0.0,3.0,"-2,86790702","-60,03485441",SPRF-AM,DEL01-AM,UOP01-DEL01-AM
759335,29/01/2026,quinta-feira,13:00:00,PR,476.0,"240,3",LAPA,Transitar na contramão,Colisão frontal,Com Vítimas Feridas,Pleno dia,Decrescente,Chuva,Simples,Curva,Não,6.0,0.0,0.0,4.0,4.0,2.0,0.0,2.0,"-25,78258031","-49,8449707",SPRF-PR,DEL02/PR,UOP03-DEL02-PR
759337,19/03/2026,quinta-feira,10:15:00,GO,60.0,386,RIO VERDE,Ausência de reação do condutor,Colisão com objeto,Com Vítimas Feridas,Pleno dia,Decrescente,Céu Claro,Dupla,Declive;Reta,Sim,2.0,0.0,1.0,0.0,1.0,1.0,0.0,1.0,"-17,815693","-50,935362",SPRF-GO,DEL04/GO,UOP02-DEL04-GO
759338,19/03/2026,quinta-feira,09:35:00,SC,282.0,"52,9",AGUAS MORNAS,Ultrapassagem Indevida,Tombamento,Com Vítimas Feridas,Pleno dia,Crescente,Céu Claro,Simples,Curva;Aclive,Não,1.0,0.0,1.0,0.0,1.0,0.0,0.0,1.0,"-27,69274","-48,97021",SPRF-SC,DEL01/SC,UOP03-DEL01-SC
759340,19/03/2026,quinta-feira,11:25:00,MG,116.0,"117,3",ITAOBIM,Acessar a via sem observar a presença dos outros veículos,Colisão transversal,Com Vítimas Feridas,Pleno dia,Crescente,Céu Claro,Simples,Interseção de Vias;Reta,Sim,4.0,0.0,1.0,1.0,2.0,1.0,0.0,3.0,"-16,576858","-41,503728",SPRF-MG,DEL11/MG,UOP02-DEL11-MG
759341,19/03/2026,quinta-feira,09:45:00,MG,116.0,"678,1",MIRADOURO,Velocidade Incompatível,Tombamento,Com Vítimas Feridas,Pleno dia,Crescente,Nublado,Simples,Curva,Não,1.0,0.0,1.0,0.0,1.0,0.0,0.0,1.0,"-20,92882481","-42,3402679",SPRF-MG,DEL07/MG,UOP02-DEL07-MG
759343,19/03/2026,quinta-feira,11:35:00,DF,20.0,"14,6",BRASILIA,Condutor deixou de manter distância do veículo da frente,Colisão traseira,Com Vítimas Fatais,Pleno dia,Decrescente,Sol,Dupla,Reta,Não,4.0,1.0,0.0,0.0,0.0,2.0,0.0,3.0,"-15,631443","-47,735598",SPRF-DF,DEL02-DF,UOP01-DEL02-DF
759345,19/03/2026,quinta-feira,09:50:00,RJ,40.0,122,DUQUE DE CAXIAS,Condutor deixou de manter distância do veículo da frente,Colisão traseira,Com Vítimas Feridas,Pleno dia,Crescente,Céu Claro,Múltipla,Reta,Sim,3.0,0.0,2.0,0.0,2.0,1.0,0.0,2.0,"-22,79914852","-43,29042187",SPRF-RJ,DEL01/RJ,UOP02-DEL01-RJ
759350,19/03/2026,quinta-feira,07:00:00,MG,40.0,125,JOAO PINHEIRO,Ultrapassagem Indevida,Saída de leito carroçável,Com Vítimas Feridas,Pleno dia,Crescente,Nublado,Simples,Reta,Sim,2.0,0.0,0.0,1.0,1.0,0.0,0.0,4.0,"-17,684314","-46,324039",SPRF-MG,DEL14/MG,UOP01-DEL14-MG
759353,19/03/2026,quinta-feira,10:20:00,PR,376.0,"454,5",PONTA GROSSA,Manobra de mudança de faixa,Colisão lateral mesmo sentido,Com Vítimas Feridas,Pleno dia,Decrescente,Céu Claro,Dupla,Ponte;Reta,Não,2.0,0.0,1.0,0.0,1.0,1.0,0.0,2.0,"-24,95695819","-50,3917551",SPRF-PR,DEL03/PR,UOP02-DEL03-PR
759354,19/03/2026,quinta-feira,13:37:00,SE,235.0,35,AREIA BRANCA,Acesso irregular,Colisão transversal,Com Vítimas Feridas,Pleno dia,Crescente,Céu Claro,Simples,Reta,Não,5.0,0.0,1.0,0.0,1.0,4.0,0.0,2.0,"-10,76174414","-37,31893343",SPRF-SE,DEL01-SE,UOP02-DEL01-SE
759357,19/03/2026,quinta-feira,11:40:00,PI,316.0,275,DOM EXPEDITO LOPES,Suicídio (presumido),Atropelamento de Pedestre,Com Vítimas Feridas,Pleno dia,Decrescente,Céu Claro,Simples,Aclive;Curva,Não,3.0,0.0,0.0,1.0,1.0,1.0,0.0,3.0,"-6,956447","-41,719668",SPRF-PI,DEL04-PI,UOP01-DEL04-PI
759361,19/03/2026,quinta-feira,11:50:00,DF,20.0,"14,6",BRASILIA,Manobra de mudança de faixa,Colisão lateral mesmo sentido,Com Vítimas Feridas,Pleno dia,Decrescente,Céu Claro,Dupla,Retorno Regulamentado,Sim,4.0,0.0,1.0,0.0,1.0,2.0,0.0,4.0,"-15,64977","-47,77318",SPRF-DF,DEL02-DF,UOP01-DEL02-DF
759362,19/03/2026,quinta-feira,14:15:00,MG,40.0,"683,1",RESSAQUINHA,Velocidade Incompatível,Colisão frontal,Com Vítimas Feridas,Pleno dia,Decrescente,Chuva,Simples,Declive,Não,3.0,0.0,0.0,1.0,1.0,1.0,0.0,3.0,"-21,0524182","-43,7629719",SPRF-MG,DEL05/MG,UOP02-DEL05-MG
759366,19/03/2026,quinta-feira,13:00:00,CE,116.0,40,HORIZONTE,Demais falhas mecânicas ou elétricas,Colisão transversal,Com Vítimas Feridas,Pleno dia,Decrescente,Céu Claro,Dupla,Curva,Sim,3.0,0.0,1.0,0.0,1.0,0.0,0.0,2.0,"-4,09661563","-38,5031426",SPRF-CE,DEL01/CE,UOP02-DEL01-CE
759383,13/02/2026,sexta-feira,05:40:00,RS,386.0,22,FREDERICO WESTPHALEN,Transitar na contramão,Colisão frontal,Com Vítimas Fatais,Amanhecer,Crescente,Nublado,Simples,Aclive;Curva,Não,3.0,2.0,1.0,0.0,1.0,0.0,0.0,2.0,"-27,27557244","-53,35492551",SPRF-RS,DEL08/RS,UOP02-DEL08-RS
759388,19/03/2026,quinta-feira,12:15:00,MT,158.0,648,NOVA XAVANTINA,Ingestão de álcool pelo condutor,Colisão traseira,Sem Vítimas,Pleno dia,Decrescente,Céu Claro,Simples,Reta;Aclive,Sim,3.0,0.0,0.0,0.0,0.0,2.0,0.0,5.0,"-14,64524067","-52,3568573",SPRF-MT,DEL07/MT,UOP02-DEL07-MT
759392,19/03/2026,quinta-feira,15:20:00,PR,376.0,207,MANDAGUARI,Demais falhas mecânicas ou elétricas,Incêndio,Sem Vítimas,Pleno dia,Crescente,Céu Claro,Dupla,Declive,Não,2.0,0.0,0.0,0.0,0.0,1.0,0.0,2.0,"-23,543131","-51,700312",SPRF-PR,DEL09/PR,UOP01-DEL09-PR
759393,19/03/2026,quinta-feira,16:00:00,RJ,116.0,211,SEROPEDICA,Pedestre andava na pista,Atropelamento de Pedestre,Com Vítimas Feridas,Anoitecer,Crescente,Nublado,Dupla,Reta,Não,2.0,0.0,0.0,1.0,1.0,1.0,0.0,2.0,"-22,71726096","-43,70925789",SPRF-RJ,DEL06/RJ,UOP02-DEL06-RJ
759401,19/03/2026,quinta-feira,17:50:00,MG,267.0,55,GUARARA,Condutor Dormindo,Colisão frontal,Com Vítimas Feridas,Anoitecer,Crescente,Chuva,Simples,Aclive;Curva,Não,4.0,0.0,2.0,1.0,3.0,0.0,0.0,3.0,"-21,72348844","-43,03727595",SPRF-MG,DEL07/MG,UOP01-DEL07-MG
759403,19/03/2026,quinta-feira,16:12:00,PR,277.0,0,PARANAGUA,Condutor deixou de manter distância do veículo da frente,Colisão traseira,Com Vítimas Feridas,Pleno dia,Crescente,Céu Claro,Dupla,Reta,Sim,3.0,0.0,1.0,0.0,1.0,1.0,0.0,4.0,"-25,517278","-48,54035",SPRF-PR,DEL01/PR,UOP05-DEL01-PR
759406,19/03/2026,quinta-feira,16:25:00,BA,410.0,15,TUCANO,Demais falhas mecânicas ou elétricas,Incêndio,Sem Vítimas,Pleno dia,Crescente,Sol,Simples,Reta,Não,1.0,0.0,0.0,0.0,0.0,1.0,0.0,1.0,"-10,88843377","-38,65410805",SPRF-BA,DEL07/BA,UOP02-DEL07-BA
759408,19/03/2026,quinta-feira,16:15:00,MG,381.0,"720,5",CARMO DA CACHOEIRA,Ausência de reação do condutor,Tombamento,Com Vítimas Feridas,Pleno dia,Decrescente,Chuva,Dupla,Declive;Curva,Não,2.0,0.0,1.0,0.0,1.0,0.0,0.0,2.0,"-21,43215846","-45,21087956",SPRF-MG,DEL04/MG,UOP02-DEL04-MG
759410,19/03/2026,quinta-feira,18:00:00,MG,40.0,777,JUIZ DE FORA,Ausência de reação do condutor,Colisão com objeto,Com Vítimas Feridas,Plena Noite,Crescente,Chuva,Dupla,Reta,Sim,2.0,0.0,1.0,1.0,2.0,0.0,0.0,1.0,"-21,69068028","-43,44940186",SPRF-MG,DEL05/MG,UOP01-DEL05-MG
759411,19/03/2026,quinta-feira,17:57:00,PR,277.0,"588,2",CASCAVEL,Ingestão de álcool pelo condutor,Colisão frontal,Com Vítimas Feridas,Anoitecer,Crescente,Céu Claro,Simples,Aclive;Reta,Sim,4.0,0.0,1.0,0.0,1.0,2.0,0.0,3.0,"-24,96426297","-53,41976523",SPRF-PR,DEL04/PR,UOP01-DEL04-PR
759413,19/03/2026,quinta-feira,17:00:00,RJ,116.0,267,BARRA MANSA,Reação tardia ou ineficiente do condutor,Saída de leito carroçável,Com Vítimas Feridas,Pleno dia,Crescente,Chuva,Dupla,Reta,Não,2.0,0.0,1.0,0.0,1.0,1.0,0.0,1.0,"-22,58587134","-44,10717161",SPRF-RJ,DEL07/RJ,UOP02-DEL07-RJ
759418,19/03/2026,quinta-feira,18:43:00,PE,408.0,92,SAO LOURENCO DA MATA,Manobra de mudança de faixa,Colisão traseira,Com Vítimas Feridas,Plena Noite,Decrescente,Céu Claro,Múltipla,Reta,Não,2.0,0.0,1.0,0.0,1.0,0.0,0.0,2.0,"-8,04372","-35,01616",SPRF-PE,DEL01/PE,UOP01-DEL01-PE
759422,19/03/2026,quinta-feira,17:55:00,PR,376.0,"207,2",MANDAGUARI,Demais falhas mecânicas ou elétricas,Colisão traseira,Com Vítimas Feridas,Pleno dia,Decrescente,Céu Claro,Dupla,Declive;Reta,Não,8.0,0.0,3.0,0.0,3.0,4.0,0.0,8.0,"-23,54232","-51,70073",SPRF-PR,DEL09/PR,UOP01-DEL09-PR
759425,19/03/2026,quinta-feira,14:30:00,RJ,40.0,123,DUQUE DE CAXIAS,Reação tardia ou ineficiente do condutor,Queda de ocupante de veículo,Com Vítimas Fatais,Pleno dia,Crescente,Garoa/Chuvisco,Múltipla,Reta,Sim,3.0,1.0,1.0,0.0,1.0,1.0,0.0,2.0,"-22,79500827","-43,28782959",SPRF-RJ,DEL01/RJ,UOP02-DEL01-RJ
759444,19/03/2026,quinta-feira,18:45:00,BA,101.0,756,ITABELA,Transitar na contramão,Colisão frontal,Com Vítimas Fatais,Plena Noite,Crescente,Céu Claro,Simples,Declive,Não,2.0,1.0,0.0,0.0,0.0,1.0,0.0,2.0,"-16,66809756","-39,50486183",SPRF-BA,DEL09/BA,UOP01-DEL09-BA
759446,19/03/2026,quinta-feira,20:06:00,PE,104.0,"117,4",PANELAS,Ultrapassagem Indevida,Colisão lateral mesmo sentido,Com Vítimas Feridas,Plena Noite,Crescente,Nublado,Simples,Reta,Não,3.0,0.0,0.0,1.0,1.0,1.0,0.0,3.0,"-8,68609","-36,01701",SPRF-PE,DEL02/PE,UOP01-DEL02-PE
759447,19/03/2026,quinta-feira,20:30:00,RS,116.0,26,VACARIA,Ausência de reação do condutor,Engavetamento,Com Vítimas Feridas,Plena Noite,Crescente,Céu Claro,Simples,Reta,Não,4.0,0.0,1.0,0.0,1.0,2.0,0.0,5.0,"-28,4173017","-50,8628067",SPRF-RS,DEL05/RS,UOP03-DEL05-RS
759448,19/03/2026,quinta-feira,18:45:00,MT,364.0,402,CUIABA,Ausência de reação do condutor,Colisão traseira,Com Vítimas Feridas,Pleno dia,Crescente,Céu Claro,Dupla,Reta,Sim,17.0,0.0,3.0,0.0,3.0,14.0,0.0,2.0,"-15,65650651","-55,98357976",SPRF-MT,DEL01/MT,UOP02-DEL01-MT
759449,19/03/2026,quinta-feira,20:40:00,PR,116.0,87,PIRAQUARA,Transitar na contramão,Colisão transversal,Com Vítimas Fatais,Plena Noite,Crescente,Céu Claro,Dupla,Reta,Não,3.0,1.0,0.0,0.0,0.0,1.0,0.0,3.0,"-25,4738","-49,0941",SPRF-PR,DEL01/PR,UOP08-DEL01-PR
759461,19/03/2026,quinta-feira,21:30:00,PR,277.0,202,PALMEIRA,Conversão proibida,Colisão transversal,Com Vítimas Feridas,Plena Noite,Crescente,Céu Claro,Simples,Reta,Não,4.0,0.0,1.0,0.0,1.0,1.0,0.0,5.0,"-25,46569115","-50,23444891",SPRF-PR,DEL08/PR,UOP02-DEL08-PR
759464,19/03/2026,quinta-feira,20:05:00,SC,282.0,"570,6",NOVA ERECHIM,Ausência de reação do condutor,Colisão traseira,Com Vítimas Feridas,Plena Noite,Crescente,Ignorado,Simples,Reta;Aclive,Não,2.0,0.0,0.0,1.0,1.0,1.0,0.0,2.0,"-26,89325321","-52,92693615",SPRF-SC,DEL07/SC,UOP02-DEL07-SC
759469,19/03/2026,quinta-feira,16:00:00,PA,163.0,492,ITAITUBA,Reação tardia ou ineficiente do condutor,Tombamento,Sem Vítimas,Pleno dia,Decrescente,Céu Claro,Simples,Reta,Não,2.0,0.0,0.0,0.0,0.0,1.0,0.0,4.0,"-5,5947169","-55,8134517",SPRF-PA,DEL05/PA,UOP03-DEL05-PA
759470,19/03/2026,quinta-feira,20:50:00,SC,116.0,"107,7",MONTE CASTELO,Demais falhas mecânicas ou elétricas,Tombamento,Com Vítimas Feridas,Plena Noite,Decrescente,Nublado,Simples,Curva;Declive,Não,2.0,0.0,1.0,0.0,1.0,0.0,0.0,2.0,"-26,754585","-50,332142",SPRF-SC,DEL06/SC,UOP02-DEL06-SC
759475,19/03/2026,quinta-feira,22:00:00,RJ,116.0,23,MAGE,Acessar a via sem observar a presença dos outros veículos,Colisão frontal,Com Vítimas Feridas,Pleno dia,Crescente,Chuva,Simples,Reta,Sim,2.0,0.0,1.0,0.0,1.0,1.0,0.0,2.0,"-22,65920142","-43,0549787",SPRF-RJ,DEL05/RJ,UOP01-DEL05-RJ
759477,20/03/2026,sexta-feira,00:35:00,CE,116.0,"32,5",AQUIRAZ,Ausência de reação do condutor,Colisão traseira,Com Vítimas Feridas,Plena Noite,Decrescente,Céu Claro,Dupla,Reta,Não,3.0,0.0,1.0,0.0,1.0,1.0,0.0,3.0,"-4,034763","-38,509868",SPRF-CE,DEL01/CE,UOP02-DEL01-CE
759478,19/03/2026,quinta-feira,17:45:00,SC,282.0,"345,8",CAMPOS NOVOS,Velocidade Incompatível,Engavetamento,Com Vítimas Feridas,Pleno dia,Decrescente,Céu Claro,Simples,Reta;Aclive,Sim,8.0,0.0,2.0,0.0,2.0,6.0,0.0,3.0,"-27,3745847","-51,2470951",SPRF-SC,DEL07/SC,UOP06-DEL07-SC
759479,20/03/2026,sexta-feira,01:30:00,SP,116.0,472,JACUPIRANGA,Demais falhas mecânicas ou elétricas,Incêndio,Sem Vítimas,Plena Noite,Decrescente,Nublado,Dupla,Reta,Não,2.0,0.0,0.0,0.0,0.0,1.0,0.0,2.0,"-24,67662104","-47,98003002",SPRF-SP,DEL05/SP,UOP01-DEL05-SP
759482,20/03/2026,sexta-feira,02:00:00,MG,40.0,550,NOVA LIMA,Ausência de reação do condutor,Colisão traseira,Com Vítimas Feridas,Plena Noite,Crescente,Chuva,Dupla,Curva;Aclive,Não,3.0,0.0,0.0,1.0,1.0,1.0,0.0,3.0,"-20,04485742","-43,96420049",SPRF-MG,DEL01/MG,UOP02-DEL01-MG