id,data_inversa,dia_semana,horario,uf,br,km,municipio,causa_acidente,tipo_acidente,classificacao_acidente,fase_dia,sentido_via,condicao_metereologica,tipo_pista,tracado_via,uso_solo,pessoas,mortos,feridos_leves,feridos_graves,feridos,ilesos,ignorados,veiculos,latitude,longitude,regional,delegacia,uop
759763,05/03/2026,quinta-feira,23:04:00,SC,101.0,50,JOINVILLE,Manobra de mudança de faixa,Colisão lateral mesmo sentido,Com Vítimas Feridas,Plena Noite,Decrescente,Céu Claro,Dupla,Curva,Sim,3.0,0.0,0.0,1.0,1.0,0.0,0.0,3.0,"-26,38707556","-48,84216132",SPRF-SC,DEL03/SC,UOP01-DEL03-SC
759764,21/03/2026,sábado,04:30:00,RN,226.0,"256,7",JUCURUTU,Condutor Dormindo,Tombamento,Sem Vítimas,Plena Noite,Decrescente,Céu Claro,Simples,Reta,Não,1.0,0.0,0.0,0.0,0.0,1.0,0.0,1.0,"-5,94544067","-37,04862714",SPRF-RN,DEL03-RN,UOP01-DEL03-RN
759766,21/03/2026,sábado,07:35:00,MT,364.0,187,RONDONOPOLIS,Condutor deixou de manter distância do veículo da frente,Colisão traseira,Sem Vítimas,Pleno dia,Decrescente,Céu Claro,Simples,Reta,Não,3.0,0.0,0.0,0.0,0.0,2.0,0.0,3.0,"-16,5766","-54,5341",SPRF-MT,DEL02/MT,UOP01-DEL02-MT
759769,21/03/2026,sábado,07:30:00,SC,282.0,604,MARAVILHA,Reação tardia ou ineficiente do condutor,Colisão frontal,Com Vítimas Feridas,Pleno dia,Decrescente,Céu Claro,Dupla,Declive,Sim,4.0,0.0,1.0,1.0,2.0,1.0,0.0,5.0,"-26,7916036","-53,194782",SPRF-SC,DEL07/SC,UOP02-DEL07-SC
759771,21/03/2026,sábado,07:20:00,MG,40.0,"400,5",CURVELO,Ausência de reação do condutor,Saída de leito carroçável,Com Vítimas Feridas,Pleno dia,Decrescente,Céu Claro,Simples,Curva;Aclive,Não,1.0,0.0,1.0,0.0,1.0,0.0,0.0,1.0,"-19,035657","-44,649791",SPRF-MG,DEL02/MG,UOP01-DEL02-MG
759774,10/02/2026,terça-feira,06:00:00,PR,116.0,"112,9",CURITIBA,Reação tardia ou ineficiente do condutor,Colisão traseira,Com Vítimas Feridas,Pleno dia,Crescente,Céu Claro,Dupla,Reta,Não,2.0,0.0,1.0,0.0,1.0,1.0,0.0,2.0,"-25,5494953","-49,28329317",SPRF-PR,DEL01/PR,UOP03-DEL01-PR
759781,21/03/2026,sábado,08:20:00,SC,282.0,"531,5",CORDILHEIRA ALTA,Desrespeitar a preferência no cruzamento,Colisão transversal,Com Vítimas Feridas,Pleno dia,Decrescente,Céu Claro,Simples,Reta;Interseção de Vias,Não,4.0,0.0,0.0,1.0,1.0,2.0,0.0,4.0,"-26,99407426","-52,6112601",SPRF-SC,DEL07/SC,UOP01-DEL07-SC
759790,21/03/2026,sábado,11:50:00,MS,262.0,239,RIBAS DO RIO PARDO,Conversão proibida,Colisão lateral mesmo sentido,Sem Vítimas,Pleno dia,Crescente,Nublado,Dupla,Reta,Sim,3.0,0.0,0.0,0.0,0.0,2.0,0.0,5.0,"-20,45683062","-53,75625372",SPRF-MS,DEL01/MS,UOP05-DEL01-MS
759791,18/03/2026,quarta-feira,06:50:00,MG,381.0,"566,3",ITAGUARA,Velocidade Incompatível,Tombamento,Com Vítimas Feridas,Pleno dia,Decrescente,Céu Claro,Dupla,Aclive;Reta,Não,3.0,0.0,1.0,0.0,1.0,1.0,0.0,3.0,"-20,398871","-44,505834",SPRF-MG,DEL04/MG,UOP03-DEL04-MG
759798,21/03/2026,sábado,08:00:00,BA,116.0,562,BREJOES,Velocidade Incompatível,Tombamento,Sem Vítimas,Pleno dia,Decrescente,Céu Claro,Simples,Reta,Não,3.0,0.0,0.0,0.0,0.0,2.0,0.0,5.0,"-12,98154","-39,94103",SPRF-BA,DEL03/BA,UOP02-DEL03-BA
759804,27/02/2026,sexta-feira,20:18:00,MG,381.0,"935,5",EXTREMA,Reação tardia ou ineficiente do condutor,Colisão lateral mesmo sentido,Com Vítimas Feridas,Plena Noite,Crescente,Céu Claro,Dupla,Curva;Declive,Não,5.0,0.0,1.0,0.0,1.0,3.0,0.0,4.0,"-22,80903959","-46,28002524",SPRF-MG,DEL16/MG,UOP03-DEL16-MG
759809,21/03/2026,sábado,13:23:00,RS,290.0,"1,2",OSORIO,Condutor deixou de manter distância do veículo da frente,Colisão traseira,Com Vítimas Feridas,Pleno dia,Crescente,Céu Claro,Múltipla,Reta,Não,3.0,0.0,1.0,0.0,1.0,1.0,0.0,3.0,"-29,896014","-50,287984",SPRF-RS,DEL03/RS,UOP01-DEL03-RS
759810,21/03/2026,sábado,10:00:00,PI,343.0,"307,5",ALTOS,Ausência de reação do condutor,Colisão traseira,Com Vítimas Feridas,Pleno dia,Decrescente,Nublado,Simples,Reta,Sim,4.0,0.0,1.0,1.0,2.0,2.0,0.0,2.0,"-5,039227","-42,463442",SPRF-PI,DEL01-PI,UOP01-DEL01-PI
759811,21/03/2026,sábado,08:40:00,RJ,116.0,275,BARRA MANSA,Reação tardia ou ineficiente do condutor,Colisão traseira,Com Vítimas Feridas,Pleno dia,Crescente,Céu Claro,Dupla,Curva,Não,3.0,0.0,1.0,0.0,1.0,1.0,0.0,3.0,"-22,56266946","-44,15875123",SPRF-RJ,DEL07/RJ,UOP02-DEL07-RJ
759815,21/03/2026,sábado,13:17:00,AL,104.0,58,MURICI,Condutor deixou de manter distância do veículo da frente,Colisão traseira,Com Vítimas Feridas,Pleno dia,Decrescente,Céu Claro,Simples,Reta,Sim,3.0,0.0,1.0,0.0,1.0,2.0,0.0,2.0,"-9,30108724","-35,95249097",SPRF-AL,DEL01-AL,UOP02-DEL01-AL
759817,21/03/2026,sábado,14:40:00,SP,116.0,158,JACAREI,Carga excessiva e/ou mal acondicionada,Derramamento de carga,Sem Vítimas,Pleno dia,Crescente,Céu Claro,Dupla,Curva,Não,2.0,0.0,0.0,0.0,0.0,1.0,0.0,4.0,"-23,2630732","-45,9498936",SPRF-SP,DEL02/SP,UOP01-DEL02-SP
759818,21/03/2026,sábado,14:30:00,MG,251.0,464,GRAO MOGOL,Velocidade Incompatível,Colisão frontal,Com Vítimas Feridas,Pleno dia,Decrescente,Chuva,Simples,Reta,Não,3.0,0.0,1.0,1.0,2.0,0.0,0.0,4.0,"-16,44775849","-42,98300906",SPRF-MG,DEL12/MG,UOP01-DEL12-MG
759819,21/03/2026,sábado,15:05:00,GO,153.0,231,HIDROLINA,Transitar na contramão,Colisão transversal,Com Vítimas Fatais,Pleno dia,Crescente,Nublado,Simples,Aclive;Reta,Não,3.0,1.0,0.0,1.0,1.0,1.0,0.0,2.0,"-14,781808","-49,272995",SPRF-GO,DEL07/GO,UOP02-DEL07-GO
759820,21/03/2026,sábado,13:30:00,BA,116.0,"879,2",VITORIA DA CONQUISTA,Pista esburacada,Colisão traseira,Com Vítimas Feridas,Pleno dia,Decrescente,Céu Claro,Simples,Reta,Não,4.0,0.0,2.0,0.0,2.0,1.0,0.0,4.0,"-15,27739","-41,128361",SPRF-BA,DEL08/BA,UOP03-DEL08-BA
759840,21/03/2026,sábado,15:54:00,GO,60.0,306,ACREUNA,Acessar a via sem observar a presença dos outros veículos,Saída de leito carroçável,Sem Vítimas,Pleno dia,Crescente,Sol,Dupla,Retorno Regulamentado;Reta,Não,3.0,0.0,0.0,0.0,0.0,3.0,0.0,2.0,"-17,403808","-50,393518",SPRF-GO,DEL04/GO,UOP02-DEL04-GO
759855,21/03/2026,sábado,15:30:00,BA,324.0,561,SAO SEBASTIAO DO PASSE,Manobra de mudança de faixa,Colisão lateral mesmo sentido,Com Vítimas Fatais,Pleno dia,Decrescente,Céu Claro,Dupla,Reta,Não,6.0,1.0,3.0,0.0,3.0,1.0,0.0,4.0,"-12,5073841","-38,63385737",SPRF-BA,DEL01/BA,UOP01-DEL01-BA
759857,21/03/2026,sábado,17:20:00,BA,324.0,407,NOVA FATIMA,Demais falhas mecânicas ou elétricas,Incêndio,Sem Vítimas,Anoitecer,Decrescente,Céu Claro,Simples,Reta,Não,2.0,0.0,0.0,0.0,0.0,1.0,0.0,3.0,"-11,62007802","-39,61598917",SPRF-BA,DEL04/BA,UOP02-DEL04-BA
759859,21/03/2026,sábado,16:44:00,RO,319.0,141,PORTO VELHO,Estacionar ou parar em local proibido,Colisão traseira,Sem Vítimas,Pleno dia,Decrescente,Céu Claro,Dupla,Reta,Sim,3.0,0.0,0.0,0.0,0.0,2.0,0.0,4.0,"-8,74504385","-63,88872592",SPRF-RO,DEL01-RO,UOP01-DEL01-RO
759874,21/03/2026,sábado,18:50:00,PE,428.0,"169,9",PETROLINA,Ausência de reação do condutor,Colisão traseira,Com Vítimas Fatais,Plena Noite,Decrescente,Céu Claro,Simples,Reta,Não,4.0,1.0,1.0,1.0,2.0,1.0,0.0,3.0,"-9,23986713","-40,41880544",SPRF-PE,DEL06/PE,UOP01-DEL06-PE
759884,21/03/2026,sábado,17:30:00,MA,316.0,438,PERITORO,Ausência de reação do condutor,Colisão lateral sentido oposto,Com Vítimas Feridas,Pleno dia,Decrescente,Céu Claro,Simples,Reta,Não,3.0,0.0,0.0,1.0,1.0,0.0,0.0,3.0,"-4,420797","-44,221345",SPRF-MA,DEL03-MA,UOP01-DEL03-MA
759898,21/03/2026,sábado,22:20:00,PR,116.0,152,MANDIRITUBA,Acessar a via sem observar a presença dos outros veículos,Colisão transversal,Com Vítimas Feridas,Plena Noite,Crescente,Céu Claro,Simples,Interseção de Vias;Reta,Sim,5.0,0.0,1.0,0.0,1.0,3.0,0.0,5.0,"-25,86237527","-49,36189983",SPRF-PR,DEL01/PR,UOP03-DEL01-PR
759901,21/03/2026,sábado,20:15:00,SC,282.0,"527,1",CORDILHEIRA ALTA,Pista Escorregadia,Colisão transversal,Com Vítimas Feridas,Plena Noite,Crescente,Chuva,Simples,Curva,Não,5.0,0.0,1.0,0.0,1.0,3.0,0.0,3.0,"-26,98114411","-52,59154201",SPRF-SC,DEL07/SC,UOP01-DEL07-SC
759908,21/03/2026,sábado,22:10:00,MS,158.0,"245,2",TRES LAGOAS,Ausência de reação do condutor,Colisão traseira,Sem Vítimas,Plena Noite,Decrescente,Céu Claro,Simples,Reta,Não,3.0,0.0,0.0,0.0,0.0,2.0,0.0,4.0,"-20,639039","-51,756652",SPRF-MS,DEL07/MS,UOP01-DEL07-MS
759909,21/03/2026,sábado,22:25:00,BA,116.0,788,PLANALTO,Reação tardia ou ineficiente do condutor,Saída de leito carroçável,Com Vítimas Feridas,Plena Noite,Crescente,Céu Claro,Simples,Reta,Sim,2.0,0.0,1.0,0.0,1.0,0.0,0.0,2.0,"-14,69757986","-40,57725325",SPRF-BA,DEL08/BA,UOP02-DEL08-BA
759914,21/03/2026,sábado,23:00:00,RO,364.0,667,CANDEIAS DO JAMARI,Ausência de reação do condutor,Tombamento,Com Vítimas Feridas,Plena Noite,Crescente,Ignorado,Dupla,Curva,Não,1.0,0.0,1.0,0.0,1.0,0.0,0.0,1.0,"-8,77453","-63,48052",SPRF-RO,DEL01-RO,UOP01-DEL01-RO
759917,22/03/2026,domingo,00:36:00,PE,101.0,160,GAMELEIRA,Demais falhas mecânicas ou elétricas,Incêndio,Sem Vítimas,Plena Noite,Crescente,Céu Claro,Dupla,Declive;Curva,Não,2.0,0.0,0.0,0.0,0.0,1.0,0.0,2.0,"-8,557557","-35,42836",SPRF-PE,DEL01/PE,UOP03-DEL01-PE
759919,21/03/2026,sábado,18:30:00,BA,110.0,375,CATU,Ausência de reação do condutor,Tombamento,Com Vítimas Feridas,Plena Noite,Crescente,Céu Claro,Simples,Curva;Aclive,Sim,3.0,0.0,2.0,1.0,3.0,0.0,0.0,2.0,"-12,406164","-38,402874",SPRF-BA,DEL01/BA,UOP01-DEL01-BA
759925,22/03/2026,domingo,02:00:00,PR,277.0,117,CAMPO LARGO,Reação tardia ou ineficiente do condutor,Colisão transversal,Sem Vítimas,Plena Noite,Crescente,Céu Claro,Dupla,Reta;Aclive;Em Obras,Não,2.0,0.0,0.0,0.0,0.0,1.0,0.0,2.0,"-25,44309","-49,45901",SPRF-PR,DEL01/PR,UOP07-DEL01-PR
759937,22/03/2026,domingo,04:50:00,MG,40.0,"769,2",JUIZ DE FORA,Demais falhas mecânicas ou elétricas,Incêndio,Sem Vítimas,Plena Noite,Decrescente,Céu Claro,Simples,Curva,Não,2.0,0.0,0.0,0.0,0.0,1.0,0.0,7.0,"-21,593708","-43,457004",SPRF-MG,DEL05/MG,UOP01-DEL05-MG
759951,21/03/2026,sábado,18:10:00,BA,242.0,647,MUQUEM DE SAO FRANCISCO,Condutor deixou de manter distância do veículo da frente,Colisão traseira,Sem Vítimas,Anoitecer,Decrescente,Céu Claro,Simples,Reta,Não,2.0,0.0,0.0,0.0,0.0,1.0,0.0,2.0,"-12,21","-43,593",SPRF-BA,DEL10/BA,UOP01-DEL10-BA
759954,22/03/2026,domingo,06:00:00,PA,316.0,76,SAO FRANCISCO DO PARA,Transitar na contramão,Colisão lateral sentido oposto,Com Vítimas Fatais,Amanhecer,Decrescente,Céu Claro,Simples,Reta,Não,3.0,1.0,0.0,0.0,0.0,1.0,0.0,3.0,"-1,301495","-47,807923",SPRF-PA,DEL01/PA,UOP01-DEL01-PA
759956,21/03/2026,sábado,20:45:00,RS,116.0,112,SAO MARCOS,Velocidade Incompatível,Saída de leito carroçável,Com Vítimas Feridas,Plena Noite,Crescente,Chuva,Simples,Reta,Sim,5.0,0.0,2.0,0.0,2.0,2.0,0.0,4.0,"-28,96016379","-51,07913017",SPRF-RS,DEL05/RS,UOP01-DEL05-RS
759957,22/03/2026,domingo,05:05:00,MT,163.0,742,SORRISO,Manobra de mudança de faixa,Colisão lateral sentido oposto,Com Vítimas Fatais,Amanhecer,Crescente,Céu Claro,Simples,Declive;Reta,Não,3.0,1.0,0.0,0.0,0.0,1.0,0.0,5.0,"-12,62590833","-55,770485",SPRF-MT,DEL06/MT,UOP01-DEL06-MT
759958,22/03/2026,domingo,00:50:00,BA,116.0,641,JAGUAQUARA,Acesso irregular,Colisão transversal,Sem Vítimas,Plena Noite,Decrescente,Céu Claro,Dupla,Reta,Não,2.0,0.0,0.0,0.0,0.0,0.0,1.0,2.0,"-13,585832","-40,086381",SPRF-BA,DEL03/BA,UOP01-DEL03-BA
759960,22/03/2026,domingo,05:00:00,RS,386.0,49,SEBERI,Transitar na contramão,Colisão frontal,Com Vítimas Feridas,Amanhecer,Crescente,Nevoeiro/Neblina,Simples,Curva,Sim,3.0,0.0,2.0,0.0,2.0,1.0,0.0,2.0,"-27,478404","-53,39781904",SPRF-RS,DEL08/RS,UOP02-DEL08-RS
759963,22/03/2026,domingo,06:50:00,TO,153.0,"365,7",FORTALEZA DO TABOCAO,Transitar na contramão,Colisão lateral sentido oposto,Com Vítimas Feridas,Pleno dia,Crescente,Céu Claro,Simples,Reta,Não,3.0,0.0,0.0,1.0,1.0,1.0,0.0,4.0,"-9,112442","-48,530437",SPRF-TO,DEL02-TO,UOP02-DEL02-TO
759969,22/03/2026,domingo,07:30:00,BA,101.0,724,EUNAPOLIS,Transitar na contramão,Colisão lateral sentido oposto,Com Vítimas Feridas,Pleno dia,Decrescente,Céu Claro,Simples,Declive,Não,2.0,0.0,0.0,1.0,1.0,0.0,0.0,2.0,"-16,421152","-39,584113",SPRF-BA,DEL09/BA,UOP01-DEL09-BA
759972,22/03/2026,domingo,08:00:00,SC,116.0,"238,9",LAGES,Reação tardia ou ineficiente do condutor,Saída de leito carroçável,Com Vítimas Feridas,Pleno dia,Crescente,Nublado,Simples,Rotatória,Não,1.0,0.0,1.0,0.0,1.0,0.0,0.0,1.0,"-27,75133536","-50,33519853",SPRF-SC,DEL05/SC,UOP01-DEL05-SC
759976,22/03/2026,domingo,06:05:00,CE,222.0,193,FORQUILHA,Reação tardia ou ineficiente do condutor,Tombamento,Com Vítimas Feridas,Pleno dia,Crescente,Céu Claro,Simples,Curva,Não,1.0,0.0,1.0,0.0,1.0,0.0,0.0,1.0,"-3,798783","-40,141661",SPRF-CE,DEL04/CE,UOP01-DEL04-CE
759983,22/03/2026,domingo,08:00:00,SP,116.0,545,BARRA DO TURVO,Reação tardia ou ineficiente do condutor,Saída de leito carroçável,Com Vítimas Feridas,Pleno dia,Decrescente,Céu Claro,Simples,Declive;Curva,Não,2.0,0.0,1.0,0.0,1.0,0.0,0.0,2.0,"-24,9632116","-48,4238016",SPRF-SP,DEL05/SP,UOP02-DEL05-SP
759993,02/02/2026,segunda-feira,09:28:00,PA,163.0,240,NOVO PROGRESSO,Estacionar ou parar em local proibido,Colisão lateral mesmo sentido,Sem Vítimas,Pleno dia,Decrescente,Nublado,Simples,Declive,Não,3.0,0.0,0.0,0.0,0.0,0.0,1.0,3.0,"-7,606","-55,2376",SPRF-PA,DEL05/PA,UOP03-DEL05-PA
759997,22/03/2026,domingo,10:45:00,GO,50.0,297,CUMARI,Ausência de reação do condutor,Colisão traseira,Com Vítimas Feridas,Pleno dia,Decrescente,Céu Claro,Dupla,Reta,Não,3.0,0.0,0.0,1.0,1.0,1.0,0.0,4.0,"-18,31561","-48,0184103",SPRF-GO,DEL06/GO,UOP01-DEL06-GO
760008,22/03/2026,domingo,12:25:00,TO,153.0,137,ARAGUAINA,Condutor deixou de manter distância do veículo da frente,Eventos atípicos,Com Vítimas Feridas,Pleno dia,Decrescente,Céu Claro,Dupla,Reta,Sim,2.0,0.0,1.0,0.0,1.0,0.0,0.0,2.0,"-7,14846","-48,20296",SPRF-TO,DEL02-TO,UOP01-DEL02-TO
760014,22/03/2026,domingo,14:10:00,SP,116.0,284,EMBU DAS ARTES,Manobra de mudança de faixa,Colisão lateral mesmo sentido,Com Vítimas Feridas,Pleno dia,Decrescente,Céu Claro,Dupla,Reta,Sim,3.0,0.0,1.0,0.0,1.0,0.0,0.0,3.0,"-23,67681556","-46,85722589",SPRF-SP,DEL04/SP,UOP01-DEL04-SP
760025,22/03/2026,domingo,14:22:00,PE,101.0,142,RIBEIRAO,Reação tardia ou ineficiente do condutor,Saída de leito carroçável,Com Vítimas Feridas,Pleno dia,Decrescente,Céu Claro,Dupla,Reta,Não,1.0,0.0,1.0,0.0,1.0,0.0,0.0,1.0,"-8,44728","-35,34518",SPRF-PE,DEL01/PE,UOP03-DEL01-PE
760037,22/03/2026,domingo,13:10:00,GO,153.0,"296,9",RIALMA,Transitar na contramão,Colisão frontal,Com Vítimas Feridas,Pleno dia,Crescente,Céu Claro,Simples,Reta,Não,4.0,0.0,0.0,1.0,1.0,2.0,0.0,5.0,"-15,28225204","-49,55807954",SPRF-GO,DEL02/GO,UOP02-DEL02-GO
760042,04/03/2026,quarta-feira,03:30:00,PA,316.0,107,SANTA MARIA DO PARA,Reação tardia ou ineficiente do condutor,Colisão traseira,Com Vítimas Feridas,Plena Noite,Decrescente,Chuva,Simples,Reta,Sim,3.0,0.0,1.0,0.0,1.0,1.0,0.0,4.0,"-1,33392143","-47,53589665",SPRF-PA,DEL01/PA,UOP02-DEL01-PA
760054,22/03/2026,domingo,15:00:00,MA,316.0,"132,7",NOVA OLINDA DO MARANHAO,Transitar na contramão,Colisão frontal,Com Vítimas Fatais,Pleno dia,Decrescente,Céu Claro,Simples,Declive,Não,3.0,1.0,0.0,0.0,0.0,1.0,0.0,3.0,"-2,701018","-45,733187",SPRF-MA,DEL02-MA,UOP02-DEL02-MA
760059,22/03/2026,domingo,17:00:00,MA,222.0,671,ACAILANDIA,Ingestão de álcool pelo condutor,Colisão traseira,Sem Vítimas,Pleno dia,Crescente,Sol,Simples,Reta,Sim,2.0,0.0,0.0,0.0,0.0,2.0,0.0,2.0,"-4,939355","-47,462422",SPRF-MA,DEL04-MA,UOP03-DEL04-MA
760065,22/03/2026,domingo,16:30:00,MG,381.0,708,CARMO DA CACHOEIRA,Manobra de mudança de faixa,Colisão lateral mesmo sentido,Com Vítimas Feridas,Pleno dia,Decrescente,Céu Claro,Dupla,Declive;Curva,Não,4.0,0.0,1.0,0.0,1.0,2.0,0.0,3.0,"-21,370524","-45,188652",SPRF-MG,DEL04/MG,UOP02-DEL04-MG
760068,22/03/2026,domingo,15:52:00,MS,158.0,"70,1",PARANAIBA,Transitar na contramão,Colisão frontal,Com Vítimas Feridas,Pleno dia,Crescente,Céu Claro,Simples,Reta,Não,4.0,0.0,1.0,2.0,3.0,1.0,0.0,2.0,"-19,612114","-51,215912",SPRF-MS,DEL08/MS,UOP01-DEL08-MS
760069,22/03/2026,domingo,18:20:00,SC,101.0,238,PALHOCA,Manobra de mudança de faixa,Saída de leito carroçável,Com Vítimas Feridas,Plena Noite,Decrescente,Céu Claro,Dupla,Reta,Não,4.0,0.0,1.0,0.0,1.0,1.0,0.0,3.0,"-27,84207828","-48,63452045",SPRF-SC,DEL01/SC,UOP02-DEL01-SC
760084,23/01/2026,sexta-feira,09:20:00,MA,10.0,252,IMPERATRIZ,Ausência de reação do condutor,Colisão traseira,Com Vítimas Feridas,Pleno dia,Crescente,Nublado,Simples,Reta,Sim,2.0,0.0,1.0,0.0,1.0,0.0,0.0,2.0,"-5,53119","-47,47138",SPRF-MA,DEL04-MA,UOP01-DEL04-MA
760093,22/03/2026,domingo,10:55:00,SC,280.0,"219,9",TRES BARRAS,Ausência de reação do condutor,Colisão com objeto,Com Vítimas Feridas,Pleno dia,Crescente,Garoa/Chuvisco,Simples,Rotatória,Não,2.0,0.0,1.0,0.0,1.0,0.0,0.0,2.0,"-26,17223","-50,2708",SPRF-SC,DEL06/SC,UOP04-DEL06-SC
760098,22/03/2026,domingo,19:25:00,MG,381.0,423,SABARA,Ausência de reação do condutor,Engavetamento,Com Vítimas Feridas,Plena Noite,Crescente,Céu Claro,Simples,Curva,Sim,3.0,0.0,1.0,0.0,1.0,0.0,0.0,3.0,"-19,78867238","-43,6933136",SPRF-MG,DEL01/MG,UOP01-DEL01-MG
760099,22/03/2026,domingo,19:12:00,AL,101.0,"211,7",SAO SEBASTIAO,Transitar na contramão,Colisão frontal,Com Vítimas Feridas,Plena Noite,Decrescente,Céu Claro,Simples,Reta;Aclive,Não,3.0,0.0,0.0,1.0,1.0,1.0,0.0,3.0,"-10,013066","-36,6159958",SPRF-AL,DEL02-AL,UOP02-DEL02-AL
760100,11/02/2026,quarta-feira,15:00:00,RJ,116.0,18,SAPUCAIA,Reação tardia ou ineficiente do condutor,Colisão lateral sentido oposto,Com Vítimas Feridas,Pleno dia,Decrescente,Céu Claro,Simples,Reta,Não,4.0,0.0,0.0,1.0,1.0,2.0,0.0,4.0,"-21,98469494","-42,7555503",SPRF-RJ,DEL05/RJ,UOP01-DEL05-RJ
760103,22/03/2026,domingo,20:00:00,MG,459.0,96,POUSO ALEGRE,Acessar a via sem observar a presença dos outros veículos,Colisão transversal,Com Vítimas Feridas,Plena Noite,Decrescente,Céu Claro,Simples,Curva,Não,2.0,0.0,0.0,1.0,1.0,0.0,0.0,2.0,"-22,18585972","-45,98427264",SPRF-MG,DEL09/MG,UOP01-DEL09-MG
760104,22/03/2026,domingo,19:30:00,PR,277.0,"664,9",MEDIANEIRA,Ingestão de álcool pelo condutor,Colisão traseira,Com Vítimas Feridas,Anoitecer,Crescente,Céu Claro,Dupla,Reta;Retorno Regulamentado,Não,5.0,0.0,0.0,1.0,1.0,1.0,0.0,4.0,"-25,25188123","-54,02082531",SPRF-PR,DEL05/PR,UOP02-DEL05-PR
760119,22/03/2026,domingo,18:45:00,BA,101.0,"694,1",EUNAPOLIS,Ultrapassagem Indevida,Colisão lateral sentido oposto,Com Vítimas Feridas,Plena Noite,Decrescente,Céu Claro,Simples,Reta,Não,3.0,0.0,0.0,1.0,1.0,1.0,0.0,3.0,"-16,201152","-39,605607",SPRF-BA,DEL09/BA,UOP01-DEL09-BA
760140,22/03/2026,domingo,19:27:00,MT,364.0,249,JUSCIMEIRA,Ausência de reação do condutor,Colisão traseira,Com Vítimas Feridas,Plena Noite,Crescente,Céu Claro,Dupla,Reta,Não,2.0,0.0,0.0,1.0,1.0,0.0,0.0,2.0,"-16,1223","-54,85",SPRF-MT,DEL02/MT,UOP01-DEL02-MT
760141,22/03/2026,domingo,21:50:00,PR,116.0,38,CAMPINA GRANDE DO SUL,Ausência de reação do condutor,Saída de leito carroçável,Sem Vítimas,Plena Noite,Decrescente,Chuva,Dupla,Reta,Não,2.0,0.0,0.0,0.0,0.0,1.0,0.0,2.0,"-25,15777009","-48,8615106",SPRF-PR,DEL01/PR,UOP02-DEL01-PR
760144,22/03/2026,domingo,19:00:00,PI,316.0,"245,1",INHUMA,Reação tardia ou ineficiente do condutor,Colisão traseira,Com Vítimas Fatais,Plena Noite,Decrescente,Céu Claro,Simples,Reta,Não,2.0,1.0,0.0,0.0,0.0,0.0,0.0,2.0,"-6,706138","-41,720993",SPRF-PI,DEL04-PI,UOP02-DEL04-PI
760151,22/03/2026,domingo,23:00:00,RS,470.0,70,LAGOA VERMELHA,Ingestão de álcool pelo condutor,Colisão frontal,Sem Vítimas,Plena Noite,Crescente,Garoa/Chuvisco,Simples,Curva;Aclive,Não,2.0,0.0,0.0,0.0,0.0,2.0,0.0,2.0,"-28,1629067","-51,5123733",SPRF-RS,DEL08/RS,UOP05-DEL08-RS
760152,22/03/2026,domingo,23:30:00,SC,101.0,16,GARUVA,Declive acentuado,Tombamento,Com Vítimas Feridas,Plena Noite,Crescente,Chuva,Dupla,Reta,Sim,2.0,0.0,1.0,0.0,1.0,0.0,0.0,2.0,"-26,11540528","-48,87748643",SPRF-SC,DEL03/SC,UOP01-DEL03-SC
760160,23/03/2026,segunda-feira,04:10:00,MG,381.0,516,IGARAPE,Velocidade Incompatível,Tombamento,Com Vítimas Feridas,Plena Noite,Decrescente,Céu Claro,Dupla,Declive;Curva,Não,2.0,0.0,1.0,0.0,1.0,0.0,0.0,2.0,"-20,09966","-44,31866",SPRF-MG,DEL01/MG,UOP03-DEL01-MG
760161,23/03/2026,segunda-feira,01:25:00,SC,101.0,"144,2",ITAPEMA,Ausência de reação do condutor,Colisão traseira,Com Vítimas Feridas,Plena Noite,Crescente,Nublado,Dupla,Reta,Não,3.0,0.0,1.0,0.0,1.0,2.0,0.0,3.0,"-27,076245","-48,598308",SPRF-SC,DEL04/SC,UOP03-DEL04-SC
760165,23/03/2026,segunda-feira,05:20:00,RS,290.0,88,PORTO ALEGRE,Ausência de reação do condutor,Saída de leito carroçável,Com Vítimas Feridas,Amanhecer,Crescente,Céu Claro,Múltipla,Reta,Não,2.0,0.0,1.0,0.0,1.0,0.0,0.0,2.0,"-29,96725347","-51,13352992",SPRF-RS,DEL01/RS,UOP01-DEL01-RS
760176,23/03/2026,segunda-feira,06:30:00,RS,472.0,494,ITAQUI,Transitar na contramão,Colisão frontal,Com Vítimas Fatais,Amanhecer,Crescente,Chuva,Simples,Reta,Não,4.0,1.0,0.0,0.0,0.0,2.0,0.0,3.0,"-29,207914","-56,550679",SPRF-RS,DEL13/RS,UOP01-DEL13-RS
760187,23/03/2026,segunda-feira,06:45:00,RJ,116.0,276,BARRA MANSA,Condutor Dormindo,Colisão traseira,Com Vítimas Feridas,Pleno dia,Decrescente,Céu Claro,Dupla,Reta,Sim,4.0,0.0,0.0,2.0,2.0,1.0,0.0,3.0,"-22,56252045","-44,16014671",SPRF-RJ,DEL07/RJ,UOP02-DEL07-RJ
760201,23/03/2026,segunda-feira,08:00:00,SC,101.0,"35,7",JOINVILLE,Manobra de mudança de faixa,Colisão lateral mesmo sentido,Com Vítimas Feridas,Pleno dia,Crescente,Sol,Dupla,Reta,Sim,4.0,0.0,1.0,0.0,1.0,2.0,0.0,3.0,"-26,27516911","-48,89394253",SPRF-SC,DEL03/SC,UOP01-DEL03-SC