id,data_inversa,dia_semana,horario,uf,br,km,municipio,causa_acidente,tipo_acidente,classificacao_acidente,fase_dia,sentido_via,condicao_metereologica,tipo_pista,tracado_via,uso_solo,pessoas,mortos,feridos_leves,feridos_graves,feridos,ilesos,ignorados,veiculos,latitude,longitude,regional,delegacia,uop
760487,24/03/2026,terça-feira,08:15:00,AC,364.0,253,SENA MADUREIRA,Condutor deixou de manter distância do veículo da frente,Colisão traseira,Com Vítimas Feridas,Pleno dia,Crescente,Céu Claro,Simples,Reta,Não,4.0,0.0,1.0,0.0,1.0,3.0,0.0,3.0,"-9,203724","-68,542498",SPRF-AC,DEL01-AC,UOP01-DEL01-AC
760495,24/03/2026,terça-feira,14:50:00,RJ,101.0,"118,7",CAMPOS DOS GOYTACAZES,Demais falhas mecânicas ou elétricas,Incêndio,Sem Vítimas,Pleno dia,Decrescente,Céu Claro,Dupla,Reta,Não,2.0,0.0,0.0,0.0,0.0,1.0,0.0,3.0,"-22,017049","-41,680482",SPRF-RJ,DEL08/RJ,UOP02-DEL08-RJ
760500,24/03/2026,terça-feira,07:45:00,RJ,493.0,8,GUAPIMIRIM,Condutor deixou de manter distância do veículo da frente,Colisão traseira,Com Vítimas Feridas,Pleno dia,Decrescente,Céu Claro,Simples,Reta,Não,2.0,0.0,1.0,0.0,1.0,1.0,0.0,2.0,"-22,65966484","-43,05077921",SPRF-RJ,DEL04/RJ,UOP02-DEL04-RJ
760502,24/03/2026,terça-feira,16:30:00,MT,364.0,405,CUIABA,Ausência de reação do condutor,Colisão lateral mesmo sentido,Com Vítimas Fatais,Pleno dia,Decrescente,Céu Claro,Dupla,Reta,Sim,3.0,1.0,0.0,0.0,0.0,2.0,0.0,3.0,"-15,64518841","-56,01181984",SPRF-MT,DEL01/MT,UOP02-DEL01-MT
760507,24/03/2026,terça-feira,17:40:00,MT,158.0,674,NOVA XAVANTINA,Ausência de reação do condutor,Tombamento,Com Vítimas Feridas,Plena Noite,Crescente,Céu Claro,Simples,Reta,Não,3.0,0.0,1.0,0.0,1.0,1.0,0.0,4.0,"-14,85221793","-52,29183197",SPRF-MT,DEL07/MT,UOP01-DEL07-MT
760510,24/03/2026,terça-feira,19:00:00,ES,101.0,"152,2",LINHARES,Carga excessiva e/ou mal acondicionada,Saída de leito carroçável,Com Vítimas Feridas,Plena Noite,Crescente,Céu Claro,Simples,Reta,Não,3.0,0.0,2.0,0.0,2.0,0.0,0.0,2.0,"-19,4223797","-40,07293994",SPRF-ES,DEL04-ES,UOP01-DEL04-ES
760511,24/03/2026,terça-feira,19:30:00,RJ,116.0,128,MAGE,Ausência de reação do condutor,Saída de leito carroçável,Com Vítimas Feridas,Plena Noite,Crescente,Céu Claro,Dupla,Declive;Curva,Sim,2.0,0.0,1.0,0.0,1.0,0.0,0.0,2.0,"-22,66205563","-43,11550904",SPRF-RJ,DEL04/RJ,UOP02-DEL04-RJ
760514,24/03/2026,terça-feira,11:45:00,SC,280.0,226,TRES BARRAS,Ausência de reação do condutor,Colisão traseira,Com Vítimas Feridas,Pleno dia,Decrescente,Céu Claro,Simples,Reta,Não,2.0,0.0,0.0,1.0,1.0,1.0,0.0,2.0,"-26,181945","-50,327767",SPRF-SC,DEL06/SC,UOP04-DEL06-SC
760519,24/03/2026,terça-feira,18:50:00,MT,364.0,"524,6",ROSARIO OESTE,Ausência de reação do condutor,Saída de leito carroçável,Com Vítimas Feridas,Plena Noite,Decrescente,Céu Claro,Simples,Reta,Não,2.0,0.0,1.0,0.0,1.0,0.0,0.0,3.0,"-14,978578","-56,518872",SPRF-MT,DEL01/MT,UOP01-DEL01-MT
760520,20/03/2026,sexta-feira,23:00:00,PR,376.0,56,GUAIRACA,Reação tardia ou ineficiente do condutor,Eventos atípicos,Com Vítimas Feridas,Plena Noite,Crescente,Céu Claro,Simples,Reta,Não,1.0,0.0,1.0,0.0,1.0,0.0,0.0,1.0,"-22,93925143","-52,73261011",SPRF-PR,DEL09/PR,UOP02-DEL09-PR
760523,24/03/2026,terça-feira,20:00:00,MT,163.0,695,SORRISO,Ausência de reação do condutor,Colisão lateral sentido oposto,Com Vítimas Feridas,Plena Noite,Crescente,Nublado,Simples,Reta,Não,3.0,0.0,1.0,0.0,1.0,1.0,0.0,4.0,"-13,015351","-55,892666",SPRF-MT,DEL06/MT,UOP01-DEL06-MT
760524,24/03/2026,terça-feira,20:30:00,ES,101.0,386,RIO NOVO DO SUL,Pedestre andava na pista,Atropelamento de Pedestre,Com Vítimas Feridas,Plena Noite,Crescente,Céu Claro,Simples,Curva,Não,3.0,0.0,0.0,1.0,1.0,1.0,0.0,3.0,"-20,8406867","-40,87181",SPRF-ES,DEL03-ES,UOP01-DEL03-ES
760526,24/03/2026,terça-feira,20:30:00,PR,376.0,664,GUARATUBA,Demais falhas mecânicas ou elétricas,Incêndio,Sem Vítimas,Plena Noite,Decrescente,Céu Claro,Simples,Aclive;Curva,Não,1.0,0.0,0.0,0.0,0.0,1.0,0.0,1.0,"-25,8537137","-48,95245727",SPRF-PR,DEL01/PR,UOP04-DEL01-PR
760529,24/03/2026,terça-feira,21:30:00,SC,101.0,79,ARAQUARI,Reação tardia ou ineficiente do condutor,Saída de leito carroçável,Com Vítimas Feridas,Plena Noite,Decrescente,Céu Claro,Múltipla,Reta,Não,3.0,0.0,1.0,0.0,1.0,1.0,0.0,3.0,"-26,59451057","-48,72220588",SPRF-SC,DEL03/SC,UOP02-DEL03-SC
760530,24/03/2026,terça-feira,21:10:00,MG,365.0,265,JOAO PINHEIRO,Ausência de reação do condutor,Tombamento,Com Vítimas Feridas,Plena Noite,Crescente,Céu Claro,Simples,Declive;Curva,Não,3.0,0.0,1.0,1.0,2.0,0.0,0.0,2.0,"-17,8961057","-45,5664316",SPRF-MG,DEL10/MG,UOP02-DEL010-MG
760534,24/03/2026,terça-feira,21:30:00,MS,163.0,667,RIO VERDE DE MATO GROSSO,Ausência de reação do condutor,Saída de leito carroçável,Com Vítimas Feridas,Plena Noite,Crescente,Garoa/Chuvisco,Simples,Curva,Não,1.0,0.0,1.0,0.0,1.0,0.0,0.0,1.0,"-19,025657","-54,827007",SPRF-MS,DEL06/MS,UOP02-DEL06-MS
760540,25/03/2026,quarta-feira,00:23:00,TO,153.0,140,ARAGUAINA,Ingestão de álcool pelo condutor,Saída de leito carroçável,Sem Vítimas,Plena Noite,Crescente,Céu Claro,Dupla,Reta,Não,2.0,0.0,0.0,0.0,0.0,2.0,0.0,2.0,"-7,3233146","-48,30697895",SPRF-TO,DEL02-TO,UOP01-DEL02-TO
760542,25/03/2026,quarta-feira,03:15:00,TO,153.0,"247,8",COLINAS DO TOCANTINS,Ausência de reação do condutor,Colisão traseira,Com Vítimas Feridas,Plena Noite,Crescente,Garoa/Chuvisco,Dupla,Reta,Sim,4.0,0.0,0.0,2.0,2.0,1.0,0.0,3.0,"-8,066442","-48,467332",SPRF-TO,DEL02-TO,UOP02-DEL02-TO
760544,25/03/2026,quarta-feira,05:00:00,GO,153.0,414,ANAPOLIS,Deficiência do Sistema de Iluminação/Sinalização,Colisão traseira,Com Vítimas Feridas,Plena Noite,Crescente,Chuva,Simples,Reta;Aclive,Não,3.0,0.0,2.0,0.0,2.0,1.0,0.0,2.0,"-16,14085291","-49,04722005",SPRF-GO,DEL02/GO,UOP02-DEL02-GO
760545,25/03/2026,quarta-feira,04:00:00,MG,381.0,602,CARMOPOLIS DE MINAS,Ausência de reação do condutor,Colisão traseira,Sem Vítimas,Plena Noite,Decrescente,Nublado,Dupla,Reta,Não,3.0,0.0,0.0,0.0,0.0,2.0,0.0,3.0,"-20,60644661","-44,72489114",SPRF-MG,DEL04/MG,UOP01-DEL04-MG
760547,25/03/2026,quarta-feira,04:40:00,MS,262.0,533,MIRANDA,Ausência de reação do condutor,Colisão traseira,Com Vítimas Fatais,Amanhecer,Crescente,Céu Claro,Simples,Reta,Não,3.0,1.0,0.0,1.0,1.0,1.0,0.0,2.0,"-20,34127153","-56,16945437",SPRF-MS,DEL03/MS,UOP02-DEL03-MS
760549,25/03/2026,quarta-feira,06:00:00,SC,101.0,"174,9",BIGUACU,Reação tardia ou ineficiente do condutor,Tombamento,Com Vítimas Feridas,Amanhecer,Crescente,Nublado,Múltipla,Reta,Não,2.0,0.0,2.0,0.0,2.0,0.0,0.0,1.0,"-27,339334","-48,627342",SPRF-SC,DEL01/SC,UOP01-DEL01-SC
760551,25/03/2026,quarta-feira,06:25:00,GO,153.0,362,JARAGUA,Mal súbito do condutor,Derramamento de carga,Sem Vítimas,Pleno dia,Crescente,Chuva,Simples,Reta;Declive,Não,3.0,0.0,0.0,0.0,0.0,2.0,0.0,2.0,"-15,78597656","-49,30355072",SPRF-GO,DEL02/GO,UOP02-DEL02-GO
760552,25/03/2026,quarta-feira,05:30:00,SE,101.0,"125,5",ITAPORANGA DAJUDA,Ausência de reação do condutor,Colisão traseira,Com Vítimas Feridas,Pleno dia,Decrescente,Céu Claro,Dupla,Aclive;Reta,Não,3.0,0.0,0.0,1.0,1.0,1.0,0.0,3.0,"-11,07612016","-37,36445904",SPRF-SE,DEL02-SE,UOP01-DEL02-SE
760556,25/03/2026,quarta-feira,06:20:00,DF,20.0,"25,2",BRASILIA,Velocidade Incompatível,Saída de leito carroçável,Com Vítimas Feridas,Amanhecer,Crescente,Chuva,Dupla,Curva,Sim,1.0,0.0,1.0,0.0,1.0,0.0,0.0,1.0,"-15,59567","-47,65181",SPRF-DF,DEL02-DF,UOP01-DEL02-DF
760561,25/03/2026,quarta-feira,06:50:00,PR,277.0,"725,8",FOZ DO IGUACU,Condutor deixou de manter distância do veículo da frente,Colisão traseira,Com Vítimas Feridas,Pleno dia,Decrescente,Céu Claro,Dupla,Reta,Sim,2.0,0.0,0.0,1.0,1.0,1.0,0.0,2.0,"-25,50628942","-54,54383539",SPRF-PR,DEL05/PR,UOP03-DEL05-PR
760565,13/03/2026,sexta-feira,04:45:00,SP,116.0,"295,2",ITAPECERICA DA SERRA,Frear bruscamente,Colisão traseira,Com Vítimas Feridas,Plena Noite,Crescente,Nublado,Dupla,Reta,Sim,3.0,0.0,1.0,0.0,1.0,1.0,0.0,3.0,"-23,74802846","-46,90067059",SPRF-SP,DEL04/SP,UOP01-DEL04-SP
760568,24/03/2026,terça-feira,13:05:00,RJ,116.0,"85,6",TERESOPOLIS,Velocidade Incompatível,Colisão traseira,Com Vítimas Feridas,Pleno dia,Crescente,Nublado,Simples,Reta,Sim,3.0,0.0,1.0,0.0,1.0,2.0,0.0,2.0,"-22,43599548","-42,94858611",SPRF-RJ,DEL04/RJ,UOP01-DEL04-RJ
760577,19/03/2026,quinta-feira,23:00:00,PR,153.0,479,GENERAL CARNEIRO,Condutor Dormindo,Saída de leito carroçável,Sem Vítimas,Plena Noite,Crescente,Nublado,Simples,Curva,Não,2.0,0.0,0.0,0.0,0.0,1.0,0.0,2.0,"-26,35495899","-51,25637054",SPRF-PR,DEL02/PR,UOP03-DEL02-PR
760583,25/03/2026,quarta-feira,08:35:00,BA,242.0,606,IBOTIRAMA,Acessar a via sem observar a presença dos outros veículos,Colisão lateral mesmo sentido,Com Vítimas Feridas,Pleno dia,Crescente,Nublado,Simples,Reta,Sim,5.0,0.0,1.0,1.0,2.0,1.0,0.0,6.0,"-12,17829377","-43,22055817",SPRF-BA,DEL06/BA,UOP03-DEL06-BA
760591,25/03/2026,quarta-feira,10:00:00,SC,101.0,161,TIJUCAS,Manobra de mudança de faixa,Colisão traseira,Sem Vítimas,Pleno dia,Crescente,Céu Claro,Dupla,Reta,Sim,4.0,0.0,0.0,0.0,0.0,3.0,0.0,5.0,"-27,22995708","-48,62929551",SPRF-SC,DEL04/SC,UOP03-DEL04-SC
760592,25/03/2026,quarta-feira,09:30:00,PR,277.0,400,CANDOI,Acessar a via sem observar a presença dos outros veículos,Colisão transversal,Com Vítimas Feridas,Pleno dia,Crescente,Céu Claro,Simples,Interseção de Vias;Retorno Regulamentado;Reta,Não,3.0,0.0,0.0,1.0,1.0,1.0,0.0,3.0,"-25,44959119","-51,92453027",SPRF-PR,DEL04/PR,UOP02-DEL04-PR
760593,25/03/2026,quarta-feira,09:05:00,BA,101.0,137,TEODORO SAMPAIO,Ausência de reação do condutor,Colisão frontal,Com Vítimas Feridas,Pleno dia,Decrescente,Céu Claro,Simples,Reta,Não,6.0,0.0,1.0,0.0,1.0,4.0,0.0,5.0,"-12,2247483","-38,6207466",SPRF-BA,DEL01/BA,UOP04-DEL01-BA
760595,25/03/2026,quarta-feira,11:00:00,PR,476.0,144,CURITIBA,Acessar a via sem observar a presença dos outros veículos,Colisão lateral mesmo sentido,Com Vítimas Feridas,Pleno dia,Decrescente,Sol,Dupla,Curva;Interseção de Vias;Aclive,Não,3.0,0.0,1.0,0.0,1.0,1.0,0.0,3.0,"-25,54206172","-49,31205869",SPRF-PR,DEL01/PR,UOP06-DEL01-PR
760596,09/03/2026,segunda-feira,18:10:00,PB,104.0,38,BARRA DE SANTA ROSA,Ausência de reação do condutor,Colisão traseira,Com Vítimas Feridas,Plena Noite,Crescente,Céu Claro,Simples,Reta,Não,2.0,0.0,0.0,1.0,1.0,0.0,0.0,2.0,"-6,668218","-36,09739",SPRF-PB,DEL02-PB,UOP04-DEL02-PB
760597,25/03/2026,quarta-feira,06:00:00,RO,364.0,924,PORTO VELHO,Condutor Dormindo,Saída de leito carroçável,Sem Vítimas,Amanhecer,Crescente,Nublado,Simples,Reta,Não,2.0,0.0,0.0,0.0,0.0,0.0,1.0,2.0,"-9,72123944","-65,34324646",SPRF-RO,DEL01-RO,UOP03-DEL01-RO
760605,25/03/2026,quarta-feira,12:02:00,SP,116.0,511,CAJATI,Reação tardia ou ineficiente do condutor,Tombamento,Com Vítimas Feridas,Pleno dia,Decrescente,Sol,Simples,Declive;Curva,Não,2.0,0.0,1.0,0.0,1.0,0.0,0.0,2.0,"-24,83274424","-48,2147011",SPRF-SP,DEL05/SP,UOP02-DEL05-SP
760606,25/03/2026,quarta-feira,09:00:00,GO,20.0,184,SIMOLANDIA,Frear bruscamente,Colisão traseira,Com Vítimas Feridas,Pleno dia,Crescente,Nublado,Dupla,Reta,Sim,3.0,0.0,1.0,0.0,1.0,1.0,0.0,3.0,"-14,462832","-46,479338",SPRF-DF,DEL02-DF,UOP03-DEL02-DF
760608,25/03/2026,quarta-feira,07:50:00,PA,163.0,617,TRAIRAO,Velocidade Incompatível,Tombamento,Com Vítimas Fatais,Pleno dia,Crescente,Nublado,Simples,Curva,Não,7.0,1.0,0.0,4.0,4.0,1.0,0.0,5.0,"-4,73283503","-56,04777691",SPRF-PA,DEL05/PA,UOP03-DEL05-PA
760609,25/03/2026,quarta-feira,12:50:00,ES,262.0,"26,5",VIANA,Demais falhas mecânicas ou elétricas,Colisão frontal,Com Vítimas Feridas,Pleno dia,Crescente,Nublado,Simples,Declive;Curva,Não,4.0,0.0,3.0,1.0,4.0,0.0,0.0,3.0,"-20,38467","-40,554919",SPRF-ES,DEL01-ES,UOP01-DEL01-ES
760611,25/03/2026,quarta-feira,12:10:00,MG,262.0,13,MARTINS SOARES,Conversão proibida,Colisão transversal,Com Vítimas Feridas,Pleno dia,Crescente,Céu Claro,Simples,Reta,Não,8.0,0.0,1.0,0.0,1.0,6.0,0.0,3.0,"-20,2584192","-41,8616814",SPRF-MG,DEL06/MG,UOP03-DEL06-MG
760612,25/03/2026,quarta-feira,12:00:00,RS,470.0,173,VERANOPOLIS,Transitar na contramão,Colisão lateral sentido oposto,Com Vítimas Feridas,Pleno dia,Crescente,Céu Claro,Simples,Declive;Reta,Não,3.0,0.0,1.0,0.0,1.0,1.0,0.0,3.0,"-28,907104","-51,548053",SPRF-RS,DEL06/RS,UOP02-DEL06-RS
760614,25/03/2026,quarta-feira,08:35:00,MT,163.0,756,SORRISO,Reação tardia ou ineficiente do condutor,Colisão lateral mesmo sentido,Com Vítimas Fatais,Pleno dia,Crescente,Céu Claro,Dupla,Aclive;Curva,Não,5.0,1.0,1.0,0.0,1.0,2.0,0.0,6.0,"-12,52875848","-55,7039988",SPRF-MT,DEL06/MT,UOP01-DEL06-MT
760615,25/03/2026,quarta-feira,12:30:00,RN,304.0,296,MACAIBA,Manobra de mudança de faixa,Colisão lateral mesmo sentido,Com Vítimas Fatais,Pleno dia,Decrescente,Céu Claro,Simples,Reta,Sim,4.0,1.0,0.0,0.0,0.0,2.0,0.0,4.0,"-5,864298","-35,346173",SPRF-RN,DEL01-RN,UOP02-DEL01-RN
760619,25/03/2026,quarta-feira,12:50:00,MG,381.0,"600,7",CARMOPOLIS DE MINAS,Condutor Dormindo,Colisão traseira,Com Vítimas Feridas,Pleno dia,Crescente,Céu Claro,Dupla,Reta;Aclive,Não,3.0,0.0,1.0,0.0,1.0,1.0,0.0,5.0,"-20,605342","-44,723788",SPRF-MG,DEL04/MG,UOP01-DEL04-MG
760626,25/03/2026,quarta-feira,13:10:00,SE,101.0,182,UMBAUBA,Demais falhas mecânicas ou elétricas,Colisão com objeto,Sem Vítimas,Pleno dia,Decrescente,Céu Claro,Simples,Reta,Sim,4.0,0.0,0.0,0.0,0.0,3.0,0.0,3.0,"-11,374833","-37,656805",SPRF-SE,DEL02-SE,UOP03-DEL02-SE
760627,25/03/2026,quarta-feira,13:50:00,PR,376.0,625,SAO JOSE DOS PINHAIS,Reação tardia ou ineficiente do condutor,Colisão traseira,Com Vítimas Feridas,Pleno dia,Crescente,Céu Claro,Múltipla,Reta,Sim,4.0,0.0,1.0,0.0,1.0,2.0,0.0,5.0,"-25,662386","-49,154919",SPRF-PR,DEL01/PR,UOP04-DEL01-PR
760630,25/03/2026,quarta-feira,10:15:00,RJ,116.0,"230,3",PIRAI,Demais falhas mecânicas ou elétricas,Incêndio,Sem Vítimas,Pleno dia,Decrescente,Céu Claro,Dupla,Curva,Não,1.0,0.0,0.0,0.0,0.0,1.0,0.0,1.0,"-22,67147333","-43,82891921",SPRF-RJ,DEL07/RJ,UOP01-DEL07-RJ
760631,25/03/2026,quarta-feira,14:45:00,SC,101.0,144,ITAPEMA,Trafegar com motocicleta (ou similar) entre as faixas,Colisão traseira,Com Vítimas Feridas,Pleno dia,Crescente,Céu Claro,Dupla,Reta,Sim,3.0,0.0,1.0,0.0,1.0,2.0,0.0,3.0,"-27,07540013","-48,597742",SPRF-SC,DEL04/SC,UOP03-DEL04-SC
760635,25/03/2026,quarta-feira,15:40:00,PR,277.0,"67,9",SAO JOSE DOS PINHAIS,Acessar a via sem observar a presença dos outros veículos,Colisão lateral mesmo sentido,Sem Vítimas,Pleno dia,Crescente,Céu Claro,Dupla,Reta,Sim,3.0,0.0,0.0,0.0,0.0,2.0,0.0,4.0,"-25,52203373","-49,10442352",SPRF-PR,DEL01/PR,UOP01-DEL01-PR
760638,23/03/2026,segunda-feira,17:00:00,GO,452.0,62,MAURILANDIA,Demais falhas mecânicas ou elétricas,Incêndio,Sem Vítimas,Pleno dia,Crescente,Ignorado,Múltipla,Aclive;Reta,Não,2.0,0.0,0.0,0.0,0.0,0.0,1.0,2.0,"-18,003883","-50,372037",SPRF-GO,DEL04/GO,UOP01-DEL04-GO
760654,25/03/2026,quarta-feira,15:50:00,MG,116.0,"699,5",MURIAE,Acessar a via sem observar a presença dos outros veículos,Colisão transversal,Com Vítimas Feridas,Pleno dia,Crescente,Céu Claro,Simples,Reta;Interseção de Vias,Sim,3.0,0.0,1.0,1.0,2.0,0.0,0.0,4.0,"-21,10267813","-42,37852693",SPRF-MG,DEL07/MG,UOP02-DEL07-MG
760655,25/03/2026,quarta-feira,16:35:00,SP,116.0,"76,3",ROSEIRA,Reação tardia ou ineficiente do condutor,Colisão lateral mesmo sentido,Sem Vítimas,Pleno dia,Decrescente,Céu Claro,Dupla,Reta;Em Obras,Não,2.0,0.0,0.0,0.0,0.0,1.0,0.0,2.0,"-22,87688691","-45,27058125",SPRF-SP,DEL08/SP,UOP01-DEL08-SP
760663,25/03/2026,quarta-feira,18:00:00,PB,230.0,"17,8",JOAO PESSOA,Manobra de mudança de faixa,Colisão lateral mesmo sentido,Com Vítimas Feridas,Plena Noite,Crescente,Céu Claro,Dupla,Reta,Sim,3.0,0.0,2.0,0.0,2.0,0.0,0.0,2.0,"-7,118552","-34,844515",SPRF-PB,DEL01-PB,UOP01-DEL01-PB
760668,25/03/2026,quarta-feira,17:50:00,MG,50.0,59,UBERLANDIA,Reação tardia ou ineficiente do condutor,Colisão traseira,Com Vítimas Feridas,Anoitecer,Crescente,Sol,Dupla,Curva;Aclive,Não,3.0,0.0,1.0,0.0,1.0,1.0,0.0,5.0,"-18,80431795","-48,24052759",SPRF-MG,DEL15/MG,UOP02-DEL15-MG
760674,25/03/2026,quarta-feira,18:10:00,MG,116.0,276,TEOFILO OTONI,Reação tardia ou ineficiente do condutor,Colisão traseira,Com Vítimas Feridas,Anoitecer,Decrescente,Nublado,Simples,Reta,Sim,3.0,0.0,1.0,0.0,1.0,1.0,0.0,2.0,"-17,853212","-41,514238",SPRF-MG,DEL11/MG,UOP01-DEL11-MG
760679,25/03/2026,quarta-feira,18:00:00,SC,153.0,"97,5",CONCORDIA,Ausência de reação do condutor,Colisão lateral sentido oposto,Com Vítimas Fatais,Anoitecer,Crescente,Céu Claro,Simples,Curva,Sim,3.0,1.0,0.0,0.0,0.0,1.0,0.0,3.0,"-27,23142342","-51,95230412",SPRF-SC,DEL07/SC,UOP04-DEL07-SC
760680,25/03/2026,quarta-feira,16:00:00,RS,470.0,261,SALVADOR DO SUL,Acessar a via sem observar a presença dos outros veículos,Colisão transversal,Com Vítimas Feridas,Pleno dia,Crescente,Nevoeiro/Neblina,Simples,Reta,Não,5.0,0.0,1.0,0.0,1.0,3.0,0.0,3.0,"-29,47503167","-51,48842333",SPRF-RS,DEL06/RS,UOP01-DEL06-RS
760685,25/03/2026,quarta-feira,19:12:00,PE,101.0,"80,8",JABOATAO DOS GUARARAPES,Acessar a via sem observar a presença dos outros veículos,Colisão lateral sentido oposto,Com Vítimas Feridas,Pleno dia,Decrescente,Céu Claro,Dupla,Reta,Sim,3.0,0.0,1.0,0.0,1.0,1.0,0.0,3.0,"-8,15948356","-34,94058355",SPRF-PE,DEL01/PE,UOP01-DEL01-PE
760686,25/03/2026,quarta-feira,19:15:00,RS,116.0,454,SAO LOURENCO DO SUL,Acessar a via sem observar a presença dos outros veículos,Colisão transversal,Com Vítimas Feridas,Plena Noite,Crescente,Chuva,Dupla,Reta,Não,3.0,0.0,1.0,0.0,1.0,1.0,0.0,4.0,"-31,21998448","-52,01171207",SPRF-RS,DEL02/RS,UOP02-DEL02-RS
760689,25/03/2026,quarta-feira,16:30:00,SC,116.0,"111,1",SANTA CECILIA,Acessar a via sem observar a presença dos outros veículos,Colisão transversal,Com Vítimas Feridas,Pleno dia,Crescente,Céu Claro,Simples,Reta,Não,5.0,0.0,1.0,0.0,1.0,3.0,0.0,5.0,"-26,76554832","-50,35147759",SPRF-SC,DEL06/SC,UOP02-DEL06-SC
760693,25/03/2026,quarta-feira,21:05:00,SC,101.0,216,PALHOCA,Acessar a via sem observar a presença dos outros veículos,Colisão lateral mesmo sentido,Com Vítimas Feridas,Plena Noite,Crescente,Céu Claro,Simples,Retorno Regulamentado;Viaduto,Sim,3.0,0.0,1.0,0.0,1.0,1.0,0.0,3.0,"-27,65350613","-48,67756454",SPRF-SC,DEL01/SC,UOP02-DEL01-SC
760694,25/03/2026,quarta-feira,20:30:00,MT,163.0,"26,3",ITIQUIRA,Transitar na contramão,Colisão frontal,Com Vítimas Fatais,Plena Noite,Crescente,Chuva,Simples,Em Obras,Não,5.0,2.0,0.0,0.0,0.0,1.0,0.0,4.0,"-17,284699","-54,764452",SPRF-MT,DEL02/MT,UOP03-DEL02-MT
760697,25/03/2026,quarta-feira,20:30:00,PR,277.0,134,CAMPO LARGO,Reação tardia ou ineficiente do condutor,Atropelamento de Pedestre,Com Vítimas Fatais,Plena Noite,Crescente,Céu Claro,Dupla,Curva;Interseção de Vias,Não,3.0,1.0,0.0,0.0,0.0,1.0,0.0,3.0,"-25,44959","-49,6134",SPRF-PR,DEL01/PR,UOP07-DEL01-PR
760705,25/03/2026,quarta-feira,22:20:00,PR,376.0,669,GUARATUBA,Velocidade Incompatível,Colisão lateral mesmo sentido,Com Vítimas Feridas,Plena Noite,Crescente,Céu Claro,Dupla,Declive;Curva,Não,2.0,0.0,1.0,0.0,1.0,1.0,0.0,2.0,"-25,87561296","-48,93642822",SPRF-PR,DEL01/PR,UOP04-DEL01-PR
760707,25/03/2026,quarta-feira,21:20:00,SP,381.0,79,SAO PAULO,Velocidade Incompatível,Tombamento,Sem Vítimas,Plena Noite,Decrescente,Céu Claro,Dupla,Aclive;Curva;Interseção de Vias,Sim,2.0,0.0,0.0,0.0,0.0,1.0,0.0,3.0,"-23,41168628","-46,58131108",SPRF-SP,DEL03/SP,UOP01-DEL03-SP
760714,25/03/2026,quarta-feira,19:20:00,MG,365.0,155,PIRAPORA,Animais na Pista,Atropelamento de Animal,Sem Vítimas,Plena Noite,Decrescente,Nublado,Simples,Reta,Não,5.0,0.0,0.0,0.0,0.0,5.0,0.0,2.0,"-17,312715","-44,895315",SPRF-MG,DEL10/MG,UOP02-DEL010-MG
760721,25/03/2026,quarta-feira,22:50:00,PR,476.0,149,ARAUCARIA,Ingestão de álcool pelo condutor,Saída de leito carroçável,Sem Vítimas,Plena Noite,Crescente,Céu Claro,Dupla,Reta,Sim,2.0,0.0,0.0,0.0,0.0,1.0,0.0,2.0,"-25,55775268","-49,35773282",SPRF-PR,DEL01/PR,UOP06-DEL01-PR
760725,26/03/2026,quinta-feira,00:07:00,PE,101.0,61,RECIFE,Pedestre cruzava a pista fora da faixa,Atropelamento de Pedestre,Com Vítimas Fatais,Plena Noite,Crescente,Chuva,Dupla,Reta,Sim,2.0,1.0,0.0,0.0,0.0,0.0,0.0,2.0,"-8,00889642","-34,93763099",SPRF-PE,DEL01/PE,UOP02-DEL01-PE
760726,26/03/2026,quinta-feira,03:10:00,PR,277.0,39,MORRETES,Condutor Dormindo,Colisão traseira,Com Vítimas Feridas,Plena Noite,Decrescente,Nublado,Dupla,Curva,Não,3.0,0.0,1.0,0.0,1.0,1.0,0.0,4.0,"-25,577215","-48,859172",SPRF-PR,DEL01/PR,UOP05-DEL01-PR
760727,25/03/2026,quarta-feira,23:20:00,PI,316.0,149,ELESBAO VELOSO,Objeto estático sobre o leito carroçável,Saída de leito carroçável,Com Vítimas Feridas,Plena Noite,Crescente,Chuva,Simples,Reta,Não,1.0,0.0,1.0,0.0,1.0,0.0,0.0,1.0,"-6,117237","-42,167395",SPRF-PI,DEL04-PI,UOP02-DEL04-PI
760730,26/03/2026,quinta-feira,02:30:00,MG,262.0,"544,8",LUZ,Velocidade Incompatível,Tombamento,Com Vítimas Feridas,Plena Noite,Decrescente,Céu Claro,Simples,Curva,Não,2.0,0.0,0.0,1.0,1.0,0.0,0.0,2.0,"-19,707562","-45,920964",SPRF-MG,DEL08/MG,UOP02-DEL08-MG
760731,26/03/2026,quinta-feira,05:10:00,MG,262.0,195,JOAO MONLEVADE,Reação tardia ou ineficiente do condutor,Tombamento,Com Vítimas Feridas,Amanhecer,Crescente,Céu Claro,Simples,Reta;Interseção de Vias,Não,1.0,0.0,1.0,0.0,1.0,0.0,0.0,1.0,"-19,86066","-43,111825",SPRF-MG,DEL03/MG,UOP01-DEL03-MG