id,data_inversa,dia_semana,horario,uf,br,km,municipio,causa_acidente,tipo_acidente,classificacao_acidente,fase_dia,sentido_via,condicao_metereologica,tipo_pista,tracado_via,uso_solo,pessoas,mortos,feridos_leves,feridos_graves,feridos,ilesos,ignorados,veiculos,latitude,longitude,regional,delegacia,uop
760734,26/03/2026,quinta-feira,05:25:00,PE,101.0,"66,1",RECIFE,Acumulo de água sobre o pavimento,Colisão lateral mesmo sentido,Com Vítimas Feridas,Amanhecer,Decrescente,Chuva,Dupla,Reta;Declive,Sim,3.0,0.0,0.0,1.0,1.0,1.0,0.0,3.0,"-8,0337","-34,94193",SPRF-PE,DEL01/PE,UOP01-DEL01-PE
760737,26/03/2026,quinta-feira,06:41:00,ES,101.0,283,CARIACICA,Ultrapassagem Indevida,Colisão frontal,Com Vítimas Feridas,Pleno dia,Decrescente,Céu Claro,Simples,Aclive;Curva,Não,3.0,0.0,1.0,0.0,1.0,1.0,0.0,3.0,"-20,234445","-40,369256",SPRF-ES,DEL01-ES,UOP01-DEL01-ES
760739,26/03/2026,quinta-feira,06:30:00,ES,259.0,"54,2",COLATINA,Condutor deixou de manter distância do veículo da frente,Colisão traseira,Com Vítimas Feridas,Pleno dia,Crescente,Céu Claro,Dupla,Aclive;Reta,Não,3.0,0.0,2.0,0.0,2.0,1.0,0.0,2.0,"-19,49707","-40,645821",SPRF-ES,DEL02-ES,UOP01-DEL02-ES
760740,26/03/2026,quinta-feira,06:15:00,BA,415.0,59,ITABUNA,Chuva,Eventos atípicos,Com Vítimas Fatais,Amanhecer,Crescente,Garoa/Chuvisco,Simples,Reta,Não,6.0,2.0,0.0,0.0,0.0,4.0,0.0,2.0,"-14,852","-39,39",SPRF-BA,DEL05/BA,UOP01-DEL05-BA
760742,26/03/2026,quinta-feira,07:00:00,BA,324.0,577,CANDEIAS,Demais falhas mecânicas ou elétricas,Colisão com objeto,Sem Vítimas,Pleno dia,Decrescente,Céu Claro,Dupla,Reta,Não,3.0,0.0,0.0,0.0,0.0,2.0,0.0,4.0,"-12,61194711","-38,48938538",SPRF-BA,DEL01/BA,UOP01-DEL01-BA
760752,26/03/2026,quinta-feira,06:30:00,MG,40.0,286,TRES MARIAS,Condutor Dormindo,Colisão frontal,Com Vítimas Feridas,Pleno dia,Crescente,Céu Claro,Simples,Reta,Não,3.0,0.0,1.0,0.0,1.0,1.0,0.0,3.0,"-18,25558","-45,15957",SPRF-MG,DEL14/MG,UOP02-DEL14-MG
760753,26/03/2026,quinta-feira,07:00:00,SC,282.0,30,SANTO AMARO DA IMPERATRIZ,Acumulo de areia ou detritos sobre o pavimento,Derramamento de carga,Com Vítimas Feridas,Pleno dia,Crescente,Céu Claro,Simples,Curva,Sim,3.0,0.0,1.0,1.0,2.0,1.0,0.0,3.0,"-27,70654085","-48,84052277",SPRF-SC,DEL01/SC,UOP03-DEL01-SC
760754,26/03/2026,quinta-feira,06:35:00,MG,381.0,"521,8",BRUMADINHO,Velocidade Incompatível,Saída de leito carroçável,Com Vítimas Feridas,Pleno dia,Crescente,Céu Claro,Dupla,Curva;Declive,Não,2.0,0.0,0.0,1.0,1.0,0.0,0.0,2.0,"-20,122909","-44,300529",SPRF-MG,DEL04/MG,UOP03-DEL04-MG
760762,26/03/2026,quinta-feira,04:00:00,BA,101.0,559,MASCOTE,Condutor deixou de manter distância do veículo da frente,Colisão traseira,Com Vítimas Feridas,Amanhecer,Crescente,Chuva,Simples,Reta;Aclive,Não,3.0,0.0,1.0,0.0,1.0,1.0,0.0,4.0,"-15,50396","-39,43322",SPRF-BA,DEL05/BA,UOP02-DEL05-BA
760765,26/03/2026,quinta-feira,07:30:00,BA,324.0,615,SALVADOR,Trafegar com motocicleta (ou similar) entre as faixas,Colisão lateral mesmo sentido,Com Vítimas Feridas,Pleno dia,Crescente,Nublado,Dupla,Reta;Declive,Sim,4.0,0.0,1.0,0.0,1.0,2.0,0.0,5.0,"-12,88303402","-38,4335916",SPRF-BA,DEL01/BA,UOP01-DEL01-BA
760769,26/03/2026,quinta-feira,08:00:00,GO,153.0,507,APARECIDA DE GOIANIA,Trafegar com motocicleta (ou similar) entre as faixas,Tombamento,Com Vítimas Feridas,Pleno dia,Decrescente,Céu Claro,Dupla,Reta,Sim,3.0,0.0,1.0,0.0,1.0,1.0,0.0,3.0,"-16,768365","-49,239432",SPRF-GO,DEL01/GO,UOP03-DEL01-GO
760772,26/03/2026,quinta-feira,09:00:00,PE,101.0,66,RECIFE,Reação tardia ou ineficiente do condutor,Colisão traseira,Com Vítimas Feridas,Pleno dia,Decrescente,Céu Claro,Dupla,Reta;Interseção de Vias,Não,3.0,0.0,1.0,0.0,1.0,2.0,0.0,3.0,"-8,04163","-34,94286",SPRF-PE,DEL01/PE,UOP01-DEL01-PE
760782,08/01/2026,quinta-feira,21:30:00,PE,101.0,"44,9",IGARASSU,Ingestão de álcool pelo condutor,Colisão traseira,Com Vítimas Feridas,Plena Noite,Crescente,Nublado,Múltipla,Reta,Sim,2.0,0.0,1.0,0.0,1.0,1.0,0.0,2.0,"-7,864","-34,908",SPRF-PE,DEL01/PE,UOP02-DEL01-PE
760783,26/03/2026,quinta-feira,10:30:00,PR,369.0,"156,3",LONDRINA,Reação tardia ou ineficiente do condutor,Colisão traseira,Com Vítimas Feridas,Pleno dia,Decrescente,Céu Claro,Dupla,Reta,Sim,2.0,0.0,1.0,0.0,1.0,1.0,0.0,2.0,"-23,29001","-51,220892",SPRF-PR,DEL07/PR,UOP01-DEL07-PR
760785,26/03/2026,quinta-feira,09:00:00,SC,101.0,103,BALNEARIO PICARRAS,Trafegar com motocicleta (ou similar) entre as faixas,Colisão traseira,Com Vítimas Feridas,Pleno dia,Crescente,Céu Claro,Dupla,Reta,Não,4.0,0.0,0.0,1.0,1.0,2.0,0.0,5.0,"-26,78170584","-48,68368149",SPRF-SC,DEL03/SC,UOP02-DEL03-SC
760786,26/03/2026,quinta-feira,06:54:00,MT,364.0,575,NOBRES,Chuva,Tombamento,Com Vítimas Feridas,Pleno dia,Decrescente,Chuva,Dupla,Declive;Curva,Não,2.0,0.0,1.0,0.0,1.0,0.0,0.0,3.0,"-14,62174478","-56,26360685",SPRF-MT,DEL01/MT,UOP01-DEL01-MT
760788,03/03/2026,terça-feira,06:30:00,MS,262.0,400,TERENOS,Problema com o freio,Incêndio,Sem Vítimas,Pleno dia,Decrescente,Céu Claro,Simples,Reta,Não,2.0,0.0,0.0,0.0,0.0,1.0,0.0,2.0,"-20,4288306","-55,05974078",SPRF-MS,DEL01/MS,UOP03-DEL01-MS
760792,26/03/2026,quinta-feira,10:30:00,RN,304.0,303,PARNAMIRIM,Demais falhas mecânicas ou elétricas,Incêndio,Sem Vítimas,Pleno dia,Crescente,Céu Claro,Dupla,Reta,Não,1.0,0.0,0.0,0.0,0.0,1.0,0.0,1.0,"-5,8850914","-35,2813411",SPRF-RN,DEL01-RN,UOP02-DEL01-RN
760794,26/03/2026,quinta-feira,06:36:00,MT,364.0,"574,9",NOBRES,Chuva,Saída de leito carroçável,Com Vítimas Feridas,Pleno dia,Decrescente,Chuva,Dupla,Declive;Reta,Não,1.0,0.0,0.0,1.0,1.0,0.0,0.0,1.0,"-14,62753945","-56,26839057",SPRF-MT,DEL01/MT,UOP01-DEL01-MT
760795,26/03/2026,quinta-feira,10:00:00,GO,20.0,110,FLORES DE GOIAS,Demais falhas mecânicas ou elétricas,Colisão frontal,Com Vítimas Feridas,Pleno dia,Crescente,Nublado,Simples,Reta,Não,5.0,0.0,0.0,1.0,1.0,3.0,0.0,4.0,"-14,903783","-46,917668",SPRF-DF,DEL02-DF,UOP03-DEL02-DF
760804,26/03/2026,quinta-feira,11:50:00,SC,101.0,260,PAULO LOPES,Ausência de sinalização,Colisão traseira,Com Vítimas Feridas,Pleno dia,Crescente,Sol,Dupla,Reta;Declive,Não,10.0,0.0,3.0,1.0,4.0,5.0,0.0,9.0,"-28,023093","-48,702793",SPRF-SC,DEL02/SC,UOP03-DEL02-SC
760806,06/03/2026,sexta-feira,22:25:00,RJ,40.0,"1,2",COMENDADOR LEVY GASPARIAN,Reação tardia ou ineficiente do condutor,Tombamento,Com Vítimas Feridas,Plena Noite,Decrescente,Céu Claro,Dupla,Curva,Não,4.0,0.0,1.0,0.0,1.0,2.0,0.0,4.0,"-22,0094241","-43,26078979",SPRF-RJ,DEL05/RJ,UOP02-DEL05-RJ
760807,26/03/2026,quinta-feira,11:05:00,RS,470.0,216,BENTO GONCALVES,Acessar a via sem observar a presença dos outros veículos,Colisão transversal,Com Vítimas Feridas,Pleno dia,Decrescente,Céu Claro,Dupla,Reta;Retorno Regulamentado,Sim,2.0,0.0,1.0,0.0,1.0,1.0,0.0,2.0,"-29,17119384","-51,52454702",SPRF-RS,DEL06/RS,UOP01-DEL06-RS
760809,26/03/2026,quinta-feira,12:07:00,GO,40.0,69,CRISTALINA,Reação tardia ou ineficiente do condutor,Saída de leito carroçável,Com Vítimas Feridas,Pleno dia,Decrescente,Nublado,Dupla,Reta,Não,2.0,0.0,1.0,0.0,1.0,1.0,0.0,1.0,"-16,602586","-47,771768",SPRF-DF,DEL01-DF,UOP02-DEL01-DF
760821,26/03/2026,quinta-feira,12:55:00,RO,364.0,668,CANDEIAS DO JAMARI,Pista Escorregadia,Colisão frontal,Com Vítimas Feridas,Pleno dia,Crescente,Chuva,Simples,Aclive;Reta,Não,4.0,0.0,0.0,1.0,1.0,1.0,0.0,9.0,"-8,7751","-63,4923",SPRF-RO,DEL01-RO,UOP01-DEL01-RO
760831,26/03/2026,quinta-feira,13:50:00,RO,364.0,"226,7",CACOAL,Ultrapassagem Indevida,Colisão lateral sentido oposto,Com Vítimas Feridas,Pleno dia,Decrescente,Chuva,Simples,Reta;Aclive;Interseção de Vias,Não,7.0,0.0,1.0,3.0,4.0,2.0,0.0,7.0,"-11,49855","-61,372245",SPRF-RO,DEL02-RO,UOP02-DEL02-RO
760833,26/03/2026,quinta-feira,15:20:00,SE,101.0,77,LARANJEIRAS,Ultrapassagem Indevida,Colisão frontal,Com Vítimas Feridas,Pleno dia,Decrescente,Céu Claro,Simples,Reta,Sim,3.0,0.0,0.0,1.0,1.0,1.0,0.0,4.0,"-10,7771984","-37,13572025",SPRF-SE,DEL01-SE,UOP01-DEL01-SE
760835,26/03/2026,quinta-feira,15:40:00,MG,381.0,423,SABARA,Reação tardia ou ineficiente do condutor,Colisão traseira,Sem Vítimas,Pleno dia,Crescente,Céu Claro,Simples,Curva,Não,3.0,0.0,0.0,0.0,0.0,2.0,0.0,4.0,"-19,78675","-43,68834",SPRF-MG,DEL01/MG,UOP01-DEL01-MG
760841,26/03/2026,quinta-feira,15:20:00,SP,153.0,"32,9",NOVA GRANADA,Acumulo de óleo sobre o pavimento,Colisão com objeto,Com Vítimas Feridas,Pleno dia,Decrescente,Chuva,Simples,Declive;Reta,Não,6.0,0.0,1.0,0.0,1.0,4.0,0.0,6.0,"-20,564319","-49,319868",SPRF-SP,DEL09/SP,UOP01-DEL09-SP
760844,26/03/2026,quinta-feira,15:25:00,SC,116.0,"40,5",ITAIOPOLIS,Transitar na contramão,Saída de leito carroçável,Sem Vítimas,Pleno dia,Crescente,Céu Claro,Simples,Curva,Não,3.0,0.0,0.0,0.0,0.0,2.0,0.0,3.0,"-26,33947","-50,05718",SPRF-SC,DEL06/SC,UOP01-DEL06-SC
760845,26/03/2026,quinta-feira,14:18:00,PI,230.0,266,NAZARE DO PIAUI,Reação tardia ou ineficiente do condutor,Colisão traseira,Com Vítimas Feridas,Pleno dia,Decrescente,Céu Claro,Simples,Declive;Curva,Sim,3.0,0.0,0.0,1.0,1.0,1.0,0.0,3.0,"-6,96582","-42,67214",SPRF-PI,DEL03-PI,UOP01-DEL03-PI
760846,26/03/2026,quinta-feira,14:30:00,MG,381.0,"520,1",IGARAPE,Condutor Dormindo,Colisão traseira,Com Vítimas Feridas,Pleno dia,Crescente,Céu Claro,Dupla,Reta;Aclive,Sim,8.0,0.0,6.0,0.0,6.0,2.0,0.0,2.0,"-20,1137656","-44,3072704",SPRF-MG,DEL01/MG,UOP03-DEL01-MG
760848,26/03/2026,quinta-feira,13:45:00,PB,230.0,"150,3",CAMPINA GRANDE,Suicídio (presumido),Atropelamento de Pedestre,Com Vítimas Feridas,Pleno dia,Decrescente,Céu Claro,Dupla,Reta,Sim,3.0,0.0,0.0,1.0,1.0,1.0,0.0,2.0,"-7,256465","-35,87616",SPRF-PB,DEL02-PB,UOP01-DEL02-PB
760852,26/03/2026,quinta-feira,16:10:00,MG,40.0,517,RIBEIRAO DAS NEVES,Trafegar com motocicleta (ou similar) entre as faixas,Colisão transversal,Com Vítimas Feridas,Pleno dia,Crescente,Céu Claro,Dupla,Reta;Retorno Regulamentado,Sim,2.0,0.0,1.0,0.0,1.0,1.0,0.0,2.0,"-19,8294276","-44,083061",SPRF-MG,DEL01/MG,UOP02-DEL01-MG
760858,26/03/2026,quinta-feira,14:30:00,PE,101.0,109,CABO DE SANTO AGOSTINHO,Velocidade Incompatível,Tombamento,Com Vítimas Feridas,Pleno dia,Crescente,Céu Claro,Dupla,Curva,Não,1.0,0.0,1.0,0.0,1.0,0.0,0.0,1.0,"-8,31461077","-35,10397338",SPRF-PE,DEL01/PE,UOP03-DEL01-PE
760865,26/03/2026,quinta-feira,16:30:00,SC,101.0,369,ICARA,Velocidade Incompatível,Colisão traseira,Com Vítimas Feridas,Pleno dia,Crescente,Céu Claro,Dupla,Reta,Não,2.0,0.0,0.0,1.0,1.0,1.0,0.0,2.0,"-28,703138","-49,199547",SPRF-SC,DEL02/SC,UOP01-DEL02-SC
760870,26/03/2026,quinta-feira,16:30:00,RS,293.0,65,CERRITO,Reação tardia ou ineficiente do condutor,Colisão traseira,Com Vítimas Feridas,Pleno dia,Crescente,Chuva,Simples,Aclive,Não,5.0,0.0,1.0,1.0,2.0,1.0,0.0,4.0,"-31,72712887","-52,86100767",SPRF-RS,DEL07/RS,UOP01-DEL07-RS
760875,26/03/2026,quinta-feira,16:35:00,RJ,40.0,119,DUQUE DE CAXIAS,Manobra de mudança de faixa,Colisão lateral mesmo sentido,Com Vítimas Feridas,Pleno dia,Crescente,Céu Claro,Dupla,Reta,Sim,2.0,0.0,1.0,0.0,1.0,0.0,0.0,2.0,"-22,7703297","-43,286478",SPRF-RJ,DEL01/RJ,UOP02-DEL01-RJ
760879,26/03/2026,quinta-feira,17:35:00,PE,101.0,88,JABOATAO DOS GUARARAPES,Ausência de reação do condutor,Colisão traseira,Com Vítimas Feridas,Anoitecer,Decrescente,Céu Claro,Dupla,Reta,Não,2.0,0.0,1.0,0.0,1.0,1.0,0.0,2.0,"-8,20185","-34,97966",SPRF-PE,DEL01/PE,UOP01-DEL01-PE
760883,26/03/2026,quinta-feira,18:20:00,BA,330.0,"792,7",JEQUIE,Manobra de mudança de faixa,Colisão frontal,Com Vítimas Fatais,Anoitecer,Crescente,Nublado,Simples,Reta,Não,4.0,1.0,0.0,1.0,1.0,1.0,0.0,3.0,"-13,8919769","-40,0238203",SPRF-BA,DEL03/BA,UOP01-DEL03-BA
760884,26/03/2026,quinta-feira,18:00:00,MG,40.0,"725,8",BARBACENA,Ausência de reação do condutor,Tombamento,Com Vítimas Feridas,Anoitecer,Crescente,Céu Claro,Dupla,Reta,Não,2.0,0.0,1.0,0.0,1.0,0.0,0.0,2.0,"-21,30378796","-43,61533252",SPRF-MG,DEL05/MG,UOP01-DEL05-MG
760889,26/03/2026,quinta-feira,15:20:00,SC,101.0,10,GARUVA,Trafegar com motocicleta (ou similar) entre as faixas,Colisão lateral mesmo sentido,Com Vítimas Feridas,Pleno dia,Crescente,Céu Claro,Dupla,Reta,Sim,3.0,0.0,1.0,0.0,1.0,1.0,0.0,3.0,"-26,06534143","-48,86038542",SPRF-SC,DEL03/SC,UOP01-DEL03-SC
760904,26/03/2026,quinta-feira,19:00:00,GO,60.0,405,RIO VERDE,Acessar a via sem observar a presença dos outros veículos,Colisão transversal,Com Vítimas Fatais,Plena Noite,Decrescente,Céu Claro,Dupla,Reta,Não,4.0,1.0,0.0,1.0,1.0,1.0,0.0,4.0,"-17,815665","-51,114615",SPRF-GO,DEL04/GO,UOP02-DEL04-GO
760909,26/03/2026,quinta-feira,17:15:00,MT,163.0,827,SINOP,Demais falhas na via,Colisão lateral mesmo sentido,Sem Vítimas,Anoitecer,Decrescente,Garoa/Chuvisco,Simples,Interseção de Vias;Retorno Regulamentado,Sim,3.0,0.0,0.0,0.0,0.0,2.0,0.0,4.0,"-11,930343","-55,513378",SPRF-MT,DEL06/MT,UOP02-DEL06-MT
760911,26/03/2026,quinta-feira,19:22:00,SC,116.0,"36,7",ITAIOPOLIS,Ultrapassagem Indevida,Colisão frontal,Com Vítimas Fatais,Plena Noite,Crescente,Nublado,Simples,Reta;Aclive,Não,3.0,1.0,0.0,0.0,0.0,1.0,0.0,3.0,"-26,33984528","-50,02079487",SPRF-SC,DEL06/SC,UOP01-DEL06-SC
760912,26/03/2026,quinta-feira,21:00:00,SP,116.0,184,SANTA ISABEL,Manobra de mudança de faixa,Colisão traseira,Sem Vítimas,Plena Noite,Crescente,Céu Claro,Múltipla,Reta,Não,3.0,0.0,0.0,0.0,0.0,3.0,0.0,3.0,"-23,35046534","-46,17527604",SPRF-SP,DEL01/SP,UOP01-DEL01-SP
760913,26/03/2026,quinta-feira,15:50:00,RS,116.0,252,SAPUCAIA DO SUL,Ausência de sinalização,Colisão traseira,Com Vítimas Feridas,Pleno dia,Crescente,Céu Claro,Dupla,Reta;Em Obras,Sim,3.0,0.0,2.0,0.0,2.0,0.0,0.0,3.0,"-29,80193577","-51,16599494",SPRF-RS,DEL01/RS,UOP02-DEL01-RS
760916,26/03/2026,quinta-feira,19:30:00,MG,116.0,"188,8",CARAI,Transitar na contramão,Colisão frontal,Com Vítimas Fatais,Plena Noite,Crescente,Chuva,Simples,Declive;Curva,Não,3.0,1.0,0.0,0.0,0.0,1.0,0.0,3.0,"-17,15353","-41,50169",SPRF-MG,DEL11/MG,UOP01-DEL11-MG
760918,26/03/2026,quinta-feira,21:05:00,BA,116.0,"863,8",VITORIA DA CONQUISTA,Ausência de reação do condutor,Tombamento,Com Vítimas Feridas,Plena Noite,Crescente,Nublado,Simples,Reta,Não,2.0,0.0,0.0,1.0,1.0,0.0,0.0,2.0,"-15,1577517","-41,0552733",SPRF-BA,DEL08/BA,UOP01-DEL08-BA
760924,26/03/2026,quinta-feira,20:00:00,MG,381.0,909,CAMANDUCAIA,Reação tardia ou ineficiente do condutor,Colisão traseira,Com Vítimas Feridas,Plena Noite,Decrescente,Céu Claro,Múltipla,Aclive,Não,6.0,0.0,0.0,1.0,1.0,4.0,0.0,5.0,"-22,6861324","-46,10290289",SPRF-MG,DEL16/MG,UOP03-DEL16-MG
760928,26/03/2026,quinta-feira,18:35:00,GO,153.0,"409,6",PIRENOPOLIS,Iluminação deficiente,Colisão traseira,Com Vítimas Feridas,Plena Noite,Crescente,Céu Claro,Simples,Reta;Aclive,Não,2.0,0.0,1.0,0.0,1.0,0.0,0.0,2.0,"-16,08918132","-49,03782964",SPRF-GO,DEL02/GO,UOP02-DEL02-GO
760943,26/03/2026,quinta-feira,19:45:00,SC,470.0,174,POUSO REDONDO,Ausência de reação do condutor,Colisão traseira,Sem Vítimas,Plena Noite,Crescente,Céu Claro,Simples,Aclive;Reta,Sim,2.0,0.0,0.0,0.0,0.0,2.0,0.0,2.0,"-27,2544813","-49,94821278",SPRF-SC,DEL04/SC,UOP02-DEL04-SC
760945,27/03/2026,sexta-feira,00:10:00,SC,101.0,"201,7",SAO JOSE,Ausência de reação do condutor,Colisão traseira,Com Vítimas Fatais,Plena Noite,Decrescente,Nublado,Múltipla,Reta,Sim,4.0,1.0,0.0,0.0,0.0,1.0,0.0,4.0,"-27,555025","-48,61939",SPRF-SC,DEL01/SC,UOP01-DEL01-SC
760946,26/03/2026,quinta-feira,23:05:00,PR,369.0,"441,7",UBIRATA,Ingestão de álcool pelo condutor,Colisão lateral sentido oposto,Com Vítimas Feridas,Plena Noite,Decrescente,Céu Claro,Simples,Reta;Declive,Não,3.0,0.0,0.0,1.0,1.0,2.0,0.0,3.0,"-24,55670811","-53,07737628",SPRF-PR,DEL04/PR,UOP03-DEL04-PR
760947,26/03/2026,quinta-feira,23:50:00,PR,277.0,"15,9",PARANAGUA,Condutor Dormindo,Saída de leito carroçável,Com Vítimas Feridas,Plena Noite,Decrescente,Céu Claro,Dupla,Reta,Não,2.0,0.0,1.0,0.0,1.0,0.0,0.0,2.0,"-25,550697","-48,671179",SPRF-PR,DEL01/PR,UOP05-DEL01-PR
760948,26/03/2026,quinta-feira,19:00:00,PR,277.0,"159,4",PORTO AMAZONAS,Condutor Dormindo,Saída de leito carroçável,Com Vítimas Feridas,Anoitecer,Decrescente,Céu Claro,Simples,Aclive;Reta,Não,1.0,0.0,1.0,0.0,1.0,0.0,0.0,1.0,"-25,47586369","-49,84512015",SPRF-PR,DEL01/PR,UOP07-DEL01-PR
760949,26/03/2026,quinta-feira,21:40:00,MS,158.0,"90,8",PARANAIBA,Ingestão de álcool pelo condutor,Colisão traseira,Sem Vítimas,Plena Noite,Crescente,Ignorado,Simples,Reta,Não,3.0,0.0,0.0,0.0,0.0,2.0,0.0,3.0,"-19,649108","-51,20581",SPRF-MS,DEL08/MS,UOP01-DEL08-MS
760953,27/03/2026,sexta-feira,01:30:00,MG,262.0,375,JUATUBA,Demais falhas mecânicas ou elétricas,Saída de leito carroçável,Com Vítimas Feridas,Plena Noite,Crescente,Céu Claro,Dupla,Curva,Não,2.0,0.0,1.0,0.0,1.0,1.0,0.0,1.0,"-19,935","-44,429",SPRF-MG,DEL01/MG,UOP03-DEL01-MG
760961,27/03/2026,sexta-feira,03:15:00,MT,364.0,"275,3",JACIARA,Pedestre andava na pista,Atropelamento de Pedestre,Com Vítimas Feridas,Plena Noite,Crescente,Ignorado,Simples,Declive,Não,3.0,0.0,1.0,0.0,1.0,1.0,0.0,5.0,"-15,952385","-54,984",SPRF-MT,DEL05/MT,UOP02-DEL05-MT
760962,27/03/2026,sexta-feira,02:10:00,MG,40.0,"569,9",NOVA LIMA,Demais falhas mecânicas ou elétricas,Incêndio,Sem Vítimas,Plena Noite,Crescente,Céu Claro,Simples,Reta,Não,1.0,0.0,0.0,0.0,0.0,1.0,0.0,1.0,"-20,207157","-43,973632",SPRF-MG,DEL01/MG,UOP02-DEL01-MG
760963,27/03/2026,sexta-feira,03:30:00,MG,40.0,677,CARANDAI,Reação tardia ou ineficiente do condutor,Saída de leito carroçável,Com Vítimas Feridas,Plena Noite,Crescente,Ignorado,Simples,Reta,Não,3.0,0.0,2.0,0.0,2.0,0.0,0.0,2.0,"-21,0201977","-43,7846771",SPRF-MG,DEL05/MG,UOP02-DEL05-MG
760964,27/03/2026,sexta-feira,01:50:00,PR,376.0,"508,7",PONTA GROSSA,Acessar a via sem observar a presença dos outros veículos,Colisão lateral mesmo sentido,Com Vítimas Feridas,Plena Noite,Crescente,Nublado,Dupla,Reta;Retorno Regulamentado,Não,36.0,0.0,2.0,0.0,2.0,34.0,0.0,2.0,"-25,246389","-50,02222",SPRF-PR,DEL03/PR,UOP03-DEL03-PR
760966,27/03/2026,sexta-feira,05:20:00,MG,356.0,"271,2",MURIAE,Condutor Dormindo,Tombamento,Com Vítimas Feridas,Amanhecer,Crescente,Céu Claro,Simples,Curva,Não,2.0,0.0,1.0,0.0,1.0,0.0,0.0,2.0,"-21,129","-42,319",SPRF-MG,DEL07/MG,UOP02-DEL07-MG
760968,27/03/2026,sexta-feira,02:30:00,MT,70.0,88,GENERAL CARNEIRO,Reação tardia ou ineficiente do condutor,Saída de leito carroçável,Com Vítimas Feridas,Plena Noite,Decrescente,Céu Claro,Simples,Curva,Não,2.0,0.0,1.0,0.0,1.0,0.0,0.0,2.0,"-15,68077676","-52,81778813",SPRF-MT,DEL07/MT,UOP01-DEL07-MT
760973,26/03/2026,quinta-feira,22:40:00,MG,365.0,422,PATOS DE MINAS,Ausência de reação do condutor,Colisão traseira,Com Vítimas Feridas,Plena Noite,Decrescente,Céu Claro,Dupla,Aclive,Não,3.0,0.0,1.0,0.0,1.0,1.0,0.0,3.0,"-18,70245","-46,60428",SPRF-MG,DEL10/MG,UOP01-DEL10-MG
760979,27/03/2026,sexta-feira,05:00:00,RJ,116.0,"253,7",PIRAI,Condutor Dormindo,Colisão traseira,Com Vítimas Feridas,Amanhecer,Decrescente,Céu Claro,Dupla,Curva,Não,2.0,0.0,1.0,0.0,1.0,1.0,0.0,2.0,"-22,58485052","-44,04281616",SPRF-RJ,DEL07/RJ,UOP01-DEL07-RJ
760981,27/03/2026,sexta-feira,04:13:00,RJ,116.0,305,RESENDE,Reação tardia ou ineficiente do condutor,Colisão com objeto,Com Vítimas Feridas,Amanhecer,Crescente,Céu Claro,Dupla,Reta,Não,5.0,0.0,1.0,0.0,1.0,3.0,0.0,4.0,"-22,455127","-44,388553",SPRF-RJ,DEL07/RJ,UOP02-DEL07-RJ
760982,27/03/2026,sexta-feira,05:15:00,MT,364.0,"150,5",PEDRA PRETA,Animais na Pista,Atropelamento de Animal,Com Vítimas Feridas,Amanhecer,Decrescente,Céu Claro,Simples,Reta,Não,3.0,0.0,1.0,0.0,1.0,0.0,0.0,3.0,"-16,73873572","-54,26783681",SPRF-MT,DEL02/MT,UOP01-DEL02-MT
760988,27/03/2026,sexta-feira,08:30:00,SP,116.0,"137,2",SAO JOSE DOS CAMPOS,Trafegar com motocicleta (ou similar) entre as faixas,Colisão lateral mesmo sentido,Com Vítimas Feridas,Pleno dia,Crescente,Céu Claro,Dupla,Reta,Sim,3.0,0.0,1.0,0.0,1.0,2.0,0.0,3.0,"-23,152364","-45,786167",SPRF-SP,DEL02/SP,UOP01-DEL02-SP
760989,04/03/2026,quarta-feira,10:30:00,RS,285.0,"441,8",BOZANO,Condutor deixou de manter distância do veículo da frente,Engavetamento,Com Vítimas Feridas,Pleno dia,Decrescente,Céu Claro,Simples,Declive,Não,4.0,0.0,1.0,0.0,1.0,2.0,0.0,4.0,"-28,36161813","-53,75272393",SPRF-RS,DEL10/RS,UOP01-DEL10-RS
760991,27/03/2026,sexta-feira,08:00:00,SP,116.0,317,JUQUITIBA,Acessar a via sem observar a presença dos outros veículos,Colisão traseira,Com Vítimas Feridas,Pleno dia,Decrescente,Céu Claro,Dupla,Aclive;Reta,Não,4.0,0.0,3.0,0.0,3.0,1.0,0.0,3.0,"-23,92047546","-46,99106201",SPRF-SP,DEL04/SP,UOP03-DEL04-SP
760994,27/03/2026,sexta-feira,08:15:00,SC,101.0,119,ITAJAI,Condutor deixou de manter distância do veículo da frente,Colisão traseira,Com Vítimas Feridas,Pleno dia,Decrescente,Sol,Múltipla,Reta,Sim,4.0,0.0,1.0,0.0,1.0,2.0,0.0,3.0,"-26,91248908","-48,71195734",SPRF-SC,DEL04/SC,UOP04-DEL04-SC
761001,27/03/2026,sexta-feira,07:10:00,PB,101.0,"59,2",SANTA RITA,Ausência de reação do condutor,Colisão traseira,Sem Vítimas,Pleno dia,Decrescente,Céu Claro,Dupla,Aclive;Reta,Não,2.0,0.0,0.0,0.0,0.0,2.0,0.0,2.0,"-6,99507","-35,06814",SPRF-PB,DEL01-PB,UOP03-DEL01-PB
761005,27/03/2026,sexta-feira,00:48:00,RJ,40.0,115,DUQUE DE CAXIAS,Condutor Dormindo,Colisão traseira,Com Vítimas Feridas,Plena Noite,Decrescente,Céu Claro,Dupla,Reta,Não,2.0,0.0,1.0,0.0,1.0,0.0,0.0,2.0,"-22,7270878","-43,2889218",SPRF-RJ,DEL01/RJ,UOP02-DEL01-RJ
761008,27/03/2026,sexta-feira,08:00:00,PR,277.0,0,PARANAGUA,Demais falhas mecânicas ou elétricas,Incêndio,Sem Vítimas,Pleno dia,Decrescente,Céu Claro,Dupla,Reta,Não,1.0,0.0,0.0,0.0,0.0,1.0,0.0,1.0,"-25,556198","-48,564369",SPRF-PR,DEL01/PR,UOP05-DEL01-PR