id,data_inversa,dia_semana,horario,uf,br,km,municipio,causa_acidente,tipo_acidente,classificacao_acidente,fase_dia,sentido_via,condicao_metereologica,tipo_pista,tracado_via,uso_solo,pessoas,mortos,feridos_leves,feridos_graves,feridos,ilesos,ignorados,veiculos,latitude,longitude,regional,delegacia,uop
761019,23/03/2026,segunda-feira,00:00:00,BA,116.0,437,FEIRA DE SANTANA,Demais falhas mecânicas ou elétricas,Incêndio,Sem Vítimas,Plena Noite,Crescente,Céu Claro,Simples,Reta;Declive,Sim,1.0,0.0,0.0,0.0,0.0,0.0,1.0,1.0,"-12,329897","-39,063737",SPRF-BA,DEL02/BA,UOP01-DEL02-BA
761021,27/03/2026,sexta-feira,07:30:00,ES,101.0,399,ITAPEMIRIM,Condutor deixou de manter distância do veículo da frente,Colisão traseira,Com Vítimas Feridas,Pleno dia,Decrescente,Céu Claro,Dupla,Reta,Não,3.0,0.0,1.0,0.0,1.0,1.0,0.0,2.0,"-20,87867447","-40,96608337",SPRF-ES,DEL03-ES,UOP02-DEL03-ES
761027,27/03/2026,sexta-feira,10:20:00,SP,116.0,"53,4",LORENA,Manobra de mudança de faixa,Colisão traseira,Com Vítimas Feridas,Pleno dia,Decrescente,Céu Claro,Dupla,Reta,Não,4.0,0.0,1.0,0.0,1.0,2.0,0.0,3.0,"-22,75659978","-45,11301541",SPRF-SP,DEL08/SP,UOP02-DEL08-SP
761031,27/03/2026,sexta-feira,10:15:00,PR,476.0,167,CONTENDA,Condutor deixou de manter distância do veículo da frente,Colisão lateral mesmo sentido,Com Vítimas Feridas,Pleno dia,Decrescente,Céu Claro,Simples,Reta,Sim,2.0,0.0,1.0,0.0,1.0,1.0,0.0,2.0,"-25,6545","-49,481068",SPRF-PR,DEL01/PR,UOP06-DEL01-PR
761039,26/03/2026,quinta-feira,19:00:00,RJ,116.0,9,SEROPEDICA,Suicídio (presumido),Atropelamento de Pedestre,Com Vítimas Feridas,Plena Noite,Crescente,Céu Claro,Simples,Reta,Não,2.0,0.0,0.0,1.0,1.0,1.0,0.0,2.0,"-22,77150688","-43,67119644",SPRF-RJ,DEL05/RJ,UOP01-DEL05-RJ
761040,22/03/2026,domingo,06:10:00,GO,60.0,"378,8",RIO VERDE,Reação tardia ou ineficiente do condutor,Colisão traseira,Com Vítimas Feridas,Pleno dia,Crescente,Céu Claro,Dupla,Aclive;Curva,Sim,3.0,0.0,1.0,0.0,1.0,1.0,0.0,5.0,"-17,772228","-50,886067",SPRF-GO,DEL04/GO,UOP02-DEL04-GO
761046,27/03/2026,sexta-feira,12:00:00,PR,116.0,"102,9",SAO JOSE DOS PINHAIS,Acessar a via sem observar a presença dos outros veículos,Colisão lateral mesmo sentido,Com Vítimas Feridas,Pleno dia,Crescente,Céu Claro,Dupla,Reta;Interseção de Vias,Não,5.0,0.0,1.0,0.0,1.0,3.0,0.0,3.0,"-25,56911202","-49,18243138",SPRF-PR,DEL01/PR,UOP08-DEL01-PR
761048,27/03/2026,sexta-feira,07:30:00,MT,70.0,523,VARZEA GRANDE,Acessar a via sem observar a presença dos outros veículos,Colisão transversal,Com Vítimas Feridas,Pleno dia,Crescente,Céu Claro,Simples,Reta,Sim,3.0,0.0,1.0,0.0,1.0,1.0,0.0,5.0,"-15,656696","-56,189656",SPRF-MT,DEL01/MT,UOP02-DEL01-MT
761053,27/03/2026,sexta-feira,11:10:00,BA,242.0,425,SEABRA,Ausência de reação do condutor,Colisão frontal,Com Vítimas Fatais,Pleno dia,Decrescente,Céu Claro,Simples,Reta,Não,3.0,1.0,0.0,0.0,0.0,1.0,0.0,7.0,"-12,407117","-41,854397",SPRF-BA,DEL06/BA,UOP01-DEL06-BA
761056,27/03/2026,sexta-feira,13:00:00,PR,369.0,86,CORNELIO PROCOPIO,Velocidade Incompatível,Tombamento,Com Vítimas Feridas,Pleno dia,Decrescente,Céu Claro,Simples,Declive;Curva,Não,1.0,0.0,1.0,0.0,1.0,0.0,0.0,1.0,"-23,20612528","-50,65544649",SPRF-PR,DEL07/PR,UOP05-DEL07-PR
761065,27/03/2026,sexta-feira,13:40:00,BA,367.0,62,PORTO SEGURO,Carga excessiva e/ou mal acondicionada,Colisão lateral sentido oposto,Com Vítimas Feridas,Pleno dia,Decrescente,Nublado,Simples,Reta,Não,2.0,0.0,1.0,0.0,1.0,1.0,0.0,2.0,"-16,394786","-39,406732",SPRF-BA,DEL09/BA,UOP03-DEL09-BA
761071,27/03/2026,sexta-feira,13:10:00,CE,222.0,"226,3",SOBRAL,Desrespeitar a preferência no cruzamento,Colisão transversal,Com Vítimas Feridas,Pleno dia,Crescente,Céu Claro,Simples,Reta,Sim,3.0,0.0,1.0,1.0,2.0,1.0,0.0,2.0,"-3,70140805","-40,36809174",SPRF-CE,DEL04/CE,UOP01-DEL04-CE
761075,18/03/2026,quarta-feira,10:40:00,MS,163.0,685,RIO VERDE DE MATO GROSSO,Ingestão de álcool pelo condutor,Colisão traseira,Com Vítimas Feridas,Pleno dia,Decrescente,Nublado,Simples,Reta,Não,3.0,0.0,0.0,1.0,1.0,1.0,0.0,3.0,"-18,879458","-54,837692",SPRF-MS,DEL06/MS,UOP01-DEL06-MS
761079,27/03/2026,sexta-feira,10:43:00,MT,364.0,348,SANTO ANTONIO DO LEVERGER,Problema com o freio,Colisão lateral mesmo sentido,Sem Vítimas,Pleno dia,Crescente,Chuva,Dupla,Declive;Reta,Não,4.0,0.0,0.0,0.0,0.0,3.0,0.0,6.0,"-15,7937986","-55,5754137",SPRF-MT,DEL05/MT,UOP02-DEL05-MT
761082,27/03/2026,sexta-feira,13:00:00,MT,163.0,628,NOVA MUTUM,Ausência de reação do condutor,Colisão traseira,Com Vítimas Feridas,Pleno dia,Crescente,Nublado,Dupla,Reta,Não,4.0,0.0,2.0,0.0,2.0,1.0,0.0,5.0,"-13,548963","-56,0277683",SPRF-MT,DEL01/MT,UOP01-DEL01-MT
761083,27/03/2026,sexta-feira,15:41:00,RS,386.0,338,LAJEADO,Reação tardia ou ineficiente do condutor,Colisão traseira,Com Vítimas Feridas,Pleno dia,Decrescente,Sol,Dupla,Reta;Aclive,Não,2.0,0.0,1.0,0.0,1.0,1.0,0.0,2.0,"-29,40401348","-52,03653858",SPRF-RS,DEL04/RS,UOP01-DEL04-RS
761085,11/03/2026,quarta-feira,12:25:00,MS,158.0,45,PARANAIBA,Mal súbito do condutor,Saída de leito carroçável,Com Vítimas Feridas,Pleno dia,Crescente,Chuva,Simples,Reta,Não,2.0,0.0,1.0,0.0,1.0,0.0,0.0,3.0,"-19,33355","-51,43976",SPRF-MS,DEL08/MS,UOP01-DEL08-MS
761086,27/03/2026,sexta-feira,13:20:00,MA,135.0,"68,4",SANTA RITA,Transitar no Acostamento,Colisão traseira,Com Vítimas Fatais,Pleno dia,Crescente,Nublado,Simples,Reta,Não,3.0,1.0,0.0,0.0,0.0,1.0,0.0,3.0,"-3,124763","-44,324205",SPRF-MA,DEL01-MA,UOP02-DEL01-MA
761089,27/03/2026,sexta-feira,14:45:00,SP,153.0,321,RIBEIRAO DO SUL,Acessar a via sem observar a presença dos outros veículos,Colisão traseira,Sem Vítimas,Pleno dia,Decrescente,Céu Claro,Simples,Interseção de Vias,Não,4.0,0.0,0.0,0.0,0.0,4.0,0.0,2.0,"-22,77412838","-49,88952605",SPRF-SP,DEL07/SP,UOP03-DEL07-SP
761091,27/03/2026,sexta-feira,16:35:00,SC,101.0,213,PALHOCA,Manobra de mudança de faixa,Colisão lateral mesmo sentido,Sem Vítimas,Pleno dia,Crescente,Céu Claro,Múltipla,Reta,Sim,3.0,0.0,0.0,0.0,0.0,2.0,0.0,3.0,"-27,63743","-48,6655",SPRF-SC,DEL01/SC,UOP02-DEL01-SC
761095,27/03/2026,sexta-feira,16:00:00,PB,230.0,"18,8",JOAO PESSOA,Problema com o freio,Engavetamento,Sem Vítimas,Pleno dia,Crescente,Céu Claro,Dupla,Reta,Sim,4.0,0.0,0.0,0.0,0.0,3.0,0.0,4.0,"-7,1289086","-34,84900977",SPRF-PB,DEL01-PB,UOP01-DEL01-PB
761101,27/03/2026,sexta-feira,15:40:00,RS,392.0,144,CANGUCU,Ingestão de álcool pelo condutor,Colisão traseira,Sem Vítimas,Pleno dia,Decrescente,Céu Claro,Simples,Curva,Não,4.0,0.0,0.0,0.0,0.0,3.0,0.0,5.0,"-31,22039214","-52,82142978",SPRF-RS,DEL07/RS,UOP01-DEL07-RS
761102,27/03/2026,sexta-feira,16:10:00,MA,135.0,4,SAO LUIS,Condutor deixou de manter distância do veículo da frente,Colisão traseira,Sem Vítimas,Pleno dia,Decrescente,Céu Claro,Dupla,Reta,Sim,9.0,0.0,0.0,0.0,0.0,8.0,0.0,5.0,"-2,623062","-44,259012",SPRF-MA,DEL01-MA,UOP01-DEL01-MA
761104,27/03/2026,sexta-feira,17:26:00,RS,116.0,254,SAPUCAIA DO SUL,Ausência de reação do condutor,Colisão traseira,Com Vítimas Feridas,Pleno dia,Crescente,Céu Claro,Múltipla,Reta,Sim,2.0,0.0,1.0,0.0,1.0,1.0,0.0,2.0,"-29,82396048","-51,17195455",SPRF-RS,DEL01/RS,UOP02-DEL01-RS
761110,27/03/2026,sexta-feira,11:45:00,RR,174.0,210,RORAINOPOLIS,Transitar na contramão,Colisão lateral sentido oposto,Com Vítimas Feridas,Pleno dia,Crescente,Nublado,Simples,Reta,Sim,3.0,0.0,2.0,0.0,2.0,1.0,0.0,2.0,"0,92963667","-60,428815",SPRF-RR,DEL01-RR,UOP02-DEL01-RR
761125,27/03/2026,sexta-feira,18:35:00,PE,101.0,"73,7",RECIFE,Transitar no Acostamento,Colisão transversal,Com Vítimas Feridas,Plena Noite,Decrescente,Céu Claro,Dupla,Curva,Sim,2.0,0.0,1.0,0.0,1.0,0.0,0.0,2.0,"-8,08823","-34,94994",SPRF-PE,DEL01/PE,UOP01-DEL01-PE
761127,27/03/2026,sexta-feira,17:37:00,SE,101.0,"118,2",ITAPORANGA DAJUDA,Ausência de reação do condutor,Colisão traseira,Com Vítimas Feridas,Anoitecer,Decrescente,Céu Claro,Dupla,Declive,Não,4.0,0.0,1.0,0.0,1.0,2.0,0.0,3.0,"-11,0266063","-37,32910693",SPRF-SE,DEL02-SE,UOP01-DEL02-SE
761129,27/03/2026,sexta-feira,18:05:00,BA,101.0,354,WENCESLAU GUIMARAES,Ultrapassagem Indevida,Colisão frontal,Com Vítimas Feridas,Anoitecer,Crescente,Chuva,Simples,Reta,Não,2.0,0.0,1.0,0.0,1.0,1.0,0.0,2.0,"-13,65256428","-39,48553019",SPRF-BA,DEL05/BA,UOP03-DEL05-BA
761130,27/03/2026,sexta-feira,17:35:00,RJ,101.0,293,ITABORAI,Trafegar com motocicleta (ou similar) entre as faixas,Colisão lateral mesmo sentido,Com Vítimas Feridas,Anoitecer,Crescente,Céu Claro,Dupla,Curva,Não,4.0,0.0,1.0,0.0,1.0,2.0,0.0,4.0,"-22,75560408","-42,89129994",SPRF-RJ,DEL02/RJ,UOP02-DEL02-RJ
761142,27/03/2026,sexta-feira,16:45:00,SC,282.0,"503,8",XANXERE,Velocidade Incompatível,Tombamento,Com Vítimas Feridas,Pleno dia,Decrescente,Chuva,Dupla,Declive;Curva,Sim,3.0,0.0,1.0,0.0,1.0,1.0,0.0,4.0,"-26,88238433","-52,40439582",SPRF-SC,DEL07/SC,UOP01-DEL07-SC
761146,27/03/2026,sexta-feira,12:28:00,PA,163.0,36,NOVO PROGRESSO,Velocidade Incompatível,Tombamento,Com Vítimas Feridas,Pleno dia,Crescente,Céu Claro,Simples,Curva,Não,2.0,0.0,1.0,0.0,1.0,0.0,0.0,3.0,"-9,05446412","-54,91550446",SPRF-MT,DEL06/MT,UOP03-DEL06-MT
761153,27/03/2026,sexta-feira,21:03:00,ES,101.0,"147,1",LINHARES,Acessar a via sem observar a presença dos outros veículos,Colisão transversal,Com Vítimas Feridas,Plena Noite,Decrescente,Garoa/Chuvisco,Simples,Rotatória;Interseção de Vias,Sim,2.0,0.0,1.0,0.0,1.0,1.0,0.0,2.0,"-19,37984136","-40,06670923",SPRF-ES,DEL04-ES,UOP01-DEL04-ES
761159,27/03/2026,sexta-feira,21:55:00,RS,116.0,379,SENTINELA DO SUL,Reação tardia ou ineficiente do condutor,Saída de leito carroçável,Com Vítimas Feridas,Plena Noite,Decrescente,Céu Claro,Dupla,Reta,Não,2.0,0.0,1.0,0.0,1.0,0.0,0.0,2.0,"-30,744625","-51,629817",SPRF-RS,DEL02/RS,UOP02-DEL02-RS
761169,27/03/2026,sexta-feira,21:15:00,RS,392.0,"206,7",SANTANA DA BOA VISTA,Transitar na contramão,Colisão frontal,Com Vítimas Feridas,Plena Noite,Decrescente,Céu Claro,Simples,Curva;Declive,Não,3.0,0.0,0.0,1.0,1.0,1.0,0.0,4.0,"-30,723084",-53,SPRF-RS,DEL09/RS,UOP02-DEL09-RS
761170,27/03/2026,sexta-feira,21:20:00,SC,101.0,"250,9",PAULO LOPES,Acessar a via sem observar a presença dos outros veículos,Colisão lateral mesmo sentido,Com Vítimas Feridas,Plena Noite,Crescente,Céu Claro,Múltipla,Interseção de Vias,Não,4.0,0.0,2.0,0.0,2.0,2.0,0.0,2.0,"-27,94869849","-48,67208286",SPRF-SC,DEL02/SC,UOP03-DEL02-SC
761171,27/03/2026,sexta-feira,19:40:00,PB,230.0,"466,1",SOUSA,Acessar a via sem observar a presença dos outros veículos,Colisão traseira,Com Vítimas Feridas,Plena Noite,Crescente,Nublado,Simples,Reta,Não,5.0,0.0,3.0,1.0,4.0,1.0,0.0,3.0,"-6,790353","-38,286458",SPRF-PB,DEL03-PB,UOP03-DEL03-PB
761176,27/03/2026,sexta-feira,18:10:00,PI,230.0,"194,2",OEIRAS,Ultrapassagem Indevida,Colisão lateral mesmo sentido,Com Vítimas Feridas,Plena Noite,Crescente,Céu Claro,Simples,Reta,Sim,4.0,0.0,1.0,0.0,1.0,1.0,0.0,4.0,"-6,996025","-42,107145",SPRF-PI,DEL04-PI,UOP01-DEL04-PI
761184,27/03/2026,sexta-feira,21:45:00,SC,101.0,"120,3",ITAJAI,Reação tardia ou ineficiente do condutor,Engavetamento,Com Vítimas Feridas,Plena Noite,Crescente,Céu Claro,Dupla,Reta,Não,4.0,0.0,1.0,0.0,1.0,1.0,0.0,4.0,"-26,915847","-48,710735",SPRF-SC,DEL04/SC,UOP04-DEL04-SC
761193,28/03/2026,sábado,00:53:00,MG,365.0,456,PATROCINIO,Reação tardia ou ineficiente do condutor,Engavetamento,Com Vítimas Fatais,Plena Noite,Decrescente,Céu Claro,Simples,Reta,Não,7.0,1.0,4.0,0.0,4.0,1.0,0.0,5.0,"-18,84477","-46,86494",SPRF-MG,DEL10/MG,UOP01-DEL10-MG
761194,28/03/2026,sábado,00:30:00,RJ,101.0,132,CARAPEBUS,Ausência de reação do condutor,Colisão traseira,Com Vítimas Feridas,Plena Noite,Decrescente,Céu Claro,Dupla,Reta,Não,4.0,0.0,0.0,2.0,2.0,1.0,0.0,3.0,"-22,12681","-41,70905",SPRF-RJ,DEL08/RJ,UOP04-DEL08-RJ
761195,28/03/2026,sábado,01:20:00,GO,60.0,"183,7",TRINDADE,Ingestão de álcool pelo condutor,Colisão traseira,Com Vítimas Fatais,Plena Noite,Decrescente,Céu Claro,Dupla,Reta,Não,3.0,1.0,0.0,0.0,0.0,2.0,0.0,2.0,"-16,799297","-49,514948",SPRF-GO,DEL01/GO,UOP02-DEL01-GO
761198,28/03/2026,sábado,01:40:00,GO,153.0,"634,7",MORRINHOS,Ausência de reação do condutor,Tombamento,Com Vítimas Feridas,Plena Noite,Crescente,Céu Claro,Dupla,Reta,Não,2.0,0.0,0.0,1.0,1.0,0.0,0.0,4.0,"-17,8176586","-49,2095718",SPRF-GO,DEL03/GO,UOP01-DEL03-GO
761199,28/03/2026,sábado,02:50:00,ES,101.0,245,SERRA,Reação tardia ou ineficiente do condutor,Saída de leito carroçável,Com Vítimas Feridas,Plena Noite,Crescente,Chuva,Dupla,Reta,Não,1.0,0.0,1.0,0.0,1.0,0.0,0.0,1.0,"-20,05041222","-40,38516045",SPRF-ES,DEL02-ES,UOP01-DEL02-ES
761206,28/03/2026,sábado,02:30:00,GO,80.0,136,BARRO ALTO,Pedestre andava na pista,Atropelamento de Pedestre,Com Vítimas Fatais,Plena Noite,Crescente,Nublado,Simples,Curva,Não,2.0,1.0,0.0,0.0,0.0,1.0,0.0,2.0,"-14,951417","-48,932605",SPRF-GO,DEL07/GO,UOP02-DEL07-GO
761213,28/03/2026,sábado,06:00:00,SC,101.0,"114,4",ITAJAI,Entrada inopinada do pedestre,Atropelamento de Pedestre,Com Vítimas Fatais,Amanhecer,Decrescente,Céu Claro,Múltipla,Reta,Sim,3.0,1.0,0.0,0.0,0.0,1.0,0.0,3.0,"-26,86740249","-48,73003242",SPRF-SC,DEL04/SC,UOP04-DEL04-SC
761216,27/03/2026,sexta-feira,05:45:00,RJ,116.0,138,MAGE,Reação tardia ou ineficiente do condutor,Colisão traseira,Com Vítimas Feridas,Pleno dia,Crescente,Céu Claro,Dupla,Reta,Não,11.0,0.0,2.0,0.0,2.0,9.0,0.0,2.0,"-22,646494","-43,199396",SPRF-RJ,DEL04/RJ,UOP02-DEL04-RJ
761219,28/03/2026,sábado,00:45:00,RS,386.0,"379,6",TABAI,Ingestão de álcool pelo condutor,Colisão transversal,Com Vítimas Feridas,Plena Noite,Crescente,Céu Claro,Dupla,Rotatória,Não,7.0,0.0,1.0,2.0,3.0,3.0,0.0,3.0,"-29,65113033","-51,75881334",SPRF-RS,DEL04/RS,UOP01-DEL04-RS
761223,28/03/2026,sábado,05:10:00,RS,285.0,421,PANAMBI,Condutor Dormindo,Saída de leito carroçável,Com Vítimas Feridas,Plena Noite,Decrescente,Céu Claro,Simples,Declive;Curva,Não,2.0,0.0,1.0,0.0,1.0,0.0,0.0,2.0,"-28,33779","-53,568335",SPRF-RS,DEL10/RS,UOP01-DEL10-RS
761227,28/03/2026,sábado,04:26:00,MT,163.0,915,ITAUBA,Condutor Dormindo,Saída de leito carroçável,Sem Vítimas,Plena Noite,Decrescente,Céu Claro,Simples,Reta,Não,2.0,0.0,0.0,0.0,0.0,0.0,1.0,2.0,"-11,17562","-55,311174",SPRF-MT,DEL06/MT,UOP02-DEL06-MT
761229,28/03/2026,sábado,06:50:00,PR,376.0,"237,4",APUCARANA,Transitar na contramão,Colisão frontal,Com Vítimas Fatais,Amanhecer,Decrescente,Sol,Dupla,Curva;Declive,Não,3.0,1.0,0.0,0.0,0.0,1.0,0.0,4.0,"-23,58576267","-51,47613093",SPRF-PR,DEL07/PR,UOP03-DEL07-PR
761231,27/03/2026,sexta-feira,22:30:00,PA,163.0,"977,4",SANTAREM,Demais falhas mecânicas ou elétricas,Incêndio,Sem Vítimas,Plena Noite,Crescente,Céu Claro,Simples,Reta,Não,2.0,0.0,0.0,0.0,0.0,1.0,0.0,4.0,"-2,64027417","-54,77085867",SPRF-PA,DEL05/PA,UOP01-DEL05-PA
761233,28/03/2026,sábado,01:30:00,RR,401.0,184,NORMANDIA,Ingestão de álcool pelo condutor,Colisão frontal,Sem Vítimas,Plena Noite,Decrescente,Céu Claro,Simples,Reta,Não,2.0,0.0,0.0,0.0,0.0,2.0,0.0,2.0,"3,829725","-59,704035",SPRF-RR,DEL01-RR,UOP01-DEL01-RR
761237,28/03/2026,sábado,07:22:00,TO,153.0,"146,9",ARAGUAINA,Reação tardia ou ineficiente do condutor,Colisão traseira,Sem Vítimas,Pleno dia,Decrescente,Céu Claro,Dupla,Reta,Sim,2.0,0.0,0.0,0.0,0.0,2.0,0.0,2.0,"-7,22122","-48,248137",SPRF-TO,DEL02-TO,UOP01-DEL02-TO
761242,28/03/2026,sábado,06:55:00,BA,116.0,736,BOA NOVA,Carga excessiva e/ou mal acondicionada,Tombamento,Com Vítimas Feridas,Pleno dia,Decrescente,Nublado,Simples,Curva;Declive,Não,2.0,0.0,1.0,0.0,1.0,0.0,0.0,2.0,"-14,36320529","-40,34250498",SPRF-BA,DEL08/BA,UOP02-DEL08-BA
761246,28/03/2026,sábado,08:00:00,ES,101.0,"284,9",CARIACICA,Ausência de reação do condutor,Engavetamento,Com Vítimas Feridas,Pleno dia,Decrescente,Chuva,Dupla,Declive;Reta,Sim,5.0,0.0,1.0,1.0,2.0,3.0,0.0,4.0,"-20,25060191","-40,37213802",SPRF-ES,DEL01-ES,UOP01-DEL01-ES
761248,28/03/2026,sábado,07:40:00,MG,381.0,430,SABARA,Demais falhas mecânicas ou elétricas,Colisão com objeto,Com Vítimas Feridas,Pleno dia,Crescente,Céu Claro,Simples,Curva,Sim,7.0,0.0,2.0,0.0,2.0,4.0,0.0,5.0,"-19,78739073","-43,74301602",SPRF-MG,DEL01/MG,UOP01-DEL01-MG
761252,28/03/2026,sábado,08:30:00,RN,226.0,353,ALMINO AFONSO,Reação tardia ou ineficiente do condutor,Colisão transversal,Com Vítimas Feridas,Pleno dia,Decrescente,Céu Claro,Simples,Curva;Interseção de Vias,Não,2.0,0.0,1.0,0.0,1.0,1.0,0.0,2.0,"-6,148753","-37,754898",SPRF-RN,DEL04-RN,UOP01-DEL04-RN
761258,28/03/2026,sábado,07:20:00,GO,40.0,92,CRISTALINA,Acessar a via sem observar a presença dos outros veículos,Colisão transversal,Com Vítimas Feridas,Pleno dia,Decrescente,Céu Claro,Simples,Reta,Não,3.0,0.0,1.0,0.0,1.0,1.0,0.0,5.0,"-16,73401","-47,62161",SPRF-DF,DEL01-DF,UOP02-DEL01-DF
761259,20/03/2026,sexta-feira,17:30:00,MT,364.0,435,VARZEA GRANDE,Acesso irregular,Colisão frontal,Com Vítimas Feridas,Anoitecer,Decrescente,Nublado,Dupla,Reta,Sim,3.0,0.0,0.0,1.0,1.0,1.0,0.0,2.0,"-15,64023964","-56,20227814",SPRF-MT,DEL01/MT,UOP02-DEL01-MT
761261,28/03/2026,sábado,10:18:00,TO,153.0,"265,7",BRASILANDIA DO TOCANTINS,Ultrapassagem Indevida,Colisão lateral sentido oposto,Com Vítimas Feridas,Pleno dia,Crescente,Céu Claro,Simples,Reta;Aclive,Não,3.0,0.0,0.0,1.0,1.0,1.0,0.0,5.0,"-8,2265","-48,46486",SPRF-TO,DEL02-TO,UOP02-DEL02-TO
761267,28/03/2026,sábado,09:30:00,BA,116.0,767,POCOES,Acessar a via sem observar a presença dos outros veículos,Colisão traseira,Com Vítimas Feridas,Pleno dia,Decrescente,Nublado,Simples,Interseção de Vias;Reta,Não,4.0,0.0,0.0,1.0,1.0,1.0,0.0,5.0,"-14,59544","-40,43613",SPRF-BA,DEL08/BA,UOP02-DEL08-BA
761270,28/03/2026,sábado,10:40:00,GO,153.0,503,GOIANIA,Reação tardia ou ineficiente do condutor,Colisão lateral mesmo sentido,Com Vítimas Feridas,Pleno dia,Crescente,Céu Claro,Dupla,Curva,Sim,4.0,0.0,0.0,1.0,1.0,1.0,0.0,3.0,"-16,730352","-49,243313",SPRF-GO,DEL01/GO,UOP01-DEL01-GO
761274,27/03/2026,sexta-feira,23:30:00,PR,376.0,"671,7",GUARATUBA,Problema com o freio,Colisão traseira,Com Vítimas Feridas,Plena Noite,Crescente,Nublado,Dupla,Declive,Não,2.0,0.0,1.0,0.0,1.0,0.0,0.0,3.0,"-25,89645","-48,92918",SPRF-PR,DEL01/PR,UOP04-DEL01-PR
761277,28/03/2026,sábado,10:50:00,MG,262.0,"436,9",NOVA SERRANA,Carga excessiva e/ou mal acondicionada,Colisão lateral mesmo sentido,Com Vítimas Feridas,Pleno dia,Crescente,Céu Claro,Dupla,Reta,Sim,4.0,0.0,1.0,0.0,1.0,3.0,0.0,3.0,"-19,87256","-44,96575",SPRF-MG,DEL08/MG,UOP03-DEL08-MG
761281,28/03/2026,sábado,09:40:00,MT,70.0,"735,5",CACERES,Reação tardia ou ineficiente do condutor,Colisão com objeto,Com Vítimas Feridas,Pleno dia,Crescente,Nublado,Simples,Reta;Ponte,Não,3.0,0.0,1.0,0.0,1.0,1.0,0.0,4.0,"-16,074575","-57,703368",SPRF-MT,DEL03/MT,UOP01-DEL03-MT
761282,28/03/2026,sábado,11:00:00,PI,316.0,409,MARCOLANDIA,Velocidade Incompatível,Tombamento,Com Vítimas Feridas,Pleno dia,Decrescente,Nublado,Simples,Declive;Curva,Não,2.0,0.0,1.0,0.0,1.0,0.0,0.0,3.0,"-7,40142778","-40,72358161",SPRF-PI,DEL04-PI,UOP03-DEL04-PI
761286,28/03/2026,sábado,10:25:00,MA,135.0,108,ITAPECURU MIRIM,Transitar no Acostamento,Colisão lateral mesmo sentido,Sem Vítimas,Pleno dia,Crescente,Céu Claro,Simples,Declive;Curva,Não,2.0,0.0,0.0,0.0,0.0,2.0,0.0,2.0,"-3,41828","-44,51521",SPRF-MA,DEL01-MA,UOP02-DEL01-MA
761287,28/03/2026,sábado,08:30:00,BA,101.0,"6,5",RIO REAL,Velocidade Incompatível,Tombamento,Sem Vítimas,Pleno dia,Decrescente,Céu Claro,Simples,Reta,Sim,1.0,0.0,0.0,0.0,0.0,1.0,0.0,1.0,"-11,539193","-37,857853",SPRF-SE,DEL02-SE,UOP03-DEL02-SE
761288,28/03/2026,sábado,11:40:00,SC,101.0,79,BARRA VELHA,Reação tardia ou ineficiente do condutor,Tombamento,Com Vítimas Feridas,Pleno dia,Decrescente,Sol,Dupla,Curva,Não,1.0,0.0,1.0,0.0,1.0,0.0,0.0,1.0,"-26,5988352","-48,72418134",SPRF-SC,DEL03/SC,UOP02-DEL03-SC
761289,28/03/2026,sábado,11:40:00,SC,282.0,532,CORDILHEIRA ALTA,Ausência de reação do condutor,Saída de leito carroçável,Com Vítimas Feridas,Pleno dia,Crescente,Céu Claro,Simples,Reta,Não,2.0,0.0,1.0,0.0,1.0,0.0,0.0,2.0,"-26,9963277","-52,6183104",SPRF-SC,DEL07/SC,UOP01-DEL07-SC
761300,28/03/2026,sábado,11:50:00,MG,50.0,83,UBERLANDIA,Avarias e/ou desgaste excessivo no pneu,Tombamento,Sem Vítimas,Pleno dia,Decrescente,Céu Claro,Dupla,Declive;Reta,Não,2.0,0.0,0.0,0.0,0.0,2.0,0.0,2.0,"-18,990916","-48,211309",SPRF-MG,DEL15/MG,UOP01-DEL15-MG
761301,28/03/2026,sábado,08:33:00,MG,381.0,525,BRUMADINHO,Manobra de mudança de faixa,Colisão lateral mesmo sentido,Sem Vítimas,Pleno dia,Crescente,Céu Claro,Dupla,Reta,Não,2.0,0.0,0.0,0.0,0.0,2.0,0.0,2.0,"-20,14251768","-44,31922786",SPRF-MG,DEL04/MG,UOP03-DEL04-MG
761310,28/03/2026,sábado,13:10:00,SC,280.0,218,TRES BARRAS,Reação tardia ou ineficiente do condutor,Incêndio,Sem Vítimas,Pleno dia,Crescente,Céu Claro,Simples,Aclive;Reta,Não,3.0,0.0,0.0,0.0,0.0,2.0,0.0,2.0,"-26,1711733","-50,2567417",SPRF-SC,DEL06/SC,UOP04-DEL06-SC
761317,28/03/2026,sábado,13:45:00,BA,116.0,"867,5",VITORIA DA CONQUISTA,Avarias e/ou desgaste excessivo no pneu,Incêndio,Sem Vítimas,Pleno dia,Decrescente,Céu Claro,Simples,Reta,Não,2.0,0.0,0.0,0.0,0.0,1.0,0.0,2.0,"-15,19504365","-41,07807683",SPRF-BA,DEL08/BA,UOP01-DEL08-BA
761320,28/03/2026,sábado,09:00:00,BA,242.0,361,LENCOIS,Chuva,Colisão com objeto,Sem Vítimas,Pleno dia,Crescente,Chuva,Simples,Curva,Não,5.0,0.0,0.0,0.0,0.0,5.0,0.0,1.0,"-12,46463484","-41,40622437",SPRF-BA,DEL06/BA,UOP02-DEL06-BA