id,data_inversa,dia_semana,horario,uf,br,km,municipio,causa_acidente,tipo_acidente,classificacao_acidente,fase_dia,sentido_via,condicao_metereologica,tipo_pista,tracado_via,uso_solo,pessoas,mortos,feridos_leves,feridos_graves,feridos,ilesos,ignorados,veiculos,latitude,longitude,regional,delegacia,uop
761323,28/03/2026,sábado,12:48:00,SC,282.0,"486,1",FAXINAL DOS GUEDES,Suicídio (presumido),Colisão frontal,Com Vítimas Feridas,Pleno dia,Crescente,Céu Claro,Simples,Declive,Não,3.0,0.0,1.0,0.0,1.0,1.0,0.0,4.0,"-26,857873","-52,243639",SPRF-SC,DEL07/SC,UOP01-DEL07-SC
761328,28/03/2026,sábado,14:10:00,TO,153.0,620,ALIANCA DO TOCANTINS,Demais falhas mecânicas ou elétricas,Incêndio,Sem Vítimas,Pleno dia,Crescente,Céu Claro,Simples,Reta,Não,2.0,0.0,0.0,0.0,0.0,1.0,0.0,2.0,"-11,292743","-48,93937",SPRF-TO,DEL01-TO,UOP02-DEL01-TO
761330,28/03/2026,sábado,14:30:00,BA,101.0,24,ESPLANADA,Velocidade Incompatível,Saída de leito carroçável,Com Vítimas Feridas,Pleno dia,Decrescente,Céu Claro,Dupla,Declive;Desvio Temporário;Curva;Em Obras,Não,1.0,0.0,1.0,0.0,1.0,0.0,0.0,1.0,"-11,692067","-37,90225",SPRF-SE,DEL02-SE,UOP03-DEL02-SE
761335,28/03/2026,sábado,13:30:00,ES,101.0,"438,9",MIMOSO DO SUL,Desrespeitar a preferência no cruzamento,Colisão transversal,Com Vítimas Feridas,Pleno dia,Crescente,Céu Claro,Simples,Reta;Retorno Regulamentado,Não,2.0,0.0,1.0,0.0,1.0,1.0,0.0,2.0,"-21,072538","-41,227713",SPRF-ES,DEL03-ES,UOP02-DEL03-ES
761338,28/03/2026,sábado,16:10:00,MG,116.0,751,LEOPOLDINA,Conversão proibida,Colisão transversal,Com Vítimas Feridas,Pleno dia,Crescente,Céu Claro,Simples,Aclive,Não,7.0,0.0,2.0,1.0,3.0,4.0,0.0,4.0,"-21,46554001","-42,55707622",SPRF-MG,DEL07/MG,UOP01-DEL07-MG
761342,28/03/2026,sábado,16:15:00,PR,376.0,671,GUARATUBA,Demais falhas mecânicas ou elétricas,Colisão traseira,Com Vítimas Feridas,Pleno dia,Crescente,Céu Claro,Dupla,Declive;Reta,Não,5.0,0.0,1.0,0.0,1.0,3.0,0.0,4.0,"-25,8921","-48,932536",SPRF-PR,DEL01/PR,UOP04-DEL01-PR
761347,28/03/2026,sábado,17:00:00,GO,20.0,"241,2",GUARANI DE GOIAS,Manobra de mudança de faixa,Tombamento,Com Vítimas Feridas,Pleno dia,Crescente,Céu Claro,Simples,Reta,Não,2.0,0.0,1.0,0.0,1.0,0.0,0.0,3.0,"-14,031587","-46,24613",SPRF-DF,DEL02-DF,UOP03-DEL02-DF
761349,28/03/2026,sábado,15:40:00,MG,381.0,526,BRUMADINHO,Ausência de reação do condutor,Colisão com objeto,Com Vítimas Feridas,Pleno dia,Decrescente,Céu Claro,Dupla,Curva,Não,3.0,0.0,1.0,0.0,1.0,1.0,0.0,2.0,"-20,157275","-44,328721",SPRF-MG,DEL04/MG,UOP03-DEL04-MG
761358,28/03/2026,sábado,11:30:00,MA,135.0,33,BACABEIRA,Condutor Dormindo,Saída de leito carroçável,Com Vítimas Feridas,Pleno dia,Decrescente,Céu Claro,Dupla,Reta,Não,1.0,0.0,0.0,1.0,1.0,0.0,0.0,1.0,"-2,83531","-44,37445",SPRF-MA,DEL01-MA,UOP01-DEL01-MA
761360,28/03/2026,sábado,14:40:00,MA,135.0,95,ITAPECURU MIRIM,Acessar a via sem observar a presença dos outros veículos,Colisão transversal,Com Vítimas Feridas,Pleno dia,Decrescente,Céu Claro,Simples,Reta,Não,2.0,0.0,1.0,0.0,1.0,1.0,0.0,2.0,"-3,33110398","-44,44504945",SPRF-MA,DEL01-MA,UOP02-DEL01-MA
761361,28/03/2026,sábado,17:30:00,PR,116.0,"26,7",CAMPINA GRANDE DO SUL,Problema com o freio,Colisão traseira,Com Vítimas Fatais,Pleno dia,Decrescente,Céu Claro,Dupla,Declive;Curva,Sim,6.0,3.0,1.0,0.0,1.0,1.0,0.0,4.0,"-25,11201","-48,80535",SPRF-PR,DEL01/PR,UOP02-DEL01-PR
761362,28/03/2026,sábado,16:30:00,MG,381.0,"925,1",ITAPEVA,Velocidade Incompatível,Tombamento,Com Vítimas Feridas,Pleno dia,Decrescente,Céu Claro,Dupla,Curva,Não,2.0,0.0,1.0,0.0,1.0,0.0,0.0,2.0,"-22,75184082","-46,20890966",SPRF-MG,DEL16/MG,UOP03-DEL16-MG
761364,28/03/2026,sábado,17:00:00,MG,381.0,939,EXTREMA,Ultrapassagem Indevida,Colisão traseira,Com Vítimas Feridas,Pleno dia,Crescente,Céu Claro,Dupla,Reta;Declive;Interseção de Vias,Sim,3.0,0.0,2.0,0.0,2.0,0.0,0.0,2.0,"-22,81920702","-46,29851013",SPRF-MG,DEL16/MG,UOP03-DEL16-MG
761375,28/03/2026,sábado,15:00:00,RS,285.0,83,BOM JESUS,Ausência de reação do condutor,Colisão com objeto,Sem Vítimas,Pleno dia,Crescente,Céu Claro,Simples,Curva,Não,1.0,0.0,0.0,0.0,0.0,1.0,0.0,1.0,"-28,646893","-50,633225",SPRF-RS,DEL05/RS,UOP03-DEL05-RS
761381,28/03/2026,sábado,17:51:00,PR,153.0,"37,8",SANTO ANTONIO DA PLATINA,Demais falhas mecânicas ou elétricas,Colisão lateral sentido oposto,Com Vítimas Feridas,Pleno dia,Decrescente,Céu Claro,Simples,Reta,Não,6.0,0.0,3.0,0.0,3.0,2.0,0.0,4.0,"-23,26847311","-50,06375313",SPRF-PR,DEL07/PR,UOP04-DEL07-PR
761383,28/03/2026,sábado,19:15:00,MA,316.0,146,NOVA OLINDA DO MARANHAO,Acessar a via sem observar a presença dos outros veículos,Colisão lateral sentido oposto,Sem Vítimas,Plena Noite,Crescente,Céu Claro,Simples,Reta,Sim,2.0,0.0,0.0,0.0,0.0,2.0,0.0,2.0,"-2,9327786","-45,6704185",SPRF-MA,DEL02-MA,UOP02-DEL02-MA
761392,28/03/2026,sábado,19:30:00,MG,251.0,"473,1",FRANCISCO SA,Demais falhas mecânicas ou elétricas,Saída de leito carroçável,Com Vítimas Feridas,Plena Noite,Crescente,Céu Claro,Simples,Declive;Curva,Não,1.0,0.0,1.0,0.0,1.0,0.0,0.0,1.0,"-16,4728159","-43,42525631",SPRF-MG,DEL12/MG,UOP01-DEL12-MG
761396,28/03/2026,sábado,13:40:00,SC,101.0,"111,7",ITAJAI,Demais falhas mecânicas ou elétricas,Incêndio,Sem Vítimas,Pleno dia,Crescente,Sol,Dupla,Reta;Aclive,Não,2.0,0.0,0.0,0.0,0.0,1.0,0.0,2.0,"-26,84471285","-48,71988835",SPRF-SC,DEL04/SC,UOP04-DEL04-SC
761400,28/03/2026,sábado,20:18:00,PR,277.0,176,PALMEIRA,Pedestre cruzava a pista fora da faixa,Atropelamento de Pedestre,Com Vítimas Fatais,Plena Noite,Decrescente,Céu Claro,Simples,Reta,Sim,2.0,1.0,0.0,0.0,0.0,0.0,0.0,2.0,"-25,4342","-50,0009",SPRF-PR,DEL08/PR,UOP02-DEL08-PR
761402,28/03/2026,sábado,20:30:00,RS,285.0,"416,8",PANAMBI,Demais falhas mecânicas ou elétricas,Incêndio,Sem Vítimas,Plena Noite,Crescente,Céu Claro,Simples,Reta,Não,2.0,0.0,0.0,0.0,0.0,1.0,0.0,2.0,"-28,35182218","-53,48800985",SPRF-RS,DEL10/RS,UOP01-DEL10-RS
761411,28/03/2026,sábado,08:30:00,AP,156.0,71,LARANJAL DO JARI,Ausência de reação do condutor,Colisão lateral mesmo sentido,Com Vítimas Fatais,Pleno dia,Decrescente,Céu Claro,Simples,Reta,Não,4.0,1.0,1.0,0.0,1.0,2.0,0.0,4.0,"-0,51075","-52,173514",SPRF-AP,DEL01-AP,UOP01-DEL01-AP
761423,28/03/2026,sábado,19:45:00,PI,316.0,"69,7",MONSENHOR GIL,Demais falhas mecânicas ou elétricas,Incêndio,Sem Vítimas,Plena Noite,Decrescente,Ignorado,Simples,Reta,Não,2.0,0.0,0.0,0.0,0.0,1.0,0.0,2.0,"-5,6156513","-42,6045896",SPRF-PI,DEL01-PI,UOP02-DEL01-PI
761432,28/03/2026,sábado,22:45:00,SC,101.0,"56,7",ARAQUARI,Pedestre cruzava a pista fora da faixa,Colisão com objeto,Com Vítimas Fatais,Plena Noite,Decrescente,Nublado,Múltipla,Reta,Não,2.0,1.0,0.0,0.0,0.0,1.0,0.0,2.0,"-26,43606481","-48,81215779",SPRF-SC,DEL03/SC,UOP01-DEL03-SC
761442,28/03/2026,sábado,23:30:00,MT,364.0,257,JUSCIMEIRA,Ausência de reação do condutor,Colisão traseira,Com Vítimas Feridas,Plena Noite,Decrescente,Ignorado,Dupla,Aclive;Curva,Não,3.0,0.0,0.0,1.0,1.0,1.0,0.0,4.0,"-16,063922","-54,872537",SPRF-MT,DEL02/MT,UOP01-DEL02-MT
761443,29/03/2026,domingo,02:30:00,BA,324.0,524,FEIRA DE SANTANA,Pedestre - Ingestão de álcool/ substâncias psicoativas,Atropelamento de Pedestre,Com Vítimas Feridas,Plena Noite,Decrescente,Nublado,Dupla,Reta;Interseção de Vias,Sim,4.0,0.0,1.0,0.0,1.0,2.0,0.0,3.0,"-12,306062","-38,89063",SPRF-BA,DEL11/BA,UOP02-DEL11-BA
761453,29/03/2026,domingo,04:10:00,MG,381.0,426,SABARA,Condutor Dormindo,Saída de leito carroçável,Com Vítimas Feridas,Plena Noite,Decrescente,Nublado,Simples,Curva;Aclive,Não,1.0,0.0,0.0,1.0,1.0,0.0,0.0,1.0,"-19,787088","-43,710327",SPRF-MG,DEL01/MG,UOP01-DEL01-MG
761456,29/03/2026,domingo,04:15:00,RS,116.0,"36,9",VACARIA,Acessar a via sem observar a presença dos outros veículos,Colisão transversal,Com Vítimas Feridas,Plena Noite,Decrescente,Céu Claro,Simples,Interseção de Vias;Reta,Sim,3.0,0.0,1.0,0.0,1.0,2.0,0.0,2.0,"-28,49839113","-50,91728417",SPRF-RS,DEL05/RS,UOP03-DEL05-RS
761459,29/03/2026,domingo,05:45:00,MG,40.0,"494,4",ESMERALDAS,Condutor Dormindo,Colisão traseira,Com Vítimas Feridas,Amanhecer,Crescente,Céu Claro,Dupla,Reta,Não,4.0,0.0,1.0,1.0,2.0,1.0,0.0,6.0,"-19,657088","-44,198323",SPRF-MG,DEL02/MG,UOP01-DEL02-MG
761460,29/03/2026,domingo,04:30:00,PI,343.0,"335,8",TERESINA,Ausência de reação do condutor,Colisão traseira,Com Vítimas Feridas,Amanhecer,Decrescente,Sol,Múltipla,Reta,Não,5.0,0.0,2.0,0.0,2.0,3.0,0.0,2.0,"-5,062897","-42,703666",SPRF-PI,DEL01-PI,UOP01-DEL01-PI
761466,29/03/2026,domingo,05:22:00,MS,163.0,"224,1",CAARAPO,Retorno proibido,Colisão transversal,Com Vítimas Feridas,Pleno dia,Crescente,Céu Claro,Simples,Reta,Não,3.0,0.0,0.0,2.0,2.0,1.0,0.0,2.0,"-22,50766071","-54,86367345",SPRF-MS,DEL04/MS,UOP02-DEL04-MS
761473,28/03/2026,sábado,16:30:00,PA,10.0,326,SAO MIGUEL DO GUAMA,Reação tardia ou ineficiente do condutor,Tombamento,Sem Vítimas,Pleno dia,Decrescente,Chuva,Simples,Declive;Reta,Não,4.0,0.0,0.0,0.0,0.0,4.0,0.0,2.0,"-1,584288","-47,497718",SPRF-PA,DEL01/PA,UOP02-DEL01-PA
761481,20/03/2026,sexta-feira,09:00:00,PR,376.0,488,PONTA GROSSA,Ausência de reação do condutor,Colisão lateral mesmo sentido,Com Vítimas Feridas,Pleno dia,Decrescente,Nublado,Dupla,Declive;Reta,Sim,2.0,0.0,1.0,0.0,1.0,1.0,0.0,2.0,"-25,12819443","-50,17535302",SPRF-PR,DEL03/PR,UOP03-DEL03-PR
761488,29/03/2026,domingo,09:25:00,SC,101.0,144,ITAPEMA,Condutor deixou de manter distância do veículo da frente,Colisão traseira,Com Vítimas Feridas,Pleno dia,Decrescente,Sol,Dupla,Reta,Não,3.0,0.0,0.0,1.0,1.0,1.0,0.0,3.0,"-27,07784374","-48,59868497",SPRF-SC,DEL04/SC,UOP03-DEL04-SC
761495,29/03/2026,domingo,08:45:00,SC,158.0,102,CUNHA PORA,Velocidade Incompatível,Tombamento,Com Vítimas Feridas,Pleno dia,Crescente,Céu Claro,Simples,Interseção de Vias,Não,2.0,0.0,1.0,0.0,1.0,0.0,0.0,2.0,"-26,8079428","-53,18171248",SPRF-SC,DEL07/SC,UOP02-DEL07-SC
761502,29/03/2026,domingo,10:40:00,GO,452.0,187,ITUMBIARA,Demais falhas mecânicas ou elétricas,Incêndio,Sem Vítimas,Pleno dia,Crescente,Céu Claro,Simples,Reta,Não,1.0,0.0,0.0,0.0,0.0,1.0,0.0,1.0,"-18,38153324","-49,34659392",SPRF-GO,DEL03/GO,UOP02-DEL03-GO
761503,29/03/2026,domingo,09:00:00,RS,158.0,"102,2",PALMEIRA DAS MISSOES,Ausência de reação do condutor,Colisão frontal,Com Vítimas Fatais,Pleno dia,Crescente,Céu Claro,Simples,Curva,Não,3.0,1.0,0.0,0.0,0.0,1.0,0.0,3.0,"-27,916241","-53,335781",SPRF-RS,DEL08/RS,UOP01-DEL08-RS
761505,29/03/2026,domingo,11:28:00,PE,101.0,67,RECIFE,Ultrapassagem Indevida,Colisão lateral mesmo sentido,Com Vítimas Feridas,Pleno dia,Decrescente,Sol,Múltipla,Reta,Sim,5.0,0.0,2.0,0.0,2.0,2.0,0.0,4.0,"-8,046062","-34,944855",SPRF-PE,DEL01/PE,UOP01-DEL01-PE
761508,09/03/2026,segunda-feira,23:15:00,SC,282.0,"315,6",VARGEM,Frear bruscamente,Colisão traseira,Com Vítimas Feridas,Plena Noite,Decrescente,Céu Claro,Simples,Reta;Declive,Não,3.0,0.0,0.0,1.0,1.0,1.0,0.0,3.0,"-27,442932","-51,007825",SPRF-SC,DEL07/SC,UOP06-DEL07-SC
761518,29/03/2026,domingo,14:00:00,SP,153.0,293,OCAUCU,Manobra de mudança de faixa,Eventos atípicos,Com Vítimas Feridas,Pleno dia,Crescente,Céu Claro,Simples,Declive,Não,1.0,0.0,0.0,1.0,1.0,0.0,0.0,1.0,"-22,523","-49,889",SPRF-SP,DEL07/SP,UOP02-DEL07-SP
761519,29/03/2026,domingo,14:00:00,MG,116.0,"688,5",MURIAE,Velocidade Incompatível,Tombamento,Com Vítimas Feridas,Pleno dia,Crescente,Sol,Simples,Declive;Curva,Não,2.0,0.0,1.0,0.0,1.0,0.0,0.0,2.0,"-21,00407362","-42,36757278",SPRF-MG,DEL07/MG,UOP02-DEL07-MG
761526,29/03/2026,domingo,15:20:00,MG,381.0,871,POUSO ALEGRE,Condutor Dormindo,Colisão lateral mesmo sentido,Com Vítimas Feridas,Pleno dia,Crescente,Céu Claro,Dupla,Reta,Sim,4.0,0.0,2.0,0.0,2.0,1.0,0.0,3.0,"-22,396917","-45,959943",SPRF-MG,DEL16/MG,UOP01-DEL16-MG
761534,29/03/2026,domingo,16:05:00,MA,135.0,"225,1",PERITORO,Acessar a via sem observar a presença dos outros veículos,Colisão transversal,Com Vítimas Feridas,Pleno dia,Crescente,Céu Claro,Simples,Reta,Sim,3.0,0.0,0.0,1.0,1.0,1.0,0.0,4.0,"-4,3729418","-44,34191465",SPRF-MA,DEL03-MA,UOP01-DEL03-MA
761539,29/03/2026,domingo,17:10:00,SP,116.0,290,ITAPECERICA DA SERRA,Reação tardia ou ineficiente do condutor,Colisão traseira,Sem Vítimas,Plena Noite,Decrescente,Nublado,Dupla,Reta,Não,3.0,0.0,0.0,0.0,0.0,2.0,0.0,4.0,"-23,721402","-46,886927",SPRF-SP,DEL04/SP,UOP01-DEL04-SP
761540,29/03/2026,domingo,16:00:00,BA,116.0,"499,8",SANTA TERESINHA,Pista Escorregadia,Colisão frontal,Com Vítimas Feridas,Pleno dia,Crescente,Nublado,Simples,Reta,Não,3.0,0.0,1.0,0.0,1.0,1.0,0.0,3.0,"-12,601182","-39,54551339",SPRF-BA,DEL02/BA,UOP01-DEL02-BA
761543,29/03/2026,domingo,17:00:00,MG,40.0,"592,6",ITABIRITO,Velocidade Incompatível,Colisão com objeto,Com Vítimas Feridas,Pleno dia,Decrescente,Nublado,Dupla,Declive;Reta,Não,4.0,0.0,0.0,1.0,1.0,2.0,0.0,3.0,"-20,38031412","-43,907547",SPRF-MG,DEL05/MG,UOP02-DEL05-MG
761546,29/03/2026,domingo,14:40:00,MG,116.0,"557,1",MANHUACU,Ausência de reação do condutor,Colisão frontal,Com Vítimas Feridas,Pleno dia,Decrescente,Chuva,Simples,Declive;Reta,Não,7.0,0.0,2.0,0.0,2.0,4.0,0.0,4.0,"-20,05369052","-42,17524052",SPRF-MG,DEL06/MG,UOP03-DEL06-MG
761553,29/03/2026,domingo,16:57:00,TO,153.0,198,NOVA OLINDA,Reação tardia ou ineficiente do condutor,Colisão traseira,Com Vítimas Feridas,Pleno dia,Decrescente,Céu Claro,Simples,Reta,Sim,2.0,0.0,1.0,0.0,1.0,1.0,0.0,2.0,"-7,63830049","-48,42753975",SPRF-TO,DEL02-TO,UOP01-DEL02-TO
761554,29/03/2026,domingo,17:30:00,PR,163.0,"139,8",CAPITAO LEONIDAS MARQUES,Curva acentuada,Tombamento,Com Vítimas Feridas,Pleno dia,Decrescente,Céu Claro,Simples,Curva,Não,2.0,0.0,1.0,0.0,1.0,0.0,0.0,3.0,"-25,477667","-53,590898",SPRF-PR,DEL05/PR,UOP05-DEL05-PR
761563,29/03/2026,domingo,15:30:00,BA,242.0,200,ITABERABA,Ultrapassagem Indevida,Colisão lateral sentido oposto,Com Vítimas Feridas,Pleno dia,Decrescente,Nublado,Simples,Reta,Não,5.0,0.0,1.0,0.0,1.0,1.0,0.0,11.0,"-12,5205516","-40,04815221",SPRF-BA,DEL06/BA,UOP02-DEL06-BA
761576,29/03/2026,domingo,17:44:00,MS,163.0,719,RIO VERDE DE MATO GROSSO,Ausência de reação do condutor,Saída de leito carroçável,Com Vítimas Feridas,Anoitecer,Crescente,Céu Claro,Simples,Declive;Reta,Não,2.0,0.0,1.0,0.0,1.0,0.0,0.0,2.0,"-18,59438","-54,77225",SPRF-MS,DEL06/MS,UOP01-DEL06-MS
761583,29/03/2026,domingo,19:00:00,PR,116.0,98,SAO JOSE DOS PINHAIS,Ingestão de álcool pelo condutor,Colisão lateral mesmo sentido,Sem Vítimas,Plena Noite,Crescente,Céu Claro,Dupla,Reta,Sim,4.0,0.0,0.0,0.0,0.0,1.0,0.0,4.0,"-25,55402289","-49,14993206",SPRF-PR,DEL01/PR,UOP08-DEL01-PR
761584,29/03/2026,domingo,18:35:00,MG,40.0,"568,5",NOVA LIMA,Trafegar com motocicleta (ou similar) entre as faixas,Colisão lateral sentido oposto,Com Vítimas Feridas,Plena Noite,Crescente,Nublado,Simples,Curva;Aclive,Não,4.0,0.0,0.0,2.0,2.0,1.0,0.0,3.0,"-20,19216606","-43,97162229",SPRF-MG,DEL01/MG,UOP02-DEL01-MG
761593,29/03/2026,domingo,19:00:00,MG,381.0,449,BELO HORIZONTE,Condutor deixou de manter distância do veículo da frente,Colisão traseira,Com Vítimas Feridas,Plena Noite,Decrescente,Nublado,Dupla,Reta,Sim,4.0,0.0,3.0,0.0,3.0,1.0,0.0,2.0,"-19,84537752","-43,88664722",SPRF-MG,DEL01/MG,UOP01-DEL01-MG
761594,28/03/2026,sábado,21:30:00,BA,101.0,612,MASCOTE,Velocidade Incompatível,Tombamento,Com Vítimas Feridas,Plena Noite,Decrescente,Céu Claro,Simples,Curva,Não,2.0,0.0,1.0,0.0,1.0,0.0,0.0,2.0,"-15,59794552","-39,43004374",SPRF-BA,DEL05/BA,UOP02-DEL05-BA
761595,29/03/2026,domingo,20:20:00,GO,60.0,93,ANAPOLIS,Reação tardia ou ineficiente do condutor,Tombamento,Com Vítimas Feridas,Plena Noite,Decrescente,Céu Claro,Simples,Declive;Rotatória;Curva,Não,2.0,0.0,1.0,0.0,1.0,0.0,0.0,2.0,"-16,354944","-48,929756",SPRF-GO,DEL02/GO,UOP01-DEL02-GO
761601,29/03/2026,domingo,20:55:00,PR,376.0,341,ORTIGUEIRA,Manobra de mudança de faixa,Colisão lateral sentido oposto,Sem Vítimas,Plena Noite,Decrescente,Céu Claro,Simples,Reta;Aclive,Não,9.0,0.0,0.0,0.0,0.0,7.0,0.0,5.0,"-24,15731","-50,97319",SPRF-PR,DEL07/PR,UOP02-DEL07-PR
761604,29/03/2026,domingo,18:20:00,MA,230.0,"422,9",BALSAS,Ultrapassagem Indevida,Colisão frontal,Com Vítimas Fatais,Anoitecer,Decrescente,Céu Claro,Simples,Reta,Não,6.0,1.0,3.0,1.0,4.0,1.0,0.0,4.0,"-7,470052","-46,203372",SPRF-MA,DEL05-MA,UOP01-DEL05-MA
761612,29/03/2026,domingo,21:30:00,MG,50.0,"26,8",ARAGUARI,Ausência de reação do condutor,Colisão traseira,Com Vítimas Feridas,Plena Noite,Crescente,Céu Claro,Dupla,Reta;Declive,Não,4.0,0.0,1.0,0.0,1.0,2.0,0.0,3.0,"-18,610853","-48,075416",SPRF-MG,DEL15/MG,UOP02-DEL15-MG
761620,29/03/2026,domingo,22:40:00,PR,373.0,174,PONTA GROSSA,Ingestão de álcool pelo condutor,Colisão frontal,Sem Vítimas,Plena Noite,Crescente,Ignorado,Dupla,Curva,Sim,2.0,0.0,0.0,0.0,0.0,1.0,0.0,2.0,"-25,065273","-50,212887",SPRF-PR,DEL03/PR,UOP01-DEL03-PR
761623,29/03/2026,domingo,19:15:00,PR,373.0,412,CANDOI,Acessar a via sem observar a presença dos outros veículos,Colisão transversal,Com Vítimas Feridas,Plena Noite,Crescente,Céu Claro,Simples,Reta,Não,3.0,0.0,0.0,1.0,1.0,1.0,0.0,5.0,"-25,65406095","-52,11223125",SPRF-PR,DEL08/PR,UOP01-DEL08-PR
761626,29/03/2026,domingo,23:12:00,TO,153.0,178,ARAGUAINA,Demais falhas mecânicas ou elétricas,Incêndio,Sem Vítimas,Plena Noite,Decrescente,Céu Claro,Simples,Reta,Não,2.0,0.0,0.0,0.0,0.0,1.0,0.0,3.0,"-7,47478259","-48,37673712",SPRF-TO,DEL02-TO,UOP01-DEL02-TO
761633,29/03/2026,domingo,23:55:00,CE,20.0,382,CAUCAIA,Transitar na contramão,Colisão frontal,Com Vítimas Fatais,Plena Noite,Crescente,Céu Claro,Simples,Reta,Não,3.0,1.0,0.0,0.0,0.0,1.0,0.0,3.0,"-3,897967","-38,838927",SPRF-CE,DEL01/CE,UOP01-DEL01-CE
761644,30/03/2026,segunda-feira,00:10:00,MG,381.0,"421,5",CAETE,Reação tardia ou ineficiente do condutor,Colisão traseira,Com Vítimas Feridas,Plena Noite,Crescente,Céu Claro,Dupla,Aclive;Reta,Não,3.0,0.0,0.0,1.0,1.0,1.0,0.0,3.0,"-19,79546541","-43,67607303",SPRF-MG,DEL01/MG,UOP01-DEL01-MG
761649,30/03/2026,segunda-feira,04:30:00,RJ,101.0,67,CAMPOS DOS GOYTACAZES,Manobra de mudança de faixa,Colisão frontal,Com Vítimas Feridas,Amanhecer,Decrescente,Nevoeiro/Neblina,Simples,Reta,Sim,2.0,0.0,1.0,0.0,1.0,1.0,0.0,2.0,"-21,77308029","-41,35933959",SPRF-RJ,DEL08/RJ,UOP02-DEL08-RJ
761656,30/03/2026,segunda-feira,04:30:00,PA,163.0,74,ALTAMIRA,Ausência de reação do condutor,Colisão traseira,Com Vítimas Feridas,Plena Noite,Crescente,Céu Claro,Simples,Reta,Não,3.0,0.0,1.0,0.0,1.0,1.0,0.0,6.0,"-8,9714","-54,9796",SPRF-MT,DEL06/MT,UOP03-DEL06-MT
761658,30/03/2026,segunda-feira,06:00:00,SP,381.0,88,SAO PAULO,Manobra de mudança de faixa,Colisão lateral mesmo sentido,Sem Vítimas,Pleno dia,Crescente,Céu Claro,Dupla,Reta,Sim,2.0,0.0,0.0,0.0,0.0,1.0,0.0,2.0,"-23,4319444","-46,575825",SPRF-SP,DEL03/SP,UOP01-DEL03-SP
761659,30/03/2026,segunda-feira,05:00:00,MG,381.0,"889,3",CAMBUI,Condutor Dormindo,Atropelamento de Pedestre,Com Vítimas Fatais,Plena Noite,Decrescente,Ignorado,Dupla,Curva,Não,2.0,1.0,0.0,0.0,0.0,0.0,0.0,2.0,"-22,53354392","-46,03338754",SPRF-MG,DEL16/MG,UOP01-DEL16-MG
761662,29/03/2026,domingo,15:00:00,PR,153.0,125,IBAITI,Velocidade Incompatível,Tombamento,Com Vítimas Feridas,Pleno dia,Decrescente,Céu Claro,Simples,Curva;Aclive,Não,2.0,0.0,1.0,0.0,1.0,0.0,0.0,4.0,"-23,967365","-50,235083",SPRF-PR,DEL07/PR,UOP04-DEL07-PR
761663,30/03/2026,segunda-feira,05:35:00,PR,277.0,"8,9",PARANAGUA,Ausência de reação do condutor,Saída de leito carroçável,Com Vítimas Feridas,Pleno dia,Decrescente,Céu Claro,Dupla,Reta;Aclive,Não,2.0,0.0,1.0,0.0,1.0,0.0,0.0,4.0,"-25,566403","-48,605812",SPRF-PR,DEL01/PR,UOP05-DEL01-PR
761667,30/03/2026,segunda-feira,01:55:00,BA,116.0,274,TUCANO,Demais Fenômenos da natureza,Atropelamento de Pedestre,Com Vítimas Fatais,Plena Noite,Decrescente,Chuva,Simples,Aclive;Curva,Sim,2.0,1.0,0.0,0.0,0.0,0.0,0.0,2.0,"-10,969595","-38,790913",SPRF-BA,DEL07/BA,UOP02-DEL07-BA
761675,29/03/2026,domingo,22:10:00,MG,40.0,19,PARACATU,Ausência de reação do condutor,Colisão lateral sentido oposto,Sem Vítimas,Plena Noite,Decrescente,Céu Claro,Simples,Curva,Não,2.0,0.0,0.0,0.0,0.0,2.0,0.0,2.0,"-17,10842562","-47,0178787",SPRF-MG,DEL14/MG,UOP01-DEL14-MG
761678,30/03/2026,segunda-feira,07:30:00,PE,101.0,"74,7",RECIFE,Manobra de mudança de faixa,Colisão lateral mesmo sentido,Com Vítimas Feridas,Pleno dia,Decrescente,Céu Claro,Dupla,Reta,Sim,4.0,0.0,1.0,0.0,1.0,2.0,0.0,3.0,"-8,08679505","-34,94631886",SPRF-PE,DEL01/PE,UOP01-DEL01-PE
761680,30/03/2026,segunda-feira,07:00:00,PR,277.0,"580,9",CASCAVEL,Desrespeitar a preferência no cruzamento,Colisão transversal,Com Vítimas Feridas,Pleno dia,Decrescente,Sol,Dupla,Reta;Retorno Regulamentado,Não,5.0,0.0,3.0,0.0,3.0,1.0,0.0,4.0,"-24,9831158","-53,35676048",SPRF-PR,DEL04/PR,UOP01-DEL04-PR
761681,30/03/2026,segunda-feira,06:30:00,SP,116.0,143,SAO JOSE DOS CAMPOS,Ausência de reação do condutor,Engavetamento,Com Vítimas Feridas,Pleno dia,Decrescente,Nublado,Dupla,Reta,Não,3.0,0.0,1.0,0.0,1.0,0.0,0.0,3.0,"-23,1767155","-45,8340128",SPRF-SP,DEL02/SP,UOP01-DEL02-SP
761687,02/03/2026,segunda-feira,19:30:00,BA,116.0,"796,3",VITORIA DA CONQUISTA,Reação tardia ou ineficiente do condutor,Colisão traseira,Com Vítimas Feridas,Plena Noite,Crescente,Nevoeiro/Neblina,Simples,Reta,Não,6.0,0.0,2.0,2.0,4.0,2.0,0.0,2.0,"-14,731218","-40,641182",SPRF-BA,DEL08/BA,UOP02-DEL08-BA
761696,30/03/2026,segunda-feira,00:39:00,PA,163.0,484,ITAITUBA,Reação tardia ou ineficiente do condutor,Tombamento,Sem Vítimas,Plena Noite,Crescente,Céu Claro,Simples,Declive;Reta,Não,1.0,0.0,0.0,0.0,0.0,0.0,1.0,1.0,"-5,643904","-55,79045",SPRF-PA,DEL05/PA,UOP03-DEL05-PA