id,data_inversa,dia_semana,horario,uf,br,km,municipio,causa_acidente,tipo_acidente,classificacao_acidente,fase_dia,sentido_via,condicao_metereologica,tipo_pista,tracado_via,uso_solo,pessoas,mortos,feridos_leves,feridos_graves,feridos,ilesos,ignorados,veiculos,latitude,longitude,regional,delegacia,uop
761972,23/03/2026,segunda-feira,16:50:00,PR,277.0,"596,4",CASCAVEL,Ausência de reação do condutor,Tombamento,Sem Vítimas,Pleno dia,Decrescente,Céu Claro,Simples,Declive;Interseção de Vias,Sim,2.0,0.0,0.0,0.0,0.0,1.0,0.0,2.0,"-24,97970761","-53,49385975",SPRF-PR,DEL04/PR,UOP01-DEL04-PR
761974,10/01/2026,sábado,08:29:00,PI,343.0,166,BRASILEIRA,Acessar a via sem observar a presença dos outros veículos,Colisão transversal,Com Vítimas Feridas,Pleno dia,Decrescente,Céu Claro,Simples,Reta,Sim,2.0,0.0,0.0,1.0,1.0,0.0,0.0,2.0,"-4,12660046","-41,78375244",SPRF-PI,DEL02-PI,UOP01-DEL02-PI
761981,31/03/2026,terça-feira,15:45:00,SP,116.0,125,CACAPAVA,Mal súbito do condutor,Colisão com objeto,Com Vítimas Feridas,Pleno dia,Decrescente,Céu Claro,Dupla,Reta,Não,2.0,0.0,1.0,0.0,1.0,0.0,0.0,2.0,"-23,10696308","-45,69772303",SPRF-SP,DEL02/SP,UOP02-DEL02-SP
761982,31/03/2026,terça-feira,14:50:00,MT,364.0,336,SANTO ANTONIO DO LEVERGER,Ausência de reação do condutor,Colisão traseira,Com Vítimas Feridas,Pleno dia,Crescente,Chuva,Dupla,Reta,Não,4.0,0.0,0.0,1.0,1.0,2.0,0.0,3.0,"-15,83598078","-55,48130035",SPRF-MT,DEL05/MT,UOP02-DEL05-MT
761986,31/03/2026,terça-feira,15:40:00,PR,153.0,"350,1",REBOUCAS,Ultrapassagem Indevida,Colisão lateral mesmo sentido,Com Vítimas Feridas,Pleno dia,Decrescente,Garoa/Chuvisco,Simples,Ponte;Reta,Não,5.0,0.0,2.0,0.0,2.0,2.0,0.0,4.0,"-25,63162158","-50,72662354",SPRF-PR,DEL08/PR,UOP02-DEL08-PR
761996,31/03/2026,terça-feira,14:00:00,AC,364.0,123,RIO BRANCO,Acessar a via sem observar a presença dos outros veículos,Colisão transversal,Com Vítimas Feridas,Pleno dia,Crescente,Sol,Dupla,Reta,Sim,3.0,0.0,1.0,0.0,1.0,2.0,0.0,2.0,"-10,011676","-67,784595",SPRF-AC,DEL01-AC,UOP01-DEL01-AC
761999,22/02/2026,domingo,21:21:00,SC,101.0,93,BARRA VELHA,Ausência de reação do condutor,Colisão traseira,Com Vítimas Feridas,Plena Noite,Crescente,Nublado,Dupla,Reta,Não,4.0,0.0,2.0,0.0,2.0,1.0,0.0,3.0,"-26,701931","-48,699475",SPRF-SC,DEL03/SC,UOP02-DEL03-SC
762000,31/03/2026,terça-feira,17:20:00,MG,381.0,484,BETIM,Ausência de reação do condutor,Engavetamento,Com Vítimas Feridas,Anoitecer,Decrescente,Nublado,Dupla,Aclive;Reta,Não,4.0,0.0,1.0,0.0,1.0,1.0,0.0,4.0,"-19,95955851","-44,08846585",SPRF-MG,DEL01/MG,UOP03-DEL01-MG
762017,31/03/2026,terça-feira,17:00:00,PR,376.0,424,TIBAGI,Demais falhas mecânicas ou elétricas,Incêndio,Sem Vítimas,Anoitecer,Decrescente,Céu Claro,Dupla,Aclive,Não,2.0,0.0,0.0,0.0,0.0,1.0,0.0,2.0,"-24,736483","-50,537187",SPRF-PR,DEL03/PR,UOP02-DEL03-PR
762030,31/03/2026,terça-feira,19:15:00,SC,282.0,63,RANCHO QUEIMADO,Condutor deixou de manter distância do veículo da frente,Colisão traseira,Sem Vítimas,Plena Noite,Crescente,Céu Claro,Simples,Curva,Não,3.0,0.0,0.0,0.0,0.0,3.0,0.0,2.0,"-27,696732","-49,047618",SPRF-SC,DEL01/SC,UOP03-DEL01-SC
762035,31/03/2026,terça-feira,18:30:00,SC,101.0,"101,4",BALNEARIO PICARRAS,Manobra de mudança de faixa,Colisão lateral mesmo sentido,Sem Vítimas,Plena Noite,Decrescente,Céu Claro,Múltipla,Declive,Não,3.0,0.0,0.0,0.0,0.0,2.0,0.0,4.0,"-26,76944016","-48,68605105",SPRF-SC,DEL03/SC,UOP02-DEL03-SC
762039,31/03/2026,terça-feira,19:30:00,RS,386.0,"412,1",MONTENEGRO,Transitar na contramão,Saída de leito carroçável,Com Vítimas Fatais,Plena Noite,Decrescente,Céu Claro,Dupla,Reta,Não,4.0,2.0,0.0,0.0,0.0,1.0,0.0,3.0,"-29,81162","-51,49606",SPRF-RS,DEL04/RS,UOP02-DEL04-RS
762041,31/03/2026,terça-feira,19:20:00,MG,40.0,"526,5",CONTAGEM,Reação tardia ou ineficiente do condutor,Colisão traseira,Com Vítimas Feridas,Plena Noite,Decrescente,Chuva,Múltipla,Declive;Reta,Sim,6.0,0.0,2.0,0.0,2.0,2.0,0.0,4.0,"-19,8960427","-44,0493278",SPRF-MG,DEL01/MG,UOP02-DEL01-MG
762043,31/03/2026,terça-feira,19:40:00,MG,381.0,516,IGARAPE,Ausência de reação do condutor,Colisão traseira,Com Vítimas Feridas,Plena Noite,Decrescente,Chuva,Dupla,Curva,Não,2.0,0.0,1.0,0.0,1.0,0.0,0.0,2.0,"-20,1033524","-44,3187887",SPRF-MG,DEL01/MG,UOP03-DEL01-MG
762047,31/03/2026,terça-feira,19:40:00,PA,316.0,58,CASTANHAL,Reação tardia ou ineficiente do condutor,Saída de leito carroçável,Sem Vítimas,Plena Noite,Decrescente,Garoa/Chuvisco,Dupla,Declive;Reta,Sim,1.0,0.0,0.0,0.0,0.0,1.0,0.0,1.0,"-1,29914","-47,96388",SPRF-PA,DEL01/PA,UOP01-DEL01-PA
762054,31/03/2026,terça-feira,15:20:00,SC,280.0,"195,7",MAFRA,Ausência de reação do condutor,Colisão frontal,Com Vítimas Fatais,Pleno dia,Decrescente,Garoa/Chuvisco,Simples,Curva,Não,3.0,1.0,0.0,0.0,0.0,1.0,0.0,4.0,"-26,175097","-50,031181",SPRF-SC,DEL06/SC,UOP01-DEL06-SC
762056,31/03/2026,terça-feira,18:00:00,MT,163.0,587,NOVA MUTUM,Velocidade Incompatível,Colisão com objeto,Sem Vítimas,Anoitecer,Decrescente,Céu Claro,Múltipla,Reta,Não,2.0,0.0,0.0,0.0,0.0,1.0,0.0,4.0,"-13,919931","-56,093442",SPRF-MT,DEL01/MT,UOP01-DEL01-MT
762062,31/03/2026,terça-feira,17:15:00,RJ,393.0,165,TRES RIOS,Velocidade Incompatível,Colisão frontal,Com Vítimas Fatais,Plena Noite,Decrescente,Chuva,Simples,Curva,Não,3.0,1.0,0.0,0.0,0.0,1.0,0.0,3.0,"-22,126316","-43,14261746",SPRF-RJ,DEL05/RJ,UOP01-DEL05-RJ
762064,31/03/2026,terça-feira,18:30:00,PR,277.0,322,GUARAPUAVA,Ausência de reação do condutor,Saída de leito carroçável,Sem Vítimas,Anoitecer,Decrescente,Céu Claro,Simples,Reta,Não,2.0,0.0,0.0,0.0,0.0,0.0,1.0,2.0,"-25,35974","-51,24034",SPRF-PR,DEL08/PR,UOP01-DEL08-PR
762065,31/03/2026,terça-feira,23:20:00,SC,101.0,"131,4",CAMBORIU,Ingestão de álcool pelo condutor,Colisão frontal,Com Vítimas Feridas,Plena Noite,Crescente,Céu Claro,Múltipla,Reta,Sim,2.0,0.0,0.0,1.0,1.0,1.0,0.0,2.0,"-26,9935495","-48,6607722",SPRF-SC,DEL04/SC,UOP03-DEL04-SC
762072,01/04/2026,quarta-feira,01:10:00,MT,70.0,284,PRIMAVERA DO LESTE,Ingestão de álcool pelo condutor,Colisão frontal,Sem Vítimas,Plena Noite,Crescente,Céu Claro,Simples,Reta,Sim,2.0,0.0,0.0,0.0,0.0,2.0,0.0,2.0,"-15,574572","-54,336007",SPRF-MT,DEL05/MT,UOP01-DEL05-MT
762075,31/03/2026,terça-feira,21:00:00,MT,364.0,369,SANTO ANTONIO DO LEVERGER,Manobra de mudança de faixa,Colisão traseira,Com Vítimas Fatais,Plena Noite,Crescente,Céu Claro,Dupla,Reta,Não,3.0,1.0,0.0,0.0,0.0,1.0,0.0,3.0,"-15,71187639","-55,6968627",SPRF-MT,DEL01/MT,UOP02-DEL01-MT
762077,01/04/2026,quarta-feira,03:55:00,GO,153.0,196,URUACU,Reação tardia ou ineficiente do condutor,Colisão frontal,Com Vítimas Feridas,Plena Noite,Decrescente,Céu Claro,Simples,Reta,Não,4.0,0.0,2.0,0.0,2.0,2.0,0.0,2.0,"-14,47457482","-49,15626526",SPRF-GO,DEL07/GO,UOP02-DEL07-GO
762078,01/04/2026,quarta-feira,01:00:00,MT,364.0,142,PEDRA PRETA,Demais falhas na via,Saída de leito carroçável,Com Vítimas Feridas,Plena Noite,Decrescente,Céu Claro,Simples,Curva;Aclive,Não,2.0,0.0,1.0,0.0,1.0,0.0,0.0,2.0,"-16,78291","-54,220853",SPRF-MT,DEL02/MT,UOP01-DEL02-MT
762079,01/04/2026,quarta-feira,05:05:00,MG,381.0,"705,7",LAVRAS,Reação tardia ou ineficiente do condutor,Tombamento,Com Vítimas Feridas,Amanhecer,Decrescente,Nublado,Dupla,Declive;Curva,Não,2.0,0.0,1.0,0.0,1.0,0.0,0.0,2.0,"-21,31770156","-45,16762108",SPRF-MG,DEL04/MG,UOP02-DEL04-MG
762083,23/02/2026,segunda-feira,08:40:00,ES,101.0,"287,3",CARIACICA,Condutor deixou de manter distância do veículo da frente,Colisão traseira,Com Vítimas Feridas,Pleno dia,Decrescente,Céu Claro,Múltipla,Reta,Não,4.0,0.0,1.0,0.0,1.0,2.0,0.0,4.0,"-20,266672","-40,386091",SPRF-ES,DEL01-ES,UOP01-DEL01-ES
762090,01/04/2026,quarta-feira,05:50:00,GO,153.0,318,RIANAPOLIS,Entrada inopinada do pedestre,Atropelamento de Pedestre,Com Vítimas Fatais,Amanhecer,Decrescente,Céu Claro,Dupla,Reta,Sim,2.0,1.0,0.0,0.0,0.0,0.0,0.0,2.0,"-15,450508","-49,504407",SPRF-GO,DEL02/GO,UOP02-DEL02-GO
762092,01/04/2026,quarta-feira,05:30:00,PR,376.0,340,ORTIGUEIRA,Velocidade Incompatível,Tombamento,Com Vítimas Feridas,Plena Noite,Crescente,Nublado,Simples,Curva,Não,1.0,0.0,0.0,1.0,1.0,0.0,0.0,1.0,"-24,15668523","-50,97445428",SPRF-PR,DEL07/PR,UOP02-DEL07-PR
762094,01/04/2026,quarta-feira,04:55:00,MG,262.0,"744,7",SACRAMENTO,Ausência de reação do condutor,Colisão frontal,Com Vítimas Feridas,Amanhecer,Crescente,Céu Claro,Simples,Reta,Não,2.0,0.0,0.0,1.0,1.0,1.0,0.0,2.0,"-19,653427","-47,553592",SPRF-MG,DEL08/MG,UOP01-DEL08-MG
762096,01/04/2026,quarta-feira,06:30:00,MG,40.0,"636,7",CONSELHEIRO LAFAIETE,Suicídio (presumido),Colisão frontal,Com Vítimas Feridas,Pleno dia,Decrescente,Céu Claro,Simples,Reta,Sim,2.0,0.0,1.0,0.0,1.0,0.0,0.0,2.0,"-20,70716","-43,79298",SPRF-MG,DEL05/MG,UOP02-DEL05-MG
762097,01/04/2026,quarta-feira,04:00:00,MG,262.0,"146,1",RIO CASCA,Velocidade Incompatível,Colisão frontal,Com Vítimas Fatais,Amanhecer,Crescente,Chuva,Simples,Declive,Não,5.0,3.0,0.0,1.0,1.0,1.0,0.0,2.0,"-20,0308326","-42,73998611",SPRF-MG,DEL03/MG,UOP03-DEL03-MG
762098,01/04/2026,quarta-feira,06:15:00,PE,101.0,"30,7",ITAPISSUMA,Ausência de reação do condutor,Colisão traseira,Com Vítimas Feridas,Pleno dia,Decrescente,Chuva,Dupla,Curva;Aclive,Não,3.0,0.0,2.0,0.0,2.0,0.0,0.0,3.0,"-7,74110145","-34,94285703",SPRF-PE,DEL01/PE,UOP02-DEL01-PE
762099,01/04/2026,quarta-feira,07:00:00,PR,369.0,"152,7",LONDRINA,Condutor deixou de manter distância do veículo da frente,Colisão lateral mesmo sentido,Com Vítimas Feridas,Pleno dia,Crescente,Céu Claro,Dupla,Curva,Sim,4.0,0.0,2.0,0.0,2.0,2.0,0.0,2.0,"-23,29331287","-51,18692128",SPRF-PR,DEL07/PR,UOP01-DEL07-PR
762104,01/04/2026,quarta-feira,07:15:00,MG,381.0,"627,1",OLIVEIRA,Ingestão de álcool pelo condutor,Saída de leito carroçável,Sem Vítimas,Pleno dia,Decrescente,Céu Claro,Dupla,Declive;Curva,Não,2.0,0.0,0.0,0.0,0.0,1.0,0.0,2.0,"-20,81569224","-44,7924764",SPRF-MG,DEL04/MG,UOP01-DEL04-MG
762109,01/04/2026,quarta-feira,04:30:00,SC,470.0,136,RIO DO SUL,Pedestre andava na pista,Atropelamento de Pedestre,Com Vítimas Feridas,Plena Noite,Decrescente,Céu Claro,Simples,Reta,Não,2.0,0.0,1.0,0.0,1.0,1.0,0.0,2.0,"-27,21277972","-49,64574695",SPRF-SC,DEL04/SC,UOP02-DEL04-SC
762111,01/04/2026,quarta-feira,07:50:00,GO,153.0,"436,3",ANAPOLIS,Trafegar com motocicleta (ou similar) entre as faixas,Colisão lateral mesmo sentido,Com Vítimas Feridas,Pleno dia,Decrescente,Céu Claro,Simples,Curva,Sim,3.0,0.0,0.0,1.0,1.0,1.0,0.0,5.0,"-16,296742","-48,929748",SPRF-GO,DEL02/GO,UOP01-DEL02-GO
762112,16/03/2026,segunda-feira,06:40:00,BA,324.0,622,SALVADOR,Condutor deixou de manter distância do veículo da frente,Tombamento,Sem Vítimas,Pleno dia,Crescente,Céu Claro,Dupla,Reta,Sim,4.0,0.0,0.0,0.0,0.0,2.0,0.0,3.0,"-12,929689","-38,46975",SPRF-BA,DEL01/BA,UOP01-DEL01-BA
762113,01/04/2026,quarta-feira,08:15:00,ES,101.0,283,CARIACICA,Pedestre cruzava a pista fora da faixa,Colisão lateral mesmo sentido,Com Vítimas Feridas,Pleno dia,Crescente,Sol,Dupla,Declive;Reta,Sim,4.0,0.0,2.0,0.0,2.0,1.0,0.0,4.0,"-20,320794","-40,396014",SPRF-ES,DEL01-ES,UOP01-DEL01-ES
762117,01/04/2026,quarta-feira,07:30:00,PR,369.0,"358,3",CAMPO MOURAO,Reação tardia ou ineficiente do condutor,Colisão frontal,Com Vítimas Feridas,Pleno dia,Crescente,Céu Claro,Simples,Reta,Não,3.0,0.0,1.0,0.0,1.0,1.0,0.0,3.0,"-24,16736798","-52,4875199",SPRF-PR,DEL09/PR,UOP03-DEL09-PR
762119,01/04/2026,quarta-feira,04:19:00,MG,381.0,"532,7",ITATIAIUCU,Velocidade Incompatível,Saída de leito carroçável,Com Vítimas Feridas,Plena Noite,Crescente,Chuva,Dupla,Curva,Não,2.0,0.0,1.0,0.0,1.0,0.0,0.0,2.0,"-20,16517761","-44,36741576",SPRF-MG,DEL04/MG,UOP03-DEL04-MG
762120,01/04/2026,quarta-feira,08:45:00,MG,40.0,"436,9",PARAOPEBA,Condutor deixou de manter distância do veículo da frente,Colisão traseira,Com Vítimas Feridas,Pleno dia,Decrescente,Céu Claro,Dupla,Reta,Não,2.0,0.0,0.0,1.0,1.0,1.0,0.0,2.0,"-19,22996357","-44,43705589",SPRF-MG,DEL02/MG,UOP01-DEL02-MG
762121,01/04/2026,quarta-feira,08:40:00,RS,392.0,"649,2",GUARANI DAS MISSOES,Manobra de mudança de faixa,Colisão lateral mesmo sentido,Com Vítimas Feridas,Pleno dia,Decrescente,Sol,Simples,Aclive;Curva,Não,2.0,0.0,1.0,0.0,1.0,1.0,0.0,2.0,"-28,13063856","-54,61510554",SPRF-RS,DEL10/RS,UOP01-DEL10-RS
762124,01/04/2026,quarta-feira,09:15:00,SC,101.0,32,JOINVILLE,Carga excessiva e/ou mal acondicionada,Derramamento de carga,Sem Vítimas,Pleno dia,Decrescente,Céu Claro,Dupla,Curva;Viaduto,Não,3.0,0.0,0.0,0.0,0.0,2.0,0.0,3.0,"-26,24868527","-48,90961854",SPRF-SC,DEL03/SC,UOP01-DEL03-SC
762125,01/04/2026,quarta-feira,08:00:00,DF,251.0,10,BRASILIA,Velocidade Incompatível,Tombamento,Com Vítimas Feridas,Pleno dia,Decrescente,Céu Claro,Simples,Rotatória,Não,2.0,0.0,0.0,1.0,1.0,0.0,0.0,2.0,"-15,93167903","-47,55465858",SPRF-DF,DEL01-DF,UOP01-DEL01-DF
762128,01/04/2026,quarta-feira,07:42:00,CE,222.0,298,TIANGUA,Demais falhas mecânicas ou elétricas,Colisão frontal,Sem Vítimas,Pleno dia,Crescente,Nublado,Simples,Declive;Curva,Não,5.0,0.0,0.0,0.0,0.0,3.0,0.0,6.0,"-3,65033679","-40,9292206",SPRF-CE,DEL04/CE,UOP02-DEL04-CE
762133,01/04/2026,quarta-feira,08:00:00,MG,381.0,479,CONTAGEM,Manobra de mudança de faixa,Colisão lateral mesmo sentido,Com Vítimas Feridas,Pleno dia,Crescente,Céu Claro,Múltipla,Curva;Declive,Sim,5.0,0.0,1.0,1.0,2.0,2.0,0.0,4.0,"-19,96418","-44,04578",SPRF-MG,DEL01/MG,UOP03-DEL01-MG
762135,01/04/2026,quarta-feira,10:20:00,CE,116.0,17,EUSEBIO,Ausência de reação do condutor,Colisão traseira,Com Vítimas Feridas,Pleno dia,Crescente,Nublado,Dupla,Reta,Sim,2.0,0.0,1.0,0.0,1.0,1.0,0.0,2.0,"-3,9136746","-38,5065372",SPRF-CE,DEL01/CE,UOP02-DEL01-CE
762140,01/04/2026,quarta-feira,10:22:00,SC,101.0,220,PALHOCA,Ausência de reação do condutor,Colisão com objeto,Sem Vítimas,Pleno dia,Decrescente,Céu Claro,Simples,Reta,Não,2.0,0.0,0.0,0.0,0.0,1.0,0.0,2.0,"-27,69515","-48,66227",SPRF-SC,DEL01/SC,UOP02-DEL01-SC
762142,01/04/2026,quarta-feira,09:50:00,MT,70.0,"2,3",BARRA DO GARCAS,Ultrapassagem Indevida,Colisão lateral mesmo sentido,Com Vítimas Feridas,Pleno dia,Crescente,Sol,Simples,Reta;Interseção de Vias,Sim,2.0,0.0,1.0,0.0,1.0,1.0,0.0,2.0,"-15,87237352","-52,38551395",SPRF-MT,DEL07/MT,UOP01-DEL07-MT
762144,01/04/2026,quarta-feira,10:55:00,RS,386.0,"324,5",MARQUES DE SOUZA,Demais falhas mecânicas ou elétricas,Colisão com objeto,Com Vítimas Feridas,Pleno dia,Decrescente,Sol,Simples,Aclive;Curva,Não,3.0,0.0,1.0,0.0,1.0,1.0,0.0,3.0,"-29,314887","-52,104427",SPRF-RS,DEL04/RS,UOP01-DEL04-RS
762145,01/04/2026,quarta-feira,11:10:00,DF,251.0,42,BRASILIA,Avarias e/ou desgaste excessivo no pneu,Saída de leito carroçável,Com Vítimas Feridas,Pleno dia,Crescente,Chuva,Dupla,Curva;Rotatória,Não,3.0,0.0,3.0,0.0,3.0,0.0,0.0,1.0,"-15,938529","-47,828075",SPRF-DF,DEL01-DF,UOP01-DEL01-DF
762151,01/04/2026,quarta-feira,09:30:00,MT,163.0,721,SORRISO,Transitar na contramão,Colisão frontal,Com Vítimas Feridas,Pleno dia,Decrescente,Céu Claro,Simples,Reta,Não,2.0,0.0,0.0,1.0,1.0,1.0,0.0,2.0,"-12,79396589","-55,83545777",SPRF-MT,DEL06/MT,UOP01-DEL06-MT
762155,01/04/2026,quarta-feira,12:06:00,SP,116.0,226,GUARULHOS,Reação tardia ou ineficiente do condutor,Colisão lateral mesmo sentido,Com Vítimas Feridas,Pleno dia,Decrescente,Céu Claro,Múltipla,Reta,Sim,2.0,0.0,1.0,0.0,1.0,0.0,0.0,2.0,"-23,49147726","-46,54902077",SPRF-SP,DEL01/SP,UOP01-DEL01-SP
762156,01/04/2026,quarta-feira,12:20:00,SC,101.0,"25,8",JOINVILLE,Reação tardia ou ineficiente do condutor,Colisão lateral mesmo sentido,Com Vítimas Feridas,Pleno dia,Crescente,Céu Claro,Dupla,Reta,Sim,2.0,0.0,1.0,0.0,1.0,1.0,0.0,2.0,"-26,1905392","-48,91205398",SPRF-SC,DEL03/SC,UOP01-DEL03-SC
762157,01/04/2026,quarta-feira,07:30:00,BA,349.0,1109,CORRENTINA,Manobra de mudança de faixa,Colisão frontal,Com Vítimas Fatais,Pleno dia,Decrescente,Céu Claro,Simples,Reta,Não,2.0,1.0,0.0,0.0,0.0,1.0,0.0,2.0,"-13,7973","-46,12981",SPRF-BA,DEL10/BA,UOP02-DEL10-BA
762164,01/04/2026,quarta-feira,09:50:00,SC,101.0,"233,3",PALHOCA,Condutor deixou de manter distância do veículo da frente,Engavetamento,Com Vítimas Feridas,Pleno dia,Decrescente,Céu Claro,Múltipla,Aclive,Sim,5.0,0.0,1.0,0.0,1.0,3.0,0.0,4.0,"-27,80944292","-48,63681491",SPRF-SC,DEL01/SC,UOP02-DEL01-SC
762170,20/03/2026,sexta-feira,19:50:00,MG,40.0,584,ITABIRITO,Condutor deixou de manter distância do veículo da frente,Colisão traseira,Com Vítimas Fatais,Plena Noite,Crescente,Chuva,Simples,Curva,Não,5.0,1.0,1.0,0.0,1.0,3.0,0.0,4.0,"-20,32443141","-43,93075943",SPRF-MG,DEL01/MG,UOP02-DEL01-MG
762174,22/03/2026,domingo,07:45:00,MT,163.0,937,ITAUBA,Transitar na contramão,Colisão frontal,Com Vítimas Fatais,Pleno dia,Decrescente,Céu Claro,Simples,Curva,Não,4.0,1.0,0.0,1.0,1.0,1.0,0.0,5.0,"-10,995675","-55,24294667",SPRF-MT,DEL06/MT,UOP02-DEL06-MT
762177,01/04/2026,quarta-feira,13:00:00,SP,116.0,308,SAO LOURENCO DA SERRA,Pedestre cruzava a pista fora da faixa,Atropelamento de Pedestre,Com Vítimas Fatais,Pleno dia,Crescente,Céu Claro,Dupla,Curva,Não,7.0,1.0,0.0,0.0,0.0,5.0,0.0,6.0,"-23,85587897","-46,94076037",SPRF-SP,DEL04/SP,UOP01-DEL04-SP
762178,01/04/2026,quarta-feira,06:50:00,MG,40.0,"121,5",JOAO PINHEIRO,Pista Escorregadia,Colisão frontal,Com Vítimas Fatais,Pleno dia,Crescente,Chuva,Simples,Reta;Declive,Não,4.0,1.0,0.0,1.0,1.0,2.0,0.0,4.0,"-17,664908","-46,350547",SPRF-MG,DEL14/MG,UOP01-DEL14-MG
762181,01/04/2026,quarta-feira,14:00:00,SC,116.0,220,CORREIA PINTO,Reação tardia ou ineficiente do condutor,Colisão traseira,Com Vítimas Feridas,Pleno dia,Decrescente,Céu Claro,Simples,Rotatória,Sim,3.0,0.0,1.0,0.0,1.0,2.0,0.0,2.0,"-27,5905788","-50,3626011",SPRF-SC,DEL05/SC,UOP03-DEL05-SC
762182,01/04/2026,quarta-feira,12:40:00,RO,319.0,122,PORTO VELHO,Reação tardia ou ineficiente do condutor,Colisão lateral sentido oposto,Com Vítimas Feridas,Plena Noite,Crescente,Chuva,Simples,Curva,Não,2.0,0.0,0.0,2.0,2.0,0.0,0.0,2.0,"-8,69710539","-63,99330139",SPRF-RO,DEL01-RO,UOP01-DEL01-RO
762183,01/04/2026,quarta-feira,14:10:00,MG,40.0,"455,4",CAETANOPOLIS,Velocidade Incompatível,Colisão com objeto,Sem Vítimas,Pleno dia,Decrescente,Chuva,Dupla,Declive;Curva,Não,3.0,0.0,0.0,0.0,0.0,3.0,0.0,3.0,"-19,35932","-44,34438",SPRF-MG,DEL02/MG,UOP01-DEL02-MG
762184,01/04/2026,quarta-feira,12:10:00,DF,80.0,23,BRASILIA,Transitar na contramão,Colisão frontal,Com Vítimas Fatais,Pleno dia,Crescente,Garoa/Chuvisco,Simples,Reta,Não,4.0,1.0,0.0,1.0,1.0,1.0,0.0,4.0,"-15,638007","-48,200708",SPRF-DF,DEL03-DF,UOP02-DEL03-DF
762188,12/03/2026,quinta-feira,23:50:00,MS,163.0,792,PEDRO GOMES,Ausência de reação do condutor,Colisão traseira,Com Vítimas Feridas,Plena Noite,Crescente,Céu Claro,Simples,Aclive;Reta,Não,3.0,0.0,1.0,0.0,1.0,1.0,0.0,4.0,"-18,02800596","-54,68297839",SPRF-MS,DEL06/MS,UOP01-DEL06-MS
762192,01/04/2026,quarta-feira,13:45:00,RS,285.0,"321,9",PASSO FUNDO,Manobra de mudança de faixa,Colisão lateral mesmo sentido,Com Vítimas Feridas,Pleno dia,Crescente,Nublado,Simples,Declive;Reta,Não,7.0,0.0,3.0,0.0,3.0,3.0,0.0,4.0,"-28,27070588","-52,63557181",SPRF-RS,DEL08/RS,UOP03-DEL08-RS
762194,01/04/2026,quarta-feira,15:00:00,RJ,101.0,22,CAMPOS DOS GOYTACAZES,Ausência de reação do condutor,Colisão frontal,Com Vítimas Feridas,Pleno dia,Crescente,Céu Claro,Simples,Reta,Não,3.0,0.0,0.0,1.0,1.0,1.0,0.0,3.0,"-21,375773","-41,3443497",SPRF-RJ,DEL08/RJ,UOP01-DEL08-RJ
762198,01/04/2026,quarta-feira,14:30:00,PR,153.0,39,SANTO ANTONIO DA PLATINA,Demais falhas mecânicas ou elétricas,Incêndio,Sem Vítimas,Pleno dia,Crescente,Chuva,Simples,Interseção de Vias,Não,2.0,0.0,0.0,0.0,0.0,1.0,0.0,2.0,"-23,28033402","-50,05612171",SPRF-PR,DEL07/PR,UOP04-DEL07-PR
762201,01/04/2026,quarta-feira,15:00:00,PR,376.0,488,PONTA GROSSA,Demais falhas mecânicas ou elétricas,Colisão com objeto,Com Vítimas Feridas,Pleno dia,Crescente,Chuva,Dupla,Reta,Sim,4.0,0.0,0.0,2.0,2.0,1.0,0.0,5.0,"-25,13569","-50,167048",SPRF-PR,DEL03/PR,UOP03-DEL03-PR
762202,01/04/2026,quarta-feira,15:20:00,SC,101.0,192,BIGUACU,Reação tardia ou ineficiente do condutor,Colisão traseira,Com Vítimas Feridas,Pleno dia,Decrescente,Céu Claro,Dupla,Reta,Não,3.0,0.0,0.0,1.0,1.0,1.0,0.0,3.0,"-27,48605391","-48,64855377",SPRF-SC,DEL01/SC,UOP01-DEL01-SC
762203,01/04/2026,quarta-feira,15:30:00,ES,101.0,285,CARIACICA,Demais falhas mecânicas ou elétricas,Incêndio,Sem Vítimas,Pleno dia,Crescente,Céu Claro,Dupla,Reta;Aclive,Não,1.0,0.0,0.0,0.0,0.0,1.0,0.0,1.0,"-20,25133048","-40,37239603",SPRF-ES,DEL01-ES,UOP01-DEL01-ES
762219,01/04/2026,quarta-feira,17:20:00,MG,381.0,478,CONTAGEM,Trafegar com motocicleta (ou similar) entre as faixas,Tombamento,Com Vítimas Fatais,Anoitecer,Decrescente,Nublado,Múltipla,Reta,Sim,5.0,1.0,0.0,0.0,0.0,3.0,0.0,4.0,"-19,96294226","-44,04084206",SPRF-MG,DEL01/MG,UOP03-DEL01-MG
762224,01/04/2026,quarta-feira,17:10:00,PR,277.0,"467,9",LARANJEIRAS DO SUL,Condutor deixou de manter distância do veículo da frente,Colisão lateral mesmo sentido,Com Vítimas Feridas,Pleno dia,Decrescente,Céu Claro,Simples,Reta,Não,2.0,0.0,1.0,0.0,1.0,0.0,0.0,2.0,"-25,347026","-52,491314",SPRF-PR,DEL04/PR,UOP02-DEL04-PR
762231,01/04/2026,quarta-feira,18:00:00,MG,50.0,"24,1",ARAGUARI,Ausência de reação do condutor,Colisão lateral mesmo sentido,Com Vítimas Fatais,Anoitecer,Crescente,Sol,Dupla,Declive;Reta,Não,3.0,1.0,0.0,0.0,0.0,1.0,0.0,5.0,"-18,61002523","-48,07044704",SPRF-MG,DEL15/MG,UOP02-DEL15-MG