id,data_inversa,dia_semana,horario,uf,br,km,municipio,causa_acidente,tipo_acidente,classificacao_acidente,fase_dia,sentido_via,condicao_metereologica,tipo_pista,tracado_via,uso_solo,pessoas,mortos,feridos_leves,feridos_graves,feridos,ilesos,ignorados,veiculos,latitude,longitude,regional,delegacia,uop
763386,06/04/2026,segunda-feira,17:25:00,MT,163.0,1070,GUARANTA DO NORTE,Acessar a via sem observar a presença dos outros veículos,Colisão transversal,Com Vítimas Feridas,Anoitecer,Crescente,Céu Claro,Simples,Reta,Não,3.0,0.0,1.0,0.0,1.0,1.0,0.0,4.0,"-9,90294","-54,89943",SPRF-MT,DEL06/MT,UOP03-DEL06-MT
763387,06/04/2026,segunda-feira,18:30:00,BA,110.0,190,RIBEIRA DO AMPARO,Ingestão de álcool pelo condutor,Colisão lateral sentido oposto,Sem Vítimas,Plena Noite,Crescente,Céu Claro,Simples,Declive;Reta,Não,2.0,0.0,0.0,0.0,0.0,1.0,0.0,2.0,"-10,9770945","-38,5147937",SPRF-BA,DEL07/BA,UOP02-DEL07-BA
763388,06/04/2026,segunda-feira,18:00:00,GO,70.0,358,JUSSARA,Ultrapassagem Indevida,Colisão frontal,Com Vítimas Feridas,Anoitecer,Crescente,Garoa/Chuvisco,Simples,Reta;Declive;Ponte,Não,4.0,0.0,1.0,0.0,1.0,2.0,0.0,3.0,"-15,93811053","-51,19012902",SPRF-GO,DEL04/GO,UOP02-DEL04-GO
763392,06/04/2026,segunda-feira,19:08:00,GO,60.0,330,ACREUNA,Chuva,Saída de leito carroçável,Com Vítimas Feridas,Anoitecer,Crescente,Garoa/Chuvisco,Simples,Aclive;Reta,Não,2.0,0.0,0.0,1.0,1.0,1.0,0.0,1.0,"-17,555143","-50,533937",SPRF-GO,DEL04/GO,UOP02-DEL04-GO
763394,06/04/2026,segunda-feira,17:57:00,MT,163.0,684,LUCAS DO RIO VERDE,Acessar a via sem observar a presença dos outros veículos,Colisão transversal,Com Vítimas Feridas,Plena Noite,Decrescente,Chuva,Simples,Interseção de Vias;Curva,Sim,3.0,0.0,1.0,0.0,1.0,1.0,0.0,3.0,"-13,083685","-55,941048",SPRF-MT,DEL06/MT,UOP01-DEL06-MT
763395,06/04/2026,segunda-feira,18:15:00,SC,470.0,"266,2",CURITIBANOS,Ingestão de álcool pelo condutor,Colisão lateral mesmo sentido,Sem Vítimas,Plena Noite,Decrescente,Céu Claro,Simples,Curva,Não,2.0,0.0,0.0,0.0,0.0,2.0,0.0,2.0,"-27,31303463","-50,73958992",SPRF-SC,DEL05/SC,UOP03-DEL05-SC
763402,06/04/2026,segunda-feira,19:30:00,PR,163.0,"139,6",CAPITAO LEONIDAS MARQUES,Transitar na contramão,Colisão frontal,Com Vítimas Fatais,Plena Noite,Decrescente,Céu Claro,Simples,Curva,Não,3.0,1.0,0.0,0.0,0.0,1.0,0.0,3.0,"-25,479184","-53,591251",SPRF-PR,DEL05/PR,UOP05-DEL05-PR
763409,06/04/2026,segunda-feira,19:30:00,BA,324.0,542,AMELIA RODRIGUES,Demais falhas mecânicas ou elétricas,Incêndio,Sem Vítimas,Plena Noite,Decrescente,Céu Claro,Dupla,Reta,Não,2.0,0.0,0.0,0.0,0.0,1.0,0.0,2.0,"-12,39452","-38,7743",SPRF-BA,DEL11/BA,UOP02-DEL11-BA
763412,06/04/2026,segunda-feira,21:40:00,GO,153.0,303,RIALMA,Manobra de mudança de faixa,Tombamento,Com Vítimas Feridas,Plena Noite,Decrescente,Céu Claro,Simples,Declive;Em Obras;Reta,Sim,2.0,0.0,1.0,0.0,1.0,0.0,0.0,2.0,"-15,33129","-49,570594",SPRF-GO,DEL02/GO,UOP02-DEL02-GO
763416,06/04/2026,segunda-feira,21:19:00,PR,373.0,"282,3",PRUDENTOPOLIS,Ausência de reação do condutor,Colisão com objeto,Com Vítimas Feridas,Plena Noite,Decrescente,Céu Claro,Simples,Reta,Não,3.0,0.0,0.0,1.0,1.0,1.0,0.0,3.0,"-25,2889283","-51,1254193",SPRF-PR,DEL08/PR,UOP01-DEL08-PR
763420,06/04/2026,segunda-feira,21:30:00,PR,116.0,"92,8",SAO JOSE DOS PINHAIS,Curva acentuada,Saída de leito carroçável,Sem Vítimas,Plena Noite,Crescente,Nublado,Simples,Aclive;Curva;Viaduto;Interseção de Vias,Sim,2.0,0.0,0.0,0.0,0.0,1.0,0.0,2.0,"-25,510269","-49,127438",SPRF-PR,DEL01/PR,UOP08-DEL01-PR
763423,06/04/2026,segunda-feira,22:35:00,MG,40.0,"424,4",CURVELO,Ausência de reação do condutor,Colisão traseira,Com Vítimas Fatais,Plena Noite,Decrescente,Céu Claro,Dupla,Aclive;Reta,Não,2.0,1.0,0.0,0.0,0.0,1.0,0.0,2.0,"-19,160498","-44,524733",SPRF-MG,DEL02/MG,UOP01-DEL02-MG
763424,06/04/2026,segunda-feira,22:40:00,PR,116.0,93,SAO JOSE DOS PINHAIS,Ausência de reação do condutor,Colisão com objeto,Com Vítimas Feridas,Plena Noite,Decrescente,Nublado,Dupla,Viaduto,Não,1.0,0.0,1.0,0.0,1.0,0.0,0.0,1.0,"-25,51445","-49,12985",SPRF-PR,DEL01/PR,UOP08-DEL01-PR
763430,07/04/2026,terça-feira,01:30:00,SP,116.0,544,BARRA DO TURVO,Reação tardia ou ineficiente do condutor,Tombamento,Com Vítimas Feridas,Plena Noite,Decrescente,Nublado,Dupla,Curva;Declive,Não,1.0,0.0,1.0,0.0,1.0,0.0,0.0,1.0,"-24,96450808","-48,42553818",SPRF-SP,DEL05/SP,UOP02-DEL05-SP
763435,27/02/2026,sexta-feira,01:55:00,MG,40.0,433,PARAOPEBA,Manobra de mudança de faixa,Saída de leito carroçável,Com Vítimas Feridas,Plena Noite,Decrescente,Céu Claro,Dupla,Reta,Não,1.0,0.0,1.0,0.0,1.0,0.0,0.0,1.0,"-19,2568363","-44,42035678",SPRF-MG,DEL02/MG,UOP01-DEL02-MG
763437,07/04/2026,terça-feira,03:45:00,MG,50.0,"193,9",DELTA,Pedestre cruzava a pista fora da faixa,Atropelamento de Pedestre,Com Vítimas Fatais,Plena Noite,Crescente,Nublado,Dupla,Reta,Não,2.0,1.0,0.0,0.0,0.0,1.0,0.0,2.0,"-19,884473","-47,850496",SPRF-MG,DEL13/MG,UOP01-DEL13-MG
763440,07/04/2026,terça-feira,06:40:00,RS,392.0,"76,2",PELOTAS,Acessar a via sem observar a presença dos outros veículos,Colisão transversal,Com Vítimas Feridas,Amanhecer,Crescente,Chuva,Simples,Interseção de Vias;Reta,Não,3.0,0.0,1.0,0.0,1.0,1.0,0.0,4.0,"-31,695957","-52,423592",SPRF-RS,DEL07/RS,UOP01-DEL07-RS
763447,07/04/2026,terça-feira,07:50:00,ES,101.0,"301,8",VIANA,Condutor deixou de manter distância do veículo da frente,Tombamento,Com Vítimas Fatais,Pleno dia,Crescente,Céu Claro,Dupla,Reta,Sim,4.0,1.0,0.0,0.0,0.0,1.0,0.0,4.0,"-20,36629415","-40,44376564",SPRF-ES,DEL01-ES,UOP01-DEL01-ES
763449,07/04/2026,terça-feira,05:10:00,RJ,393.0,178,PARAIBA DO SUL,Ingestão de substâncias psicoativas pelo condutor,Engavetamento,Com Vítimas Fatais,Plena Noite,Crescente,Céu Claro,Simples,Reta,Não,3.0,1.0,0.0,0.0,0.0,1.0,0.0,3.0,"-22,1383068","-43,25377172",SPRF-RJ,DEL05/RJ,UOP03-DEL05-RJ
763452,07/04/2026,terça-feira,07:30:00,MG,262.0,437,NOVA SERRANA,Velocidade Incompatível,Saída de leito carroçável,Com Vítimas Feridas,Pleno dia,Crescente,Céu Claro,Dupla,Curva,Não,2.0,0.0,1.0,0.0,1.0,0.0,0.0,2.0,"-19,893207","-44,877264",SPRF-MG,DEL08/MG,UOP03-DEL08-MG
763463,07/04/2026,terça-feira,07:00:00,MG,381.0,"444,7",SABARA,Ausência de reação do condutor,Colisão traseira,Com Vítimas Feridas,Pleno dia,Crescente,Sol,Simples,Reta,Sim,2.0,0.0,0.0,1.0,1.0,0.0,0.0,2.0,"-19,83454327","-43,8553497",SPRF-MG,DEL01/MG,UOP01-DEL01-MG
763464,07/04/2026,terça-feira,07:19:00,MS,262.0,320,CAMPO GRANDE,Demais falhas mecânicas ou elétricas,Colisão com objeto,Com Vítimas Feridas,Amanhecer,Crescente,Céu Claro,Simples,Reta,Não,3.0,0.0,1.0,0.0,1.0,1.0,0.0,4.0,"-20,469361","-54,499729",SPRF-MS,DEL01/MS,UOP01-DEL01-MS
763467,07/04/2026,terça-feira,09:00:00,GO,153.0,514,APARECIDA DE GOIANIA,Desrespeitar a preferência no cruzamento,Colisão transversal,Com Vítimas Feridas,Pleno dia,Crescente,Céu Claro,Dupla,Interseção de Vias,Sim,5.0,0.0,3.0,0.0,3.0,2.0,0.0,2.0,"-16,826797","-49,24261",SPRF-GO,DEL01/GO,UOP03-DEL01-GO
763474,07/04/2026,terça-feira,08:20:00,MA,316.0,"403,3",ALTO ALEGRE DO MARANHAO,Ultrapassagem Indevida,Colisão frontal,Com Vítimas Feridas,Pleno dia,Crescente,Céu Claro,Simples,Reta,Não,3.0,0.0,0.0,2.0,2.0,1.0,0.0,2.0,"-4,222766","-44,4462432",SPRF-MA,DEL03-MA,UOP01-DEL03-MA
763475,06/03/2026,sexta-feira,15:22:00,MS,267.0,473,GUIA LOPES DA LAGUNA,Velocidade Incompatível,Colisão lateral mesmo sentido,Sem Vítimas,Pleno dia,Crescente,Céu Claro,Dupla,Curva,Não,6.0,0.0,0.0,0.0,0.0,5.0,0.0,5.0,"-21,44313228","-56,09571253",SPRF-MS,DEL05/MS,UOP01-DEL05-MS
763477,07/04/2026,terça-feira,06:30:00,PR,369.0,"147,2",LONDRINA,Condutor deixou de manter distância do veículo da frente,Colisão traseira,Com Vítimas Feridas,Amanhecer,Crescente,Nublado,Dupla,Aclive;Reta,Sim,3.0,0.0,1.0,1.0,2.0,1.0,0.0,2.0,"-23,29305866","-51,13411043",SPRF-PR,DEL07/PR,UOP01-DEL07-PR
763479,07/04/2026,terça-feira,08:50:00,PR,277.0,"78,3",CURITIBA,Carga excessiva e/ou mal acondicionada,Tombamento,Sem Vítimas,Pleno dia,Crescente,Céu Claro,Dupla,Reta;Em Obras,Sim,1.0,0.0,0.0,0.0,0.0,1.0,0.0,1.0,"-25,47819042","-49,20246933",SPRF-PR,DEL01/PR,UOP08-DEL01-PR
763482,07/04/2026,terça-feira,05:20:00,RJ,40.0,120,DUQUE DE CAXIAS,Ausência de reação do condutor,Colisão traseira,Com Vítimas Fatais,Amanhecer,Crescente,Céu Claro,Múltipla,Reta,Sim,3.0,2.0,0.0,0.0,0.0,1.0,0.0,2.0,"-22,77574674","-43,28609379",SPRF-RJ,DEL01/RJ,UOP02-DEL01-RJ
763486,07/04/2026,terça-feira,09:50:00,RJ,40.0,84,PETROPOLIS,Acumulo de água sobre o pavimento,Colisão com objeto,Com Vítimas Feridas,Pleno dia,Decrescente,Céu Claro,Dupla,Curva;Aclive,Não,3.0,0.0,3.0,0.0,3.0,0.0,0.0,1.0,"-22,55173367","-43,2252688",SPRF-RJ,DEL01/RJ,UOP01-DEL01-RJ
763488,07/04/2026,terça-feira,10:30:00,PR,277.0,78,CURITIBA,Condutor deixou de manter distância do veículo da frente,Colisão traseira,Com Vítimas Feridas,Pleno dia,Decrescente,Céu Claro,Dupla,Reta,Sim,3.0,0.0,1.0,0.0,1.0,2.0,0.0,2.0,"-25,48239146","-49,19379294",SPRF-PR,DEL01/PR,UOP08-DEL01-PR
763490,07/04/2026,terça-feira,10:52:00,MG,365.0,709,MONTE ALEGRE DE MINAS,Demais falhas mecânicas ou elétricas,Colisão traseira,Com Vítimas Feridas,Pleno dia,Decrescente,Garoa/Chuvisco,Simples,Reta,Não,5.0,0.0,2.0,0.0,2.0,2.0,0.0,7.0,"-18,879109","-49,081021",SPRF-MG,DEL15/MG,UOP03-DEL15-MG
763494,07/04/2026,terça-feira,08:20:00,RS,290.0,"417,9",SAO GABRIEL,Acessar a via sem observar a presença dos outros veículos,Colisão transversal,Sem Vítimas,Pleno dia,Decrescente,Chuva,Simples,Reta,Não,2.0,0.0,0.0,0.0,0.0,2.0,0.0,2.0,"-30,35590546","-54,3256942",SPRF-RS,DEL11/RS,UOP02-DEL11-RS
763503,07/04/2026,terça-feira,07:40:00,AL,101.0,"51,7",FLEXEIRAS,Velocidade Incompatível,Tombamento,Com Vítimas Feridas,Pleno dia,Crescente,Nublado,Dupla,Curva,Não,2.0,0.0,1.0,0.0,1.0,0.0,0.0,3.0,"-9,248494","-35,757911",SPRF-AL,DEL01-AL,UOP02-DEL01-AL
763509,07/04/2026,terça-feira,12:52:00,SC,101.0,118,ITAJAI,Trafegar com motocicleta (ou similar) entre as faixas,Colisão lateral mesmo sentido,Com Vítimas Feridas,Pleno dia,Crescente,Céu Claro,Múltipla,Reta,Não,2.0,0.0,1.0,0.0,1.0,1.0,0.0,2.0,"-26,89880715","-48,71798007",SPRF-SC,DEL04/SC,UOP04-DEL04-SC
763511,07/04/2026,terça-feira,12:55:00,PB,230.0,"4,2",CABEDELO,Acessar a via sem observar a presença dos outros veículos,Colisão transversal,Com Vítimas Feridas,Pleno dia,Crescente,Céu Claro,Dupla,Viaduto;Interseção de Vias,Sim,2.0,0.0,1.0,0.0,1.0,1.0,0.0,2.0,"-6,97307499","-34,83245283",SPRF-PB,DEL01-PB,UOP01-DEL01-PB
763514,07/04/2026,terça-feira,13:00:00,SP,116.0,358,MIRACATU,Demais falhas mecânicas ou elétricas,Colisão com objeto,Sem Vítimas,Pleno dia,Crescente,Nublado,Múltipla,Curva;Declive,Não,1.0,0.0,0.0,0.0,0.0,1.0,0.0,1.0,"-24,10812991","-47,2640248",SPRF-SP,DEL04/SP,UOP03-DEL04-SP
763521,07/04/2026,terça-feira,11:30:00,PR,376.0,"385,8",IMBAU,Reação tardia ou ineficiente do condutor,Colisão com objeto,Com Vítimas Feridas,Pleno dia,Crescente,Sol,Dupla,Curva;Declive,Não,2.0,0.0,1.0,0.0,1.0,1.0,0.0,2.0,"-24,480475","-50,735989",SPRF-PR,DEL03/PR,UOP02-DEL03-PR
763528,04/04/2026,sábado,13:44:00,GO,364.0,"360,9",MINEIROS,Transitar na contramão,Colisão lateral sentido oposto,Com Vítimas Feridas,Pleno dia,Crescente,Céu Claro,Simples,Curva,Não,4.0,0.0,1.0,0.0,1.0,2.0,0.0,5.0,"-17,39662568","-53,00562101",SPRF-GO,DEL05/GO,UOP01-DEL05-GO
763533,07/04/2026,terça-feira,15:10:00,RS,471.0,461,RIO GRANDE,Demais falhas mecânicas ou elétricas,Colisão lateral sentido oposto,Com Vítimas Feridas,Pleno dia,Decrescente,Garoa/Chuvisco,Simples,Reta,Não,5.0,0.0,1.0,0.0,1.0,3.0,0.0,5.0,"-32,08200598","-52,28333322",SPRF-RS,DEL07/RS,UOP02-DEL07-RS
763534,07/04/2026,terça-feira,12:12:00,MT,163.0,737,SORRISO,Acessar a via sem observar a presença dos outros veículos,Colisão traseira,Com Vítimas Feridas,Pleno dia,Decrescente,Céu Claro,Simples,Aclive;Reta,Não,4.0,0.0,1.0,1.0,2.0,2.0,0.0,2.0,"-12,6627","-55,7914",SPRF-MT,DEL06/MT,UOP01-DEL06-MT
763539,07/04/2026,terça-feira,13:55:00,MT,364.0,5,SANTO ANTONIO DO LEVERGER,Reação tardia ou ineficiente do condutor,Colisão traseira,Com Vítimas Feridas,Pleno dia,Decrescente,Céu Claro,Dupla,Reta,Não,3.0,0.0,1.0,0.0,1.0,1.0,0.0,7.0,"-15,80388889","-55,65166667",SPRF-MT,DEL05/MT,UOP02-DEL05-MT
763540,07/04/2026,terça-feira,16:00:00,SE,235.0,26,LARANJEIRAS,Condutor Dormindo,Colisão lateral sentido oposto,Com Vítimas Feridas,Pleno dia,Crescente,Nublado,Simples,Curva;Declive,Não,3.0,0.0,1.0,0.0,1.0,2.0,0.0,3.0,"-10,8049795","-37,26493835",SPRF-SE,DEL01-SE,UOP02-DEL01-SE
763542,07/04/2026,terça-feira,12:30:00,PR,153.0,495,GENERAL CARNEIRO,Manobra de mudança de faixa,Colisão frontal,Com Vítimas Fatais,Pleno dia,Crescente,Nublado,Simples,Curva,Não,4.0,1.0,1.0,0.0,1.0,0.0,0.0,5.0,"-26,44827183","-51,32116556",SPRF-PR,DEL02/PR,UOP03-DEL02-PR
763544,07/04/2026,terça-feira,16:35:00,ES,101.0,1,ICONHA,Demais falhas mecânicas ou elétricas,Incêndio,Sem Vítimas,Pleno dia,Decrescente,Céu Claro,Dupla,Curva,Não,2.0,0.0,0.0,0.0,0.0,1.0,0.0,2.0,"-20,7905486","-40,7884507",SPRF-ES,DEL03-ES,UOP02-DEL03-ES
763563,07/04/2026,terça-feira,14:25:00,SC,101.0,280,IMBITUBA,Condutor deixou de manter distância do veículo da frente,Colisão transversal,Com Vítimas Feridas,Pleno dia,Crescente,Céu Claro,Dupla,Reta,Sim,2.0,0.0,0.0,1.0,1.0,1.0,0.0,2.0,"-28,19472536","-48,69774548",SPRF-SC,DEL02/SC,UOP03-DEL02-SC
763575,07/04/2026,terça-feira,09:00:00,MA,10.0,308,ACAILANDIA,Curva acentuada,Saída de leito carroçável,Sem Vítimas,Pleno dia,Decrescente,Céu Claro,Simples,Declive;Curva,Não,2.0,0.0,0.0,0.0,0.0,0.0,1.0,4.0,"-5,0754","-47,55844",SPRF-MA,DEL04-MA,UOP03-DEL04-MA
763579,07/04/2026,terça-feira,17:20:00,MG,40.0,522,CONTAGEM,Ausência de reação do condutor,Colisão traseira,Com Vítimas Fatais,Pleno dia,Decrescente,Céu Claro,Dupla,Reta,Sim,5.0,1.0,1.0,0.0,1.0,2.0,0.0,4.0,"-19,867579","-44,062103",SPRF-MG,DEL01/MG,UOP02-DEL01-MG
763584,29/03/2026,domingo,14:51:00,MS,163.0,288,DOURADINA,Transitar na contramão,Colisão lateral sentido oposto,Com Vítimas Feridas,Pleno dia,Crescente,Céu Claro,Simples,Reta,Não,5.0,0.0,1.0,0.0,1.0,2.0,0.0,4.0,"-22,0845958","-54,570558",SPRF-MS,DEL04/MS,UOP01-DEL04-MS
763586,07/04/2026,terça-feira,18:20:00,PE,232.0,112,BEZERROS,Demais falhas mecânicas ou elétricas,Colisão com objeto,Com Vítimas Feridas,Plena Noite,Crescente,Chuva,Dupla,Aclive;Reta,Sim,4.0,0.0,0.0,1.0,1.0,3.0,0.0,3.0,"-8,29957","-35,84303",SPRF-PE,DEL02/PE,UOP03-DEL02-PE
763587,07/04/2026,terça-feira,12:00:00,PR,376.0,384,IMBAU,Reação tardia ou ineficiente do condutor,Engavetamento,Com Vítimas Feridas,Pleno dia,Crescente,Céu Claro,Dupla,Curva;Declive,Não,6.0,0.0,0.0,2.0,2.0,3.0,0.0,7.0,"-24,47185","-50,73942",SPRF-PR,DEL03/PR,UOP02-DEL03-PR
763589,07/04/2026,terça-feira,18:04:00,MS,60.0,"368,6",CAMPO GRANDE,Ausência de reação do condutor,Engavetamento,Com Vítimas Feridas,Plena Noite,Decrescente,Chuva,Simples,Reta,Não,6.0,0.0,2.0,0.0,2.0,2.0,0.0,4.0,"-20,556705","-54,673224",SPRF-MS,DEL01/MS,UOP04-DEL01-MS
763590,07/04/2026,terça-feira,12:45:00,GO,153.0,"677,5",PANAMA,Condutor Dormindo,Saída de leito carroçável,Com Vítimas Fatais,Pleno dia,Crescente,Nublado,Dupla,Reta,Não,3.0,1.0,0.0,0.0,0.0,1.0,0.0,4.0,"-18,204232","-49,278105",SPRF-GO,DEL03/GO,UOP02-DEL03-GO
763592,07/04/2026,terça-feira,16:00:00,SC,282.0,"610,8",MARAVILHA,Reação tardia ou ineficiente do condutor,Colisão com objeto,Sem Vítimas,Pleno dia,Crescente,Chuva,Simples,Reta,Não,3.0,0.0,0.0,0.0,0.0,1.0,0.0,3.0,"-26,75618731","-53,23041201",SPRF-SC,DEL07/SC,UOP02-DEL07-SC
763594,07/04/2026,terça-feira,16:00:00,MT,364.0,435,VARZEA GRANDE,Conversão proibida,Colisão transversal,Com Vítimas Feridas,Pleno dia,Decrescente,Sol,Dupla,Reta,Sim,3.0,0.0,1.0,1.0,2.0,1.0,0.0,2.0,"-15,64010533","-56,20238543",SPRF-MT,DEL01/MT,UOP02-DEL01-MT
763604,04/04/2026,sábado,06:50:00,MT,163.0,794,VERA,Ausência de reação do condutor,Atropelamento de Pedestre,Com Vítimas Feridas,Pleno dia,Decrescente,Céu Claro,Simples,Reta,Não,3.0,0.0,1.0,0.0,1.0,1.0,0.0,3.0,"-12,214487","-55,540717",SPRF-MT,DEL06/MT,UOP02-DEL06-MT
763607,07/04/2026,terça-feira,19:30:00,RJ,393.0,221,VASSOURAS,Transitar na contramão,Colisão frontal,Com Vítimas Fatais,Plena Noite,Crescente,Céu Claro,Dupla,Curva,Não,3.0,1.0,0.0,0.0,0.0,1.0,0.0,3.0,"-22,3463622","-43,5581992",SPRF-RJ,DEL05/RJ,UOP03-DEL05-RJ
763608,07/04/2026,terça-feira,18:05:00,MS,163.0,527,JARAGUARI,Reação tardia ou ineficiente do condutor,Colisão frontal,Com Vítimas Fatais,Plena Noite,Decrescente,Chuva,Simples,Curva,Não,4.0,2.0,0.0,0.0,0.0,1.0,0.0,4.0,"-20,111739","-54,444209",SPRF-MS,DEL01/MS,UOP02-DEL01-MS
763610,07/04/2026,terça-feira,20:30:00,MG,262.0,470,BOM DESPACHO,Desrespeitar a preferência no cruzamento,Colisão transversal,Com Vítimas Feridas,Plena Noite,Crescente,Céu Claro,Simples,Reta;Interseção de Vias,Não,4.0,0.0,2.0,0.0,2.0,1.0,0.0,3.0,"-19,78291","-45,25975",SPRF-MG,DEL08/MG,UOP03-DEL08-MG
763611,07/04/2026,terça-feira,18:58:00,RS,392.0,106,CANGUCU,Demais falhas mecânicas ou elétricas,Incêndio,Sem Vítimas,Plena Noite,Decrescente,Céu Claro,Simples,Reta,Não,2.0,0.0,0.0,0.0,0.0,1.0,0.0,2.0,"-31,50172661","-52,61249542",SPRF-RS,DEL07/RS,UOP01-DEL07-RS
763620,07/04/2026,terça-feira,19:00:00,SC,116.0,"245,3",LAGES,Manobra de mudança de faixa,Saída de leito carroçável,Com Vítimas Feridas,Plena Noite,Decrescente,Chuva,Simples,Rotatória;Curva;Aclive,Sim,2.0,0.0,1.0,0.0,1.0,0.0,0.0,2.0,"-27,800517","-50,3636556",SPRF-SC,DEL05/SC,UOP01-DEL05-SC
763623,07/04/2026,terça-feira,19:00:00,MT,174.0,400,CONQUISTA DOESTE,Acessar a via sem observar a presença dos outros veículos,Colisão transversal,Com Vítimas Feridas,Plena Noite,Decrescente,Céu Claro,Simples,Reta,Não,3.0,0.0,0.0,1.0,1.0,1.0,0.0,3.0,"-14,5029386","-59,5667043",SPRF-MT,DEL04/MT,UOP02-DEL04-MT
763631,07/04/2026,terça-feira,21:30:00,RJ,101.0,169,MACAE,Transitar na contramão,Colisão transversal,Com Vítimas Fatais,Plena Noite,Decrescente,Céu Claro,Dupla,Reta,Não,3.0,1.0,0.0,0.0,0.0,1.0,0.0,4.0,"-22,353032","-41,923849",SPRF-RJ,DEL08/RJ,UOP04-DEL08-RJ
763634,07/04/2026,terça-feira,20:35:00,SC,470.0,"242,5",CURITIBANOS,Manobra de mudança de faixa,Colisão frontal,Com Vítimas Feridas,Plena Noite,Decrescente,Chuva,Simples,Reta,Não,3.0,0.0,0.0,1.0,1.0,1.0,0.0,3.0,"-27,31447","-50,51145",SPRF-SC,DEL05/SC,UOP03-DEL05-SC
763637,07/04/2026,terça-feira,20:30:00,BA,101.0,"750,7",ITABELA,Reação tardia ou ineficiente do condutor,Tombamento,Com Vítimas Feridas,Plena Noite,Decrescente,Céu Claro,Simples,Curva;Declive,Não,2.0,0.0,0.0,1.0,1.0,0.0,0.0,2.0,"-16,618585","-39,541758",SPRF-BA,DEL09/BA,UOP01-DEL09-BA
763638,07/04/2026,terça-feira,22:07:00,SC,470.0,"137,8",RIO DO SUL,Ausência de reação do condutor,Colisão com objeto,Sem Vítimas,Plena Noite,Decrescente,Chuva,Simples,Ponte;Reta,Não,4.0,0.0,0.0,0.0,0.0,3.0,0.0,4.0,"-27,18950082","-49,61888043",SPRF-SC,DEL04/SC,UOP02-DEL04-SC
763641,30/03/2026,segunda-feira,17:30:00,SC,470.0,55,BLUMENAU,Reação tardia ou ineficiente do condutor,Colisão lateral mesmo sentido,Sem Vítimas,Pleno dia,Crescente,Nublado,Múltipla,Interseção de Vias,Não,2.0,0.0,0.0,0.0,0.0,2.0,0.0,2.0,"-26,87387006","-49,1136059",SPRF-SC,DEL04/SC,UOP01-DEL04-SC
763645,07/04/2026,terça-feira,22:00:00,MG,116.0,"621,3",ORIZANIA,Transitar na contramão,Colisão frontal,Com Vítimas Fatais,Plena Noite,Crescente,Céu Claro,Simples,Reta,Não,2.0,1.0,0.0,0.0,0.0,1.0,0.0,2.0,"-20,517596","-42,195377",SPRF-MG,DEL07/MG,UOP02-DEL07-MG
763653,08/04/2026,quarta-feira,06:00:00,ES,262.0,113,VENDA NOVA DO IMIGRANTE,Velocidade Incompatível,Tombamento,Com Vítimas Feridas,Pleno dia,Decrescente,Céu Claro,Simples,Curva,Não,2.0,0.0,1.0,0.0,1.0,0.0,0.0,2.0,"-20,331627","-41,204447",SPRF-ES,DEL01-ES,UOP02-DEL01-ES
763660,08/04/2026,quarta-feira,03:50:00,PR,277.0,"564,5",CASCAVEL,Carga excessiva e/ou mal acondicionada,Tombamento,Com Vítimas Feridas,Plena Noite,Crescente,Garoa/Chuvisco,Simples,Reta,Não,2.0,0.0,1.0,0.0,1.0,0.0,0.0,3.0,"-25,054381","-53,227747",SPRF-PR,DEL04/PR,UOP04-DEL04-PR
763661,07/04/2026,terça-feira,18:00:00,BA,116.0,133,CANUDOS,Acostamento em desnível,Tombamento,Com Vítimas Feridas,Plena Noite,Crescente,Céu Claro,Simples,Reta,Não,2.0,0.0,1.0,0.0,1.0,0.0,0.0,2.0,"-9,779856","-39,136423",SPRF-BA,DEL07/BA,UOP03-DEL07-BA
763662,07/04/2026,terça-feira,18:00:00,MA,402.0,"63,3",MORROS,Pista esburacada,Colisão frontal,Com Vítimas Fatais,Anoitecer,Crescente,Céu Claro,Simples,Reta,Não,2.0,1.0,0.0,0.0,0.0,1.0,0.0,2.0,"-2,838492","-43,832672",SPRF-MA,DEL01-MA,UOP01-DEL01-MA
763674,08/04/2026,quarta-feira,07:35:00,MG,116.0,"274,2",TEOFILO OTONI,Reação tardia ou ineficiente do condutor,Colisão lateral mesmo sentido,Com Vítimas Feridas,Pleno dia,Crescente,Nublado,Múltipla,Reta,Sim,4.0,0.0,0.0,1.0,1.0,2.0,0.0,4.0,"-17,836613","-41,512028",SPRF-MG,DEL11/MG,UOP01-DEL11-MG
763675,23/03/2026,segunda-feira,06:55:00,DF,40.0,"2,5",BRASILIA,Velocidade Incompatível,Colisão traseira,Com Vítimas Feridas,Pleno dia,Decrescente,Céu Claro,Dupla,Reta,Sim,3.0,0.0,1.0,0.0,1.0,1.0,0.0,3.0,"-15,99208475","-47,98628703",SPRF-DF,DEL01-DF,UOP01-DEL01-DF
763676,08/04/2026,quarta-feira,06:30:00,PR,277.0,297,PRUDENTOPOLIS,Reação tardia ou ineficiente do condutor,Engavetamento,Com Vítimas Feridas,Amanhecer,Crescente,Chuva,Simples,Aclive;Reta,Não,12.0,0.0,1.0,0.0,1.0,11.0,0.0,3.0,"-25,314353","-51,072059",SPRF-PR,DEL08/PR,UOP02-DEL08-PR
763687,08/04/2026,quarta-feira,07:55:00,MG,262.0,"50,9",MANHUACU,Acessar a via sem observar a presença dos outros veículos,Colisão transversal,Com Vítimas Feridas,Pleno dia,Crescente,Céu Claro,Simples,Reta,Sim,2.0,0.0,1.0,0.0,1.0,1.0,0.0,2.0,"-20,247808","-42,14453",SPRF-MG,DEL06/MG,UOP03-DEL06-MG