id,data_inversa,dia_semana,horario,uf,br,km,municipio,causa_acidente,tipo_acidente,classificacao_acidente,fase_dia,sentido_via,condicao_metereologica,tipo_pista,tracado_via,uso_solo,pessoas,mortos,feridos_leves,feridos_graves,feridos,ilesos,ignorados,veiculos,latitude,longitude,regional,delegacia,uop
763692,08/04/2026,quarta-feira,07:50:00,PR,369.0,494,CASCAVEL,Problema com o freio,Colisão transversal,Com Vítimas Feridas,Pleno dia,Decrescente,Nublado,Simples,Interseção de Vias,Não,2.0,0.0,1.0,0.0,1.0,0.0,0.0,2.0,"-24,86280349","-53,33673477",SPRF-PR,DEL04/PR,UOP01-DEL04-PR
763697,26/03/2026,quinta-feira,12:10:00,AL,101.0,29,JOAQUIM GOMES,Ausência de reação do condutor,Colisão frontal,Com Vítimas Feridas,Pleno dia,Crescente,Garoa/Chuvisco,Simples,Curva,Não,4.0,0.0,3.0,0.0,3.0,0.0,0.0,4.0,"-9,077485","-35,743659",SPRF-AL,DEL01-AL,UOP02-DEL01-AL
763698,08/04/2026,quarta-feira,09:30:00,BA,410.0,4,RIBEIRA DO POMBAL,Acessar a via sem observar a presença dos outros veículos,Queda de ocupante de veículo,Com Vítimas Feridas,Pleno dia,Crescente,Nublado,Simples,Declive,Não,2.0,0.0,1.0,0.0,1.0,0.0,0.0,2.0,"-10,82973848","-38,55323402",SPRF-BA,DEL07/BA,UOP02-DEL07-BA
763702,08/04/2026,quarta-feira,10:00:00,PR,277.0,7,PARANAGUA,Reação tardia ou ineficiente do condutor,Saída de leito carroçável,Com Vítimas Feridas,Pleno dia,Crescente,Céu Claro,Dupla,Reta,Não,2.0,0.0,2.0,0.0,2.0,0.0,0.0,1.0,"-25,562874","-48,59127",SPRF-PR,DEL01/PR,UOP05-DEL01-PR
763708,08/04/2026,quarta-feira,09:50:00,BA,101.0,396,IBIRAPITANGA,Curva acentuada,Tombamento,Com Vítimas Feridas,Pleno dia,Crescente,Nublado,Simples,Reta,Não,2.0,0.0,1.0,0.0,1.0,0.0,0.0,2.0,"-13,98985285","-39,46421637",SPRF-BA,DEL05/BA,UOP03-DEL05-BA
763709,08/04/2026,quarta-feira,11:44:00,SP,116.0,295,ITAPECERICA DA SERRA,Reação tardia ou ineficiente do condutor,Engavetamento,Com Vítimas Feridas,Pleno dia,Decrescente,Garoa/Chuvisco,Dupla,Reta,Não,5.0,0.0,1.0,0.0,1.0,3.0,0.0,5.0,"-23,7605","-46,90415",SPRF-SP,DEL04/SP,UOP01-DEL04-SP
763722,08/04/2026,quarta-feira,13:20:00,ES,101.0,67,SAO MATEUS,Condutor deixou de manter distância do veículo da frente,Colisão traseira,Com Vítimas Feridas,Pleno dia,Crescente,Sol,Múltipla,Reta,Sim,3.0,0.0,1.0,0.0,1.0,1.0,0.0,3.0,"-18,7221501","-39,8630747",SPRF-ES,DEL04-ES,UOP02-DEL04-ES
763728,08/04/2026,quarta-feira,12:20:00,PR,376.0,"483,1",PONTA GROSSA,Acessar a via sem observar a presença dos outros veículos,Colisão lateral mesmo sentido,Com Vítimas Feridas,Pleno dia,Decrescente,Chuva,Dupla,Aclive;Reta,Sim,3.0,0.0,1.0,0.0,1.0,2.0,0.0,2.0,"-25,08777318","-50,19461095",SPRF-PR,DEL03/PR,UOP03-DEL03-PR
763734,08/04/2026,quarta-feira,12:10:00,SP,116.0,508,CAJATI,Demais falhas mecânicas ou elétricas,Incêndio,Sem Vítimas,Pleno dia,Decrescente,Céu Claro,Simples,Reta,Não,2.0,0.0,0.0,0.0,0.0,1.0,0.0,2.0,"-24,79265659","-48,20732117",SPRF-SP,DEL05/SP,UOP02-DEL05-SP
763735,14/03/2026,sábado,12:00:00,RJ,116.0,142,DUQUE DE CAXIAS,Ultrapassagem Indevida,Colisão lateral mesmo sentido,Com Vítimas Feridas,Pleno dia,Crescente,Nublado,Simples,Reta,Não,2.0,0.0,0.0,1.0,1.0,1.0,0.0,2.0,"-22,64718636","-43,22633777",SPRF-RJ,DEL01/RJ,UOP02-DEL01-RJ
763739,08/04/2026,quarta-feira,10:00:00,RJ,101.0,511,ANGRA DOS REIS,Ingestão de álcool pelo condutor,Colisão traseira,Sem Vítimas,Pleno dia,Decrescente,Sol,Simples,Reta,Sim,2.0,0.0,0.0,0.0,0.0,2.0,0.0,2.0,"-22,95333518","-44,43557739",SPRF-RJ,DEL03/RJ,UOP03-DEL03-RJ
763741,08/04/2026,quarta-feira,14:20:00,PR,369.0,93,CORNELIO PROCOPIO,Ausência de reação do condutor,Tombamento,Com Vítimas Feridas,Pleno dia,Crescente,Céu Claro,Dupla,Curva,Não,2.0,0.0,1.0,0.0,1.0,0.0,0.0,2.0,"-23,201562","-50,656193",SPRF-PR,DEL07/PR,UOP05-DEL07-PR
763742,08/04/2026,quarta-feira,12:50:00,RJ,40.0,85,PETROPOLIS,Demais falhas mecânicas ou elétricas,Tombamento,Com Vítimas Feridas,Pleno dia,Crescente,Céu Claro,Simples,Curva;Declive,Não,2.0,0.0,1.0,0.0,1.0,0.0,0.0,2.0,"-22,54280014","-43,22371864",SPRF-RJ,DEL01/RJ,UOP01-DEL01-RJ
763745,08/04/2026,quarta-feira,14:00:00,ES,101.0,144,LINHARES,Condutor desrespeitou a iluminação vermelha do semáforo,Colisão transversal,Com Vítimas Feridas,Pleno dia,Crescente,Céu Claro,Múltipla,Interseção de Vias;Reta,Sim,2.0,0.0,1.0,0.0,1.0,1.0,0.0,2.0,"-19,35274249","-40,06370544",SPRF-ES,DEL04-ES,UOP01-DEL04-ES
763748,08/04/2026,quarta-feira,10:30:00,RO,425.0,28,NOVA MAMORE,Reação tardia ou ineficiente do condutor,Saída de leito carroçável,Com Vítimas Feridas,Pleno dia,Crescente,Céu Claro,Simples,Reta;Declive,Não,1.0,0.0,1.0,0.0,1.0,0.0,0.0,1.0,"-9,970092","-65,307892",SPRF-RO,DEL01-RO,UOP03-DEL01-RO
763749,08/04/2026,quarta-feira,14:30:00,SC,101.0,"192,7",BIGUACU,Manobra de mudança de faixa,Saída de leito carroçável,Com Vítimas Feridas,Pleno dia,Decrescente,Sol,Dupla,Ponte;Reta,Sim,4.0,0.0,2.0,0.0,2.0,0.0,0.0,4.0,"-27,488328","-48,653527",SPRF-SC,DEL01/SC,UOP01-DEL01-SC
763751,08/04/2026,quarta-feira,14:53:00,GO,40.0,10,LUZIANIA,Demais falhas mecânicas ou elétricas,Colisão transversal,Com Vítimas Feridas,Pleno dia,Decrescente,Nublado,Dupla,Reta,Sim,3.0,0.0,1.0,0.0,1.0,1.0,0.0,3.0,"-16,13615956","-47,95324012",SPRF-DF,DEL01-DF,UOP01-DEL01-DF
763754,08/04/2026,quarta-feira,15:20:00,SC,101.0,113,ITAJAI,Manobra de mudança de faixa,Colisão lateral mesmo sentido,Com Vítimas Feridas,Pleno dia,Crescente,Céu Claro,Múltipla,Reta;Interseção de Vias,Sim,3.0,0.0,2.0,0.0,2.0,1.0,0.0,2.0,"-26,873512","-48,72866",SPRF-SC,DEL04/SC,UOP04-DEL04-SC
763755,08/04/2026,quarta-feira,11:00:00,SC,158.0,110,CUNHA PORA,Reação tardia ou ineficiente do condutor,Colisão transversal,Com Vítimas Feridas,Pleno dia,Decrescente,Nublado,Simples,Curva,Sim,2.0,0.0,1.0,0.0,1.0,1.0,0.0,2.0,"-26,89128641","-53,18428723",SPRF-SC,DEL07/SC,UOP02-DEL07-SC
763759,08/04/2026,quarta-feira,13:10:00,RJ,101.0,181,RIO DAS OSTRAS,Condutor Dormindo,Colisão lateral sentido oposto,Com Vítimas Feridas,Pleno dia,Crescente,Sol,Simples,Curva,Não,3.0,0.0,1.0,0.0,1.0,1.0,0.0,3.0,"-22,41541058","-42,00046889",SPRF-RJ,DEL08/RJ,UOP04-DEL08-RJ
763765,08/04/2026,quarta-feira,13:30:00,MA,135.0,48,BACABEIRA,Condutor deixou de manter distância do veículo da frente,Colisão traseira,Sem Vítimas,Pleno dia,Crescente,Céu Claro,Dupla,Curva;Aclive,Não,2.0,0.0,0.0,0.0,0.0,2.0,0.0,2.0,"-2,95404","-44,324843",SPRF-MA,DEL01-MA,UOP01-DEL01-MA
763766,08/04/2026,quarta-feira,15:05:00,MG,356.0,"279,5",EUGENOPOLIS,Transitar no Acostamento,Colisão lateral mesmo sentido,Com Vítimas Feridas,Pleno dia,Crescente,Sol,Simples,Reta,Não,2.0,0.0,1.0,0.0,1.0,1.0,0.0,2.0,"-21,12565","-42,25535",SPRF-MG,DEL07/MG,UOP02-DEL07-MG
763767,08/04/2026,quarta-feira,14:30:00,MG,116.0,"688,5",MURIAE,Velocidade Incompatível,Tombamento,Com Vítimas Feridas,Pleno dia,Crescente,Céu Claro,Simples,Curva,Não,2.0,0.0,1.0,0.0,1.0,0.0,0.0,3.0,"-21,011","-42,361",SPRF-MG,DEL07/MG,UOP02-DEL07-MG
763768,08/04/2026,quarta-feira,16:20:00,MG,381.0,487,BETIM,Ausência de reação do condutor,Colisão lateral mesmo sentido,Com Vítimas Feridas,Pleno dia,Crescente,Nublado,Simples,Aclive;Reta,Sim,3.0,0.0,1.0,0.0,1.0,1.0,0.0,3.0,"-19,95586757","-44,10718767",SPRF-MG,DEL01/MG,UOP03-DEL01-MG
763769,08/04/2026,quarta-feira,14:45:00,RO,364.0,"452,8",ARIQUEMES,Acessar a via sem observar a presença dos outros veículos,Colisão transversal,Com Vítimas Fatais,Pleno dia,Decrescente,Nublado,Simples,Declive;Reta,Não,3.0,1.0,0.0,1.0,1.0,1.0,0.0,2.0,"-10,28494","-62,673851",SPRF-RO,DEL03-RO,UOP02-DEL03-RO
763771,08/04/2026,quarta-feira,11:00:00,PR,277.0,30,MORRETES,Reação tardia ou ineficiente do condutor,Saída de leito carroçável,Com Vítimas Feridas,Pleno dia,Decrescente,Céu Claro,Dupla,Reta,Não,2.0,0.0,1.0,0.0,1.0,0.0,0.0,2.0,"-25,556922","-48,80434752",SPRF-PR,DEL01/PR,UOP05-DEL01-PR
763775,08/04/2026,quarta-feira,14:20:00,AC,364.0,123,RIO BRANCO,Ausência de reação do condutor,Colisão lateral mesmo sentido,Sem Vítimas,Pleno dia,Crescente,Sol,Dupla,Retorno Regulamentado,Sim,4.0,0.0,0.0,0.0,0.0,4.0,0.0,2.0,"-10,01170694","-67,78141737",SPRF-AC,DEL01-AC,UOP01-DEL01-AC
763777,19/03/2026,quinta-feira,11:40:00,GO,153.0,656,GOIATUBA,Condutor deixou de manter distância do veículo da frente,Colisão traseira,Com Vítimas Fatais,Pleno dia,Crescente,Nublado,Dupla,Aclive;Reta,Não,3.0,1.0,0.0,1.0,1.0,1.0,0.0,2.0,"-18,0281751","-49,2640262",SPRF-GO,DEL03/GO,UOP01-DEL03-GO
763779,08/04/2026,quarta-feira,14:30:00,RO,364.0,"70,8",VILHENA,Ultrapassagem Indevida,Colisão transversal,Com Vítimas Feridas,Pleno dia,Decrescente,Garoa/Chuvisco,Simples,Declive;Curva,Não,4.0,0.0,1.0,0.0,1.0,2.0,0.0,8.0,"-12,462699","-60,501219",SPRF-RO,DEL04-RO,UOP01-DEL04-RO
763781,08/04/2026,quarta-feira,17:30:00,MG,381.0,516,IGARAPE,Acumulo de areia ou detritos sobre o pavimento,Colisão com objeto,Sem Vítimas,Pleno dia,Decrescente,Chuva,Dupla,Curva,Não,6.0,0.0,0.0,0.0,0.0,5.0,0.0,3.0,"-20,11096848","-44,32660706",SPRF-MG,DEL01/MG,UOP03-DEL01-MG
763786,08/04/2026,quarta-feira,17:10:00,MG,40.0,"588,1",ITABIRITO,Velocidade Incompatível,Colisão frontal,Com Vítimas Fatais,Pleno dia,Decrescente,Chuva,Simples,Declive;Curva,Não,3.0,1.0,0.0,0.0,0.0,1.0,0.0,3.0,"-20,3497155","-43,9191442",SPRF-MG,DEL01/MG,UOP02-DEL01-MG
763787,08/04/2026,quarta-feira,17:45:00,RJ,393.0,278,BARRA DO PIRAI,Pista esburacada,Colisão lateral sentido oposto,Com Vítimas Feridas,Anoitecer,Decrescente,Céu Claro,Dupla,Reta,Sim,10.0,0.0,8.0,0.0,8.0,1.0,0.0,4.0,"-22,480342","-44,031044",SPRF-RJ,DEL05/RJ,UOP04-DEL05-RJ
763788,08/04/2026,quarta-feira,17:35:00,PR,373.0,"186,1",PONTA GROSSA,Demais falhas mecânicas ou elétricas,Saída de leito carroçável,Com Vítimas Feridas,Pleno dia,Crescente,Sol,Simples,Reta;Declive,Não,3.0,0.0,1.0,0.0,1.0,1.0,0.0,2.0,"-25,05397718","-50,30355173",SPRF-PR,DEL03/PR,UOP01-DEL03-PR
763792,08/04/2026,quarta-feira,16:20:00,PA,10.0,"37,7",DOM ELISEU,Entrada inopinada do pedestre,Atropelamento de Pedestre,Com Vítimas Fatais,Pleno dia,Crescente,Nublado,Simples,Aclive;Reta,Sim,5.0,1.0,0.0,0.0,0.0,2.0,0.0,5.0,"-4,119528","-47,547783",SPRF-PA,DEL02/PA,UOP02-DEL02-PA
763797,08/04/2026,quarta-feira,18:40:00,BA,116.0,387,SANTA BARBARA,Conversão proibida,Colisão transversal,Com Vítimas Feridas,Plena Noite,Crescente,Céu Claro,Simples,Em Obras;Curva;Desvio Temporário;Interseção de Vias,Não,2.0,0.0,0.0,1.0,1.0,1.0,0.0,2.0,"-11,91508758","-38,98398635",SPRF-BA,DEL02/BA,UOP01-DEL02-BA
763803,01/02/2026,domingo,07:28:00,PA,163.0,209,NOVO PROGRESSO,Transitar na contramão,Colisão lateral sentido oposto,Sem Vítimas,Pleno dia,Decrescente,Céu Claro,Simples,Curva,Não,4.0,0.0,0.0,0.0,0.0,0.0,1.0,10.0,"-7,89388822","-55,17764211",SPRF-PA,DEL05/PA,UOP03-DEL05-PA
763807,08/04/2026,quarta-feira,18:30:00,BA,324.0,622,SALVADOR,Trafegar com motocicleta (ou similar) entre as faixas,Queda de ocupante de veículo,Com Vítimas Fatais,Plena Noite,Decrescente,Céu Claro,Múltipla,Reta,Não,5.0,1.0,1.0,0.0,1.0,1.0,0.0,5.0,"-12,9401744","-38,4709232",SPRF-BA,DEL01/BA,UOP01-DEL01-BA
763818,08/04/2026,quarta-feira,19:10:00,SE,101.0,101,SAO CRISTOVAO,Condutor deixou de manter distância do veículo da frente,Colisão traseira,Sem Vítimas,Plena Noite,Crescente,Céu Claro,Dupla,Reta;Declive,Não,5.0,0.0,0.0,0.0,0.0,5.0,0.0,3.0,"-10,946725","-37,207128",SPRF-SE,DEL02-SE,UOP01-DEL02-SE
763822,08/04/2026,quarta-feira,19:58:00,PE,101.0,"60,2",RECIFE,Trafegar com motocicleta (ou similar) entre as faixas,Colisão lateral mesmo sentido,Com Vítimas Fatais,Plena Noite,Decrescente,Céu Claro,Dupla,Reta,Sim,5.0,2.0,0.0,0.0,0.0,2.0,0.0,4.0,"-7,9851605","-34,9307624",SPRF-PE,DEL01/PE,UOP02-DEL01-PE
763825,08/04/2026,quarta-feira,18:00:00,RS,116.0,"52,4",VACARIA,Reação tardia ou ineficiente do condutor,Tombamento,Com Vítimas Feridas,Anoitecer,Crescente,Céu Claro,Simples,Curva,Não,5.0,0.0,0.0,1.0,1.0,3.0,0.0,3.0,"-28,584361","-51,028995",SPRF-RS,DEL05/RS,UOP03-DEL05-RS
763836,08/04/2026,quarta-feira,18:58:00,MG,262.0,"34,1",MANHUACU,Acessar a via sem observar a presença dos outros veículos,Colisão transversal,Com Vítimas Fatais,Plena Noite,Decrescente,Ignorado,Simples,Reta;Interseção de Vias,Sim,7.0,1.0,0.0,2.0,2.0,3.0,0.0,4.0,"-20,257593","-42,025497",SPRF-MG,DEL06/MG,UOP03-DEL06-MG
763840,08/04/2026,quarta-feira,22:00:00,SC,116.0,"193,1",PONTE ALTA,Reação tardia ou ineficiente do condutor,Tombamento,Com Vítimas Feridas,Plena Noite,Decrescente,Céu Claro,Simples,Curva,Não,2.0,0.0,1.0,1.0,2.0,0.0,0.0,1.0,"-27,37060492","-50,42990685",SPRF-SC,DEL05/SC,UOP03-DEL05-SC
763841,08/04/2026,quarta-feira,21:30:00,PR,376.0,"202,5",MARIALVA,Demais falhas mecânicas ou elétricas,Colisão traseira,Com Vítimas Feridas,Plena Noite,Crescente,Céu Claro,Dupla,Reta,Não,3.0,0.0,0.0,1.0,1.0,1.0,0.0,4.0,"-23,50897292","-51,72348261",SPRF-PR,DEL09/PR,UOP01-DEL09-PR
763843,08/04/2026,quarta-feira,23:20:00,PR,277.0,"1,9",PARANAGUA,Acessar a via sem observar a presença dos outros veículos,Colisão transversal,Com Vítimas Feridas,Plena Noite,Crescente,Nublado,Simples,Reta;Interseção de Vias,Sim,3.0,0.0,1.0,0.0,1.0,1.0,0.0,5.0,"-25,50802031","-48,52840154",SPRF-PR,DEL01/PR,UOP05-DEL01-PR
763849,09/04/2026,quinta-feira,00:10:00,MA,10.0,"246,6",IMPERATRIZ,Conversão proibida,Colisão transversal,Sem Vítimas,Plena Noite,Decrescente,Céu Claro,Múltipla,Reta;Interseção de Vias,Sim,2.0,0.0,0.0,0.0,0.0,1.0,0.0,2.0,"-5,576513","-47,44218",SPRF-MA,DEL04-MA,UOP01-DEL04-MA
763853,09/04/2026,quinta-feira,02:00:00,MG,262.0,752,UBERABA,Ausência de reação do condutor,Saída de leito carroçável,Com Vítimas Feridas,Plena Noite,Crescente,Céu Claro,Simples,Reta;Retorno Regulamentado,Não,1.0,0.0,1.0,0.0,1.0,0.0,0.0,1.0,"-19,67069601","-47,62222055",SPRF-MG,DEL13/MG,UOP01-DEL13-MG
763856,09/04/2026,quinta-feira,02:45:00,MG,381.0,"927,8",ITAPEVA,Velocidade Incompatível,Tombamento,Com Vítimas Feridas,Plena Noite,Crescente,Céu Claro,Dupla,Curva,Não,2.0,0.0,1.0,0.0,1.0,0.0,0.0,2.0,"-22,767243","-46,223309",SPRF-MG,DEL16/MG,UOP03-DEL16-MG
763860,08/04/2026,quarta-feira,21:00:00,BA,407.0,101,JAGUARARI,Reação tardia ou ineficiente do condutor,Saída de leito carroçável,Com Vítimas Feridas,Plena Noite,Crescente,Céu Claro,Simples,Declive,Não,2.0,0.0,1.0,0.0,1.0,0.0,0.0,3.0,"-10,244485","-40,198587",SPRF-BA,DEL04/BA,UOP01-DEL04-BA
763861,08/04/2026,quarta-feira,23:20:00,PI,316.0,222,VALENCA DO PIAUI,Pista esburacada,Saída de leito carroçável,Com Vítimas Feridas,Plena Noite,Crescente,Nublado,Simples,Reta,Não,2.0,0.0,1.0,0.0,1.0,1.0,0.0,1.0,"-6,490867","-41,740753",SPRF-PI,DEL04-PI,UOP02-DEL04-PI
763866,09/04/2026,quinta-feira,04:50:00,AL,101.0,62,MESSIAS,Condutor Dormindo,Tombamento,Com Vítimas Feridas,Plena Noite,Decrescente,Céu Claro,Dupla,Reta,Não,2.0,0.0,0.0,1.0,1.0,0.0,0.0,2.0,"-9,306065","-35,821845",SPRF-AL,DEL01-AL,UOP02-DEL01-AL
763870,09/04/2026,quinta-feira,05:50:00,RJ,116.0,"262,9",PINHEIRAL,Ausência de reação do condutor,Colisão traseira,Com Vítimas Fatais,Plena Noite,Crescente,Nublado,Dupla,Aclive;Reta,Não,2.0,1.0,0.0,0.0,0.0,0.0,0.0,2.0,"-22,591947","-44,067545",SPRF-RJ,DEL07/RJ,UOP02-DEL07-RJ
763872,02/04/2026,quinta-feira,19:00:00,GO,452.0,78,MAURILANDIA,Condutor Dormindo,Colisão lateral sentido oposto,Com Vítimas Feridas,Plena Noite,Crescente,Chuva,Simples,Reta,Não,3.0,0.0,1.0,0.0,1.0,1.0,0.0,3.0,"-18,05336","-50,225723",SPRF-GO,DEL04/GO,UOP01-DEL04-GO
763876,09/04/2026,quinta-feira,08:10:00,PR,277.0,"9,5",PARANAGUA,Condutor usando celular,Colisão traseira,Com Vítimas Feridas,Pleno dia,Crescente,Céu Claro,Múltipla,Reta,Não,3.0,0.0,1.0,0.0,1.0,1.0,0.0,3.0,"-25,56763292","-48,61183517",SPRF-PR,DEL01/PR,UOP05-DEL01-PR
763877,09/04/2026,quinta-feira,07:30:00,CE,116.0,"46,5",PACAJUS,Condutor deixou de manter distância do veículo da frente,Colisão traseira,Sem Vítimas,Pleno dia,Decrescente,Nublado,Dupla,Retorno Regulamentado,Não,3.0,0.0,0.0,0.0,0.0,2.0,0.0,3.0,"-4,19960587","-38,46952605",SPRF-CE,DEL01/CE,UOP02-DEL01-CE
763880,09/04/2026,quinta-feira,06:50:00,GO,60.0,460,JATAI,Ausência de reação do condutor,Colisão traseira,Com Vítimas Feridas,Amanhecer,Decrescente,Nevoeiro/Neblina,Dupla,Aclive;Reta,Não,3.0,0.0,1.0,0.0,1.0,1.0,0.0,4.0,"-17,871363","-51,614215",SPRF-GO,DEL05/GO,UOP01-DEL05-GO
763882,28/03/2026,sábado,12:30:00,PE,104.0,"75,9",CARUARU,Transitar na contramão,Colisão lateral sentido oposto,Com Vítimas Fatais,Pleno dia,Crescente,Chuva,Simples,Reta,Não,6.0,1.0,2.0,2.0,4.0,0.0,0.0,2.0,"-8,36887","-35,98456",SPRF-PE,DEL02/PE,UOP01-DEL02-PE
763894,09/04/2026,quinta-feira,10:00:00,ES,101.0,"155,3",LINHARES,Condutor Dormindo,Colisão lateral sentido oposto,Com Vítimas Feridas,Pleno dia,Crescente,Céu Claro,Simples,Reta,Não,2.0,0.0,1.0,0.0,1.0,1.0,0.0,2.0,"-19,42019","-40,0743624",SPRF-ES,DEL04-ES,UOP01-DEL04-ES
763896,02/03/2026,segunda-feira,00:10:00,BA,116.0,570,BREJOES,Demais falhas mecânicas ou elétricas,Colisão lateral mesmo sentido,Com Vítimas Feridas,Plena Noite,Decrescente,Garoa/Chuvisco,Simples,Aclive;Reta,Não,2.0,0.0,0.0,1.0,1.0,0.0,0.0,2.0,"-13,0293526","-39,96222687",SPRF-BA,DEL03/BA,UOP02-DEL03-BA
763901,09/04/2026,quinta-feira,10:50:00,MG,365.0,417,PATOS DE MINAS,Reação tardia ou ineficiente do condutor,Colisão frontal,Com Vítimas Feridas,Pleno dia,Decrescente,Céu Claro,Simples,Reta,Não,3.0,0.0,1.0,0.0,1.0,1.0,0.0,4.0,"-18,6818","-46,5662",SPRF-MG,DEL10/MG,UOP01-DEL10-MG
763902,02/04/2026,quinta-feira,00:14:00,MG,40.0,665,CARANDAI,Manobra de mudança de faixa,Colisão lateral mesmo sentido,Com Vítimas Feridas,Plena Noite,Crescente,Nevoeiro/Neblina,Simples,Reta,Não,3.0,0.0,1.0,0.0,1.0,1.0,0.0,2.0,"-20,93875","-43,81395",SPRF-MG,DEL05/MG,UOP02-DEL05-MG
763906,09/04/2026,quinta-feira,07:45:00,AL,101.0,146,JEQUIA DA PRAIA,Condutor Dormindo,Tombamento,Sem Vítimas,Pleno dia,Decrescente,Céu Claro,Dupla,Reta,Não,2.0,0.0,0.0,0.0,0.0,1.0,0.0,2.0,"-9,873007","-36,138792",SPRF-AL,DEL02-AL,UOP01-DEL02-AL
763916,12/03/2026,quinta-feira,16:40:00,SC,470.0,"2,2",NAVEGANTES,Condutor deixou de manter distância do veículo da frente,Colisão traseira,Com Vítimas Feridas,Pleno dia,Decrescente,Nublado,Dupla,Reta,Não,3.0,0.0,1.0,0.0,1.0,0.0,0.0,3.0,"-26,87729852","-48,6665353",SPRF-SC,DEL04/SC,UOP04-DEL04-SC
763921,09/04/2026,quinta-feira,13:25:00,CE,116.0,45,HORIZONTE,Condutor deixou de manter distância do veículo da frente,Colisão traseira,Com Vítimas Feridas,Pleno dia,Decrescente,Céu Claro,Dupla,Reta,Sim,2.0,0.0,1.0,0.0,1.0,0.0,0.0,2.0,"-4,1303567","-38,482532",SPRF-CE,DEL01/CE,UOP02-DEL01-CE
763922,09/04/2026,quinta-feira,13:25:00,PR,277.0,"329,2",GUARAPUAVA,Ausência de reação do condutor,Saída de leito carroçável,Com Vítimas Feridas,Pleno dia,Crescente,Céu Claro,Simples,Declive;Reta,Não,1.0,0.0,1.0,0.0,1.0,0.0,0.0,1.0,"-25,373477","-51,308325",SPRF-PR,DEL08/PR,UOP01-DEL08-PR
763924,09/04/2026,quinta-feira,09:30:00,SC,470.0,192,POUSO REDONDO,Transtornos Mentais (exceto suicidio),Tombamento,Sem Vítimas,Pleno dia,Decrescente,Céu Claro,Simples,Curva,Não,2.0,0.0,0.0,0.0,0.0,1.0,0.0,2.0,"-27,29633796","-50,07516257",SPRF-SC,DEL04/SC,UOP02-DEL04-SC
763925,09/04/2026,quinta-feira,12:30:00,PA,230.0,"126,8",MARABA,Velocidade Incompatível,Colisão lateral mesmo sentido,Com Vítimas Feridas,Pleno dia,Crescente,Céu Claro,Simples,Reta;Aclive;Interseção de Vias,Sim,4.0,0.0,1.0,0.0,1.0,3.0,0.0,2.0,"-5,374796","-49,157807",SPRF-PA,DEL03/PA,UOP01-DEL03-PA
763933,09/04/2026,quinta-feira,09:20:00,RJ,116.0,171,RIO DE JANEIRO,Ausência de reação do condutor,Colisão lateral mesmo sentido,Com Vítimas Feridas,Pleno dia,Crescente,Céu Claro,Dupla,Reta,Sim,2.0,0.0,1.0,0.0,1.0,1.0,0.0,2.0,"-22,80937584","-43,33662271",SPRF-RJ,DEL06/RJ,UOP01-DEL06-RJ
763940,20/02/2026,sexta-feira,11:10:00,PR,277.0,"440,5",VIRMOND,Velocidade Incompatível,Tombamento,Com Vítimas Feridas,Pleno dia,Decrescente,Céu Claro,Simples,Curva;Declive,Não,2.0,0.0,1.0,0.0,1.0,0.0,0.0,2.0,"-25,37709","-52,25369",SPRF-PR,DEL04/PR,UOP02-DEL04-PR
763944,09/04/2026,quinta-feira,12:40:00,RJ,116.0,175,SAO JOAO DE MERITI,Condutor deixou de manter distância do veículo da frente,Colisão traseira,Com Vítimas Feridas,Pleno dia,Crescente,Nublado,Dupla,Reta,Sim,3.0,0.0,2.0,0.0,2.0,1.0,0.0,2.0,"-22,79672615","-43,35940003",SPRF-RJ,DEL06/RJ,UOP01-DEL06-RJ
763945,23/01/2026,sexta-feira,10:20:00,RJ,101.0,330,RIO DE JANEIRO,Ausência de reação do condutor,Colisão lateral mesmo sentido,Sem Vítimas,Pleno dia,Crescente,Chuva,Dupla,Reta,Sim,4.0,0.0,0.0,0.0,0.0,3.0,0.0,3.0,"-22,86858331","-43,17935944",SPRF-RJ,DEL02/RJ,UOP01-DEL02-RJ
763950,09/04/2026,quinta-feira,15:00:00,RJ,40.0,97,DUQUE DE CAXIAS,Mal súbito do condutor,Colisão traseira,Com Vítimas Feridas,Pleno dia,Crescente,Céu Claro,Simples,Declive;Curva,Não,3.0,0.0,2.0,0.0,2.0,1.0,0.0,2.0,"-22,573143","-43,276345",SPRF-RJ,DEL01/RJ,UOP01-DEL01-RJ
763953,09/04/2026,quinta-feira,12:00:00,MT,163.0,881,CLAUDIA,Ausência de reação do condutor,Saída de leito carroçável,Com Vítimas Feridas,Pleno dia,Crescente,Céu Claro,Simples,Reta,Não,2.0,0.0,1.0,0.0,1.0,0.0,0.0,4.0,"-11,47162762","-55,36195144",SPRF-MT,DEL06/MT,UOP02-DEL06-MT
763954,09/04/2026,quinta-feira,16:55:00,PE,101.0,63,RECIFE,Reação tardia ou ineficiente do condutor,Colisão traseira,Com Vítimas Feridas,Anoitecer,Decrescente,Céu Claro,Dupla,Reta,Sim,4.0,0.0,0.0,1.0,1.0,3.0,0.0,2.0,"-8,010353","-34,937405",SPRF-PE,DEL01/PE,UOP01-DEL01-PE