id,data_inversa,dia_semana,horario,uf,br,km,municipio,causa_acidente,tipo_acidente,classificacao_acidente,fase_dia,sentido_via,condicao_metereologica,tipo_pista,tracado_via,uso_solo,pessoas,mortos,feridos_leves,feridos_graves,feridos,ilesos,ignorados,veiculos,latitude,longitude,regional,delegacia,uop
763957,09/04/2026,quinta-feira,15:40:00,PB,104.0,184,ALCANTIL,Ultrapassagem Indevida,Colisão frontal,Com Vítimas Fatais,Pleno dia,Crescente,Sol,Simples,Reta;Declive,Não,2.0,2.0,0.0,0.0,0.0,0.0,0.0,2.0,"-7,674203","-36,076582",SPRF-PB,DEL02-PB,UOP03-DEL02-PB
763962,09/04/2026,quinta-feira,18:05:00,SC,101.0,"404,5",ARARANGUA,Ausência de reação do condutor,Colisão traseira,Com Vítimas Feridas,Anoitecer,Crescente,Céu Claro,Múltipla,Reta,Não,3.0,0.0,1.0,0.0,1.0,2.0,0.0,2.0,"-28,89774997","-49,47350009",SPRF-SC,DEL02/SC,UOP02-DEL02-SC
763965,09/04/2026,quinta-feira,16:50:00,PR,158.0,524,PATO BRANCO,Mal súbito do condutor,Colisão frontal,Com Vítimas Feridas,Pleno dia,Decrescente,Céu Claro,Múltipla,Curva;Aclive,Não,3.0,0.0,0.0,1.0,1.0,1.0,0.0,3.0,"-26,14498","-52,65942",SPRF-PR,DEL02/PR,UOP01-DEL02-PR
763967,23/03/2026,segunda-feira,09:00:00,BA,242.0,415,SEABRA,Demais falhas mecânicas ou elétricas,Colisão traseira,Com Vítimas Feridas,Pleno dia,Decrescente,Chuva,Simples,Reta;Ponte;Declive,Sim,9.0,0.0,3.0,0.0,3.0,4.0,0.0,12.0,"-12,428138","-41,776041",SPRF-BA,DEL06/BA,UOP01-DEL06-BA
763969,25/01/2026,domingo,22:40:00,SP,116.0,348,MIRACATU,Reação tardia ou ineficiente do condutor,Tombamento,Com Vítimas Feridas,Plena Noite,Crescente,Chuva,Dupla,Curva;Aclive,Não,1.0,0.0,1.0,0.0,1.0,0.0,0.0,1.0,"-24,04933134","-47,20004657",SPRF-SP,DEL04/SP,UOP03-DEL04-SP
763977,09/04/2026,quinta-feira,08:00:00,RJ,101.0,551,PARATY,Condutor deixou de manter distância do veículo da frente,Colisão traseira,Com Vítimas Feridas,Pleno dia,Decrescente,Céu Claro,Simples,Reta,Não,2.0,0.0,0.0,1.0,1.0,1.0,0.0,2.0,"-23,06058687","-44,68099801",SPRF-RJ,DEL03/RJ,UOP04-DEL03-RJ
763992,09/04/2026,quinta-feira,18:45:00,RS,386.0,444,CANOAS,Reação tardia ou ineficiente do condutor,Colisão traseira,Com Vítimas Feridas,Plena Noite,Decrescente,Nublado,Múltipla,Reta,Não,5.0,0.0,2.0,0.0,2.0,2.0,0.0,3.0,"-29,89184262","-51,19863231",SPRF-RS,DEL01/RS,UOP01-DEL01-RS
763995,09/04/2026,quinta-feira,15:50:00,MA,222.0,622,ACAILANDIA,Ausência de reação do condutor,Colisão traseira,Com Vítimas Fatais,Pleno dia,Decrescente,Nublado,Simples,Curva;Declive,Não,2.0,1.0,0.0,0.0,0.0,1.0,0.0,2.0,"-4,76395","-47,05216",SPRF-MA,DEL04-MA,UOP03-DEL04-MA
763996,09/04/2026,quinta-feira,20:17:00,PE,101.0,"66,1",RECIFE,Manobra de mudança de faixa,Colisão lateral mesmo sentido,Com Vítimas Feridas,Plena Noite,Decrescente,Nublado,Múltipla,Reta,Sim,2.0,0.0,1.0,0.0,1.0,0.0,0.0,2.0,"-8,03372","-34,941183",SPRF-PE,DEL01/PE,UOP01-DEL01-PE
764001,09/04/2026,quinta-feira,19:00:00,MG,116.0,"554,7",MANHUACU,Ausência de reação do condutor,Saída de leito carroçável,Com Vítimas Feridas,Plena Noite,Decrescente,Céu Claro,Simples,Reta,Não,2.0,0.0,1.0,0.0,1.0,0.0,0.0,2.0,"-20,008333","-42,148666",SPRF-MG,DEL06/MG,UOP02-DEL06-MG
764005,09/04/2026,quinta-feira,21:15:00,MA,135.0,85,ITAPECURU MIRIM,Ausência de reação do condutor,Colisão com objeto,Sem Vítimas,Plena Noite,Decrescente,Céu Claro,Simples,Reta,Sim,2.0,0.0,0.0,0.0,0.0,1.0,0.0,2.0,"-3,256625","-44,387868",SPRF-MA,DEL01-MA,UOP02-DEL01-MA
764011,09/04/2026,quinta-feira,22:00:00,ES,101.0,"439,5",MIMOSO DO SUL,Pedestre andava na pista,Atropelamento de Pedestre,Com Vítimas Fatais,Plena Noite,Crescente,Garoa/Chuvisco,Simples,Reta,Não,2.0,1.0,0.0,0.0,0.0,0.0,0.0,2.0,"-21,09079659","-41,24743402",SPRF-ES,DEL03-ES,UOP02-DEL03-ES
764012,09/04/2026,quinta-feira,21:20:00,RS,386.0,"274,2",FONTOURA XAVIER,Retorno proibido,Colisão lateral mesmo sentido,Com Vítimas Feridas,Plena Noite,Decrescente,Céu Claro,Simples,Curva;Aclive,Não,4.0,0.0,1.0,0.0,1.0,2.0,0.0,4.0,"-29,00437775","-52,34997153",SPRF-RS,DEL04/RS,UOP03-DEL04-RS
764018,09/04/2026,quinta-feira,21:10:00,RJ,116.0,102,GUAPIMIRIM,Condutor Dormindo,Saída de leito carroçável,Com Vítimas Feridas,Plena Noite,Decrescente,Chuva,Múltipla,Reta,Não,1.0,0.0,1.0,0.0,1.0,0.0,0.0,1.0,"-22,55138874","-42,99552083",SPRF-RJ,DEL04/RJ,UOP01-DEL04-RJ
764025,09/04/2026,quinta-feira,20:21:00,PE,101.0,"94,4",CABO DE SANTO AGOSTINHO,Ausência de reação do condutor,Colisão traseira,Com Vítimas Feridas,Plena Noite,Crescente,Nublado,Dupla,Reta,Não,3.0,0.0,0.0,1.0,1.0,2.0,0.0,2.0,"-8,251524","-35,021926",SPRF-PE,DEL01/PE,UOP03-DEL01-PE
764026,09/04/2026,quinta-feira,21:30:00,GO,80.0,181,URUACU,Ausência de reação do condutor,Saída de leito carroçável,Com Vítimas Feridas,Plena Noite,Crescente,Nublado,Simples,Reta;Interseção de Vias,Não,2.0,0.0,1.0,0.0,1.0,0.0,0.0,2.0,"-14,635592","-49,176128",SPRF-GO,DEL07/GO,UOP02-DEL07-GO
764031,10/04/2026,sexta-feira,00:50:00,RS,290.0,26,SANTO ANTONIO DA PATRULHA,Reação tardia ou ineficiente do condutor,Saída de leito carroçável,Com Vítimas Feridas,Plena Noite,Crescente,Céu Claro,Dupla,Reta,Não,1.0,0.0,1.0,0.0,1.0,0.0,0.0,1.0,"-29,880115","-50,510027",SPRF-RS,DEL03/RS,UOP01-DEL03-RS
764032,10/04/2026,sexta-feira,00:50:00,SC,101.0,"26,4",JOINVILLE,Ingestão de álcool pelo condutor,Colisão lateral mesmo sentido,Sem Vítimas,Plena Noite,Crescente,Céu Claro,Dupla,Reta,Não,3.0,0.0,0.0,0.0,0.0,2.0,0.0,3.0,"-26,2006306","-48,91308395",SPRF-SC,DEL03/SC,UOP01-DEL03-SC
764034,10/04/2026,sexta-feira,02:13:00,SP,116.0,"204,5",ARUJA,Entrada inopinada do pedestre,Atropelamento de Pedestre,Com Vítimas Feridas,Plena Noite,Decrescente,Céu Claro,Múltipla,Reta,Não,2.0,0.0,1.0,0.0,1.0,0.0,0.0,2.0,"-23,41266446","-46,35835497",SPRF-SP,DEL01/SP,UOP01-DEL01-SP
764035,10/04/2026,sexta-feira,00:05:00,MT,163.0,693,SORRISO,Reação tardia ou ineficiente do condutor,Saída de leito carroçável,Com Vítimas Feridas,Plena Noite,Decrescente,Garoa/Chuvisco,Simples,Reta,Não,1.0,0.0,1.0,0.0,1.0,0.0,0.0,1.0,"-13,04487851","-55,9040646",SPRF-MT,DEL06/MT,UOP01-DEL06-MT
764040,10/04/2026,sexta-feira,02:46:00,MT,364.0,"283,4",JACIARA,Condutor Dormindo,Colisão traseira,Com Vítimas Feridas,Plena Noite,Decrescente,Céu Claro,Dupla,Aclive;Curva,Não,3.0,0.0,1.0,0.0,1.0,1.0,0.0,5.0,"-15,91214012","-55,03652573",SPRF-MT,DEL05/MT,UOP02-DEL05-MT
764044,10/04/2026,sexta-feira,05:00:00,SP,116.0,"80,3",ROSEIRA,Acessar a via sem observar a presença dos outros veículos,Colisão traseira,Com Vítimas Feridas,Plena Noite,Crescente,Céu Claro,Dupla,Reta,Não,2.0,0.0,1.0,0.0,1.0,1.0,0.0,2.0,"-22,90019","-45,30368",SPRF-SP,DEL08/SP,UOP01-DEL08-SP
764046,10/04/2026,sexta-feira,05:10:00,MA,10.0,244,DAVINOPOLIS,Velocidade Incompatível,Tombamento,Com Vítimas Feridas,Amanhecer,Crescente,Céu Claro,Simples,Reta,Não,2.0,0.0,1.0,0.0,1.0,0.0,0.0,2.0,"-5,59563","-47,42908",SPRF-MA,DEL04-MA,UOP01-DEL04-MA
764052,09/04/2026,quinta-feira,09:30:00,SC,282.0,180,BOCAINA DO SUL,Reação tardia ou ineficiente do condutor,Saída de leito carroçável,Com Vítimas Feridas,Pleno dia,Crescente,Céu Claro,Simples,Reta,Não,1.0,0.0,1.0,0.0,1.0,0.0,0.0,1.0,"-27,74152","-49,94249",SPRF-SC,DEL05/SC,UOP01-DEL05-SC
764059,10/04/2026,sexta-feira,06:45:00,RS,285.0,"510,9",VITORIA DAS MISSOES,Carga excessiva e/ou mal acondicionada,Colisão lateral mesmo sentido,Com Vítimas Fatais,Amanhecer,Crescente,Céu Claro,Simples,Reta,Não,4.0,1.0,0.0,0.0,0.0,2.0,0.0,5.0,"-28,401995","-54,387617",SPRF-RS,DEL10/RS,UOP01-DEL10-RS
764060,10/04/2026,sexta-feira,06:20:00,PR,277.0,"665,3",MEDIANEIRA,Restrição de visibilidade em curvas verticais,Colisão traseira,Com Vítimas Feridas,Amanhecer,Crescente,Céu Claro,Dupla,Aclive,Não,4.0,0.0,2.0,0.0,2.0,1.0,0.0,3.0,"-25,25253","-54,02451",SPRF-PR,DEL05/PR,UOP02-DEL05-PR
764064,10/04/2026,sexta-feira,05:15:00,PR,476.0,358,UNIAO DA VITORIA,Condutor deixou de manter distância do veículo da frente,Colisão traseira,Com Vítimas Feridas,Amanhecer,Crescente,Céu Claro,Simples,Reta,Sim,3.0,0.0,0.0,2.0,2.0,0.0,0.0,3.0,"-26,2002851","-51,05676524",SPRF-PR,DEL02/PR,UOP03-DEL02-PR
764065,10/04/2026,sexta-feira,07:00:00,BA,242.0,885,BARREIRAS,Conversão proibida,Colisão transversal,Com Vítimas Fatais,Pleno dia,Crescente,Sol,Simples,Reta,Não,2.0,1.0,0.0,0.0,0.0,1.0,0.0,2.0,"-12,0643102","-45,5844115",SPRF-BA,DEL10/BA,UOP01-DEL10-BA
764078,10/04/2026,sexta-feira,07:20:00,MG,40.0,"572,7",ITABIRITO,Ausência de reação do condutor,Atropelamento de Pedestre,Com Vítimas Fatais,Amanhecer,Decrescente,Nevoeiro/Neblina,Simples,Reta,Não,2.0,1.0,0.0,0.0,0.0,0.0,0.0,2.0,"-20,23367","-43,9682",SPRF-MG,DEL01/MG,UOP02-DEL01-MG
764079,10/04/2026,sexta-feira,08:35:00,PE,101.0,"57,3",RECIFE,Trafegar com motocicleta (ou similar) entre as faixas,Colisão lateral mesmo sentido,Com Vítimas Fatais,Pleno dia,Decrescente,Céu Claro,Dupla,Reta,Sim,3.0,1.0,0.0,0.0,0.0,1.0,0.0,3.0,"-7,966812","-34,918158",SPRF-PE,DEL01/PE,UOP02-DEL01-PE
764084,10/04/2026,sexta-feira,08:30:00,RJ,40.0,87,PETROPOLIS,Demais falhas mecânicas ou elétricas,Saída de leito carroçável,Com Vítimas Feridas,Pleno dia,Crescente,Nublado,Dupla,Curva;Declive,Não,2.0,0.0,1.0,0.0,1.0,0.0,0.0,2.0,"-22,544012","-43,233667",SPRF-RJ,DEL01/RJ,UOP01-DEL01-RJ
764088,10/04/2026,sexta-feira,08:00:00,MT,163.0,851,SINOP,Afundamento ou ondulação no pavimento,Saída de leito carroçável,Com Vítimas Feridas,Pleno dia,Crescente,Sol,Simples,Declive,Não,2.0,0.0,1.0,0.0,1.0,0.0,0.0,3.0,"-11,72252","-55,45918",SPRF-MT,DEL06/MT,UOP02-DEL06-MT
764096,10/04/2026,sexta-feira,07:20:00,RO,435.0,91,COLORADO DO OESTE,Condutor deixou de manter distância do veículo da frente,Colisão traseira,Sem Vítimas,Pleno dia,Decrescente,Céu Claro,Simples,Reta;Declive,Não,4.0,0.0,0.0,0.0,0.0,4.0,0.0,2.0,"-13,164652","-60,544965",SPRF-RO,DEL04-RO,UOP02-DEL04-RO
764099,10/04/2026,sexta-feira,09:50:00,BA,324.0,620,SALVADOR,Trafegar com motocicleta (ou similar) entre as faixas,Colisão lateral mesmo sentido,Com Vítimas Feridas,Pleno dia,Crescente,Nublado,Múltipla,Reta,Sim,5.0,0.0,2.0,0.0,2.0,3.0,0.0,3.0,"-12,91764598","-38,46370557",SPRF-BA,DEL01/BA,UOP01-DEL01-BA
764100,10/04/2026,sexta-feira,10:30:00,PE,101.0,"61,4",RECIFE,Acessar a via sem observar a presença dos outros veículos,Colisão lateral mesmo sentido,Sem Vítimas,Pleno dia,Decrescente,Sol,Dupla,Reta,Sim,3.0,0.0,0.0,0.0,0.0,2.0,0.0,3.0,"-7,994088","-34,937735",SPRF-PE,DEL01/PE,UOP02-DEL01-PE
764103,10/04/2026,sexta-feira,12:20:00,RN,101.0,118,SAO JOSE DE MIPIBU,Reação tardia ou ineficiente do condutor,Colisão traseira,Com Vítimas Feridas,Pleno dia,Crescente,Céu Claro,Dupla,Reta,Não,6.0,0.0,3.0,0.0,3.0,3.0,0.0,3.0,"-6,01897665","-35,2525264",SPRF-RN,DEL01-RN,UOP01-DEL01-RN
764106,10/04/2026,sexta-feira,12:15:00,RJ,116.0,181,NOVA IGUACU,Reação tardia ou ineficiente do condutor,Colisão traseira,Com Vítimas Feridas,Pleno dia,Crescente,Céu Claro,Múltipla,Reta,Sim,3.0,0.0,2.0,0.0,2.0,1.0,0.0,2.0,"-22,7598217","-43,4256256",SPRF-RJ,DEL06/RJ,UOP01-DEL06-RJ
764119,10/04/2026,sexta-feira,11:30:00,SC,101.0,127,ITAJAI,Acessar a via sem observar a presença dos outros veículos,Colisão traseira,Sem Vítimas,Pleno dia,Crescente,Céu Claro,Dupla,Reta,Não,3.0,0.0,0.0,0.0,0.0,1.0,0.0,3.0,"-26,96976108","-48,68314236",SPRF-SC,DEL04/SC,UOP04-DEL04-SC
764122,10/04/2026,sexta-feira,13:00:00,MG,267.0,59,GUARARA,Ausência de reação do condutor,Colisão lateral sentido oposto,Com Vítimas Feridas,Pleno dia,Crescente,Chuva,Simples,Curva,Não,4.0,0.0,1.0,0.0,1.0,2.0,0.0,3.0,"-21,7245573","-43,04402678",SPRF-MG,DEL07/MG,UOP01-DEL07-MG
764131,10/04/2026,sexta-feira,13:45:00,ES,262.0,"23,4",VIANA,Ingestão de álcool pelo condutor,Colisão frontal,Com Vítimas Feridas,Pleno dia,Decrescente,Nublado,Simples,Curva,Não,2.0,0.0,1.0,0.0,1.0,1.0,0.0,2.0,"-20,378058","-40,520822",SPRF-ES,DEL01-ES,UOP01-DEL01-ES
764135,10/04/2026,sexta-feira,08:20:00,PR,277.0,633,CEU AZUL,Ultrapassagem Indevida,Colisão frontal,Com Vítimas Feridas,Pleno dia,Decrescente,Céu Claro,Simples,Reta;Declive,Não,4.0,0.0,0.0,1.0,1.0,1.0,0.0,4.0,"-25,1222","-53,8093",SPRF-PR,DEL05/PR,UOP02-DEL05-PR
764138,10/04/2026,sexta-feira,13:45:00,MG,365.0,31,MONTES CLAROS,Chuva,Saída de leito carroçável,Com Vítimas Feridas,Pleno dia,Decrescente,Garoa/Chuvisco,Simples,Declive;Curva,Não,2.0,0.0,2.0,0.0,2.0,0.0,0.0,1.0,"-16,65421896","-43,71769151",SPRF-MG,DEL12/MG,UOP01-DEL12-MG
764143,10/04/2026,sexta-feira,14:33:00,MG,381.0,491,BETIM,Condutor deixou de manter distância do veículo da frente,Colisão lateral mesmo sentido,Com Vítimas Feridas,Pleno dia,Decrescente,Nublado,Múltipla,Reta,Não,2.0,0.0,0.0,1.0,1.0,1.0,0.0,2.0,"-19,96334562","-44,15774345",SPRF-MG,DEL01/MG,UOP03-DEL01-MG
764146,10/04/2026,sexta-feira,15:10:00,SE,101.0,"193,3",CRISTINAPOLIS,Frear bruscamente,Colisão traseira,Com Vítimas Feridas,Pleno dia,Decrescente,Céu Claro,Simples,Curva,Não,6.0,0.0,1.0,0.0,1.0,4.0,0.0,6.0,"-11,435832","-37,731732",SPRF-SE,DEL02-SE,UOP03-DEL02-SE
764147,10/04/2026,sexta-feira,13:25:00,MG,116.0,25,CACHOEIRA DE PAJEU,Demais falhas mecânicas ou elétricas,Incêndio,Sem Vítimas,Pleno dia,Decrescente,Céu Claro,Simples,Aclive;Reta,Não,2.0,0.0,0.0,0.0,0.0,1.0,0.0,2.0,"-15,8738","-41,43113",SPRF-BA,DEL08/BA,UOP03-DEL08-BA
764148,10/04/2026,sexta-feira,13:20:00,PR,163.0,"128,3",REALEZA,Reação tardia ou ineficiente do condutor,Colisão traseira,Com Vítimas Feridas,Pleno dia,Crescente,Céu Claro,Dupla,Reta;Em Obras;Declive,Não,5.0,0.0,1.0,0.0,1.0,4.0,0.0,2.0,"-25,56681","-53,574948",SPRF-PR,DEL02/PR,UOP02-DEL02-PR
764149,10/04/2026,sexta-feira,15:00:00,BA,116.0,692,JEQUIE,Ingestão de álcool pelo condutor,Colisão frontal,Com Vítimas Feridas,Pleno dia,Decrescente,Céu Claro,Dupla,Aclive,Sim,3.0,0.0,0.0,1.0,1.0,1.0,0.0,3.0,"-13,88402","-40,17646",SPRF-BA,DEL03/BA,UOP01-DEL03-BA
764151,10/04/2026,sexta-feira,15:45:00,MG,116.0,632,DIVINO,Chuva,Colisão frontal,Com Vítimas Fatais,Pleno dia,Crescente,Chuva,Simples,Declive;Curva,Não,4.0,1.0,0.0,3.0,3.0,0.0,0.0,2.0,"-20,60715078","-42,21105248",SPRF-MG,DEL07/MG,UOP02-DEL07-MG
764155,10/04/2026,sexta-feira,16:00:00,RS,293.0,"11,5",CAPAO DO LEAO,Estacionar ou parar em local proibido,Colisão traseira,Com Vítimas Feridas,Pleno dia,Crescente,Céu Claro,Simples,Reta,Não,5.0,0.0,1.0,0.0,1.0,3.0,0.0,3.0,"-31,75688","-52,435858",SPRF-RS,DEL07/RS,UOP01-DEL07-RS
764160,10/04/2026,sexta-feira,06:30:00,AC,364.0,200,BUJARI,Transitar na contramão,Colisão lateral sentido oposto,Com Vítimas Feridas,Amanhecer,Decrescente,Ignorado,Simples,Reta,Não,2.0,0.0,1.0,0.0,1.0,0.0,0.0,2.0,"-9,588913","-68,26604",SPRF-AC,DEL01-AC,UOP01-DEL01-AC
764167,10/04/2026,sexta-feira,16:00:00,SC,101.0,123,ITAJAI,Condutor deixou de manter distância do veículo da frente,Colisão traseira,Com Vítimas Fatais,Pleno dia,Decrescente,Céu Claro,Múltipla,Reta;Viaduto,Não,2.0,1.0,0.0,0.0,0.0,1.0,0.0,2.0,"-26,937446","-48,697728",SPRF-SC,DEL04/SC,UOP04-DEL04-SC
764169,10/04/2026,sexta-feira,14:30:00,MT,163.0,850,SINOP,Transitar na contramão,Colisão lateral sentido oposto,Com Vítimas Fatais,Pleno dia,Decrescente,Céu Claro,Simples,Reta;Em Obras,Não,4.0,2.0,0.0,0.0,0.0,1.0,0.0,4.0,"-11,722983","-55,459296",SPRF-MT,DEL06/MT,UOP02-DEL06-MT
764184,10/04/2026,sexta-feira,17:10:00,PR,476.0,"147,2",CURITIBA,Condutor deixou de manter distância do veículo da frente,Colisão lateral mesmo sentido,Com Vítimas Feridas,Pleno dia,Decrescente,Nublado,Dupla,Reta,Sim,6.0,0.0,2.0,0.0,2.0,2.0,0.0,8.0,"-25,55565143","-49,34200136",SPRF-PR,DEL01/PR,UOP06-DEL01-PR
764189,10/04/2026,sexta-feira,17:00:00,RS,392.0,260,CACAPAVA DO SUL,Ausência de reação do condutor,Colisão traseira,Com Vítimas Feridas,Pleno dia,Crescente,Sol,Simples,Reta;Em Obras,Não,4.0,0.0,1.0,1.0,2.0,1.0,0.0,3.0,"-30,472759","-53,484382",SPRF-RS,DEL09/RS,UOP02-DEL09-RS
764190,10/04/2026,sexta-feira,17:10:00,RN,304.0,30,MOSSORO,Condutor deixou de manter distância do veículo da frente,Engavetamento,Com Vítimas Feridas,Anoitecer,Decrescente,Chuva,Simples,Reta,Sim,4.0,0.0,0.0,2.0,2.0,2.0,0.0,3.0,"-5,12222","-37,342363",SPRF-RN,DEL04-RN,UOP02-DEL04-RN
764202,10/04/2026,sexta-feira,18:30:00,MA,135.0,10,SAO LUIS,Condutor deixou de manter distância do veículo da frente,Colisão traseira,Com Vítimas Feridas,Plena Noite,Crescente,Nublado,Dupla,Reta,Sim,3.0,0.0,1.0,1.0,2.0,1.0,0.0,2.0,"-2,65818041","-44,28612497",SPRF-MA,DEL01-MA,UOP01-DEL01-MA
764216,10/04/2026,sexta-feira,17:00:00,MT,163.0,1041,MATUPA,Desrespeitar a preferência no cruzamento,Colisão traseira,Com Vítimas Feridas,Pleno dia,Crescente,Céu Claro,Simples,Reta,Sim,4.0,0.0,1.0,0.0,1.0,1.0,0.0,6.0,"-10,15113299","-54,93081719",SPRF-MT,DEL06/MT,UOP03-DEL06-MT
764224,10/04/2026,sexta-feira,15:00:00,BA,235.0,60,JEREMOABO,Reação tardia ou ineficiente do condutor,Saída de leito carroçável,Com Vítimas Feridas,Pleno dia,Crescente,Céu Claro,Simples,Curva,Não,2.0,0.0,1.0,0.0,1.0,0.0,0.0,2.0,"-10,08758875","-38,20160564",SPRF-SE,DEL01-SE,UOP02-DEL01-SE
764225,10/04/2026,sexta-feira,20:00:00,MG,381.0,"588,2",CARMOPOLIS DE MINAS,Pedestre andava na pista,Atropelamento de Pedestre,Com Vítimas Fatais,Plena Noite,Crescente,Nublado,Dupla,Reta,Sim,2.0,1.0,0.0,0.0,0.0,0.0,0.0,2.0,"-20,5330699","-44,63924074",SPRF-MG,DEL04/MG,UOP01-DEL04-MG
764226,10/04/2026,sexta-feira,17:45:00,BA,242.0,353,LENCOIS,Velocidade Incompatível,Tombamento,Com Vítimas Feridas,Pleno dia,Decrescente,Céu Claro,Simples,Curva,Não,2.0,0.0,1.0,0.0,1.0,0.0,0.0,3.0,"-12,499","-41,331",SPRF-BA,DEL06/BA,UOP02-DEL06-BA
764228,10/04/2026,sexta-feira,21:00:00,PR,376.0,464,PONTA GROSSA,Demais falhas mecânicas ou elétricas,Incêndio,Sem Vítimas,Plena Noite,Crescente,Ignorado,Dupla,Reta,Não,2.0,0.0,0.0,0.0,0.0,1.0,0.0,3.0,"-25,0260472","-50,339226",SPRF-PR,DEL03/PR,UOP01-DEL03-PR
764230,10/04/2026,sexta-feira,19:30:00,BA,116.0,677,JEQUIE,Condutor Dormindo,Saída de leito carroçável,Com Vítimas Fatais,Plena Noite,Decrescente,Céu Claro,Simples,Reta,Sim,2.0,1.0,0.0,0.0,0.0,0.0,0.0,2.0,"-13,882233","-40,137227",SPRF-BA,DEL03/BA,UOP01-DEL03-BA
764235,10/04/2026,sexta-feira,19:50:00,PR,277.0,203,PALMEIRA,Transitar na contramão,Colisão frontal,Com Vítimas Feridas,Plena Noite,Decrescente,Céu Claro,Simples,Reta;Declive,Não,4.0,0.0,1.0,0.0,1.0,2.0,0.0,3.0,"-25,464154","-50,225942",SPRF-PR,DEL08/PR,UOP02-DEL08-PR
764236,10/04/2026,sexta-feira,18:30:00,RS,290.0,489,ROSARIO DO SUL,Problema com o freio,Incêndio,Sem Vítimas,Anoitecer,Crescente,Céu Claro,Simples,Reta,Não,2.0,0.0,0.0,0.0,0.0,1.0,0.0,2.0,"-30,23860753","-55,01212684",SPRF-RS,DEL11/RS,UOP02-DEL11-RS
764239,10/04/2026,sexta-feira,21:40:00,ES,101.0,"287,4",CARIACICA,Conversão proibida,Saída de leito carroçável,Com Vítimas Feridas,Plena Noite,Crescente,Céu Claro,Dupla,Reta;Interseção de Vias,Sim,1.0,0.0,1.0,0.0,1.0,0.0,0.0,1.0,"-20,26142382","-40,37917056",SPRF-ES,DEL01-ES,UOP01-DEL01-ES
764247,10/04/2026,sexta-feira,22:50:00,MG,381.0,489,BETIM,Ausência de reação do condutor,Colisão transversal,Com Vítimas Feridas,Plena Noite,Crescente,Chuva,Dupla,Declive,Sim,4.0,0.0,2.0,0.0,2.0,1.0,0.0,3.0,"-19,95601333","-44,13305707",SPRF-MG,DEL01/MG,UOP03-DEL01-MG
764253,10/04/2026,sexta-feira,23:20:00,SP,116.0,403,MIRACATU,Reação tardia ou ineficiente do condutor,Colisão traseira,Com Vítimas Feridas,Plena Noite,Decrescente,Nublado,Dupla,Reta,Não,2.0,0.0,1.0,0.0,1.0,0.0,0.0,2.0,"-24,321508","-47,537075",SPRF-SP,DEL04/SP,UOP02-DEL04-SP
764259,06/04/2026,segunda-feira,14:00:00,RJ,116.0,71,TERESOPOLIS,Chuva,Colisão lateral sentido oposto,Com Vítimas Feridas,Pleno dia,Crescente,Chuva,Simples,Curva,Sim,2.0,0.0,1.0,0.0,1.0,1.0,0.0,2.0,"-22,32053681","-42,93873159",SPRF-RJ,DEL04/RJ,UOP01-DEL04-RJ
764260,11/04/2026,sábado,00:50:00,RN,101.0,114,SAO JOSE DE MIPIBU,Demais falhas mecânicas ou elétricas,Incêndio,Sem Vítimas,Plena Noite,Decrescente,Céu Claro,Dupla,Reta,Não,2.0,0.0,0.0,0.0,0.0,1.0,0.0,2.0,"-5,9820665","-35,2644914",SPRF-RN,DEL01-RN,UOP01-DEL01-RN
764267,11/04/2026,sábado,02:15:00,MG,381.0,"187,8",PERIQUITO,Condutor Dormindo,Colisão lateral sentido oposto,Com Vítimas Feridas,Plena Noite,Decrescente,Céu Claro,Simples,Reta,Não,3.0,0.0,1.0,0.0,1.0,2.0,0.0,2.0,"-19,108","-42,203",SPRF-MG,DEL06/MG,UOP01-DEL06-MG
764268,11/04/2026,sábado,02:50:00,MG,381.0,746,TRES CORACOES,Condutor Dormindo,Colisão traseira,Com Vítimas Feridas,Plena Noite,Crescente,Céu Claro,Dupla,Curva,Não,6.0,0.0,3.0,0.0,3.0,2.0,0.0,4.0,"-21,6144365","-45,2612117",SPRF-MG,DEL16/MG,UOP02-DEL16-MG
764271,11/04/2026,sábado,02:26:00,MT,364.0,348,SANTO ANTONIO DO LEVERGER,Reação tardia ou ineficiente do condutor,Saída de leito carroçável,Com Vítimas Feridas,Plena Noite,Crescente,Céu Claro,Dupla,Declive;Curva,Não,1.0,0.0,1.0,0.0,1.0,0.0,0.0,1.0,"-15,793924","-55,573869",SPRF-MT,DEL05/MT,UOP02-DEL05-MT
764274,11/04/2026,sábado,04:00:00,PR,277.0,"429,3",CANTAGALO,Condutor Dormindo,Colisão traseira,Com Vítimas Feridas,Plena Noite,Decrescente,Céu Claro,Múltipla,Aclive;Reta,Não,3.0,0.0,0.0,1.0,1.0,1.0,0.0,3.0,"-25,383384","-52,15438",SPRF-PR,DEL04/PR,UOP02-DEL04-PR
764276,11/04/2026,sábado,04:30:00,PR,376.0,623,SAO JOSE DOS PINHAIS,Reação tardia ou ineficiente do condutor,Saída de leito carroçável,Com Vítimas Feridas,Plena Noite,Decrescente,Nublado,Múltipla,Reta;Declive,Sim,3.0,0.0,1.0,0.0,1.0,0.0,0.0,6.0,"-25,644353","-49,158467",SPRF-PR,DEL01/PR,UOP04-DEL01-PR