id,data_inversa,dia_semana,horario,uf,br,km,municipio,causa_acidente,tipo_acidente,classificacao_acidente,fase_dia,sentido_via,condicao_metereologica,tipo_pista,tracado_via,uso_solo,pessoas,mortos,feridos_leves,feridos_graves,feridos,ilesos,ignorados,veiculos,latitude,longitude,regional,delegacia,uop
764277,11/04/2026,sábado,03:45:00,SC,282.0,"16,2",PALHOCA,Transitar na contramão,Colisão frontal,Com Vítimas Fatais,Plena Noite,Decrescente,Céu Claro,Simples,Reta,Sim,2.0,1.0,0.0,0.0,0.0,1.0,0.0,2.0,"-27,660329","-48,683343",SPRF-SC,DEL01/SC,UOP02-DEL01-SC
764287,11/04/2026,sábado,05:30:00,GO,153.0,"377,9",SAO FRANCISCO DE GOIAS,Ausência de reação do condutor,Colisão traseira,Com Vítimas Feridas,Amanhecer,Decrescente,Céu Claro,Simples,Aclive;Reta,Não,2.0,0.0,0.0,1.0,1.0,1.0,0.0,2.0,"-15,902895","-49,230877",SPRF-GO,DEL02/GO,UOP02-DEL02-GO
764289,11/04/2026,sábado,04:00:00,RJ,101.0,186,CASIMIRO DE ABREU,Ausência de reação do condutor,Saída de leito carroçável,Com Vítimas Feridas,Plena Noite,Decrescente,Ignorado,Simples,Reta,Não,2.0,0.0,1.0,0.0,1.0,0.0,0.0,3.0,"-22,43832688","-42,04376665",SPRF-RJ,DEL08/RJ,UOP04-DEL08-RJ
764298,11/04/2026,sábado,05:20:00,PI,316.0,"277,4",DOM EXPEDITO LOPES,Objeto estático sobre o leito carroçável,Colisão com objeto,Com Vítimas Fatais,Amanhecer,Crescente,Céu Claro,Simples,Aclive;Reta,Não,2.0,1.0,0.0,0.0,0.0,0.0,0.0,2.0,"-6,952968","-41,706508",SPRF-PI,DEL04-PI,UOP01-DEL04-PI
764304,11/04/2026,sábado,05:40:00,PR,369.0,"430,5",UBIRATA,Condutor Dormindo,Saída de leito carroçável,Com Vítimas Feridas,Plena Noite,Crescente,Nublado,Simples,Reta,Sim,2.0,0.0,1.0,0.0,1.0,0.0,0.0,2.0,"-24,554794","-52,968577",SPRF-PR,DEL04/PR,UOP03-DEL04-PR
764306,11/04/2026,sábado,05:10:00,MS,262.0,303,CAMPO GRANDE,Demais falhas mecânicas ou elétricas,Colisão lateral sentido oposto,Com Vítimas Feridas,Pleno dia,Crescente,Céu Claro,Simples,Curva,Não,3.0,0.0,2.0,0.0,2.0,0.0,0.0,4.0,"-20,495371","-54,324026",SPRF-MS,DEL01/MS,UOP05-DEL01-MS
764310,11/04/2026,sábado,07:50:00,PI,343.0,"337,6",TERESINA,Ausência de reação do condutor,Colisão lateral mesmo sentido,Com Vítimas Feridas,Pleno dia,Crescente,Céu Claro,Dupla,Reta,Não,2.0,0.0,1.0,0.0,1.0,1.0,0.0,2.0,"-5,062608","-42,720005",SPRF-PI,DEL01-PI,UOP01-DEL01-PI
764314,11/04/2026,sábado,08:00:00,PR,369.0,"99,6",CORNELIO PROCOPIO,Reação tardia ou ineficiente do condutor,Colisão traseira,Com Vítimas Feridas,Pleno dia,Decrescente,Sol,Dupla,Reta,Não,5.0,0.0,1.0,1.0,2.0,2.0,0.0,3.0,"-23,241722","-50,702145",SPRF-PR,DEL07/PR,UOP05-DEL07-PR
764323,11/04/2026,sábado,08:55:00,SP,116.0,316,JUQUITIBA,Ausência de reação do condutor,Saída de leito carroçável,Com Vítimas Feridas,Pleno dia,Crescente,Céu Claro,Dupla,Curva,Não,2.0,0.0,1.0,0.0,1.0,0.0,0.0,2.0,"-23,9143162","-46,9892781",SPRF-SP,DEL04/SP,UOP03-DEL04-SP
764324,11/04/2026,sábado,09:54:00,SE,101.0,"149,1",ESTANCIA,Ausência de reação do condutor,Tombamento,Com Vítimas Fatais,Pleno dia,Decrescente,Céu Claro,Simples,Reta;Declive,Sim,3.0,1.0,1.0,0.0,1.0,1.0,0.0,2.0,"-11,24416167","-37,43322667",SPRF-SE,DEL02-SE,UOP01-DEL02-SE
764330,11/04/2026,sábado,10:00:00,PE,101.0,"44,4",IGARASSU,Condutor deixou de manter distância do veículo da frente,Colisão transversal,Com Vítimas Feridas,Pleno dia,Decrescente,Céu Claro,Dupla,Reta,Sim,5.0,0.0,2.0,0.0,2.0,2.0,0.0,3.0,"-7,85524","-34,90845",SPRF-PE,DEL01/PE,UOP02-DEL01-PE
764331,11/04/2026,sábado,03:30:00,BA,324.0,459,CANDEAL,Transitar na contramão,Colisão transversal,Com Vítimas Feridas,Plena Noite,Crescente,Nublado,Simples,Curva,Não,3.0,0.0,1.0,1.0,2.0,0.0,0.0,4.0,"-11,9315758","-39,23330996",SPRF-BA,DEL04/BA,UOP02-DEL04-BA
764333,11/04/2026,sábado,08:30:00,GO,153.0,697,ITUMBIARA,Reação tardia ou ineficiente do condutor,Colisão com objeto,Com Vítimas Feridas,Pleno dia,Decrescente,Céu Claro,Dupla,Reta,Sim,2.0,0.0,1.0,0.0,1.0,0.0,0.0,2.0,"-18,368422","-49,213201",SPRF-GO,DEL03/GO,UOP02-DEL03-GO
764340,11/04/2026,sábado,10:05:00,MG,116.0,"783,1",LEOPOLDINA,Reação tardia ou ineficiente do condutor,Tombamento,Com Vítimas Feridas,Pleno dia,Decrescente,Nublado,Simples,Curva,Não,2.0,0.0,0.0,1.0,1.0,0.0,0.0,2.0,"-21,54264373","-42,65585183",SPRF-MG,DEL07/MG,UOP01-DEL07-MG
764345,11/04/2026,sábado,11:50:00,ES,101.0,408,ITAPEMIRIM,Velocidade Incompatível,Tombamento,Com Vítimas Feridas,Pleno dia,Decrescente,Nublado,Simples,Curva,Não,2.0,0.0,0.0,1.0,1.0,0.0,0.0,2.0,"-20,890756","-41,03891",SPRF-ES,DEL03-ES,UOP02-DEL03-ES
764347,11/04/2026,sábado,11:45:00,MG,50.0,"152,3",UBERABA,Reação tardia ou ineficiente do condutor,Colisão lateral mesmo sentido,Com Vítimas Feridas,Pleno dia,Decrescente,Sol,Dupla,Aclive;Reta,Não,4.0,0.0,0.0,1.0,1.0,2.0,0.0,3.0,"-19,60771216","-48,02233156",SPRF-MG,DEL13/MG,UOP01-DEL13-MG
764351,11/04/2026,sábado,11:40:00,SC,101.0,"97,9",BALNEARIO PICARRAS,Manobra de mudança de faixa,Colisão lateral mesmo sentido,Com Vítimas Fatais,Pleno dia,Crescente,Céu Claro,Múltipla,Reta,Não,4.0,1.0,1.0,0.0,1.0,1.0,0.0,3.0,"-26,74027798","-48,69852517",SPRF-SC,DEL03/SC,UOP02-DEL03-SC
764353,11/04/2026,sábado,12:40:00,PA,10.0,"15,7",DOM ELISEU,Conversão proibida,Colisão transversal,Com Vítimas Feridas,Pleno dia,Crescente,Céu Claro,Simples,Reta,Sim,3.0,0.0,1.0,0.0,1.0,1.0,0.0,3.0,"-4,31282","-47,554263",SPRF-PA,DEL02/PA,UOP02-DEL02-PA
764356,11/04/2026,sábado,12:00:00,RS,116.0,300,GUAIBA,Manobra de mudança de faixa,Colisão lateral mesmo sentido,Com Vítimas Fatais,Pleno dia,Decrescente,Céu Claro,Dupla,Reta,Sim,4.0,2.0,0.0,0.0,0.0,1.0,0.0,3.0,"-30,1185323","-51,34700891",SPRF-RS,DEL02/RS,UOP01-DEL02-RS
764359,11/04/2026,sábado,14:00:00,MA,316.0,"271,7",BELA VISTA DO MARANHAO,Manobra de mudança de faixa,Colisão traseira,Com Vítimas Feridas,Pleno dia,Decrescente,Chuva,Simples,Reta,Sim,3.0,0.0,1.0,0.0,1.0,2.0,0.0,3.0,"-3,70701336","-45,30590057",SPRF-MA,DEL02-MA,UOP01-DEL02-MA
764360,11/04/2026,sábado,14:00:00,MG,40.0,794,JUIZ DE FORA,Acessar a via sem observar a presença dos outros veículos,Colisão traseira,Com Vítimas Feridas,Pleno dia,Decrescente,Céu Claro,Dupla,Retorno Regulamentado,Não,3.0,0.0,0.0,1.0,1.0,1.0,0.0,3.0,"-21,77884926","-43,42444897",SPRF-MG,DEL05/MG,UOP01-DEL05-MG
764361,11/04/2026,sábado,13:35:00,SC,470.0,53,BLUMENAU,Condutor Dormindo,Colisão frontal,Sem Vítimas,Pleno dia,Decrescente,Céu Claro,Simples,Reta,Sim,3.0,0.0,0.0,0.0,0.0,2.0,0.0,3.0,"-26,8703142","-49,1064209",SPRF-SC,DEL04/SC,UOP01-DEL04-SC
764377,11/04/2026,sábado,14:00:00,MS,376.0,9,DOURADOS,Ausência de reação do condutor,Colisão traseira,Com Vítimas Feridas,Pleno dia,Decrescente,Céu Claro,Simples,Reta,Não,2.0,0.0,1.0,0.0,1.0,1.0,0.0,2.0,"-22,262269","-54,632621",SPRF-MS,DEL04/MS,UOP01-DEL04-MS
764381,11/04/2026,sábado,14:11:00,PB,101.0,75,SANTA RITA,Velocidade Incompatível,Colisão com objeto,Com Vítimas Feridas,Pleno dia,Crescente,Sol,Dupla,Curva,Não,2.0,0.0,1.0,0.0,1.0,0.0,0.0,2.0,"-7,0842261","-34,9705219",SPRF-PB,DEL01-PB,UOP03-DEL01-PB
764384,11/04/2026,sábado,15:15:00,PI,343.0,589,FLORIANO,Objeto estático sobre o leito carroçável,Colisão com objeto,Com Vítimas Feridas,Pleno dia,Crescente,Céu Claro,Dupla,Reta,Sim,4.0,0.0,0.0,1.0,1.0,1.0,0.0,4.0,"-6,77691","-43,00956",SPRF-PI,DEL03-PI,UOP01-DEL03-PI
764386,17/03/2026,terça-feira,18:40:00,GO,20.0,107,FLORES DE GOIAS,Ultrapassagem Indevida,Colisão frontal,Com Vítimas Fatais,Anoitecer,Crescente,Céu Claro,Simples,Reta,Não,2.0,1.0,0.0,0.0,0.0,1.0,0.0,2.0,"-14,911802","-46,939768",SPRF-DF,DEL02-DF,UOP03-DEL02-DF
764392,11/04/2026,sábado,16:30:00,MA,135.0,18,SAO LUIS,Ausência de reação do condutor,Colisão traseira,Com Vítimas Feridas,Pleno dia,Decrescente,Céu Claro,Dupla,Reta,Não,3.0,0.0,0.0,1.0,1.0,1.0,0.0,3.0,"-2,72366296","-44,3243715",SPRF-MA,DEL01-MA,UOP01-DEL01-MA
764399,11/04/2026,sábado,14:00:00,MA,135.0,"242,2",PERITORO,Transitar na contramão,Colisão frontal,Com Vítimas Fatais,Pleno dia,Crescente,Chuva,Simples,Aclive;Reta,Não,3.0,1.0,0.0,0.0,0.0,1.0,0.0,3.0,"-4,505758","-44,356483",SPRF-MA,DEL03-MA,UOP01-DEL03-MA
764400,11/04/2026,sábado,06:57:00,SC,282.0,162,BOM RETIRO,Objeto estático sobre o leito carroçável,Colisão com objeto,Sem Vítimas,Pleno dia,Decrescente,Céu Claro,Simples,Curva,Não,2.0,0.0,0.0,0.0,0.0,1.0,0.0,2.0,"-27,75681068","-49,68202114",SPRF-SC,DEL05/SC,UOP01-DEL05-SC
764401,11/04/2026,sábado,16:00:00,CE,222.0,"338,1",TIANGUA,Ausência de reação do condutor,Saída de leito carroçável,Com Vítimas Feridas,Pleno dia,Crescente,Céu Claro,Simples,Reta,Não,1.0,0.0,1.0,0.0,1.0,0.0,0.0,1.0,"-3,874758","-41,173075",SPRF-CE,DEL04/CE,UOP02-DEL04-CE
764409,11/04/2026,sábado,18:30:00,PR,277.0,"12,4",PARANAGUA,Desrespeitar a preferência no cruzamento,Colisão transversal,Com Vítimas Feridas,Plena Noite,Decrescente,Nublado,Dupla,Reta;Retorno Regulamentado,Não,6.0,0.0,2.0,0.0,2.0,3.0,0.0,4.0,"-25,56284044","-48,63858668",SPRF-PR,DEL01/PR,UOP05-DEL01-PR
764411,11/04/2026,sábado,16:00:00,MT,163.0,931,ITAUBA,Objeto estático sobre o leito carroçável,Colisão lateral mesmo sentido,Sem Vítimas,Anoitecer,Decrescente,Nublado,Simples,Declive,Não,3.0,0.0,0.0,0.0,0.0,2.0,0.0,4.0,"-11,05598804","-55,27234554",SPRF-MT,DEL06/MT,UOP02-DEL06-MT
764412,11/04/2026,sábado,13:30:00,MT,70.0,200,GENERAL CARNEIRO,Reação tardia ou ineficiente do condutor,Saída de leito carroçável,Sem Vítimas,Pleno dia,Decrescente,Céu Claro,Simples,Curva,Não,2.0,0.0,0.0,0.0,0.0,1.0,0.0,3.0,"-15,719674","-53,730576",SPRF-MT,DEL05/MT,UOP01-DEL05-MT
764430,11/04/2026,sábado,19:35:00,AL,101.0,"201,7",SAO SEBASTIAO,Reação tardia ou ineficiente do condutor,Colisão traseira,Com Vítimas Feridas,Plena Noite,Crescente,Céu Claro,Dupla,Reta,Sim,3.0,0.0,0.0,1.0,1.0,1.0,0.0,3.0,"-9,960577","-36,546798",SPRF-AL,DEL02-AL,UOP02-DEL02-AL
764438,11/04/2026,sábado,18:35:00,MG,364.0,"4,3",PLANURA,Condutor deixou de manter distância do veículo da frente,Colisão traseira,Com Vítimas Feridas,Anoitecer,Crescente,Céu Claro,Simples,Reta,Sim,5.0,0.0,1.0,0.0,1.0,3.0,0.0,3.0,"-20,132402","-48,704716",SPRF-MG,DEL13/MG,UOP02-DEL13-MG
764439,11/04/2026,sábado,19:15:00,MG,153.0,115,PRATA,Ingestão de álcool pelo condutor,Colisão lateral sentido oposto,Com Vítimas Feridas,Plena Noite,Decrescente,Céu Claro,Simples,Reta,Não,3.0,0.0,0.0,1.0,1.0,1.0,0.0,3.0,"-19,36481453","-48,89970526",SPRF-MG,DEL15/MG,UOP03-DEL15-MG
764448,11/04/2026,sábado,15:20:00,MT,163.0,"930,5",ITAUBA,Manobra de mudança de faixa,Colisão frontal,Com Vítimas Fatais,Pleno dia,Decrescente,Sol,Simples,Reta,Não,3.0,1.0,0.0,0.0,0.0,1.0,0.0,4.0,"-11,05648","-55,27256",SPRF-MT,DEL06/MT,UOP02-DEL06-MT
764458,11/04/2026,sábado,18:30:00,BA,116.0,585,NOVA ITARANA,Reação tardia ou ineficiente do condutor,Tombamento,Com Vítimas Feridas,Plena Noite,Decrescente,Nublado,Simples,Curva;Declive,Não,3.0,0.0,1.0,0.0,1.0,1.0,0.0,2.0,"-13,13610993","-39,99610474",SPRF-BA,DEL03/BA,UOP02-DEL03-BA
764478,11/04/2026,sábado,23:00:00,MG,50.0,"92,3",UBERLANDIA,Manobra de mudança de faixa,Colisão lateral mesmo sentido,Sem Vítimas,Plena Noite,Crescente,Céu Claro,Dupla,Reta,Não,2.0,0.0,0.0,0.0,0.0,1.0,0.0,2.0,"-19,0717289","-48,189967",SPRF-MG,DEL15/MG,UOP01-DEL15-MG
764479,11/04/2026,sábado,21:00:00,MS,262.0,366,CAMPO GRANDE,Manobra de mudança de faixa,Colisão frontal,Com Vítimas Fatais,Plena Noite,Crescente,Céu Claro,Simples,Reta;Interseção de Vias,Sim,2.0,1.0,0.0,0.0,0.0,1.0,0.0,2.0,"-20,48300691","-54,74807775",SPRF-MS,DEL01/MS,UOP03-DEL01-MS
764485,11/04/2026,sábado,23:30:00,PR,277.0,"40,3",MORRETES,Ausência de reação do condutor,Colisão traseira,Com Vítimas Feridas,Plena Noite,Decrescente,Chuva,Dupla,Declive;Curva,Não,3.0,0.0,1.0,0.0,1.0,1.0,0.0,3.0,"-25,580038","-48,872202",SPRF-PR,DEL01/PR,UOP05-DEL01-PR
764493,12/04/2026,domingo,00:45:00,RJ,116.0,134,MAGE,Condutor deixou de manter distância do veículo da frente,Colisão traseira,Com Vítimas Feridas,Plena Noite,Crescente,Nevoeiro/Neblina,Dupla,Curva,Sim,2.0,0.0,0.0,1.0,1.0,0.0,0.0,2.0,"-22,653518","-43,157351",SPRF-RJ,DEL04/RJ,UOP02-DEL04-RJ
764507,12/04/2026,domingo,02:20:00,BA,116.0,"10,4",VITORIA DA CONQUISTA,Desrespeitar a preferência no cruzamento,Colisão transversal,Com Vítimas Fatais,Plena Noite,Decrescente,Nevoeiro/Neblina,Simples,Interseção de Vias;Reta,Sim,3.0,1.0,0.0,0.0,0.0,1.0,0.0,3.0,"-14,863977","-40,873013",SPRF-BA,DEL08/BA,UOP01-DEL08-BA
764510,12/04/2026,domingo,02:00:00,PE,423.0,98,GARANHUNS,Ultrapassagem Indevida,Colisão frontal,Com Vítimas Feridas,Pleno dia,Decrescente,Céu Claro,Simples,Reta;Declive,Não,3.0,0.0,0.0,1.0,1.0,1.0,0.0,3.0,"-8,8761761","-36,5035995",SPRF-PE,DEL03/PE,UOP01-DEL03-PE
764516,12/04/2026,domingo,03:00:00,CE,116.0,"416,6",IPAUMIRIM,Pista esburacada,Colisão lateral sentido oposto,Com Vítimas Feridas,Pleno dia,Decrescente,Garoa/Chuvisco,Simples,Reta;Declive,Não,3.0,0.0,0.0,1.0,1.0,1.0,0.0,3.0,"-6,752597","-38,785565",SPRF-CE,DEL05/CE,UOP01-DEL05-CE
764519,12/04/2026,domingo,03:15:00,SP,116.0,168,JACAREI,Transitar na contramão,Colisão frontal,Com Vítimas Fatais,Plena Noite,Decrescente,Céu Claro,Múltipla,Reta,Não,3.0,1.0,0.0,0.0,0.0,1.0,0.0,3.0,"-23,3039385","-46,0375342",SPRF-SP,DEL02/SP,UOP01-DEL02-SP
764538,12/04/2026,domingo,05:30:00,RJ,101.0,260,RIO BONITO,Animais na Pista,Atropelamento de Animal,Com Vítimas Feridas,Amanhecer,Decrescente,Céu Claro,Dupla,Declive,Sim,2.0,0.0,1.0,0.0,1.0,1.0,0.0,2.0,"-22,71235824","-42,61279672",SPRF-RJ,DEL02/RJ,UOP03-DEL02-RJ
764539,12/04/2026,domingo,04:10:00,RJ,116.0,303,RESENDE,Deficiência do Sistema de Iluminação/Sinalização,Colisão traseira,Sem Vítimas,Plena Noite,Decrescente,Céu Claro,Dupla,Reta,Sim,3.0,0.0,0.0,0.0,0.0,0.0,1.0,3.0,"-22,45376532","-44,37031237",SPRF-RJ,DEL07/RJ,UOP02-DEL07-RJ
764540,11/04/2026,sábado,22:00:00,MT,158.0,578,AGUA BOA,Problema com o freio,Incêndio,Sem Vítimas,Plena Noite,Crescente,Nublado,Simples,Declive,Não,2.0,0.0,0.0,0.0,0.0,1.0,0.0,3.0,"-14,1520875","-52,19771487",SPRF-MT,DEL07/MT,UOP02-DEL07-MT
764542,12/04/2026,domingo,06:45:00,GO,40.0,9,LUZIANIA,Ingestão de álcool pelo condutor,Colisão lateral mesmo sentido,Sem Vítimas,Amanhecer,Decrescente,Céu Claro,Dupla,Reta,Sim,6.0,0.0,0.0,0.0,0.0,5.0,0.0,5.0,"-16,1284","-47,95937",SPRF-DF,DEL01-DF,UOP01-DEL01-DF
764544,12/04/2026,domingo,04:45:00,RO,364.0,667,CANDEIAS DO JAMARI,Reação tardia ou ineficiente do condutor,Tombamento,Com Vítimas Feridas,Plena Noite,Crescente,Céu Claro,Dupla,Curva;Interseção de Vias,Não,1.0,0.0,1.0,0.0,1.0,0.0,0.0,1.0,"-8,77442668","-63,48046152",SPRF-RO,DEL01-RO,UOP01-DEL01-RO
764548,12/04/2026,domingo,05:10:00,PA,10.0,322,SAO MIGUEL DO GUAMA,Transitar na contramão,Colisão frontal,Sem Vítimas,Amanhecer,Crescente,Nublado,Simples,Reta,Sim,2.0,0.0,0.0,0.0,0.0,1.0,0.0,2.0,"-1,61162842","-47,48206261",SPRF-PA,DEL01/PA,UOP02-DEL01-PA
764551,12/04/2026,domingo,07:40:00,GO,153.0,493,GOIANIA,Velocidade Incompatível,Colisão traseira,Com Vítimas Feridas,Pleno dia,Decrescente,Céu Claro,Dupla,Reta,Sim,3.0,0.0,0.0,1.0,1.0,1.0,0.0,3.0,"-16,65097754","-49,21520455",SPRF-GO,DEL01/GO,UOP01-DEL01-GO
764560,12/04/2026,domingo,04:20:00,BA,101.0,23,ESPLANADA,Reação tardia ou ineficiente do condutor,Colisão com objeto,Com Vítimas Feridas,Amanhecer,Crescente,Chuva,Dupla,Reta,Não,2.0,0.0,1.0,0.0,1.0,0.0,0.0,2.0,"-11,695452","-37,9033755",SPRF-SE,DEL02-SE,UOP03-DEL02-SE
764563,12/04/2026,domingo,08:15:00,PR,376.0,"393,5",TIBAGI,Ausência de reação do condutor,Tombamento,Com Vítimas Feridas,Pleno dia,Crescente,Céu Claro,Dupla,Declive;Curva,Não,2.0,0.0,0.0,1.0,1.0,0.0,0.0,2.0,"-24,532142","-50,695382",SPRF-PR,DEL03/PR,UOP02-DEL03-PR
764564,12/04/2026,domingo,08:40:00,BA,101.0,32,ESPLANADA,Ausência de reação do condutor,Tombamento,Sem Vítimas,Pleno dia,Decrescente,Céu Claro,Dupla,Curva,Não,3.0,0.0,0.0,0.0,0.0,2.0,0.0,2.0,"-11,74337","-37,939425",SPRF-SE,DEL02-SE,UOP03-DEL02-SE
764565,12/04/2026,domingo,02:00:00,BA,116.0,288,TUCANO,Ingestão de álcool pelo condutor,Colisão frontal,Com Vítimas Fatais,Plena Noite,Crescente,Céu Claro,Simples,Reta,Não,4.0,1.0,1.0,0.0,1.0,1.0,0.0,3.0,"-11,080705","-38,835197",SPRF-BA,DEL07/BA,UOP02-DEL07-BA
764567,12/04/2026,domingo,08:30:00,RJ,116.0,134,MAGE,Ausência de reação do condutor,Colisão lateral mesmo sentido,Com Vítimas Feridas,Pleno dia,Crescente,Céu Claro,Dupla,Reta,Sim,3.0,0.0,1.0,0.0,1.0,1.0,0.0,3.0,"-22,65383698","-43,14457789",SPRF-RJ,DEL04/RJ,UOP02-DEL04-RJ
764569,12/04/2026,domingo,06:30:00,GO,452.0,102,BOM JESUS DE GOIAS,Transitar na contramão,Colisão lateral sentido oposto,Com Vítimas Feridas,Pleno dia,Decrescente,Céu Claro,Simples,Reta,Não,3.0,0.0,1.0,0.0,1.0,1.0,0.0,5.0,"-18,125067","-50,010974",SPRF-GO,DEL03/GO,UOP02-DEL03-GO
764572,12/04/2026,domingo,08:30:00,PR,476.0,357,UNIAO DA VITORIA,Acessar a via sem observar a presença dos outros veículos,Colisão transversal,Com Vítimas Feridas,Pleno dia,Decrescente,Garoa/Chuvisco,Simples,Reta,Não,3.0,0.0,1.0,0.0,1.0,1.0,0.0,4.0,"-26,19878612","-51,05402818",SPRF-PR,DEL02/PR,UOP03-DEL02-PR
764575,12/04/2026,domingo,09:40:00,CE,20.0,386,CAUCAIA,Carga excessiva e/ou mal acondicionada,Eventos atípicos,Sem Vítimas,Pleno dia,Crescente,Nublado,Simples,Reta,Não,2.0,0.0,0.0,0.0,0.0,2.0,0.0,2.0,"-3,87506604","-38,81152153",SPRF-CE,DEL01/CE,UOP01-DEL01-CE
764576,12/04/2026,domingo,09:31:00,MG,381.0,627,OLIVEIRA,Demais falhas mecânicas ou elétricas,Incêndio,Sem Vítimas,Pleno dia,Crescente,Céu Claro,Dupla,Reta,Não,2.0,0.0,0.0,0.0,0.0,1.0,0.0,2.0,"-20,78996478","-44,78709161",SPRF-MG,DEL04/MG,UOP01-DEL04-MG
764577,12/04/2026,domingo,10:26:00,PE,101.0,68,RECIFE,Reação tardia ou ineficiente do condutor,Colisão lateral mesmo sentido,Sem Vítimas,Pleno dia,Decrescente,Garoa/Chuvisco,Múltipla,Reta,Sim,3.0,0.0,0.0,0.0,0.0,3.0,0.0,2.0,"-8,04814","-34,94527",SPRF-PE,DEL01/PE,UOP01-DEL01-PE
764580,12/04/2026,domingo,08:40:00,RJ,101.0,425,MANGARATIBA,Acessar a via sem observar a presença dos outros veículos,Colisão transversal,Com Vítimas Feridas,Pleno dia,Crescente,Céu Claro,Simples,Retorno Regulamentado,Não,3.0,0.0,0.0,1.0,1.0,1.0,0.0,3.0,"-22,935329","-43,9987806",SPRF-RJ,DEL03/RJ,UOP02-DEL03-RJ
764585,12/04/2026,domingo,11:15:00,GO,153.0,357,JARAGUA,Desrespeitar a preferência no cruzamento,Colisão transversal,Com Vítimas Feridas,Pleno dia,Crescente,Sol,Simples,Interseção de Vias,Sim,3.0,0.0,1.0,0.0,1.0,1.0,0.0,3.0,"-15,73495266","-49,32320444",SPRF-GO,DEL02/GO,UOP02-DEL02-GO
764591,12/04/2026,domingo,02:30:00,GO,158.0,200,CAIAPONIA,Velocidade Incompatível,Tombamento,Com Vítimas Feridas,Plena Noite,Crescente,Céu Claro,Simples,Ponte;Curva;Declive,Não,2.0,0.0,1.0,0.0,1.0,0.0,0.0,2.0,"-17,310676","-51,8826834",SPRF-GO,DEL05/GO,UOP01-DEL05-GO
764593,12/04/2026,domingo,03:30:00,PI,316.0,"69,7",MONSENHOR GIL,Ausência de reação do condutor,Saída de leito carroçável,Com Vítimas Feridas,Amanhecer,Decrescente,Céu Claro,Simples,Reta,Não,1.0,0.0,1.0,0.0,1.0,0.0,0.0,1.0,"-5,65961472","-42,59100851",SPRF-PI,DEL01-PI,UOP02-DEL01-PI
764600,12/04/2026,domingo,11:20:00,RJ,116.0,"175,9",SAO JOAO DE MERITI,Velocidade Incompatível,Colisão traseira,Com Vítimas Feridas,Pleno dia,Crescente,Céu Claro,Dupla,Reta,Sim,3.0,0.0,1.0,0.0,1.0,2.0,0.0,2.0,"-22,78474792","-43,38032126",SPRF-RJ,DEL06/RJ,UOP01-DEL06-RJ
764605,12/04/2026,domingo,13:45:00,MG,365.0,"772,5",ITUIUTABA,Demais falhas mecânicas ou elétricas,Incêndio,Sem Vítimas,Pleno dia,Decrescente,Céu Claro,Simples,Aclive;Reta,Não,3.0,0.0,0.0,0.0,0.0,3.0,0.0,1.0,"-18,95995115","-49,65120792",SPRF-MG,DEL15/MG,UOP03-DEL15-MG
764607,12/04/2026,domingo,13:10:00,AL,423.0,8,OURO BRANCO,Acessar a via sem observar a presença dos outros veículos,Colisão transversal,Com Vítimas Feridas,Pleno dia,Crescente,Nublado,Simples,Reta,Não,3.0,0.0,1.0,0.0,1.0,1.0,0.0,3.0,"-9,144512","-37,364051",SPRF-AL,DEL03-AL,UOP02-DEL03-AL
764608,12/04/2026,domingo,13:00:00,MG,365.0,"94,4",JEQUITAI,Velocidade Incompatível,Tombamento,Com Vítimas Fatais,Pleno dia,Decrescente,Céu Claro,Múltipla,Declive;Curva,Não,2.0,1.0,0.0,0.0,0.0,0.0,0.0,2.0,"-17,21214792","-44,44374984",SPRF-MG,DEL12/MG,UOP01-DEL12-MG
764611,12/04/2026,domingo,09:30:00,PR,476.0,"87,7",BOCAIUVA DO SUL,Reação tardia ou ineficiente do condutor,Colisão lateral sentido oposto,Com Vítimas Feridas,Pleno dia,Crescente,Sol,Simples,Declive;Curva,Não,4.0,0.0,0.0,2.0,2.0,1.0,0.0,3.0,"-25,17553405","-49,11311388",SPRF-PR,DEL01/PR,UOP01-DEL01-PR
764613,12/04/2026,domingo,14:30:00,TO,226.0,"8,7",PALMEIRAS DO TOCANTINS,Transitar na contramão,Colisão transversal,Com Vítimas Feridas,Pleno dia,Crescente,Sol,Simples,Declive;Reta,Não,4.0,0.0,0.0,1.0,1.0,2.0,0.0,3.0,"-6,593769","-47,527899",SPRF-TO,DEL02-TO,UOP03-DEL02-TO
764615,12/04/2026,domingo,12:30:00,RN,304.0,118,ITAJA,Conversão proibida,Colisão traseira,Com Vítimas Feridas,Pleno dia,Crescente,Nublado,Simples,Reta,Não,3.0,0.0,2.0,0.0,2.0,1.0,0.0,2.0,"-5,625788","-36,872653",SPRF-RN,DEL04-RN,UOP01-DEL04-RN
764619,12/04/2026,domingo,14:40:00,RS,116.0,"252,8",SAPUCAIA DO SUL,Acessar a via sem observar a presença dos outros veículos,Colisão lateral mesmo sentido,Com Vítimas Feridas,Pleno dia,Crescente,Céu Claro,Múltipla,Reta,Sim,4.0,0.0,2.0,0.0,2.0,1.0,0.0,3.0,"-29,82340433","-51,17179362",SPRF-RS,DEL01/RS,UOP02-DEL01-RS
764623,12/04/2026,domingo,13:36:00,AL,101.0,40,FLEXEIRAS,Ausência de reação do condutor,Tombamento,Com Vítimas Feridas,Pleno dia,Decrescente,Céu Claro,Dupla,Reta,Não,1.0,0.0,1.0,0.0,1.0,0.0,0.0,1.0,"-9,20401114","-35,78657851",SPRF-AL,DEL01-AL,UOP02-DEL01-AL