id,data_inversa,dia_semana,horario,uf,br,km,municipio,causa_acidente,tipo_acidente,classificacao_acidente,fase_dia,sentido_via,condicao_metereologica,tipo_pista,tracado_via,uso_solo,pessoas,mortos,feridos_leves,feridos_graves,feridos,ilesos,ignorados,veiculos,latitude,longitude,regional,delegacia,uop
764625,12/04/2026,domingo,16:50:00,MG,116.0,124,ITAOBIM,Ausência de reação do condutor,Saída de leito carroçável,Com Vítimas Feridas,Pleno dia,Crescente,Nublado,Simples,Ponte;Reta,Não,1.0,0.0,1.0,0.0,1.0,0.0,0.0,1.0,"-16,6352328","-41,5027444",SPRF-MG,DEL11/MG,UOP02-DEL11-MG
764630,12/04/2026,domingo,14:00:00,RO,364.0,"236,9",CACOAL,Ingestão de álcool pelo condutor,Colisão traseira,Sem Vítimas,Pleno dia,Decrescente,Nublado,Simples,Declive;Reta;Interseção de Vias;Retorno Regulamentado,Sim,3.0,0.0,0.0,0.0,0.0,2.0,0.0,3.0,"-11,4439345","-61,44503687",SPRF-RO,DEL02-RO,UOP02-DEL02-RO
764631,12/04/2026,domingo,16:40:00,CE,116.0,"53,9",PACAJUS,Velocidade Incompatível,Saída de leito carroçável,Com Vítimas Feridas,Anoitecer,Crescente,Céu Claro,Dupla,Curva;Retorno Regulamentado,Sim,1.0,0.0,1.0,0.0,1.0,0.0,0.0,1.0,"-4,19718124","-38,47035527",SPRF-CE,DEL01/CE,UOP04-DEL01-CE
764642,12/04/2026,domingo,16:45:00,SC,282.0,"523,4",XAXIM,Desrespeitar a preferência no cruzamento,Colisão transversal,Com Vítimas Feridas,Pleno dia,Decrescente,Garoa/Chuvisco,Simples,Aclive;Interseção de Vias;Reta,Não,4.0,0.0,2.0,0.0,2.0,2.0,0.0,2.0,"-26,96556263","-52,55370176",SPRF-SC,DEL07/SC,UOP01-DEL07-SC
764651,19/03/2026,quinta-feira,12:30:00,RJ,393.0,"257,2",BARRA DO PIRAI,Ausência de reação do condutor,Colisão lateral sentido oposto,Com Vítimas Fatais,Pleno dia,Crescente,Nublado,Simples,Reta,Não,5.0,1.0,1.0,0.0,1.0,2.0,0.0,7.0,"-22,462602","-43,852819",SPRF-RJ,DEL05/RJ,UOP04-DEL05-RJ
764652,12/04/2026,domingo,09:04:00,MS,262.0,759,LADARIO,Transitar na contramão,Colisão frontal,Com Vítimas Feridas,Pleno dia,Crescente,Céu Claro,Simples,Reta;Interseção de Vias,Não,5.0,0.0,2.0,0.0,2.0,1.0,0.0,3.0,"-19,153563","-57,630386",SPRF-MS,DEL03/MS,UOP03-DEL03-MS
764661,05/03/2026,quinta-feira,01:21:00,MT,163.0,1056,GUARANTA DO NORTE,Pista esburacada,Colisão lateral sentido oposto,Com Vítimas Feridas,Plena Noite,Crescente,Nevoeiro/Neblina,Simples,Reta,Não,3.0,0.0,0.0,1.0,1.0,1.0,0.0,5.0,"-10,028307","-54,90944",SPRF-MT,DEL06/MT,UOP03-DEL06-MT
764664,12/04/2026,domingo,17:30:00,BA,242.0,188,RAFAEL JAMBEIRO,Pista esburacada,Tombamento,Com Vítimas Feridas,Pleno dia,Decrescente,Céu Claro,Simples,Reta,Não,2.0,0.0,1.0,0.0,1.0,0.0,0.0,3.0,"-12,57965002","-39,52407584",SPRF-BA,DEL02/BA,UOP02-DEL02-BA
764670,12/03/2026,quinta-feira,13:00:00,PA,163.0,30,NOVO PROGRESSO,Demais falhas mecânicas ou elétricas,Incêndio,Com Vítimas Feridas,Pleno dia,Crescente,Céu Claro,Simples,Reta,Não,2.0,0.0,1.0,0.0,1.0,0.0,0.0,4.0,"-9,27720222","-54,82679368",SPRF-MT,DEL06/MT,UOP03-DEL06-MT
764692,12/04/2026,domingo,21:25:00,RN,304.0,"76,9",MOSSORO,Transitar na contramão,Colisão frontal,Com Vítimas Fatais,Plena Noite,Crescente,Chuva,Simples,Reta,Não,3.0,1.0,0.0,0.0,0.0,1.0,0.0,3.0,"-5,44989773","-37,18805552",SPRF-RN,DEL04-RN,UOP01-DEL04-RN
764700,12/04/2026,domingo,19:40:00,BA,116.0,249,QUIJINGUE,Reação tardia ou ineficiente do condutor,Tombamento,Com Vítimas Fatais,Plena Noite,Decrescente,Céu Claro,Simples,Reta;Declive,Não,3.0,1.0,1.0,0.0,1.0,0.0,0.0,3.0,"-10,76447684","-38,89963746",SPRF-BA,DEL07/BA,UOP02-DEL07-BA
764703,12/04/2026,domingo,21:30:00,RJ,493.0,80,JAPERI,Ausência de reação do condutor,Atropelamento de Pedestre,Com Vítimas Feridas,Plena Noite,Decrescente,Céu Claro,Dupla,Reta,Não,4.0,0.0,0.0,1.0,1.0,0.0,0.0,3.0,"-22,66402966","-43,58470988",SPRF-RJ,DEL01/RJ,UOP03-DEL01-RJ
764705,12/04/2026,domingo,21:20:00,SC,282.0,633,DESCANSO,Ausência de reação do condutor,Colisão lateral sentido oposto,Sem Vítimas,Plena Noite,Crescente,Céu Claro,Simples,Reta;Declive,Não,3.0,0.0,0.0,0.0,0.0,1.0,0.0,4.0,"-26,82516712","-53,4129989",SPRF-SC,DEL07/SC,UOP03-DEL07-SC
764712,12/04/2026,domingo,18:00:00,PR,116.0,202,RIO NEGRO,Transitar na contramão,Colisão frontal,Com Vítimas Fatais,Plena Noite,Decrescente,Céu Claro,Simples,Curva,Não,5.0,3.0,0.0,0.0,0.0,1.0,0.0,3.0,"-26,0615673","-49,731095",SPRF-SC,DEL06/SC,UOP01-DEL06-SC
764717,12/04/2026,domingo,23:20:00,RS,116.0,259,CANOAS,Velocidade Incompatível,Tombamento,Sem Vítimas,Pleno dia,Decrescente,Céu Claro,Simples,Curva;Em Obras,Sim,2.0,0.0,0.0,0.0,0.0,1.0,0.0,2.0,"-29,8709314","-51,17956281",SPRF-RS,DEL01/RS,UOP02-DEL01-RS
764718,12/04/2026,domingo,20:20:00,MG,116.0,383,MATHIAS LOBATO,Ausência de reação do condutor,Colisão lateral sentido oposto,Com Vítimas Feridas,Plena Noite,Crescente,Nublado,Simples,Reta,Não,2.0,0.0,0.0,1.0,1.0,1.0,0.0,2.0,"-18,633182","-41,947329",SPRF-MG,DEL06/MG,UOP01-DEL06-MG
764719,12/04/2026,domingo,22:00:00,MT,163.0,"101,4",RONDONOPOLIS,Reação tardia ou ineficiente do condutor,Saída de leito carroçável,Com Vítimas Feridas,Plena Noite,Decrescente,Nublado,Dupla,Reta,Não,2.0,0.0,0.0,1.0,1.0,0.0,0.0,2.0,"-16,642758","-54,690995",SPRF-MT,DEL02/MT,UOP03-DEL02-MT
764722,13/04/2026,segunda-feira,00:05:00,PR,376.0,624,SAO JOSE DOS PINHAIS,Reação tardia ou ineficiente do condutor,Colisão traseira,Com Vítimas Feridas,Plena Noite,Decrescente,Céu Claro,Dupla,Reta,Não,3.0,0.0,0.0,1.0,1.0,1.0,0.0,4.0,"-25,6202392","-49,167749",SPRF-PR,DEL01/PR,UOP04-DEL01-PR
764724,13/04/2026,segunda-feira,01:21:00,SC,101.0,"97,8",BALNEARIO PICARRAS,Estacionar ou parar em local proibido,Colisão traseira,Com Vítimas Feridas,Plena Noite,Decrescente,Nublado,Dupla,Reta,Não,3.0,0.0,0.0,1.0,1.0,1.0,0.0,4.0,"-26,73988659","-48,69846602",SPRF-SC,DEL03/SC,UOP02-DEL03-SC
764733,13/04/2026,segunda-feira,04:10:00,GO,153.0,"561,8",PROFESSOR JAMIL,Reação tardia ou ineficiente do condutor,Colisão traseira,Com Vítimas Feridas,Plena Noite,Decrescente,Céu Claro,Dupla,Reta,Não,2.0,0.0,1.0,0.0,1.0,1.0,0.0,2.0,"-17,222457","-49,22928",SPRF-GO,DEL03/GO,UOP01-DEL03-GO
764734,13/04/2026,segunda-feira,04:50:00,MG,116.0,"697,8",MURIAE,Condutor Dormindo,Saída de leito carroçável,Com Vítimas Feridas,Amanhecer,Crescente,Nublado,Simples,Curva,Não,1.0,0.0,1.0,0.0,1.0,0.0,0.0,1.0,"-21,089","-42,374",SPRF-MG,DEL07/MG,UOP02-DEL07-MG
764735,13/04/2026,segunda-feira,05:50:00,TO,153.0,672,GURUPI,Condutor Dormindo,Saída de leito carroçável,Com Vítimas Feridas,Amanhecer,Crescente,Céu Claro,Dupla,Reta,Sim,2.0,0.0,1.0,0.0,1.0,0.0,0.0,2.0,"-11,7202362","-49,07715941",SPRF-TO,DEL01-TO,UOP02-DEL01-TO
764740,13/04/2026,segunda-feira,04:00:00,MG,153.0,31,CENTRALINA,Condutor Dormindo,Saída de leito carroçável,Com Vítimas Feridas,Plena Noite,Decrescente,Céu Claro,Dupla,Aclive;Reta,Não,2.0,0.0,1.0,0.0,1.0,0.0,0.0,2.0,"-18,64859594","-49,17392224",SPRF-MG,DEL15/MG,UOP03-DEL15-MG
764746,12/04/2026,domingo,16:20:00,MG,40.0,"474,2",SETE LAGOAS,Carga excessiva e/ou mal acondicionada,Tombamento,Sem Vítimas,Pleno dia,Crescente,Céu Claro,Dupla,Curva,Não,1.0,0.0,0.0,0.0,0.0,1.0,0.0,1.0,"-19,49912018","-44,27984532",SPRF-MG,DEL02/MG,UOP01-DEL02-MG
764751,13/04/2026,segunda-feira,01:00:00,GO,60.0,378,RIO VERDE,Ausência de reação do condutor,Colisão traseira,Com Vítimas Feridas,Plena Noite,Crescente,Nublado,Dupla,Reta,Não,4.0,0.0,1.0,0.0,1.0,1.0,0.0,3.0,"-17,7606396","-50,88075534",SPRF-GO,DEL04/GO,UOP02-DEL04-GO
764756,13/04/2026,segunda-feira,06:20:00,BA,116.0,29,VITORIA DA CONQUISTA,Mal súbito do condutor,Saída de leito carroçável,Com Vítimas Feridas,Pleno dia,Crescente,Chuva,Simples,Reta,Não,2.0,0.0,1.0,0.0,1.0,0.0,0.0,2.0,"-14,83794781","-40,82073212",SPRF-BA,DEL08/BA,UOP01-DEL08-BA
764768,12/04/2026,domingo,17:00:00,PA,163.0,89,ALTAMIRA,Manobra de mudança de faixa,Colisão frontal,Com Vítimas Fatais,Anoitecer,Decrescente,Ignorado,Simples,Aclive;Reta,Não,3.0,1.0,0.0,0.0,0.0,1.0,0.0,5.0,"-8,85470141","-54,96525335",SPRF-MT,DEL06/MT,UOP03-DEL06-MT
764780,13/04/2026,segunda-feira,06:30:00,PR,373.0,476,CORONEL VIVIDA,Velocidade Incompatível,Saída de leito carroçável,Com Vítimas Feridas,Amanhecer,Decrescente,Céu Claro,Simples,Curva,Não,1.0,0.0,1.0,0.0,1.0,0.0,0.0,1.0,"-25,97784718","-52,5367713",SPRF-PR,DEL02/PR,UOP01-DEL02-PR
764786,13/04/2026,segunda-feira,10:10:00,ES,101.0,"99,8",JAGUARE,Avarias e/ou desgaste excessivo no pneu,Tombamento,Com Vítimas Feridas,Pleno dia,Crescente,Céu Claro,Simples,Reta,Não,5.0,0.0,3.0,0.0,3.0,2.0,0.0,2.0,"-18,978274","-39,994558",SPRF-ES,DEL04-ES,UOP02-DEL04-ES
764789,13/04/2026,segunda-feira,07:00:00,RJ,101.0,419,MANGARATIBA,Estacionar ou parar em local proibido,Colisão traseira,Com Vítimas Feridas,Amanhecer,Decrescente,Céu Claro,Simples,Aclive;Reta,Não,6.0,0.0,1.0,4.0,5.0,1.0,0.0,2.0,"-22,919812","-43,926541",SPRF-RJ,DEL03/RJ,UOP02-DEL03-RJ
764793,13/04/2026,segunda-feira,10:30:00,PR,277.0,0,PARANAGUA,Reação tardia ou ineficiente do condutor,Colisão lateral mesmo sentido,Sem Vítimas,Pleno dia,Crescente,Céu Claro,Simples,Reta;Interseção de Vias,Sim,4.0,0.0,0.0,0.0,0.0,3.0,0.0,3.0,"-25,517784","-48,541213",SPRF-PR,DEL01/PR,UOP05-DEL01-PR
764798,13/04/2026,segunda-feira,11:20:00,PR,476.0,"180,6",CONTENDA,Velocidade Incompatível,Tombamento,Com Vítimas Fatais,Pleno dia,Decrescente,Céu Claro,Simples,Curva,Não,3.0,2.0,0.0,0.0,0.0,0.0,0.0,3.0,"-25,71056097","-49,60552303",SPRF-PR,DEL01/PR,UOP06-DEL01-PR
764800,13/04/2026,segunda-feira,12:40:00,RS,116.0,"516,4",PELOTAS,Manobra de mudança de faixa,Colisão lateral mesmo sentido,Sem Vítimas,Pleno dia,Crescente,Céu Claro,Dupla,Interseção de Vias,Sim,2.0,0.0,0.0,0.0,0.0,2.0,0.0,2.0,"-31,675142","-52,341897",SPRF-RS,DEL07/RS,UOP01-DEL07-RS
764802,13/04/2026,segunda-feira,12:30:00,SC,101.0,"232,1",PALHOCA,Condutor deixou de manter distância do veículo da frente,Colisão lateral mesmo sentido,Sem Vítimas,Pleno dia,Decrescente,Céu Claro,Dupla,Reta;Declive,Não,2.0,0.0,0.0,0.0,0.0,1.0,0.0,2.0,"-27,80621157","-48,63891542",SPRF-SC,DEL01/SC,UOP02-DEL01-SC
764804,13/04/2026,segunda-feira,11:30:00,MT,174.0,350,CONQUISTA DOESTE,Frear bruscamente,Saída de leito carroçável,Sem Vítimas,Pleno dia,Decrescente,Chuva,Simples,Reta,Não,2.0,0.0,0.0,0.0,0.0,1.0,0.0,2.0,"-14,86134932","-59,29913998",SPRF-MT,DEL04/MT,UOP01-DEL04-MT
764811,13/04/2026,segunda-feira,13:50:00,ES,101.0,"298,4",VIANA,Reação tardia ou ineficiente do condutor,Tombamento,Com Vítimas Feridas,Pleno dia,Crescente,Nublado,Simples,Reta,Sim,3.0,0.0,1.0,0.0,1.0,1.0,0.0,3.0,"-20,35967","-40,417713",SPRF-ES,DEL01-ES,UOP01-DEL01-ES
764812,13/04/2026,segunda-feira,14:00:00,SC,280.0,30,ARAQUARI,Condutor deixou de manter distância do veículo da frente,Colisão traseira,Com Vítimas Feridas,Pleno dia,Crescente,Céu Claro,Simples,Reta,Não,3.0,0.0,1.0,0.0,1.0,0.0,0.0,3.0,"-26,416848","-48,773112",SPRF-SC,DEL03/SC,UOP03-DEL03-SC
764813,13/04/2026,segunda-feira,13:00:00,MA,222.0,665,ACAILANDIA,Ausência de reação do condutor,Colisão transversal,Com Vítimas Fatais,Pleno dia,Crescente,Céu Claro,Simples,Reta,Sim,3.0,1.0,0.0,0.0,0.0,1.0,0.0,3.0,"-4,91832342","-47,42664814",SPRF-MA,DEL04-MA,UOP03-DEL04-MA
764814,07/04/2026,terça-feira,07:25:00,PR,376.0,"88,9",PARANAVAI,Transitar na contramão,Colisão frontal,Com Vítimas Feridas,Pleno dia,Crescente,Céu Claro,Simples,Declive,Não,3.0,0.0,1.0,1.0,2.0,0.0,0.0,3.0,"-22,99424","-52,58855",SPRF-PR,DEL09/PR,UOP02-DEL09-PR
764816,13/04/2026,segunda-feira,12:40:00,RO,364.0,"483,4",ARIQUEMES,Ultrapassagem Indevida,Colisão lateral mesmo sentido,Com Vítimas Feridas,Pleno dia,Crescente,Céu Claro,Simples,Reta,Não,3.0,0.0,0.0,1.0,1.0,2.0,0.0,2.0,"-10,124974","-62,891771",SPRF-RO,DEL03-RO,UOP01-DEL03-RO
764825,11/04/2026,sábado,10:45:00,RJ,116.0,"267,6",PIRAI,Velocidade Incompatível,Tombamento,Com Vítimas Fatais,Pleno dia,Crescente,Céu Claro,Dupla,Curva;Declive,Não,4.0,1.0,0.0,0.0,0.0,2.0,0.0,3.0,"-22,66673288","-43,84156861",SPRF-RJ,DEL07/RJ,UOP02-DEL07-RJ
764831,13/04/2026,segunda-feira,15:50:00,SC,470.0,"89,8",ASCURRA,Acessar a via sem observar a presença dos outros veículos,Colisão transversal,Com Vítimas Feridas,Pleno dia,Decrescente,Sol,Simples,Reta,Não,2.0,0.0,0.0,1.0,1.0,1.0,0.0,2.0,"-26,96766653","-49,3683943",SPRF-SC,DEL04/SC,UOP01-DEL04-SC
764836,13/04/2026,segunda-feira,12:50:00,PR,153.0,"153,9",VENTANIA,Velocidade Incompatível,Saída de leito carroçável,Com Vítimas Feridas,Pleno dia,Crescente,Céu Claro,Simples,Curva,Não,2.0,0.0,1.0,0.0,1.0,0.0,0.0,2.0,"-24,16594862","-50,2223129",SPRF-PR,DEL07/PR,UOP04-DEL07-PR
764840,13/04/2026,segunda-feira,15:20:00,GO,153.0,180,CAMPINORTE,Reação tardia ou ineficiente do condutor,Tombamento,Com Vítimas Feridas,Pleno dia,Decrescente,Céu Claro,Simples,Reta,Não,2.0,0.0,1.0,0.0,1.0,0.0,0.0,3.0,"-14,35468832","-49,15850591",SPRF-GO,DEL07/GO,UOP02-DEL07-GO
764842,13/04/2026,segunda-feira,13:40:00,RS,386.0,"165,4",ALMIRANTE TAMANDARE DO SUL,Ultrapassagem Indevida,Colisão frontal,Com Vítimas Fatais,Pleno dia,Decrescente,Céu Claro,Simples,Declive;Reta,Não,5.0,2.0,2.0,0.0,2.0,1.0,0.0,3.0,"-28,199533","-52,827727",SPRF-RS,DEL08/RS,UOP01-DEL08-RS
764843,13/04/2026,segunda-feira,14:15:00,SC,280.0,"126,6",RIO NEGRINHO,Pedestre cruzava a pista fora da faixa,Atropelamento de Pedestre,Com Vítimas Feridas,Pleno dia,Crescente,Céu Claro,Simples,Reta;Interseção de Vias,Sim,2.0,0.0,0.0,1.0,1.0,1.0,0.0,2.0,"-26,2388732","-49,50086474",SPRF-SC,DEL06/SC,UOP03-DEL06-SC
764848,13/04/2026,segunda-feira,16:15:00,RS,287.0,"392,6",SANTIAGO,Desrespeitar a preferência no cruzamento,Colisão transversal,Sem Vítimas,Pleno dia,Decrescente,Céu Claro,Simples,Interseção de Vias,Não,3.0,0.0,0.0,0.0,0.0,3.0,0.0,2.0,"-29,21669941","-54,8434571",SPRF-RS,DEL12/RS,UOP02-DEL12-RS
764849,13/04/2026,segunda-feira,16:30:00,RJ,101.0,"407,3",ITAGUAI,Acessar a via sem observar a presença dos outros veículos,Colisão lateral mesmo sentido,Com Vítimas Feridas,Pleno dia,Decrescente,Céu Claro,Dupla,Reta,Sim,4.0,0.0,1.0,0.0,1.0,2.0,0.0,3.0,"-22,879549","-43,822845",SPRF-RJ,DEL03/RJ,UOP01-DEL03-RJ
764851,16/03/2026,segunda-feira,12:15:00,BA,324.0,556,AMELIA RODRIGUES,Ausência de reação do condutor,Engavetamento,Com Vítimas Fatais,Pleno dia,Crescente,Céu Claro,Dupla,Reta,Não,12.0,1.0,5.0,0.0,5.0,5.0,0.0,14.0,"-12,482922","-38,666562",SPRF-BA,DEL11/BA,UOP02-DEL11-BA
764854,13/04/2026,segunda-feira,10:20:00,AM,174.0,886,MANAUS,Acessar a via sem observar a presença dos outros veículos,Colisão transversal,Com Vítimas Feridas,Pleno dia,Crescente,Céu Claro,Simples,Reta;Interseção de Vias,Sim,3.0,0.0,1.0,0.0,1.0,2.0,0.0,2.0,"-2,958982","-60,03256",SPRF-AM,DEL01-AM,UOP01-DEL01-AM
764857,13/04/2026,segunda-feira,13:30:00,SC,101.0,"397,7",MARACAJA,Demais falhas mecânicas ou elétricas,Tombamento,Com Vítimas Feridas,Pleno dia,Crescente,Céu Claro,Dupla,Reta,Não,2.0,0.0,1.0,0.0,1.0,0.0,0.0,3.0,"-28,84519055","-49,43251133",SPRF-SC,DEL02/SC,UOP02-DEL02-SC
764864,13/04/2026,segunda-feira,12:05:00,PR,277.0,589,CASCAVEL,Transitar no Acostamento,Colisão lateral mesmo sentido,Sem Vítimas,Pleno dia,Crescente,Sol,Simples,Reta;Interseção de Vias,Sim,4.0,0.0,0.0,0.0,0.0,4.0,0.0,2.0,"-24,967459","-53,4263",SPRF-PR,DEL04/PR,UOP01-DEL04-PR
764870,13/04/2026,segunda-feira,13:45:00,SC,158.0,"131,1",CAIBI,Frear bruscamente,Colisão traseira,Com Vítimas Feridas,Pleno dia,Crescente,Sol,Simples,Curva,Não,5.0,0.0,1.0,0.0,1.0,3.0,0.0,3.0,"-27,044755","-53,22566986",SPRF-SC,DEL07/SC,UOP02-DEL07-SC
764879,13/04/2026,segunda-feira,19:41:00,SC,470.0,"54,4",BLUMENAU,Acessar a via sem observar a presença dos outros veículos,Colisão transversal,Sem Vítimas,Plena Noite,Crescente,Nublado,Simples,Reta;Interseção de Vias,Não,3.0,0.0,0.0,0.0,0.0,2.0,0.0,3.0,"-26,873248","-49,11419598",SPRF-SC,DEL04/SC,UOP01-DEL04-SC
764881,13/04/2026,segunda-feira,18:31:00,SC,282.0,492,FAXINAL DOS GUEDES,Mal súbito do condutor,Tombamento,Com Vítimas Feridas,Anoitecer,Decrescente,Céu Claro,Simples,Reta,Não,2.0,0.0,1.0,0.0,1.0,0.0,0.0,2.0,"-26,87235363","-52,29436398",SPRF-SC,DEL07/SC,UOP01-DEL07-SC
764882,13/04/2026,segunda-feira,18:30:00,SC,101.0,24,JOINVILLE,Reação tardia ou ineficiente do condutor,Colisão traseira,Com Vítimas Feridas,Plena Noite,Decrescente,Nublado,Dupla,Reta,Sim,3.0,0.0,1.0,0.0,1.0,1.0,0.0,4.0,"-26,17587587","-48,90779464",SPRF-SC,DEL03/SC,UOP01-DEL03-SC
764886,13/04/2026,segunda-feira,19:10:00,SC,101.0,"152,5",PORTO BELO,Avarias e/ou desgaste excessivo no pneu,Tombamento,Com Vítimas Feridas,Plena Noite,Decrescente,Céu Claro,Dupla,Reta,Sim,4.0,0.0,0.0,1.0,1.0,2.0,0.0,3.0,"-27,13736836","-48,6107254",SPRF-SC,DEL04/SC,UOP03-DEL04-SC
764888,13/04/2026,segunda-feira,19:33:00,MS,262.0,365,CAMPO GRANDE,Pedestre cruzava a pista fora da faixa,Atropelamento de Pedestre,Com Vítimas Fatais,Plena Noite,Decrescente,Nublado,Simples,Reta,Sim,3.0,1.0,0.0,0.0,0.0,1.0,0.0,3.0,"-20,48649597","-54,74502023",SPRF-MS,DEL01/MS,UOP03-DEL01-MS
764890,13/04/2026,segunda-feira,20:13:00,SP,116.0,"110,5",TAUBATE,Acessar a via sem observar a presença dos outros veículos,Colisão lateral mesmo sentido,Com Vítimas Feridas,Plena Noite,Decrescente,Céu Claro,Dupla,Declive;Curva,Sim,2.0,0.0,1.0,0.0,1.0,1.0,0.0,2.0,"-23,03710051","-45,55716489",SPRF-SP,DEL02/SP,UOP02-DEL02-SP
764891,13/04/2026,segunda-feira,19:00:00,MG,381.0,"947,3",EXTREMA,Transitar no Acostamento,Colisão traseira,Sem Vítimas,Plena Noite,Crescente,Céu Claro,Dupla,Reta;Interseção de Vias,Não,3.0,0.0,0.0,0.0,0.0,1.0,0.0,4.0,"-22,86718796","-46,35240948",SPRF-MG,DEL16/MG,UOP03-DEL16-MG
764896,13/04/2026,segunda-feira,20:30:00,PR,116.0,106,SAO JOSE DOS PINHAIS,Demais falhas mecânicas ou elétricas,Incêndio,Sem Vítimas,Plena Noite,Decrescente,Céu Claro,Dupla,Reta,Não,2.0,0.0,0.0,0.0,0.0,1.0,0.0,2.0,"-25,570342","-49,217283",SPRF-PR,DEL01/PR,UOP03-DEL01-PR
764897,13/04/2026,segunda-feira,18:30:00,RJ,40.0,102,DUQUE DE CAXIAS,Retorno proibido,Colisão frontal,Sem Vítimas,Amanhecer,Crescente,Céu Claro,Múltipla,Retorno Regulamentado,Sim,2.0,0.0,0.0,0.0,0.0,1.0,0.0,2.0,"-22,61073008","-43,2858224",SPRF-RJ,DEL01/RJ,UOP02-DEL01-RJ
764898,13/04/2026,segunda-feira,20:17:00,SP,116.0,211,GUARULHOS,Ausência de reação do condutor,Colisão traseira,Com Vítimas Feridas,Plena Noite,Decrescente,Céu Claro,Dupla,Reta,Sim,3.0,0.0,1.0,0.0,1.0,2.0,0.0,2.0,"-23,43206851","-46,41880123",SPRF-SP,DEL01/SP,UOP01-DEL01-SP
764900,13/04/2026,segunda-feira,17:10:00,MG,153.0,190,FRUTAL,Demais falhas na via,Colisão lateral sentido oposto,Com Vítimas Fatais,Pleno dia,Crescente,Céu Claro,Simples,Reta;Declive,Não,5.0,1.0,1.0,0.0,1.0,2.0,0.0,10.0,"-19,88921","-48,9736",SPRF-MG,DEL13/MG,UOP02-DEL13-MG
764901,13/04/2026,segunda-feira,20:57:00,BA,101.0,35,ESPLANADA,Ausência de reação do condutor,Colisão lateral sentido oposto,Com Vítimas Feridas,Plena Noite,Decrescente,Garoa/Chuvisco,Simples,Aclive;Reta,Não,3.0,0.0,0.0,1.0,1.0,1.0,0.0,3.0,"-11,776667","-37,945515",SPRF-SE,DEL02-SE,UOP03-DEL02-SE
764904,13/04/2026,segunda-feira,19:20:00,MT,174.0,286,VALE DE SAO DOMINGOS,Ultrapassagem Indevida,Saída de leito carroçável,Sem Vítimas,Plena Noite,Crescente,Céu Claro,Simples,Reta,Não,2.0,0.0,0.0,0.0,0.0,2.0,0.0,2.0,"-15,36939301","-59,19475794",SPRF-MT,DEL04/MT,UOP01-DEL04-MT
764907,13/04/2026,segunda-feira,20:15:00,RS,470.0,"229,3",GARIBALDI,Transitar na contramão,Colisão frontal,Com Vítimas Fatais,Plena Noite,Crescente,Céu Claro,Simples,Aclive;Reta,Sim,3.0,1.0,0.0,0.0,0.0,1.0,0.0,3.0,"-29,272438","-51,496793",SPRF-RS,DEL06/RS,UOP01-DEL06-RS
764913,13/04/2026,segunda-feira,21:00:00,SC,280.0,0,SAO FRANCISCO DO SUL,Acessar a via sem observar a presença dos outros veículos,Colisão lateral mesmo sentido,Com Vítimas Feridas,Plena Noite,Decrescente,Céu Claro,Simples,Curva,Sim,3.0,0.0,2.0,0.0,2.0,0.0,0.0,2.0,"-26,24495257","-48,61563638",SPRF-SC,DEL03/SC,UOP03-DEL03-SC
764915,13/04/2026,segunda-feira,19:30:00,MG,381.0,"722,5",CARMO DA CACHOEIRA,Pedestre cruzava a pista fora da faixa,Atropelamento de Pedestre,Com Vítimas Feridas,Plena Noite,Decrescente,Céu Claro,Dupla,Reta;Declive,Sim,2.0,0.0,1.0,0.0,1.0,1.0,0.0,2.0,"-21,44655067","-45,21001916",SPRF-MG,DEL04/MG,UOP02-DEL04-MG
764922,13/04/2026,segunda-feira,20:50:00,BA,101.0,566,ARATACA,Velocidade Incompatível,Tombamento,Com Vítimas Feridas,Plena Noite,Decrescente,Céu Claro,Simples,Curva,Não,3.0,0.0,1.0,0.0,1.0,2.0,0.0,1.0,"-15,25456768","-39,44970489",SPRF-BA,DEL05/BA,UOP02-DEL05-BA
764924,13/04/2026,segunda-feira,23:30:00,SC,101.0,"213,1",PALHOCA,Condutor deixou de manter distância do veículo da frente,Colisão traseira,Com Vítimas Fatais,Plena Noite,Crescente,Céu Claro,Múltipla,Reta,Sim,4.0,1.0,0.0,0.0,0.0,1.0,0.0,4.0,"-27,63731","-48,66545",SPRF-SC,DEL01/SC,UOP02-DEL01-SC
764930,13/04/2026,segunda-feira,23:30:00,SP,116.0,516,CAJATI,Reação tardia ou ineficiente do condutor,Saída de leito carroçável,Com Vítimas Feridas,Plena Noite,Decrescente,Garoa/Chuvisco,Dupla,Curva,Não,2.0,0.0,1.0,0.0,1.0,0.0,0.0,2.0,"-24,87827","-48,2093",SPRF-SP,DEL05/SP,UOP02-DEL05-SP
764931,14/04/2026,terça-feira,02:30:00,SC,101.0,193,BIGUACU,Ausência de reação do condutor,Colisão traseira,Com Vítimas Feridas,Plena Noite,Decrescente,Céu Claro,Múltipla,Reta,Sim,2.0,0.0,0.0,1.0,1.0,1.0,0.0,2.0,"-27,48903725","-48,65483936",SPRF-SC,DEL01/SC,UOP01-DEL01-SC
764933,13/04/2026,segunda-feira,23:40:00,PR,277.0,395,CANDOI,Demais falhas mecânicas ou elétricas,Colisão com objeto,Com Vítimas Fatais,Plena Noite,Decrescente,Céu Claro,Simples,Aclive;Reta,Não,50.0,1.0,1.0,0.0,1.0,47.0,0.0,2.0,"-25,44563852","-51,8807888",SPRF-PR,DEL08/PR,UOP01-DEL08-PR