id,data_inversa,dia_semana,horario,uf,br,km,municipio,causa_acidente,tipo_acidente,classificacao_acidente,fase_dia,sentido_via,condicao_metereologica,tipo_pista,tracado_via,uso_solo,pessoas,mortos,feridos_leves,feridos_graves,feridos,ilesos,ignorados,veiculos,latitude,longitude,regional,delegacia,uop
764934,14/04/2026,terça-feira,01:45:00,MG,153.0,"190,5",FRUTAL,Pista esburacada,Colisão traseira,Com Vítimas Feridas,Plena Noite,Crescente,Céu Claro,Simples,Aclive,Não,2.0,0.0,1.0,0.0,1.0,1.0,0.0,2.0,"-19,89021","-48,97321",SPRF-MG,DEL13/MG,UOP02-DEL13-MG
764938,14/04/2026,terça-feira,05:00:00,MA,135.0,52,BACABEIRA,Condutor deixou de manter distância do veículo da frente,Colisão traseira,Com Vítimas Feridas,Amanhecer,Crescente,Céu Claro,Simples,Declive,Sim,3.0,0.0,1.0,0.0,1.0,1.0,0.0,5.0,"-2,978621","-44,314686",SPRF-MA,DEL01-MA,UOP02-DEL01-MA
764941,14/04/2026,terça-feira,06:20:00,MG,50.0,180,UBERABA,Velocidade Incompatível,Colisão lateral mesmo sentido,Com Vítimas Feridas,Pleno dia,Decrescente,Céu Claro,Dupla,Viaduto;Curva;Interseção de Vias;Rotatória,Sim,5.0,0.0,1.0,0.0,1.0,4.0,0.0,3.0,"-19,77678103","-47,92148278",SPRF-MG,DEL13/MG,UOP01-DEL13-MG
764943,14/04/2026,terça-feira,06:52:00,ES,101.0,"290,2",CARIACICA,Reação tardia ou ineficiente do condutor,Colisão traseira,Com Vítimas Feridas,Pleno dia,Decrescente,Céu Claro,Dupla,Reta,Sim,2.0,0.0,1.0,0.0,1.0,0.0,0.0,2.0,"-20,292868","-40,39258",SPRF-ES,DEL01-ES,UOP01-DEL01-ES
764945,14/04/2026,terça-feira,03:05:00,MG,251.0,"512,9",FRANCISCO SA,Velocidade Incompatível,Colisão com objeto,Sem Vítimas,Plena Noite,Crescente,Céu Claro,Simples,Ponte;Reta,Não,2.0,0.0,0.0,0.0,0.0,1.0,0.0,2.0,"-16,648","-43,71",SPRF-MG,DEL12/MG,UOP01-DEL12-MG
764951,14/04/2026,terça-feira,08:20:00,SC,101.0,122,ITAJAI,Trafegar com motocicleta (ou similar) entre as faixas,Colisão lateral mesmo sentido,Com Vítimas Feridas,Pleno dia,Crescente,Nublado,Dupla,Reta,Não,2.0,0.0,1.0,0.0,1.0,0.0,0.0,2.0,"-26,93535881","-48,70067596",SPRF-SC,DEL04/SC,UOP04-DEL04-SC
764968,14/04/2026,terça-feira,07:30:00,MG,40.0,251,SAO GONCALO DO ABAETE,Ausência de reação do condutor,Colisão com objeto,Com Vítimas Feridas,Pleno dia,Crescente,Céu Claro,Simples,Reta,Não,2.0,0.0,1.0,0.0,1.0,1.0,0.0,2.0,"-18,11926052","-45,43481827",SPRF-MG,DEL14/MG,UOP02-DEL14-MG
764970,14/04/2026,terça-feira,08:40:00,SC,101.0,"210,7",SAO JOSE,Condutor deixou de manter distância do veículo da frente,Colisão traseira,Com Vítimas Feridas,Pleno dia,Decrescente,Céu Claro,Múltipla,Reta,Sim,2.0,0.0,1.0,0.0,1.0,1.0,0.0,2.0,"-27,61590897","-48,64433248",SPRF-SC,DEL01/SC,UOP01-DEL01-SC
764973,14/04/2026,terça-feira,09:40:00,RJ,493.0,1,ITABORAI,Frear bruscamente,Colisão lateral mesmo sentido,Sem Vítimas,Pleno dia,Decrescente,Céu Claro,Dupla,Reta,Sim,2.0,0.0,0.0,0.0,0.0,2.0,0.0,2.0,"-22,76993823","-42,92246526",SPRF-RJ,DEL02/RJ,UOP02-DEL02-RJ
764979,14/04/2026,terça-feira,10:00:00,ES,101.0,"352,9",ANCHIETA,Velocidade Incompatível,Tombamento,Com Vítimas Feridas,Pleno dia,Crescente,Céu Claro,Dupla,Curva,Não,2.0,0.0,1.0,0.0,1.0,0.0,0.0,2.0,"-20,6759","-40,66528",SPRF-ES,DEL03-ES,UOP01-DEL03-ES
764981,14/04/2026,terça-feira,09:45:00,PR,369.0,504,CASCAVEL,Manobra de mudança de faixa,Colisão lateral sentido oposto,Com Vítimas Feridas,Pleno dia,Decrescente,Céu Claro,Simples,Reta,Não,3.0,0.0,1.0,0.0,1.0,1.0,0.0,3.0,"-24,9185749","-53,3889074",SPRF-PR,DEL04/PR,UOP01-DEL04-PR
764984,17/03/2026,terça-feira,10:30:00,MG,459.0,"47,7",SANTA RITA DE CALDAS,Acessar a via sem observar a presença dos outros veículos,Tombamento,Com Vítimas Feridas,Pleno dia,Crescente,Céu Claro,Simples,Reta,Não,2.0,0.0,1.0,0.0,1.0,1.0,0.0,2.0,"-22,02548","-46,30523",SPRF-MG,DEL09/MG,UOP01-DEL09-MG
764987,18/03/2026,quarta-feira,04:30:00,RJ,116.0,99,GUAPIMIRIM,Velocidade Incompatível,Tombamento,Com Vítimas Feridas,Plena Noite,Crescente,Céu Claro,Simples,Curva,Não,1.0,0.0,1.0,0.0,1.0,0.0,0.0,1.0,"-22,48608366","-43,00135366",SPRF-RJ,DEL04/RJ,UOP01-DEL04-RJ
764988,14/04/2026,terça-feira,10:16:00,SC,101.0,25,JOINVILLE,Reação tardia ou ineficiente do condutor,Colisão traseira,Com Vítimas Feridas,Pleno dia,Crescente,Céu Claro,Dupla,Reta,Sim,3.0,0.0,1.0,0.0,1.0,1.0,0.0,5.0,"-26,1806944","-48,90964922",SPRF-SC,DEL03/SC,UOP01-DEL03-SC
764990,14/04/2026,terça-feira,09:43:00,RJ,40.0,113,DUQUE DE CAXIAS,Manobra de mudança de faixa,Colisão lateral mesmo sentido,Com Vítimas Feridas,Pleno dia,Decrescente,Céu Claro,Dupla,Reta,Não,4.0,0.0,2.0,0.0,2.0,2.0,0.0,3.0,"-22,715","-43,29",SPRF-RJ,DEL01/RJ,UOP02-DEL01-RJ
764991,14/04/2026,terça-feira,10:50:00,PR,153.0,319,IMBITUVA,Demais falhas mecânicas ou elétricas,Colisão traseira,Com Vítimas Feridas,Pleno dia,Crescente,Nublado,Simples,Reta,Não,3.0,0.0,1.0,1.0,2.0,1.0,0.0,2.0,"-25,26843004","-50,63941956",SPRF-PR,DEL08/PR,UOP02-DEL08-PR
764992,10/04/2026,sexta-feira,06:04:00,BA,324.0,554,AMELIA RODRIGUES,Reação tardia ou ineficiente do condutor,Colisão traseira,Sem Vítimas,Pleno dia,Crescente,Céu Claro,Dupla,Aclive;Reta,Não,2.0,0.0,0.0,0.0,0.0,1.0,0.0,2.0,"-12,46811759","-38,68648016",SPRF-BA,DEL11/BA,UOP02-DEL11-BA
764996,14/04/2026,terça-feira,11:20:00,PR,476.0,"197,7",LAPA,Velocidade Incompatível,Tombamento,Com Vítimas Feridas,Pleno dia,Decrescente,Céu Claro,Simples,Curva;Interseção de Vias,Sim,4.0,0.0,3.0,0.0,3.0,0.0,0.0,2.0,"-25,76430747","-49,7378525",SPRF-PR,DEL01/PR,UOP06-DEL01-PR
764997,14/04/2026,terça-feira,06:05:00,MG,116.0,353,JAMPRUCA,Ausência de reação do condutor,Colisão traseira,Com Vítimas Feridas,Pleno dia,Decrescente,Céu Claro,Simples,Reta,Não,3.0,0.0,1.0,0.0,1.0,1.0,0.0,3.0,"-18,412603","-41,822633",SPRF-MG,DEL11/MG,UOP01-DEL11-MG
764999,14/04/2026,terça-feira,12:15:00,PR,277.0,68,SAO JOSE DOS PINHAIS,Manobra de mudança de faixa,Colisão lateral mesmo sentido,Sem Vítimas,Pleno dia,Crescente,Céu Claro,Dupla,Reta,Sim,3.0,0.0,0.0,0.0,0.0,2.0,0.0,3.0,"-25,52243856","-49,10350956",SPRF-PR,DEL01/PR,UOP01-DEL01-PR
765002,01/04/2026,quarta-feira,21:00:00,SC,282.0,"66,3",RANCHO QUEIMADO,Ausência de reação do condutor,Colisão lateral mesmo sentido,Sem Vítimas,Pleno dia,Crescente,Nublado,Simples,Reta,Não,2.0,0.0,0.0,0.0,0.0,2.0,0.0,2.0,"-27,69503191","-49,0701241",SPRF-SC,DEL01/SC,UOP03-DEL01-SC
765006,14/04/2026,terça-feira,10:20:00,MT,174.0,352,CONQUISTA DOESTE,Avarias e/ou desgaste excessivo no pneu,Saída de leito carroçável,Com Vítimas Feridas,Pleno dia,Crescente,Sol,Simples,Reta;Declive,Não,1.0,0.0,1.0,0.0,1.0,0.0,0.0,1.0,"-14,834787","-59,315563",SPRF-MT,DEL04/MT,UOP01-DEL04-MT
765009,14/04/2026,terça-feira,13:30:00,SC,101.0,41,PALHOCA,Condutor deixou de manter distância do veículo da frente,Colisão traseira,Com Vítimas Feridas,Pleno dia,Decrescente,Nublado,Dupla,Túnel,Não,2.0,0.0,1.0,0.0,1.0,0.0,0.0,2.0,"-27,65729743","-48,71974882",SPRF-SC,DEL01/SC,UOP02-DEL01-SC
765013,14/04/2026,terça-feira,14:19:00,SC,101.0,"31,9",JOINVILLE,Mal súbito do condutor,Colisão lateral mesmo sentido,Com Vítimas Feridas,Pleno dia,Decrescente,Céu Claro,Múltipla,Declive;Curva,Não,4.0,0.0,3.0,0.0,3.0,0.0,0.0,3.0,"-26,24318347","-48,91095813",SPRF-SC,DEL03/SC,UOP01-DEL03-SC
765016,21/02/2026,sábado,19:00:00,TO,226.0,19,PALMEIRAS DO TOCANTINS,Manobra de mudança de faixa,Colisão frontal,Com Vítimas Fatais,Plena Noite,Crescente,Nublado,Simples,Reta,Não,5.0,2.0,1.0,0.0,1.0,1.0,0.0,4.0,"-6,630418","-47,610815",SPRF-TO,DEL02-TO,UOP03-DEL02-TO
765019,14/04/2026,terça-feira,14:40:00,TO,153.0,146,ARAGUAINA,Acessar a via sem observar a presença dos outros veículos,Colisão transversal,Com Vítimas Feridas,Pleno dia,Crescente,Céu Claro,Dupla,Reta;Rotatória,Sim,2.0,0.0,1.0,0.0,1.0,1.0,0.0,2.0,"-7,219965","-48,248329",SPRF-TO,DEL02-TO,UOP01-DEL02-TO
765022,10/04/2026,sexta-feira,15:20:00,PR,0.0,0,APUCARANA,Carga excessiva e/ou mal acondicionada,Colisão com objeto,Sem Vítimas,Pleno dia,Não Informado,Céu Claro,Dupla,Reta,Não,1.0,0.0,0.0,0.0,0.0,1.0,0.0,1.0,"-23,47517397","-51,5817976",SPRF-PR,DEL09/PR,UOP01-DEL09-PR
765024,14/04/2026,terça-feira,14:20:00,RS,290.0,19,SANTO ANTONIO DA PATRULHA,Reação tardia ou ineficiente do condutor,Colisão lateral mesmo sentido,Com Vítimas Feridas,Pleno dia,Crescente,Nublado,Dupla,Reta,Não,3.0,0.0,1.0,0.0,1.0,1.0,0.0,3.0,"-29,884784","-50,445694",SPRF-RS,DEL03/RS,UOP01-DEL03-RS
765028,14/04/2026,terça-feira,14:50:00,MS,163.0,546,BANDEIRANTES,Condutor Dormindo,Colisão lateral sentido oposto,Com Vítimas Feridas,Pleno dia,Decrescente,Céu Claro,Simples,Reta,Não,3.0,0.0,1.0,0.0,1.0,1.0,0.0,4.0,"-19,932167","-54,367043",SPRF-MS,DEL01/MS,UOP02-DEL01-MS
765031,14/04/2026,terça-feira,15:50:00,SC,101.0,"47,9",JOINVILLE,Ausência de reação do condutor,Colisão traseira,Com Vítimas Fatais,Pleno dia,Decrescente,Céu Claro,Dupla,Declive;Curva,Sim,3.0,1.0,1.0,0.0,1.0,0.0,0.0,3.0,"-26,37467935","-48,85534136",SPRF-SC,DEL03/SC,UOP01-DEL03-SC
765034,14/04/2026,terça-feira,13:00:00,SC,282.0,"41,9",AGUAS MORNAS,Mal súbito do condutor,Colisão frontal,Com Vítimas Feridas,Pleno dia,Crescente,Céu Claro,Simples,Curva,Sim,2.0,0.0,1.0,1.0,2.0,0.0,0.0,2.0,"-27,720595","-48,88667",SPRF-SC,DEL01/SC,UOP03-DEL01-SC
765035,14/04/2026,terça-feira,13:45:00,PI,316.0,"40,5",LAGOA DO PIAUI,Manobra de mudança de faixa,Colisão lateral sentido oposto,Com Vítimas Feridas,Pleno dia,Decrescente,Nublado,Simples,Curva,Sim,3.0,0.0,1.0,0.0,1.0,1.0,0.0,3.0,"-5,4143523","-42,6427386",SPRF-PI,DEL01-PI,UOP02-DEL01-PI
765038,14/04/2026,terça-feira,12:00:00,SC,470.0,190,POUSO REDONDO,Velocidade Incompatível,Tombamento,Com Vítimas Fatais,Pleno dia,Decrescente,Sol,Simples,Curva,Não,2.0,1.0,0.0,0.0,0.0,0.0,0.0,2.0,"-27,28346791","-50,07104874",SPRF-SC,DEL04/SC,UOP02-DEL04-SC
765041,14/04/2026,terça-feira,16:10:00,DF,40.0,8,BRASILIA,Manobra de mudança de faixa,Colisão lateral mesmo sentido,Com Vítimas Feridas,Pleno dia,Crescente,Céu Claro,Dupla,Reta,Sim,4.0,0.0,1.0,0.0,1.0,2.0,0.0,3.0,"-16,046228","-47,980878",SPRF-DF,DEL01-DF,UOP01-DEL01-DF
765042,14/04/2026,terça-feira,15:20:00,MS,163.0,546,BANDEIRANTES,Acostamento em desnível,Tombamento,Com Vítimas Feridas,Pleno dia,Crescente,Céu Claro,Simples,Reta,Não,2.0,0.0,1.0,0.0,1.0,0.0,0.0,2.0,"-19,932167","-54,367043",SPRF-MS,DEL01/MS,UOP02-DEL01-MS
765046,14/04/2026,terça-feira,10:00:00,PB,230.0,"31,5",BAYEUX,Reação tardia ou ineficiente do condutor,Colisão lateral mesmo sentido,Com Vítimas Feridas,Pleno dia,Decrescente,Céu Claro,Dupla,Reta,Sim,3.0,0.0,1.0,0.0,1.0,1.0,0.0,3.0,"-7,1420089","-34,92046148",SPRF-PB,DEL01-PB,UOP01-DEL01-PB
765048,06/04/2026,segunda-feira,15:00:00,SC,282.0,"115,6",ALFREDO WAGNER,Mal súbito do condutor,Colisão transversal,Com Vítimas Feridas,Pleno dia,Crescente,Chuva,Simples,Curva,Não,5.0,0.0,1.0,3.0,4.0,0.0,0.0,3.0,"-27,760715","-49,397155",SPRF-SC,DEL01/SC,UOP03-DEL01-SC
765049,14/04/2026,terça-feira,15:30:00,MG,116.0,"508,7",UBAPORANGA,Ausência de reação do condutor,Colisão traseira,Com Vítimas Feridas,Pleno dia,Crescente,Nublado,Simples,Reta;Declive,Sim,3.0,0.0,1.0,0.0,1.0,1.0,0.0,2.0,"-19,63726237","-42,10619688",SPRF-MG,DEL06/MG,UOP02-DEL06-MG
765051,14/04/2026,terça-feira,17:25:00,SC,280.0,"24,1",ARAQUARI,Acesso irregular,Colisão traseira,Com Vítimas Feridas,Anoitecer,Crescente,Nublado,Simples,Reta,Sim,3.0,0.0,0.0,1.0,1.0,1.0,0.0,3.0,"-26,37839479","-48,72096419",SPRF-SC,DEL03/SC,UOP03-DEL03-SC
765057,06/04/2026,segunda-feira,00:01:00,PB,230.0,"158,2",CAMPINA GRANDE,Suicídio (presumido),Atropelamento de Pedestre,Com Vítimas Fatais,Plena Noite,Crescente,Garoa/Chuvisco,Simples,Reta,Sim,2.0,1.0,0.0,0.0,0.0,0.0,0.0,2.0,"-7,256553","-35,928312",SPRF-PB,DEL02-PB,UOP01-DEL02-PB
765064,14/04/2026,terça-feira,17:40:00,GO,40.0,"24,1",LUZIANIA,Acessar a via sem observar a presença dos outros veículos,Colisão lateral mesmo sentido,Com Vítimas Feridas,Anoitecer,Crescente,Céu Claro,Simples,Reta,Sim,3.0,0.0,2.0,0.0,2.0,1.0,0.0,2.0,"-16,251488","-47,90127",SPRF-DF,DEL01-DF,UOP01-DEL01-DF
765065,18/03/2026,quarta-feira,00:10:00,PR,116.0,108,CURITIBA,Transitar na contramão,Colisão frontal,Com Vítimas Feridas,Plena Noite,Crescente,Céu Claro,Dupla,Reta,Não,2.0,0.0,1.0,0.0,1.0,1.0,0.0,2.0,"-25,561783","-49,260793",SPRF-PR,DEL01/PR,UOP03-DEL01-PR
765067,14/04/2026,terça-feira,18:15:00,ES,101.0,"94,1",JAGUARE,Pedestre cruzava a pista fora da faixa,Atropelamento de Pedestre,Com Vítimas Fatais,Anoitecer,Decrescente,Céu Claro,Simples,Interseção de Vias,Sim,4.0,1.0,0.0,0.0,0.0,2.0,0.0,4.0,"-18,93291801","-39,97238159",SPRF-ES,DEL04-ES,UOP02-DEL04-ES
765071,14/04/2026,terça-feira,16:30:00,PR,163.0,330,GUAIRA,Problema com o freio,Incêndio,Sem Vítimas,Pleno dia,Crescente,Céu Claro,Simples,Reta,Não,2.0,0.0,0.0,0.0,0.0,1.0,0.0,4.0,"-24,21534398","-54,19967651",SPRF-PR,DEL06/PR,UOP01-DEL06-PR
765072,14/04/2026,terça-feira,17:30:00,MG,40.0,"487,3",SETE LAGOAS,Transitar no Acostamento,Colisão traseira,Com Vítimas Feridas,Anoitecer,Decrescente,Céu Claro,Dupla,Reta,Não,3.0,0.0,0.0,1.0,1.0,1.0,0.0,3.0,"-19,5917","-44,2267",SPRF-MG,DEL02/MG,UOP01-DEL02-MG
765080,14/04/2026,terça-feira,17:15:00,MT,163.0,842,SINOP,Ausência de reação do condutor,Colisão traseira,Com Vítimas Feridas,Anoitecer,Decrescente,Céu Claro,Simples,Reta,Sim,3.0,0.0,1.0,0.0,1.0,1.0,0.0,3.0,"-11,80236164","-55,47991633",SPRF-MT,DEL06/MT,UOP02-DEL06-MT
765083,14/04/2026,terça-feira,19:50:00,SC,282.0,"522,4",XAXIM,Ingestão de substâncias psicoativas pelo condutor,Colisão transversal,Com Vítimas Feridas,Plena Noite,Crescente,Céu Claro,Dupla,Rotatória;Interseção de Vias,Sim,3.0,0.0,1.0,0.0,1.0,1.0,0.0,4.0,"-26,9489509","-52,5301233",SPRF-SC,DEL07/SC,UOP01-DEL07-SC
765086,14/04/2026,terça-feira,19:45:00,RS,158.0,"566,2",SANTANA DO LIVRAMENTO,Ausência de reação do condutor,Colisão frontal,Com Vítimas Feridas,Plena Noite,Crescente,Nublado,Simples,Reta,Sim,2.0,0.0,1.0,0.0,1.0,1.0,0.0,2.0,"-30,87975482","-55,50968735",SPRF-RS,DEL11/RS,UOP01-DEL11-RS
765087,14/04/2026,terça-feira,18:00:00,MG,365.0,"257,8",SAO GONCALO DO ABAETE,Demais falhas mecânicas ou elétricas,Incêndio,Sem Vítimas,Plena Noite,Crescente,Céu Claro,Simples,Reta,Não,2.0,0.0,0.0,0.0,0.0,1.0,0.0,2.0,"-17,859266","-45,504974",SPRF-MG,DEL10/MG,UOP02-DEL010-MG
765090,14/04/2026,terça-feira,18:45:00,PR,153.0,396,MALLET,Reação tardia ou ineficiente do condutor,Colisão transversal,Com Vítimas Feridas,Anoitecer,Crescente,Céu Claro,Simples,Reta;Declive,Não,4.0,0.0,1.0,1.0,2.0,1.0,0.0,4.0,"-25,938057","-50,857835",SPRF-PR,DEL08/PR,UOP02-DEL08-PR
765096,14/04/2026,terça-feira,20:30:00,MG,153.0,175,COMENDADOR GOMES,Acessar a via sem observar a presença dos outros veículos,Colisão transversal,Sem Vítimas,Plena Noite,Decrescente,Nublado,Simples,Reta,Não,3.0,0.0,0.0,0.0,0.0,2.0,0.0,3.0,"-19,75050768","-48,96906853",SPRF-MG,DEL13/MG,UOP02-DEL13-MG
765098,14/04/2026,terça-feira,20:30:00,MS,262.0,563,MIRANDA,Velocidade Incompatível,Atropelamento de Animal,Com Vítimas Feridas,Plena Noite,Crescente,Céu Claro,Simples,Reta,Não,4.0,0.0,1.0,0.0,1.0,2.0,0.0,3.0,"-20,21134","-56,42014",SPRF-MS,DEL03/MS,UOP02-DEL03-MS
765100,14/04/2026,terça-feira,17:20:00,PR,277.0,22,MORRETES,Ausência de reação do condutor,Colisão traseira,Com Vítimas Feridas,Pleno dia,Crescente,Céu Claro,Dupla,Reta,Não,4.0,0.0,2.0,0.0,2.0,1.0,0.0,3.0,"-25,528711","-48,733853",SPRF-PR,DEL01/PR,UOP05-DEL01-PR
765101,14/04/2026,terça-feira,21:37:00,RS,386.0,"333,1",MARQUES DE SOUZA,Ingestão de álcool pelo condutor,Tombamento,Com Vítimas Feridas,Plena Noite,Crescente,Nublado,Dupla,Curva,Não,2.0,0.0,1.0,0.0,1.0,0.0,0.0,3.0,"-29,38788612","-52,04755481",SPRF-RS,DEL04/RS,UOP01-DEL04-RS
765103,14/04/2026,terça-feira,19:40:00,BA,116.0,546,MILAGRES,Problema com o freio,Colisão lateral sentido oposto,Com Vítimas Feridas,Plena Noite,Decrescente,Céu Claro,Simples,Reta,Sim,9.0,0.0,1.0,1.0,2.0,6.0,0.0,11.0,"-12,87996","-39,85833",SPRF-BA,DEL03/BA,UOP02-DEL03-BA
765105,14/04/2026,terça-feira,19:40:00,MT,364.0,554,NOBRES,Ausência de reação do condutor,Colisão traseira,Com Vítimas Feridas,Plena Noite,Decrescente,Céu Claro,Dupla,Reta,Não,3.0,0.0,0.0,1.0,1.0,2.0,0.0,2.0,"-14,7603483","-56,3438367",SPRF-MT,DEL01/MT,UOP01-DEL01-MT
765111,14/04/2026,terça-feira,23:00:00,PR,277.0,121,CAMPO LARGO,Manobra de mudança de faixa,Colisão traseira,Com Vítimas Feridas,Plena Noite,Decrescente,Céu Claro,Dupla,Reta,Não,4.0,0.0,0.0,2.0,2.0,1.0,0.0,3.0,"-25,44547","-49,49557",SPRF-PR,DEL01/PR,UOP07-DEL01-PR
765112,14/04/2026,terça-feira,22:20:00,MS,60.0,413,SIDROLANDIA,Ausência de reação do condutor,Saída de leito carroçável,Com Vítimas Feridas,Plena Noite,Crescente,Céu Claro,Simples,Reta;Declive,Não,3.0,0.0,1.0,0.0,1.0,1.0,0.0,2.0,"-20,894682","-54,862779",SPRF-MS,DEL01/MS,UOP04-DEL01-MS
765115,14/04/2026,terça-feira,21:50:00,SP,116.0,346,MIRACATU,Demais falhas mecânicas ou elétricas,Incêndio,Sem Vítimas,Plena Noite,Decrescente,Céu Claro,Múltipla,Reta,Não,2.0,0.0,0.0,0.0,0.0,1.0,0.0,2.0,"-24,0416575","-47,1927413",SPRF-SP,DEL04/SP,UOP03-DEL04-SP
765116,14/04/2026,terça-feira,23:20:00,PR,277.0,41,MORRETES,Condutor Dormindo,Colisão traseira,Com Vítimas Feridas,Plena Noite,Decrescente,Nublado,Dupla,Declive;Curva,Não,6.0,0.0,3.0,0.0,3.0,2.0,0.0,4.0,"-25,58039494","-48,875031",SPRF-PR,DEL01/PR,UOP05-DEL01-PR
765117,14/04/2026,terça-feira,20:40:00,PI,343.0,640,JERUMENHA,Reação tardia ou ineficiente do condutor,Colisão traseira,Com Vítimas Feridas,Plena Noite,Crescente,Nublado,Simples,Reta,Não,2.0,0.0,2.0,0.0,2.0,0.0,0.0,2.0,"-7,025379","-43,378029",SPRF-PI,DEL03-PI,UOP01-DEL03-PI
765121,15/04/2026,quarta-feira,00:07:00,GO,70.0,190,ITABERAI,Ingestão de álcool pelo condutor,Colisão transversal,Com Vítimas Fatais,Plena Noite,Decrescente,Céu Claro,Simples,Reta,Sim,3.0,1.0,0.0,0.0,0.0,1.0,0.0,4.0,"-16,031862","-49,781647",SPRF-GO,DEL02/GO,UOP02-DEL02-GO
765124,14/04/2026,terça-feira,19:30:00,RJ,101.0,"321,7",NITEROI,Ausência de reação do condutor,Colisão traseira,Com Vítimas Fatais,Plena Noite,Crescente,Céu Claro,Múltipla,Reta,Não,2.0,1.0,0.0,0.0,0.0,1.0,0.0,2.0,"-22,873983","-43,110243",SPRF-RJ,DEL02/RJ,UOP01-DEL02-RJ
765127,14/04/2026,terça-feira,18:26:00,PI,316.0,320,PICOS,Conversão proibida,Colisão transversal,Com Vítimas Feridas,Plena Noite,Crescente,Céu Claro,Simples,Reta,Sim,4.0,0.0,0.0,2.0,2.0,1.0,0.0,3.0,"-7,093187","-41,386813",SPRF-PI,DEL04-PI,UOP01-DEL04-PI
765130,15/04/2026,quarta-feira,03:00:00,RJ,101.0,"83,9",CAMPOS DOS GOYTACAZES,Reação tardia ou ineficiente do condutor,Saída de leito carroçável,Sem Vítimas,Plena Noite,Decrescente,Céu Claro,Simples,Aclive;Curva,Não,2.0,0.0,0.0,0.0,0.0,1.0,0.0,2.0,"-21,821471","-41,46696",SPRF-RJ,DEL08/RJ,UOP02-DEL08-RJ
765132,15/04/2026,quarta-feira,01:30:00,PI,407.0,430,GEMINIANO,Carga excessiva e/ou mal acondicionada,Tombamento,Com Vítimas Feridas,Plena Noite,Decrescente,Nublado,Simples,Reta,Não,1.0,0.0,0.0,1.0,1.0,0.0,0.0,1.0,"-7,129973","-41,389678",SPRF-PI,DEL04-PI,UOP01-DEL04-PI
765139,15/04/2026,quarta-feira,03:45:00,MA,316.0,"250,4",BOM JARDIM,Manobra de mudança de faixa,Colisão lateral mesmo sentido,Com Vítimas Feridas,Plena Noite,Decrescente,Céu Claro,Simples,Reta,Não,3.0,0.0,0.0,1.0,1.0,0.0,0.0,3.0,"-3,655871","-45,472981",SPRF-MA,DEL02-MA,UOP01-DEL02-MA
765142,14/04/2026,terça-feira,23:30:00,RJ,116.0,"97,9",GUAPIMIRIM,Velocidade Incompatível,Saída de leito carroçável,Com Vítimas Feridas,Plena Noite,Crescente,Nublado,Simples,Curva;Declive,Não,2.0,0.0,2.0,0.0,2.0,0.0,0.0,1.0,"-22,45925455","-42,96045017",SPRF-RJ,DEL04/RJ,UOP01-DEL04-RJ
765143,15/04/2026,quarta-feira,04:45:00,MG,262.0,"426,9",NOVA SERRANA,Velocidade Incompatível,Saída de leito carroçável,Com Vítimas Fatais,Plena Noite,Decrescente,Céu Claro,Dupla,Curva;Declive,Não,2.0,1.0,0.0,0.0,0.0,0.0,0.0,2.0,"-19,8931817","-44,8771367",SPRF-MG,DEL08/MG,UOP03-DEL08-MG
765144,14/04/2026,terça-feira,14:00:00,MG,365.0,752,ITUIUTABA,Reação tardia ou ineficiente do condutor,Colisão traseira,Com Vítimas Feridas,Pleno dia,Crescente,Céu Claro,Simples,Reta;Em Obras;Declive,Não,4.0,0.0,1.0,0.0,1.0,2.0,0.0,3.0,"-18,953499","-49,466327",SPRF-MG,DEL15/MG,UOP03-DEL15-MG
765145,15/04/2026,quarta-feira,06:29:00,ES,101.0,296,CARIACICA,Ausência de reação do condutor,Colisão traseira,Com Vítimas Feridas,Pleno dia,Decrescente,Céu Claro,Dupla,Reta;Viaduto,Sim,3.0,0.0,0.0,1.0,1.0,1.0,0.0,3.0,"-20,343","-40,407312",SPRF-ES,DEL01-ES,UOP01-DEL01-ES
765148,15/04/2026,quarta-feira,04:30:00,PE,424.0,22,PEDRA,Pedestre andava na pista,Atropelamento de Pedestre,Com Vítimas Fatais,Plena Noite,Decrescente,Nevoeiro/Neblina,Simples,Reta,Não,2.0,1.0,0.0,0.0,0.0,1.0,0.0,2.0,"-8,525316","-36,920097",SPRF-PE,DEL04/PE,UOP02-DEL04-PE
765151,15/04/2026,quarta-feira,07:13:00,PE,101.0,"73,5",RECIFE,Reação tardia ou ineficiente do condutor,Colisão transversal,Com Vítimas Feridas,Pleno dia,Decrescente,Céu Claro,Dupla,Interseção de Vias,Sim,2.0,0.0,0.0,1.0,1.0,1.0,0.0,2.0,"-8,0992","-34,95001",SPRF-PE,DEL01/PE,UOP01-DEL01-PE
765153,15/04/2026,quarta-feira,07:00:00,RJ,101.0,190,CASIMIRO DE ABREU,Ausência de reação do condutor,Tombamento,Sem Vítimas,Pleno dia,Crescente,Céu Claro,Simples,Aclive;Rotatória,Não,1.0,0.0,0.0,0.0,0.0,1.0,0.0,1.0,"-22,46413","-42,07135",SPRF-RJ,DEL08/RJ,UOP04-DEL08-RJ