id,data_inversa,dia_semana,horario,uf,br,km,municipio,causa_acidente,tipo_acidente,classificacao_acidente,fase_dia,sentido_via,condicao_metereologica,tipo_pista,tracado_via,uso_solo,pessoas,mortos,feridos_leves,feridos_graves,feridos,ilesos,ignorados,veiculos,latitude,longitude,regional,delegacia,uop
765154,15/04/2026,quarta-feira,06:40:00,BA,324.0,611,SIMOES FILHO,Manobra de mudança de faixa,Colisão lateral mesmo sentido,Com Vítimas Feridas,Pleno dia,Decrescente,Céu Claro,Dupla,Reta,Não,2.0,0.0,0.0,1.0,1.0,1.0,0.0,2.0,"-12,84366293","-38,41590071",SPRF-BA,DEL01/BA,UOP01-DEL01-BA
765155,15/04/2026,quarta-feira,06:40:00,TO,226.0,18,PALMEIRAS DO TOCANTINS,Avarias e/ou desgaste excessivo no pneu,Colisão frontal,Com Vítimas Fatais,Pleno dia,Decrescente,Céu Claro,Simples,Reta;Declive,Não,4.0,2.0,0.0,0.0,0.0,1.0,0.0,4.0,"-6,65322247","-47,70674452",SPRF-TO,DEL02-TO,UOP03-DEL02-TO
765159,12/03/2026,quinta-feira,02:58:00,MG,365.0,593,ARAGUARI,Demais falhas mecânicas ou elétricas,Incêndio,Sem Vítimas,Plena Noite,Decrescente,Céu Claro,Simples,Aclive,Não,2.0,0.0,0.0,0.0,0.0,1.0,0.0,2.0,"-18,88259469","-48,04415703",SPRF-MG,DEL15/MG,UOP02-DEL15-MG
765160,15/04/2026,quarta-feira,06:30:00,PR,163.0,203,CASCAVEL,Condutor Dormindo,Colisão traseira,Com Vítimas Feridas,Amanhecer,Crescente,Céu Claro,Dupla,Aclive,Não,3.0,0.0,1.0,0.0,1.0,1.0,0.0,5.0,"-24,97364864","-53,55347872",SPRF-PR,DEL05/PR,UOP05-DEL05-PR
765169,15/04/2026,quarta-feira,07:20:00,CE,222.0,"37,8",CAUCAIA,Condutor Dormindo,Colisão lateral sentido oposto,Com Vítimas Feridas,Pleno dia,Decrescente,Céu Claro,Simples,Reta,Não,2.0,0.0,0.0,1.0,1.0,1.0,0.0,2.0,"-3,69175663","-38,89136553",SPRF-CE,DEL01/CE,UOP01-DEL01-CE
765172,15/04/2026,quarta-feira,07:00:00,CE,222.0,202,FORQUILHA,Velocidade Incompatível,Tombamento,Sem Vítimas,Pleno dia,Crescente,Céu Claro,Simples,Curva,Não,2.0,0.0,0.0,0.0,0.0,1.0,0.0,2.0,"-3,794336","-40,218335",SPRF-CE,DEL04/CE,UOP01-DEL04-CE
765173,14/04/2026,terça-feira,18:30:00,BA,242.0,681,MUQUEM DE SAO FRANCISCO,Estacionar ou parar em local proibido,Colisão traseira,Com Vítimas Feridas,Plena Noite,Decrescente,Céu Claro,Simples,Reta,Não,5.0,0.0,3.0,0.0,3.0,1.0,0.0,3.0,"-12,219278","-43,81836",SPRF-BA,DEL10/BA,UOP01-DEL10-BA
765174,15/04/2026,quarta-feira,06:35:00,AL,101.0,"122,2",SAO MIGUEL DOS CAMPOS,Transitar na contramão,Colisão frontal,Com Vítimas Fatais,Pleno dia,Crescente,Nublado,Simples,Em Obras;Declive;Curva,Não,2.0,1.0,1.0,0.0,1.0,0.0,0.0,2.0,"-9,699716","-36,032175",SPRF-AL,DEL02-AL,UOP01-DEL02-AL
765183,15/04/2026,quarta-feira,07:30:00,TO,153.0,314,GUARAI,Reação tardia ou ineficiente do condutor,Saída de leito carroçável,Com Vítimas Feridas,Pleno dia,Decrescente,Garoa/Chuvisco,Simples,Aclive;Reta,Não,2.0,0.0,1.0,0.0,1.0,0.0,0.0,2.0,"-8,66031","-48,495773",SPRF-TO,DEL02-TO,UOP02-DEL02-TO
765184,07/04/2026,terça-feira,18:30:00,MG,50.0,53,ARAGUARI,Objeto estático sobre o leito carroçável,Colisão traseira,Com Vítimas Feridas,Anoitecer,Crescente,Garoa/Chuvisco,Dupla,Declive,Não,3.0,0.0,1.0,0.0,1.0,2.0,0.0,3.0,"-18,76836122","-48,24525531",SPRF-MG,DEL15/MG,UOP02-DEL15-MG
765188,15/04/2026,quarta-feira,05:00:00,MG,381.0,"718,9",CARMO DA CACHOEIRA,Demais falhas mecânicas ou elétricas,Incêndio,Sem Vítimas,Pleno dia,Crescente,Céu Claro,Dupla,Reta,Não,2.0,0.0,0.0,0.0,0.0,1.0,0.0,2.0,"-21,37912514","-45,19456101",SPRF-MG,DEL04/MG,UOP02-DEL04-MG
765192,15/04/2026,quarta-feira,04:20:00,MG,381.0,434,SABARA,Demais falhas mecânicas ou elétricas,Incêndio,Sem Vítimas,Plena Noite,Crescente,Nublado,Simples,Reta,Não,2.0,0.0,0.0,0.0,0.0,1.0,0.0,4.0,"-19,80937476","-43,77050502",SPRF-MG,DEL01/MG,UOP01-DEL01-MG
765196,15/04/2026,quarta-feira,01:30:00,MA,230.0,"98,4",SAO JOAO DOS PATOS,Demais falhas mecânicas ou elétricas,Saída de leito carroçável,Com Vítimas Feridas,Plena Noite,Decrescente,Nublado,Simples,Curva,Não,2.0,0.0,0.0,1.0,1.0,0.0,0.0,2.0,"-6,496937","-43,75378",SPRF-PI,DEL03-PI,UOP01-DEL03-PI
765199,15/04/2026,quarta-feira,09:30:00,PR,116.0,27,CAMPINA GRANDE DO SUL,Ausência de reação do condutor,Saída de leito carroçável,Com Vítimas Feridas,Pleno dia,Decrescente,Sol,Dupla,Reta,Não,2.0,0.0,1.0,0.0,1.0,0.0,0.0,2.0,"-25,110063","-48,796162",SPRF-PR,DEL01/PR,UOP02-DEL01-PR
765204,15/04/2026,quarta-feira,09:55:00,MG,251.0,"472,7",FRANCISCO SA,Manobra de mudança de faixa,Colisão lateral sentido oposto,Com Vítimas Feridas,Pleno dia,Crescente,Céu Claro,Simples,Declive;Curva,Não,5.0,0.0,2.0,2.0,4.0,0.0,0.0,6.0,"-16,468768","-43,427067",SPRF-MG,DEL12/MG,UOP01-DEL12-MG
765205,15/04/2026,quarta-feira,10:37:00,MG,153.0,27,CENTRALINA,Ausência de reação do condutor,Colisão frontal,Com Vítimas Fatais,Pleno dia,Crescente,Céu Claro,Dupla,Reta,Não,3.0,2.0,0.0,0.0,0.0,0.0,0.0,4.0,"-18,659531","-49,167645",SPRF-MG,DEL15/MG,UOP03-DEL15-MG
765212,15/04/2026,quarta-feira,10:45:00,PR,116.0,22,ANTONINA,Condutor deixou de manter distância do veículo da frente,Colisão traseira,Com Vítimas Feridas,Pleno dia,Decrescente,Sol,Dupla,Reta,Não,3.0,0.0,0.0,1.0,1.0,1.0,0.0,4.0,"-25,111166","-48,752751",SPRF-PR,DEL01/PR,UOP02-DEL01-PR
765215,15/04/2026,quarta-feira,11:30:00,PR,467.0,"109,9",CASCAVEL,Desrespeitar a preferência no cruzamento,Colisão transversal,Com Vítimas Feridas,Pleno dia,Decrescente,Céu Claro,Múltipla,Retorno Regulamentado;Reta,Sim,2.0,0.0,1.0,0.0,1.0,1.0,0.0,2.0,"-24,927736","-53,455728",SPRF-PR,DEL04/PR,UOP01-DEL04-PR
765217,15/04/2026,quarta-feira,10:00:00,GO,70.0,340,SANTA FE DE GOIAS,Ausência de reação do condutor,Tombamento,Com Vítimas Feridas,Pleno dia,Crescente,Céu Claro,Dupla,Retorno Regulamentado,Não,1.0,0.0,1.0,0.0,1.0,0.0,0.0,1.0,"-15,88448254","-51,06787252",SPRF-GO,DEL04/GO,UOP02-DEL04-GO
765218,15/04/2026,quarta-feira,10:24:00,SP,116.0,"206,9",GUARULHOS,Reação tardia ou ineficiente do condutor,Colisão lateral mesmo sentido,Sem Vítimas,Pleno dia,Crescente,Céu Claro,Dupla,Reta,Sim,4.0,0.0,0.0,0.0,0.0,3.0,0.0,4.0,"-23,41910121","-46,38356972",SPRF-SP,DEL01/SP,UOP01-DEL01-SP
765221,15/04/2026,quarta-feira,12:17:00,ES,101.0,177,LINHARES,Acessar a via sem observar a presença dos outros veículos,Colisão transversal,Com Vítimas Feridas,Pleno dia,Crescente,Céu Claro,Simples,Reta,Sim,3.0,0.0,0.0,2.0,2.0,1.0,0.0,2.0,"-19,50854603","-40,13601566",SPRF-ES,DEL04-ES,UOP01-DEL04-ES
765222,15/04/2026,quarta-feira,12:38:00,MG,381.0,439,SANTA LUZIA,Condutor Dormindo,Colisão frontal,Com Vítimas Fatais,Pleno dia,Decrescente,Céu Claro,Simples,Reta,Não,4.0,1.0,0.0,1.0,1.0,2.0,0.0,2.0,"-19,81545","-43,80843",SPRF-MG,DEL01/MG,UOP01-DEL01-MG
765223,15/04/2026,quarta-feira,11:30:00,RO,364.0,705,PORTO VELHO,Condutor deixou de manter distância do veículo da frente,Colisão traseira,Com Vítimas Feridas,Pleno dia,Decrescente,Céu Claro,Dupla,Reta;Declive,Não,3.0,0.0,1.0,0.0,1.0,1.0,0.0,3.0,"-8,80046633","-63,81428191",SPRF-RO,DEL01-RO,UOP01-DEL01-RO
765226,15/04/2026,quarta-feira,12:52:00,TO,242.0,373,GURUPI,Demais falhas mecânicas ou elétricas,Incêndio,Sem Vítimas,Pleno dia,Crescente,Sol,Simples,Aclive;Reta,Não,1.0,0.0,0.0,0.0,0.0,1.0,0.0,1.0,"-11,7552192","-48,997854",SPRF-TO,DEL01-TO,UOP02-DEL01-TO
765229,15/04/2026,quarta-feira,10:15:00,BA,242.0,169,RAFAEL JAMBEIRO,Transitar na contramão,Colisão frontal,Com Vítimas Fatais,Pleno dia,Decrescente,Sol,Simples,Reta,Não,5.0,2.0,1.0,1.0,2.0,0.0,0.0,4.0,"-12,482125","-39,756294",SPRF-BA,DEL02/BA,UOP02-DEL02-BA
765235,15/04/2026,quarta-feira,12:55:00,GO,153.0,291,RIALMA,Reação tardia ou ineficiente do condutor,Colisão lateral mesmo sentido,Com Vítimas Feridas,Pleno dia,Crescente,Sol,Simples,Reta;Declive,Não,4.0,0.0,2.0,0.0,2.0,1.0,0.0,3.0,"-15,237155","-49,555967",SPRF-GO,DEL02/GO,UOP02-DEL02-GO
765239,15/04/2026,quarta-feira,14:20:00,RJ,101.0,"65,5",CAMPOS DOS GOYTACAZES,Reação tardia ou ineficiente do condutor,Colisão lateral mesmo sentido,Com Vítimas Feridas,Pleno dia,Decrescente,Céu Claro,Dupla,Reta,Sim,2.0,0.0,1.0,0.0,1.0,1.0,0.0,2.0,"-21,7580574","-41,3482428",SPRF-RJ,DEL08/RJ,UOP02-DEL08-RJ
765240,15/04/2026,quarta-feira,13:30:00,PR,163.0,"188,8",SANTA TEREZA DO OESTE,Velocidade Incompatível,Colisão traseira,Com Vítimas Fatais,Pleno dia,Crescente,Céu Claro,Dupla,Reta,Não,2.0,1.0,0.0,0.0,0.0,1.0,0.0,2.0,"-25,087087","-53,590745",SPRF-PR,DEL05/PR,UOP05-DEL05-PR
765246,15/04/2026,quarta-feira,15:45:00,GO,60.0,77,ANAPOLIS,Condutor deixou de manter distância do veículo da frente,Colisão traseira,Sem Vítimas,Pleno dia,Decrescente,Nublado,Dupla,Reta;Declive,Não,2.0,0.0,0.0,0.0,0.0,2.0,0.0,2.0,"-16,28340724","-48,79452539",SPRF-GO,DEL02/GO,UOP01-DEL02-GO
765253,15/04/2026,quarta-feira,16:31:00,GO,60.0,163,GOIANIA,Reação tardia ou ineficiente do condutor,Colisão traseira,Com Vítimas Feridas,Pleno dia,Decrescente,Céu Claro,Dupla,Reta,Sim,2.0,0.0,1.0,0.0,1.0,1.0,0.0,2.0,"-16,707833","-49,348841",SPRF-GO,DEL01/GO,UOP02-DEL01-GO
765254,15/04/2026,quarta-feira,09:50:00,PA,230.0,"1,4",ALTAMIRA,Condutor deixou de manter distância do veículo da frente,Colisão lateral mesmo sentido,Sem Vítimas,Pleno dia,Crescente,Chuva,Dupla,Aclive;Reta,Sim,2.0,0.0,0.0,0.0,0.0,1.0,0.0,2.0,"-3,17996","-52,18409",SPRF-PA,DEL04/PA,UOP01-DEL04-PA
765268,22/02/2026,domingo,12:50:00,BA,324.0,607,SIMOES FILHO,Reação tardia ou ineficiente do condutor,Engavetamento,Com Vítimas Feridas,Pleno dia,Decrescente,Chuva,Dupla,Declive;Reta,Sim,28.0,0.0,5.0,1.0,6.0,21.0,0.0,16.0,"-12,8134523","-38,4050931",SPRF-BA,DEL01/BA,UOP01-DEL01-BA
765278,15/04/2026,quarta-feira,17:20:00,GO,20.0,59,FORMOSA,Reação tardia ou ineficiente do condutor,Colisão traseira,Com Vítimas Feridas,Pleno dia,Decrescente,Céu Claro,Simples,Aclive;Reta,Não,2.0,0.0,0.0,1.0,1.0,0.0,0.0,2.0,"-15,254043","-47,166392",SPRF-DF,DEL02-DF,UOP02-DEL02-DF
765284,15/04/2026,quarta-feira,16:00:00,RJ,101.0,16,CAMPOS DOS GOYTACAZES,Ausência de reação do condutor,Tombamento,Com Vítimas Feridas,Pleno dia,Decrescente,Céu Claro,Simples,Curva,Não,1.0,0.0,1.0,0.0,1.0,0.0,0.0,1.0,"-21,36965","-41,33839",SPRF-RJ,DEL08/RJ,UOP01-DEL08-RJ
765287,15/04/2026,quarta-feira,18:15:00,PR,116.0,152,MANDIRITUBA,Desrespeitar a preferência no cruzamento,Colisão lateral mesmo sentido,Com Vítimas Feridas,Plena Noite,Decrescente,Céu Claro,Simples,Retorno Regulamentado,Não,3.0,0.0,1.0,0.0,1.0,1.0,0.0,3.0,"-25,862987","-49,362225",SPRF-PR,DEL01/PR,UOP03-DEL01-PR
765288,15/04/2026,quarta-feira,14:30:00,MT,70.0,674,CACERES,Demais falhas mecânicas ou elétricas,Incêndio,Sem Vítimas,Pleno dia,Decrescente,Nublado,Simples,Reta,Não,2.0,0.0,0.0,0.0,0.0,1.0,0.0,4.0,"-16,14288","-57,33722",SPRF-MT,DEL03/MT,UOP02-DEL03-MT
765290,15/04/2026,quarta-feira,18:00:00,SC,101.0,"213,1",PALHOCA,Reação tardia ou ineficiente do condutor,Colisão transversal,Com Vítimas Feridas,Plena Noite,Crescente,Céu Claro,Múltipla,Reta,Sim,5.0,0.0,2.0,0.0,2.0,2.0,0.0,4.0,"-27,638385","-48,666174",SPRF-SC,DEL01/SC,UOP02-DEL01-SC
765292,15/04/2026,quarta-feira,15:30:00,RS,290.0,"184,2",MINAS DO LEAO,Condutor Dormindo,Colisão lateral sentido oposto,Com Vítimas Feridas,Pleno dia,Crescente,Sol,Simples,Reta,Não,3.0,0.0,1.0,1.0,2.0,1.0,0.0,2.0,"-30,14530259","-52,05180343",SPRF-RS,DEL02/RS,UOP03-DEL02-RS
765295,15/04/2026,quarta-feira,18:35:00,BA,116.0,"422,6",FEIRA DE SANTANA,Ausência de reação do condutor,Colisão traseira,Com Vítimas Feridas,Anoitecer,Decrescente,Céu Claro,Dupla,Declive,Sim,2.0,0.0,0.0,1.0,1.0,1.0,0.0,2.0,"-12,23240319","-38,97271156",SPRF-BA,DEL02/BA,UOP01-DEL02-BA
765300,15/04/2026,quarta-feira,19:00:00,PR,373.0,273,PRUDENTOPOLIS,Transitar na contramão,Colisão lateral sentido oposto,Com Vítimas Feridas,Plena Noite,Decrescente,Céu Claro,Simples,Aclive;Reta,Não,3.0,0.0,1.0,0.0,1.0,1.0,0.0,3.0,"-25,24978","-51,05521",SPRF-PR,DEL08/PR,UOP01-DEL08-PR
765301,15/04/2026,quarta-feira,18:35:00,PR,376.0,260,CALIFORNIA,Condutor deixou de manter distância do veículo da frente,Colisão lateral mesmo sentido,Com Vítimas Feridas,Plena Noite,Crescente,Céu Claro,Dupla,Reta,Não,6.0,0.0,1.0,0.0,1.0,4.0,0.0,3.0,"-23,696878","-51,338201",SPRF-PR,DEL07/PR,UOP03-DEL07-PR
765309,15/04/2026,quarta-feira,18:25:00,RJ,393.0,"238,7",VASSOURAS,Ausência de reação do condutor,Colisão traseira,Com Vítimas Feridas,Plena Noite,Decrescente,Céu Claro,Simples,Reta;Declive,Não,4.0,0.0,0.0,1.0,1.0,2.0,0.0,5.0,"-22,43048978","-43,70135768",SPRF-RJ,DEL05/RJ,UOP04-DEL05-RJ
765312,15/04/2026,quarta-feira,14:50:00,RS,285.0,"131,2",VACARIA,Reação tardia ou ineficiente do condutor,Tombamento,Com Vítimas Feridas,Pleno dia,Crescente,Céu Claro,Simples,Curva;Aclive,Não,3.0,0.0,2.0,0.0,2.0,0.0,0.0,2.0,"-28,43911","-50,99817",SPRF-RS,DEL05/RS,UOP03-DEL05-RS
765319,15/04/2026,quarta-feira,15:15:00,PR,153.0,358,REBOUCAS,Ausência de reação do condutor,Tombamento,Com Vítimas Feridas,Pleno dia,Decrescente,Céu Claro,Simples,Curva,Não,2.0,0.0,1.0,0.0,1.0,0.0,0.0,3.0,"-25,65941833","-50,73147167",SPRF-PR,DEL08/PR,UOP02-DEL08-PR
765320,15/04/2026,quarta-feira,18:10:00,GO,452.0,165,ITUMBIARA,Ultrapassagem Indevida,Colisão lateral sentido oposto,Com Vítimas Feridas,Anoitecer,Decrescente,Céu Claro,Simples,Reta,Não,4.0,0.0,1.0,0.0,1.0,2.0,0.0,5.0,"-18,320444","-49,480119",SPRF-GO,DEL03/GO,UOP02-DEL03-GO
765321,15/04/2026,quarta-feira,19:00:00,MG,381.0,"842,5",SAO SEBASTIAO DA BELA VISTA,Entrada inopinada do pedestre,Atropelamento de Pedestre,Com Vítimas Feridas,Plena Noite,Crescente,Céu Claro,Dupla,Reta,Sim,2.0,0.0,0.0,1.0,1.0,0.0,0.0,2.0,"-22,1873093","-45,8449101",SPRF-MG,DEL16/MG,UOP01-DEL16-MG
765325,15/04/2026,quarta-feira,21:15:00,MG,381.0,"369,8",SAO GONCALO DO RIO ABAIXO,Reação tardia ou ineficiente do condutor,Tombamento,Com Vítimas Feridas,Plena Noite,Decrescente,Céu Claro,Simples,Curva,Sim,2.0,0.0,1.0,0.0,1.0,0.0,0.0,2.0,"-19,84339","-43,31518",SPRF-MG,DEL03/MG,UOP01-DEL03-MG
765326,15/04/2026,quarta-feira,19:19:00,MT,364.0,1143,SAPEZAL,Acessar a via sem observar a presença dos outros veículos,Colisão transversal,Com Vítimas Fatais,Plena Noite,Crescente,Garoa/Chuvisco,Simples,Reta,Não,3.0,1.0,0.0,0.0,0.0,1.0,0.0,5.0,"-13,52997043","-58,93393014",SPRF-MT,DEL04/MT,UOP02-DEL04-MT
765327,15/04/2026,quarta-feira,19:30:00,MT,70.0,439,VARZEA GRANDE,Retorno proibido,Colisão traseira,Com Vítimas Feridas,Plena Noite,Crescente,Céu Claro,Simples,Reta,Não,2.0,0.0,1.0,0.0,1.0,1.0,0.0,2.0,"-15,64717202","-56,19815826",SPRF-MT,DEL05/MT,UOP02-DEL05-MT
765331,18/03/2026,quarta-feira,09:00:00,MG,251.0,262,SALINAS,Reação tardia ou ineficiente do condutor,Tombamento,Com Vítimas Feridas,Pleno dia,Crescente,Céu Claro,Simples,Reta,Não,2.0,0.0,1.0,0.0,1.0,0.0,0.0,3.0,"-16,005091","-41,929665",SPRF-MG,DEL12/MG,UOP02-DEL12-MG
765333,15/04/2026,quarta-feira,23:30:00,MG,381.0,"500,2",BETIM,Ausência de reação do condutor,Colisão traseira,Com Vítimas Feridas,Plena Noite,Decrescente,Céu Claro,Dupla,Aclive;Reta,Sim,3.0,0.0,1.0,1.0,2.0,0.0,0.0,3.0,"-20,0054413","-44,213997",SPRF-MG,DEL01/MG,UOP03-DEL01-MG
765334,15/04/2026,quarta-feira,22:30:00,RJ,116.0,173,SAO JOAO DE MERITI,Ausência de reação do condutor,Queda de ocupante de veículo,Com Vítimas Fatais,Plena Noite,Crescente,Céu Claro,Múltipla,Reta,Sim,4.0,2.0,0.0,0.0,0.0,2.0,0.0,3.0,"-22,79665506","-43,35976951",SPRF-RJ,DEL06/RJ,UOP01-DEL06-RJ
765336,15/04/2026,quarta-feira,22:30:00,MT,364.0,497,JANGADA,Reação tardia ou ineficiente do condutor,Engavetamento,Com Vítimas Feridas,Plena Noite,Crescente,Céu Claro,Simples,Reta,Sim,8.0,0.0,2.0,0.0,2.0,4.0,0.0,9.0,"-15,156155","-56,52353",SPRF-MT,DEL01/MT,UOP01-DEL01-MT
765337,16/04/2026,quinta-feira,01:50:00,SP,116.0,325,JUQUITIBA,Reação tardia ou ineficiente do condutor,Tombamento,Com Vítimas Feridas,Plena Noite,Crescente,Céu Claro,Dupla,Reta,Não,3.0,0.0,2.0,0.0,2.0,0.0,0.0,2.0,"-23,9402899","-47,057429",SPRF-SP,DEL04/SP,UOP03-DEL04-SP
765338,16/04/2026,quinta-feira,00:20:00,SC,470.0,194,POUSO REDONDO,Velocidade Incompatível,Tombamento,Com Vítimas Feridas,Plena Noite,Decrescente,Céu Claro,Simples,Curva,Não,1.0,0.0,0.0,1.0,1.0,0.0,0.0,1.0,"-27,28634394","-50,07787496",SPRF-SC,DEL04/SC,UOP02-DEL04-SC
765342,16/04/2026,quinta-feira,03:45:00,SP,116.0,128,CACAPAVA,Reação tardia ou ineficiente do condutor,Colisão traseira,Sem Vítimas,Plena Noite,Decrescente,Céu Claro,Dupla,Reta,Não,4.0,0.0,0.0,0.0,0.0,3.0,0.0,6.0,"-23,11626406","-45,71401946",SPRF-SP,DEL02/SP,UOP02-DEL02-SP
765344,16/04/2026,quinta-feira,03:38:00,PE,424.0,84,GARANHUNS,Ausência de reação do condutor,Tombamento,Com Vítimas Feridas,Plena Noite,Decrescente,Nublado,Simples,Curva;Declive,Não,2.0,0.0,1.0,0.0,1.0,0.0,0.0,3.0,"-8,8492923","-36,5157813",SPRF-PE,DEL03/PE,UOP01-DEL03-PE
765351,09/04/2026,quinta-feira,03:00:00,RS,386.0,"316,7",MARQUES DE SOUZA,Condutor Dormindo,Colisão com objeto,Com Vítimas Feridas,Plena Noite,Decrescente,Céu Claro,Simples,Curva;Ponte,Não,1.0,0.0,0.0,1.0,1.0,0.0,0.0,1.0,"-29,26189745","-52,14778589",SPRF-RS,DEL04/RS,UOP01-DEL04-RS
765353,16/04/2026,quinta-feira,06:50:00,PE,232.0,"9,1",JABOATAO DOS GUARARAPES,Reação tardia ou ineficiente do condutor,Colisão traseira,Com Vítimas Feridas,Pleno dia,Decrescente,Céu Claro,Dupla,Reta,Não,2.0,0.0,0.0,1.0,1.0,1.0,0.0,2.0,"-8,07786","-34,97923",SPRF-PE,DEL01/PE,UOP01-DEL01-PE
765366,16/04/2026,quinta-feira,06:25:00,PA,155.0,320,MARABA,Ausência de reação do condutor,Colisão traseira,Com Vítimas Feridas,Amanhecer,Decrescente,Céu Claro,Simples,Curva,Não,2.0,0.0,1.0,0.0,1.0,1.0,0.0,2.0,"-5,57550449","-49,07982445",SPRF-PA,DEL03/PA,UOP01-DEL03-PA
765371,16/04/2026,quinta-feira,08:25:00,MA,135.0,14,SAO LUIS,Reação tardia ou ineficiente do condutor,Colisão com objeto,Sem Vítimas,Pleno dia,Crescente,Céu Claro,Simples,Curva,Sim,2.0,0.0,0.0,0.0,0.0,1.0,0.0,2.0,"-2,688291","-44,300439",SPRF-MA,DEL01-MA,UOP01-DEL01-MA
765377,16/04/2026,quinta-feira,08:20:00,SC,101.0,335,TUBARAO,Manobra de mudança de faixa,Colisão traseira,Com Vítimas Feridas,Pleno dia,Crescente,Nublado,Múltipla,Reta,Sim,2.0,0.0,0.0,1.0,1.0,1.0,0.0,2.0,"-28,47707555","-49,03139234",SPRF-SC,DEL02/SC,UOP01-DEL02-SC
765384,16/04/2026,quinta-feira,08:00:00,PR,277.0,"324,7",GUARAPUAVA,Reação tardia ou ineficiente do condutor,Saída de leito carroçável,Com Vítimas Feridas,Pleno dia,Decrescente,Céu Claro,Simples,Reta,Não,2.0,0.0,1.0,0.0,1.0,0.0,0.0,2.0,"-25,37224077","-51,26646637",SPRF-PR,DEL08/PR,UOP01-DEL08-PR
765385,14/04/2026,terça-feira,06:00:00,BA,101.0,58,ENTRE RIOS,Entrada inopinada do pedestre,Atropelamento de Pedestre,Com Vítimas Fatais,Pleno dia,Decrescente,Céu Claro,Dupla,Reta;Declive,Não,2.0,1.0,0.0,0.0,0.0,0.0,0.0,2.0,"-11,938016","-38,055702",SPRF-BA,DEL01/BA,UOP04-DEL01-BA
765386,06/04/2026,segunda-feira,05:10:00,PB,230.0,129,CAMPINA GRANDE,Demais falhas mecânicas ou elétricas,Incêndio,Sem Vítimas,Amanhecer,Crescente,Garoa/Chuvisco,Dupla,Reta,Não,1.0,0.0,0.0,0.0,0.0,1.0,0.0,1.0,"-7,268988","-35,7217",SPRF-PB,DEL02-PB,UOP01-DEL02-PB
765393,16/04/2026,quinta-feira,09:55:00,RS,392.0,340,SANTA MARIA,Ausência de reação do condutor,Engavetamento,Com Vítimas Feridas,Pleno dia,Crescente,Nublado,Simples,Reta;Em Obras,Não,10.0,0.0,1.0,1.0,2.0,7.0,0.0,8.0,"-29,81713335","-53,76950383",SPRF-RS,DEL09/RS,UOP01-DEL09-RS
765396,16/04/2026,quinta-feira,10:50:00,SC,101.0,196,BIGUACU,Acessar a via sem observar a presença dos outros veículos,Colisão transversal,Com Vítimas Feridas,Pleno dia,Decrescente,Céu Claro,Múltipla,Interseção de Vias,Sim,2.0,0.0,1.0,0.0,1.0,1.0,0.0,2.0,"-27,50900845","-48,64486305",SPRF-SC,DEL01/SC,UOP01-DEL01-SC
765402,16/04/2026,quinta-feira,08:39:00,MT,163.0,822,SINOP,Acessar a via sem observar a presença dos outros veículos,Colisão transversal,Com Vítimas Feridas,Pleno dia,Crescente,Nublado,Simples,Reta,Não,3.0,0.0,1.0,0.0,1.0,1.0,0.0,2.0,"-11,98356232","-55,51701372",SPRF-MT,DEL06/MT,UOP02-DEL06-MT
765403,16/04/2026,quinta-feira,10:25:00,BA,116.0,754,POCOES,Reação tardia ou ineficiente do condutor,Engavetamento,Com Vítimas Feridas,Pleno dia,Decrescente,Céu Claro,Simples,Reta,Não,5.0,0.0,1.0,0.0,1.0,3.0,0.0,6.0,"-14,50451","-40,3575937",SPRF-BA,DEL08/BA,UOP02-DEL08-BA
765412,16/04/2026,quinta-feira,12:40:00,PR,116.0,"113,8",CURITIBA,Acumulo de óleo sobre o pavimento,Tombamento,Com Vítimas Feridas,Pleno dia,Decrescente,Sol,Dupla,Reta,Não,3.0,0.0,0.0,1.0,1.0,1.0,0.0,3.0,"-25,546887","-49,291217",SPRF-PR,DEL01/PR,UOP03-DEL01-PR
765413,16/04/2026,quinta-feira,10:42:00,MG,40.0,"588,5",ITABIRITO,Pista Escorregadia,Tombamento,Com Vítimas Fatais,Pleno dia,Decrescente,Céu Claro,Simples,Declive;Curva,Não,4.0,1.0,0.0,0.0,0.0,1.0,0.0,5.0,"-20,356742","-43,909428",SPRF-MG,DEL01/MG,UOP02-DEL01-MG
765417,16/04/2026,quinta-feira,10:30:00,MG,116.0,"276,2",TEOFILO OTONI,Condutor deixou de manter distância do veículo da frente,Colisão transversal,Com Vítimas Feridas,Pleno dia,Crescente,Céu Claro,Simples,Rotatória,Sim,4.0,0.0,1.0,1.0,2.0,1.0,0.0,4.0,"-17,852182","-41,514285",SPRF-MG,DEL11/MG,UOP01-DEL11-MG
765418,16/04/2026,quinta-feira,12:20:00,RJ,101.0,504,ANGRA DOS REIS,Frear bruscamente,Colisão traseira,Sem Vítimas,Pleno dia,Crescente,Sol,Simples,Reta;Interseção de Vias,Sim,3.0,0.0,0.0,0.0,0.0,2.0,0.0,3.0,"-22,94209695","-44,39730763",SPRF-RJ,DEL03/RJ,UOP03-DEL03-RJ
765420,16/04/2026,quinta-feira,12:45:00,RJ,393.0,162,TRES RIOS,Manobra de mudança de faixa,Colisão lateral mesmo sentido,Com Vítimas Feridas,Pleno dia,Crescente,Céu Claro,Simples,Curva,Não,5.0,0.0,1.0,0.0,1.0,3.0,0.0,4.0,"-22,1141687","-43,1241636",SPRF-RJ,DEL05/RJ,UOP01-DEL05-RJ