id,data_inversa,dia_semana,horario,uf,br,km,municipio,causa_acidente,tipo_acidente,classificacao_acidente,fase_dia,sentido_via,condicao_metereologica,tipo_pista,tracado_via,uso_solo,pessoas,mortos,feridos_leves,feridos_graves,feridos,ilesos,ignorados,veiculos,latitude,longitude,regional,delegacia,uop
766106,19/04/2026,domingo,07:00:00,RO,364.0,"163,2",PIMENTA BUENO,Velocidade Incompatível,Colisão traseira,Com Vítimas Feridas,Pleno dia,Crescente,Chuva,Simples,Declive;Reta,Não,3.0,0.0,1.0,0.0,1.0,1.0,0.0,3.0,"-11,896068","-60,979973",SPRF-RO,DEL02-RO,UOP02-DEL02-RO
766121,18/04/2026,sábado,20:00:00,MG,267.0,"227,1",BOM JARDIM DE MINAS,Velocidade Incompatível,Tombamento,Com Vítimas Feridas,Plena Noite,Crescente,Céu Claro,Simples,Curva,Não,1.0,0.0,1.0,0.0,1.0,0.0,0.0,1.0,"-22,02768485","-44,16741111",SPRF-MG,DEL17/MG,UOP01-DEL17-MG
766123,19/04/2026,domingo,08:45:00,BA,330.0,"832,1",IPIAU,Velocidade Incompatível,Tombamento,Com Vítimas Feridas,Pleno dia,Crescente,Sol,Simples,Aclive;Curva,Não,1.0,0.0,0.0,1.0,1.0,0.0,0.0,1.0,"-14,0962744","-39,7806189",SPRF-BA,DEL03/BA,UOP01-DEL03-BA
766126,19/04/2026,domingo,05:50:00,RS,471.0,652,SANTA VITORIA DO PALMAR,Condutor Dormindo,Colisão frontal,Com Vítimas Fatais,Amanhecer,Crescente,Nublado,Simples,Reta,Não,2.0,1.0,1.0,0.0,1.0,0.0,0.0,2.0,"-33,4753329","-53,290002",SPRF-RS,DEL07/RS,UOP04-DEL07-RS
766132,19/04/2026,domingo,10:00:00,TO,153.0,562,FATIMA,Condutor deixou de manter distância do veículo da frente,Colisão traseira,Com Vítimas Feridas,Pleno dia,Decrescente,Céu Claro,Dupla,Reta,Sim,3.0,0.0,1.0,0.0,1.0,1.0,0.0,6.0,"-10,765832","-48,90171",SPRF-TO,DEL01-TO,UOP01-DEL01-TO
766150,19/04/2026,domingo,09:10:00,BA,116.0,611,IRAJUBA,Demais falhas mecânicas ou elétricas,Incêndio,Sem Vítimas,Pleno dia,Decrescente,Sol,Simples,Reta,Não,1.0,0.0,0.0,0.0,0.0,1.0,0.0,1.0,"-13,3322","-40,01679",SPRF-BA,DEL03/BA,UOP02-DEL03-BA
766159,19/04/2026,domingo,13:10:00,MA,135.0,75,SANTA RITA,Condutor deixou de manter distância do veículo da frente,Engavetamento,Sem Vítimas,Pleno dia,Decrescente,Chuva,Simples,Reta,Sim,3.0,0.0,0.0,0.0,0.0,2.0,0.0,3.0,"-3,189382","-44,351405",SPRF-MA,DEL01-MA,UOP02-DEL01-MA
766163,16/04/2026,quinta-feira,07:00:00,PR,116.0,"31,4",CAMPINA GRANDE DO SUL,Demais falhas mecânicas ou elétricas,Incêndio,Sem Vítimas,Pleno dia,Decrescente,Sol,Dupla,Curva,Não,2.0,0.0,0.0,0.0,0.0,2.0,0.0,1.0,"-25,10751","-48,831715",SPRF-PR,DEL01/PR,UOP02-DEL01-PR
766167,19/04/2026,domingo,11:55:00,GO,153.0,"308,9",RIALMA,Ultrapassagem Indevida,Colisão lateral sentido oposto,Com Vítimas Feridas,Pleno dia,Crescente,Céu Claro,Simples,Declive;Reta,Não,2.0,0.0,0.0,1.0,1.0,1.0,0.0,2.0,"-15,38186026","-49,55383301",SPRF-GO,DEL02/GO,UOP02-DEL02-GO
766173,19/04/2026,domingo,13:40:00,SP,116.0,545,BARRA DO TURVO,Reação tardia ou ineficiente do condutor,Saída de leito carroçável,Com Vítimas Feridas,Pleno dia,Decrescente,Céu Claro,Dupla,Curva;Declive,Não,1.0,0.0,1.0,0.0,1.0,0.0,0.0,1.0,"-24,963725","-48,424231",SPRF-SP,DEL05/SP,UOP02-DEL05-SP
766175,19/04/2026,domingo,14:50:00,SC,280.0,"52,8",GUARAMIRIM,Acessar a via sem observar a presença dos outros veículos,Colisão frontal,Com Vítimas Fatais,Pleno dia,Decrescente,Céu Claro,Múltipla,Interseção de Vias;Reta,Sim,3.0,1.0,0.0,0.0,0.0,1.0,0.0,3.0,"-26,472761","-48,97457",SPRF-SC,DEL03/SC,UOP03-DEL03-SC
766186,19/04/2026,domingo,11:40:00,BA,116.0,"766,6",POCOES,Velocidade Incompatível,Colisão traseira,Com Vítimas Feridas,Pleno dia,Crescente,Céu Claro,Simples,Reta,Não,3.0,0.0,0.0,1.0,1.0,1.0,0.0,3.0,"-14,5856082","-40,4324304",SPRF-BA,DEL08/BA,UOP02-DEL08-BA
766187,19/04/2026,domingo,14:30:00,MA,222.0,"664,9",ACAILANDIA,Demais falhas mecânicas ou elétricas,Tombamento,Com Vítimas Feridas,Pleno dia,Decrescente,Céu Claro,Simples,Reta;Declive,Não,3.0,0.0,1.0,0.0,1.0,1.0,0.0,5.0,"-4,91438","-47,419882",SPRF-MA,DEL04-MA,UOP03-DEL04-MA
766198,19/04/2026,domingo,14:50:00,RS,471.0,661,SANTA VITORIA DO PALMAR,Acostamento em desnível,Tombamento,Com Vítimas Feridas,Pleno dia,Decrescente,Sol,Simples,Reta;Interseção de Vias,Não,1.0,0.0,0.0,1.0,1.0,0.0,0.0,1.0,"-33,54266971","-53,3559823",SPRF-RS,DEL07/RS,UOP04-DEL07-RS
766200,19/04/2026,domingo,13:50:00,MT,364.0,251,JUSCIMEIRA,Curva acentuada,Colisão transversal,Sem Vítimas,Pleno dia,Crescente,Sol,Dupla,Curva,Não,3.0,0.0,0.0,0.0,0.0,2.0,0.0,3.0,"-16,114743","-54,85888",SPRF-MT,DEL02/MT,UOP01-DEL02-MT
766203,19/04/2026,domingo,10:40:00,MG,262.0,"17,9",REDUTO,Reação tardia ou ineficiente do condutor,Tombamento,Com Vítimas Feridas,Pleno dia,Crescente,Nublado,Simples,Declive;Curva,Não,2.0,0.0,1.0,0.0,1.0,0.0,0.0,2.0,"-20,248361","-41,902708",SPRF-MG,DEL06/MG,UOP03-DEL06-MG
766207,19/04/2026,domingo,16:55:00,MS,262.0,"232,1",RIBAS DO RIO PARDO,Reação tardia ou ineficiente do condutor,Colisão traseira,Com Vítimas Feridas,Pleno dia,Crescente,Céu Claro,Simples,Reta,Não,4.0,0.0,0.0,1.0,1.0,2.0,0.0,5.0,"-20,4640964","-53,693583",SPRF-MS,DEL01/MS,UOP05-DEL01-MS
766208,19/04/2026,domingo,16:38:00,MG,40.0,"143,9",JOAO PINHEIRO,Entrada inopinada do pedestre,Atropelamento de Pedestre,Com Vítimas Fatais,Pleno dia,Crescente,Céu Claro,Dupla,Declive;Curva,Sim,2.0,1.0,0.0,0.0,0.0,0.0,0.0,2.0,"-17,749492","-46,172444",SPRF-MG,DEL14/MG,UOP01-DEL14-MG
766209,19/04/2026,domingo,17:45:00,SP,116.0,"285,5",ITAPECERICA DA SERRA,Demais falhas mecânicas ou elétricas,Incêndio,Sem Vítimas,Anoitecer,Decrescente,Céu Claro,Dupla,Reta,Sim,2.0,0.0,0.0,0.0,0.0,1.0,0.0,3.0,"-23,68877202","-46,86152883",SPRF-SP,DEL04/SP,UOP01-DEL04-SP
766217,19/04/2026,domingo,17:50:00,PE,232.0,65,GRAVATA,Manobra de mudança de faixa,Colisão lateral mesmo sentido,Sem Vítimas,Anoitecer,Crescente,Céu Claro,Dupla,Aclive;Curva,Não,6.0,0.0,0.0,0.0,0.0,6.0,0.0,2.0,"-8,167467","-35,453523",SPRF-PE,DEL02/PE,UOP02-DEL02PE
766220,19/04/2026,domingo,18:40:00,RS,386.0,"341,9",LAJEADO,Velocidade Incompatível,Tombamento,Com Vítimas Feridas,Plena Noite,Crescente,Céu Claro,Dupla,Curva;Aclive;Viaduto;Retorno Regulamentado,Sim,2.0,0.0,0.0,1.0,1.0,0.0,0.0,2.0,"-29,431504","-52,012915",SPRF-RS,DEL04/RS,UOP01-DEL04-RS
766238,19/04/2026,domingo,19:30:00,PR,116.0,"105,5",SAO JOSE DOS PINHAIS,Transitar no Acostamento,Atropelamento de Pedestre,Com Vítimas Feridas,Plena Noite,Crescente,Céu Claro,Dupla,Reta,Não,2.0,0.0,1.0,0.0,1.0,0.0,0.0,2.0,"-25,5707","-49,2131",SPRF-PR,DEL01/PR,UOP08-DEL01-PR
766240,19/04/2026,domingo,19:20:00,RS,293.0,219,DOM PEDRITO,Acessar a via sem observar a presença dos outros veículos,Colisão lateral sentido oposto,Com Vítimas Feridas,Plena Noite,Decrescente,Céu Claro,Simples,Interseção de Vias,Sim,4.0,0.0,2.0,0.0,2.0,1.0,0.0,3.0,"-31,12990751","-54,38691616",SPRF-RS,DEL11/RS,UOP03-DEL11-RS
766249,19/04/2026,domingo,18:40:00,BA,110.0,209,EUCLIDES DA CUNHA,Ausência de reação do condutor,Colisão lateral sentido oposto,Com Vítimas Feridas,Plena Noite,Decrescente,Céu Claro,Simples,Reta,Não,3.0,0.0,0.0,1.0,1.0,1.0,0.0,3.0,"-10,48269001","-39,01862383",SPRF-BA,DEL07/BA,UOP02-DEL07-BA
766259,19/04/2026,domingo,19:30:00,BA,324.0,374,SAO JOSE DO JACUIPE,Ultrapassagem Indevida,Colisão lateral sentido oposto,Com Vítimas Feridas,Plena Noite,Crescente,Céu Claro,Simples,Reta,Não,4.0,0.0,3.0,0.0,3.0,1.0,0.0,3.0,"-11,442905","-39,83756",SPRF-BA,DEL04/BA,UOP02-DEL04-BA
766265,19/04/2026,domingo,20:40:00,GO,452.0,32,SANTA HELENA DE GOIAS,Ingestão de álcool pelo condutor,Saída de leito carroçável,Sem Vítimas,Plena Noite,Decrescente,Céu Claro,Simples,Reta,Não,4.0,0.0,0.0,0.0,0.0,3.0,0.0,2.0,"-17,90696","-50,62969",SPRF-GO,DEL04/GO,UOP01-DEL04-GO
766267,19/04/2026,domingo,19:55:00,SC,163.0,118,DIONISIO CERQUEIRA,Transitar na contramão,Colisão frontal,Com Vítimas Fatais,Anoitecer,Crescente,Céu Claro,Simples,Aclive;Reta,Não,2.0,1.0,1.0,0.0,1.0,0.0,0.0,2.0,"-26,34582286","-53,54633141",SPRF-SC,DEL07/SC,UOP03-DEL07-SC
766272,19/04/2026,domingo,18:45:00,MT,364.0,1186,CAMPOS DE JULIO,Acessar a via sem observar a presença dos outros veículos,Colisão transversal,Com Vítimas Feridas,Plena Noite,Decrescente,Céu Claro,Simples,Reta,Não,4.0,0.0,0.0,2.0,2.0,1.0,0.0,4.0,"-13,55158558","-59,03744908",SPRF-MT,DEL04/MT,UOP02-DEL04-MT
766274,19/04/2026,domingo,21:15:00,SC,282.0,379,HERVAL DOESTE,Reação tardia ou ineficiente do condutor,Colisão com objeto,Sem Vítimas,Plena Noite,Crescente,Céu Claro,Simples,Rotatória,Não,1.0,0.0,0.0,0.0,0.0,1.0,0.0,1.0,"-27,2145718","-51,484684",SPRF-SC,DEL07/SC,UOP05-DEL07-SC
766279,19/04/2026,domingo,23:00:00,RJ,101.0,70,CAMPOS DOS GOYTACAZES,Manobra de mudança de faixa,Colisão frontal,Com Vítimas Fatais,Plena Noite,Crescente,Céu Claro,Simples,Curva,Sim,3.0,2.0,0.0,0.0,0.0,1.0,0.0,2.0,"-21,78715","-41,383625",SPRF-RJ,DEL08/RJ,UOP02-DEL08-RJ
766288,20/04/2026,segunda-feira,00:20:00,SP,116.0,360,MIRACATU,Velocidade Incompatível,Colisão traseira,Com Vítimas Feridas,Plena Noite,Crescente,Nublado,Dupla,Reta;Declive,Não,3.0,0.0,0.0,1.0,1.0,1.0,0.0,4.0,"-24,115919","-47,268964",SPRF-SP,DEL04/SP,UOP03-DEL04-SP
766296,20/04/2026,segunda-feira,00:50:00,RJ,40.0,25,TRES RIOS,Velocidade Incompatível,Colisão com objeto,Com Vítimas Feridas,Plena Noite,Crescente,Vento,Dupla,Curva,Não,2.0,0.0,0.0,1.0,1.0,0.0,0.0,2.0,"-22,14639879","-43,15811332",SPRF-RJ,DEL05/RJ,UOP02-DEL05-RJ
766300,20/04/2026,segunda-feira,00:15:00,PI,316.0,281,DOM EXPEDITO LOPES,Demais falhas mecânicas ou elétricas,Incêndio,Sem Vítimas,Plena Noite,Crescente,Céu Claro,Simples,Reta,Não,2.0,0.0,0.0,0.0,0.0,1.0,0.0,3.0,"-6,972652","-41,681691",SPRF-PI,DEL04-PI,UOP01-DEL04-PI
766301,20/04/2026,segunda-feira,02:30:00,SP,381.0,24,BRAGANCA PAULISTA,Ausência de reação do condutor,Colisão com objeto,Com Vítimas Feridas,Plena Noite,Crescente,Céu Claro,Múltipla,Declive;Reta,Não,3.0,0.0,1.0,1.0,2.0,0.0,0.0,4.0,"-22,98462496","-46,50341615",SPRF-SP,DEL03/SP,UOP02-DEL03-SP
766308,19/04/2026,domingo,23:20:00,MT,163.0,98,RONDONOPOLIS,Reação tardia ou ineficiente do condutor,Saída de leito carroçável,Com Vítimas Feridas,Plena Noite,Decrescente,Céu Claro,Dupla,Reta,Não,2.0,0.0,1.0,0.0,1.0,0.0,0.0,3.0,"-16,666663","-54,678453",SPRF-MT,DEL02/MT,UOP03-DEL02-MT
766309,20/04/2026,segunda-feira,05:41:00,TO,153.0,209,NOVA OLINDA,Condutor deixou de manter distância do veículo da frente,Colisão traseira,Com Vítimas Feridas,Pleno dia,Crescente,Nublado,Simples,Reta,Sim,2.0,0.0,1.0,0.0,1.0,0.0,0.0,2.0,"-7,727705","-48,445708",SPRF-TO,DEL02-TO,UOP01-DEL02-TO
766312,20/04/2026,segunda-feira,06:30:00,PE,101.0,"73,5",RECIFE,Reação tardia ou ineficiente do condutor,Colisão transversal,Com Vítimas Feridas,Pleno dia,Decrescente,Céu Claro,Dupla,Reta,Sim,5.0,0.0,2.0,0.0,2.0,2.0,0.0,3.0,"-8,09921","-34,95007",SPRF-PE,DEL01/PE,UOP01-DEL01-PE
766313,20/04/2026,segunda-feira,06:15:00,PR,376.0,"170,8",MARINGA,Condutor desrespeitou a iluminação vermelha do semáforo,Colisão transversal,Com Vítimas Feridas,Pleno dia,Crescente,Céu Claro,Dupla,Reta;Interseção de Vias;Rotatória,Sim,7.0,0.0,1.0,0.0,1.0,5.0,0.0,5.0,"-23,41026752","-51,98743343",SPRF-PR,DEL09/PR,UOP01-DEL09-PR
766322,19/04/2026,domingo,23:07:00,BA,101.0,358,WENCESLAU GUIMARAES,Ingestão de álcool pelo condutor,Colisão frontal,Com Vítimas Fatais,Plena Noite,Decrescente,Céu Claro,Simples,Declive,Não,6.0,1.0,3.0,1.0,4.0,0.0,0.0,2.0,"-13,669478","-39,479683",SPRF-BA,DEL05/BA,UOP03-DEL05-BA
766329,20/04/2026,segunda-feira,08:40:00,SP,381.0,79,SAO PAULO,Reação tardia ou ineficiente do condutor,Tombamento,Com Vítimas Feridas,Pleno dia,Crescente,Céu Claro,Dupla,Declive;Curva,Sim,3.0,0.0,1.0,0.0,1.0,1.0,0.0,5.0,"-23,40563557","-46,57996389",SPRF-SP,DEL03/SP,UOP01-DEL03-SP
766330,20/04/2026,segunda-feira,09:10:00,MG,116.0,"635,5",DIVINO,Transitar na contramão,Colisão frontal,Com Vítimas Fatais,Pleno dia,Decrescente,Nublado,Simples,Reta,Não,3.0,1.0,0.0,1.0,1.0,0.0,0.0,3.0,"-20,62908924","-42,22692847",SPRF-MG,DEL07/MG,UOP02-DEL07-MG
766331,19/04/2026,domingo,18:06:00,AC,317.0,288,EPITACIOLANDIA,Transitar na contramão,Colisão frontal,Com Vítimas Fatais,Plena Noite,Decrescente,Céu Claro,Simples,Reta,Não,4.0,1.0,0.0,0.0,0.0,2.0,0.0,2.0,"-11,03617","-68,713326",SPRF-AC,DEL01-AC,UOP02-DEL01-AC
766333,20/04/2026,segunda-feira,07:50:00,MG,262.0,767,UBERABA,Demais falhas mecânicas ou elétricas,Incêndio,Sem Vítimas,Pleno dia,Crescente,Céu Claro,Simples,Reta,Não,2.0,0.0,0.0,0.0,0.0,1.0,0.0,2.0,"-19,73241","-47,74402",SPRF-MG,DEL13/MG,UOP01-DEL13-MG
766337,20/04/2026,segunda-feira,08:20:00,SP,116.0,196,ARUJA,Reação tardia ou ineficiente do condutor,Colisão traseira,Com Vítimas Feridas,Pleno dia,Decrescente,Céu Claro,Dupla,Reta,Não,3.0,0.0,2.0,0.0,2.0,1.0,0.0,2.0,"-23,39206129","-46,28309214",SPRF-SP,DEL01/SP,UOP01-DEL01-SP
766339,20/04/2026,segunda-feira,09:10:00,SC,101.0,"73,2",ARAQUARI,Reação tardia ou ineficiente do condutor,Colisão traseira,Com Vítimas Feridas,Pleno dia,Decrescente,Céu Claro,Dupla,Curva,Não,3.0,0.0,0.0,1.0,1.0,1.0,0.0,3.0,"-26,54025292","-48,71202556",SPRF-SC,DEL03/SC,UOP02-DEL03-SC
766342,20/04/2026,segunda-feira,07:08:00,GO,364.0,156,JATAI,Reação tardia ou ineficiente do condutor,Colisão traseira,Com Vítimas Feridas,Pleno dia,Crescente,Céu Claro,Múltipla,Reta,Não,7.0,0.0,1.0,0.0,1.0,5.0,0.0,6.0,"-18,1106488","-51,481145",SPRF-GO,DEL05/GO,UOP02-DEL05-GO
766344,20/04/2026,segunda-feira,09:25:00,PA,316.0,62,CASTANHAL,Reação tardia ou ineficiente do condutor,Colisão traseira,Com Vítimas Feridas,Pleno dia,Decrescente,Sol,Simples,Reta,Sim,4.0,0.0,2.0,0.0,2.0,1.0,0.0,5.0,"-1,296752","-47,929522",SPRF-PA,DEL01/PA,UOP01-DEL01-PA
766347,20/04/2026,segunda-feira,10:00:00,PE,101.0,"11,8",GOIANA,Ausência de reação do condutor,Colisão traseira,Com Vítimas Feridas,Pleno dia,Decrescente,Céu Claro,Dupla,Reta,Não,3.0,0.0,0.0,1.0,1.0,1.0,0.0,3.0,"-7,60099","-34,979993",SPRF-PE,DEL01/PE,UOP02-DEL01-PE
766349,20/04/2026,segunda-feira,10:23:00,SC,0.0,0,CHAPECO,Desrespeitar a preferência no cruzamento,Colisão transversal,Com Vítimas Feridas,Pleno dia,Não Informado,Céu Claro,Simples,Reta;Interseção de Vias,Não,5.0,0.0,2.0,0.0,2.0,3.0,0.0,2.0,"-27,08845405","-52,7227664",SPRF-SC,DEL07/SC,UOP01-DEL07-SC
766350,20/04/2026,segunda-feira,10:45:00,RS,290.0,100,PORTO ALEGRE,Reação tardia ou ineficiente do condutor,Colisão traseira,Com Vítimas Feridas,Pleno dia,Crescente,Céu Claro,Dupla,Reta;Ponte,Sim,5.0,0.0,2.0,0.0,2.0,2.0,0.0,4.0,"-29,98944016","-51,22160066",SPRF-RS,DEL01/RS,UOP01-DEL01-RS
766353,20/04/2026,segunda-feira,11:30:00,ES,101.0,"38,7",CONCEICAO DA BARRA,Condutor deixou de manter distância do veículo da frente,Colisão transversal,Com Vítimas Feridas,Pleno dia,Decrescente,Nublado,Simples,Reta,Não,4.0,0.0,2.0,0.0,2.0,1.0,0.0,4.0,"-18,51591643","-39,91369335",SPRF-ES,DEL04-ES,UOP02-DEL04-ES
766356,20/04/2026,segunda-feira,10:50:00,RJ,101.0,471,ANGRA DOS REIS,Acessar a via sem observar a presença dos outros veículos,Colisão transversal,Com Vítimas Feridas,Pleno dia,Decrescente,Céu Claro,Simples,Curva;Interseção de Vias,Sim,3.0,0.0,0.0,1.0,1.0,1.0,0.0,3.0,"-23,00137983","-44,2275238",SPRF-RJ,DEL03/RJ,UOP03-DEL03-RJ
766362,20/04/2026,segunda-feira,12:15:00,PR,376.0,378,IMBAU,Demais falhas mecânicas ou elétricas,Tombamento,Com Vítimas Feridas,Pleno dia,Decrescente,Céu Claro,Dupla,Curva,Não,2.0,0.0,1.0,0.0,1.0,0.0,0.0,2.0,"-24,42573112","-50,76878535",SPRF-PR,DEL03/PR,UOP02-DEL03-PR
766363,20/04/2026,segunda-feira,11:35:00,SP,116.0,"356,8",MIRACATU,Velocidade Incompatível,Colisão lateral mesmo sentido,Com Vítimas Feridas,Pleno dia,Crescente,Céu Claro,Dupla,Túnel;Reta;Declive,Não,4.0,0.0,1.0,0.0,1.0,2.0,0.0,3.0,"-24,10390703","-47,26115799",SPRF-SP,DEL04/SP,UOP03-DEL04-SP
766368,20/04/2026,segunda-feira,12:40:00,RS,290.0,104,ELDORADO DO SUL,Ausência de reação do condutor,Engavetamento,Sem Vítimas,Pleno dia,Crescente,Céu Claro,Dupla,Ponte;Reta;Declive,Não,6.0,0.0,0.0,0.0,0.0,6.0,0.0,2.0,"-29,99144541","-51,27096025",SPRF-RS,DEL02/RS,UOP01-DEL02-RS
766380,20/04/2026,segunda-feira,12:00:00,RJ,393.0,158,TRES RIOS,Carga excessiva e/ou mal acondicionada,Tombamento,Com Vítimas Feridas,Pleno dia,Decrescente,Céu Claro,Simples,Curva;Declive,Não,4.0,0.0,2.0,1.0,3.0,0.0,0.0,2.0,"-22,099833","-43,093129",SPRF-RJ,DEL05/RJ,UOP01-DEL05-RJ
766383,20/04/2026,segunda-feira,09:15:00,CE,222.0,53,SAO GONCALO DO AMARANTE,Avarias e/ou desgaste excessivo no pneu,Colisão com objeto,Com Vítimas Feridas,Pleno dia,Decrescente,Nublado,Simples,Reta,Não,4.0,0.0,1.0,0.0,1.0,2.0,0.0,4.0,"-3,6690162","-39,0230644",SPRF-CE,DEL01/CE,UOP03-DEL01-CE
766388,20/04/2026,segunda-feira,15:15:00,PB,230.0,"22,7",JOAO PESSOA,Acessar a via sem observar a presença dos outros veículos,Colisão lateral mesmo sentido,Com Vítimas Feridas,Pleno dia,Crescente,Céu Claro,Dupla,Reta,Sim,3.0,0.0,2.0,0.0,2.0,1.0,0.0,2.0,"-7,15646427","-34,8575592",SPRF-PB,DEL01-PB,UOP01-DEL01-PB
766399,20/04/2026,segunda-feira,14:10:00,GO,153.0,701,ITUMBIARA,Ausência de reação do condutor,Saída de leito carroçável,Com Vítimas Feridas,Pleno dia,Decrescente,Céu Claro,Dupla,Desvio Temporário;Reta,Sim,3.0,0.0,1.0,0.0,1.0,2.0,0.0,2.0,"-18,4091878","-49,19728518",SPRF-GO,DEL03/GO,UOP02-DEL03-GO
766405,20/04/2026,segunda-feira,15:00:00,MT,70.0,497,CUIABA,Velocidade Incompatível,Tombamento,Com Vítimas Feridas,Pleno dia,Crescente,Nublado,Dupla,Curva,Sim,2.0,0.0,1.0,0.0,1.0,0.0,0.0,2.0,"-15,661075","-56,0068667",SPRF-MT,DEL01/MT,UOP02-DEL01-MT
766406,20/04/2026,segunda-feira,15:50:00,SC,470.0,"296,5",CAMPOS NOVOS,Manobra de mudança de faixa,Colisão lateral mesmo sentido,Com Vítimas Feridas,Pleno dia,Decrescente,Céu Claro,Simples,Reta,Não,3.0,0.0,1.0,0.0,1.0,1.0,0.0,4.0,"-27,35199043","-51,02117149",SPRF-SC,DEL07/SC,UOP06-DEL07-SC
766407,20/04/2026,segunda-feira,12:00:00,MG,50.0,93,UBERLANDIA,Demais falhas mecânicas ou elétricas,Incêndio,Sem Vítimas,Pleno dia,Crescente,Céu Claro,Dupla,Reta,Não,2.0,0.0,0.0,0.0,0.0,1.0,0.0,3.0,"-19,078764","-48,186661",SPRF-MG,DEL15/MG,UOP01-DEL15-MG
766410,20/04/2026,segunda-feira,16:45:00,RJ,101.0,327,NITEROI,Demais falhas mecânicas ou elétricas,Engavetamento,Com Vítimas Feridas,Pleno dia,Decrescente,Céu Claro,Múltipla,Reta,Sim,6.0,0.0,1.0,0.0,1.0,5.0,0.0,4.0,"-22,87206298","-43,15395355",SPRF-RJ,DEL02/RJ,UOP01-DEL02-RJ
766413,20/04/2026,segunda-feira,17:59:00,RN,304.0,"279,3",MACAIBA,Acesso irregular,Colisão transversal,Com Vítimas Feridas,Anoitecer,Decrescente,Céu Claro,Dupla,Reta,Não,5.0,0.0,4.0,0.0,4.0,1.0,0.0,2.0,"-5,88811","-35,496789",SPRF-RN,DEL01-RN,UOP02-DEL01-RN
766419,20/04/2026,segunda-feira,17:37:00,RN,110.0,107,UPANEMA,Reação tardia ou ineficiente do condutor,Saída de leito carroçável,Com Vítimas Feridas,Anoitecer,Decrescente,Chuva,Simples,Reta,Não,2.0,0.0,2.0,0.0,2.0,0.0,0.0,1.0,"-5,708343","-37,283458",SPRF-RN,DEL04-RN,UOP01-DEL04-RN
766428,20/04/2026,segunda-feira,18:40:00,SP,116.0,290,ITAPECERICA DA SERRA,Manobra de mudança de faixa,Colisão lateral mesmo sentido,Sem Vítimas,Plena Noite,Crescente,Céu Claro,Dupla,Curva,Sim,3.0,0.0,0.0,0.0,0.0,2.0,0.0,3.0,"-23,70669807","-46,86824938",SPRF-SP,DEL04/SP,UOP01-DEL04-SP
766437,20/04/2026,segunda-feira,18:20:00,MT,364.0,436,VARZEA GRANDE,Reação tardia ou ineficiente do condutor,Atropelamento de Pedestre,Com Vítimas Feridas,Plena Noite,Crescente,Céu Claro,Dupla,Reta,Sim,3.0,0.0,0.0,1.0,1.0,1.0,0.0,5.0,"-15,64175936","-56,20119408",SPRF-MT,DEL01/MT,UOP02-DEL01-MT
766438,20/04/2026,segunda-feira,19:44:00,SP,116.0,201,ARUJA,Acumulo de areia ou detritos sobre o pavimento,Tombamento,Com Vítimas Feridas,Plena Noite,Decrescente,Céu Claro,Dupla,Reta,Sim,2.0,0.0,0.0,1.0,1.0,1.0,0.0,2.0,"-23,40325183","-46,32896869",SPRF-SP,DEL01/SP,UOP01-DEL01-SP
766441,20/04/2026,segunda-feira,20:15:00,RS,293.0,"26,1",CAPAO DO LEAO,Ausência de reação do condutor,Colisão com objeto,Com Vítimas Feridas,Plena Noite,Crescente,Céu Claro,Simples,Reta;Ponte,Não,2.0,0.0,1.0,0.0,1.0,0.0,0.0,2.0,"-31,74773002","-52,48752594",SPRF-RS,DEL07/RS,UOP01-DEL07-RS
766442,20/04/2026,segunda-feira,19:00:00,SC,282.0,590,SAUDADES,Ausência de reação do condutor,Saída de leito carroçável,Com Vítimas Feridas,Plena Noite,Decrescente,Céu Claro,Simples,Curva,Não,1.0,0.0,1.0,0.0,1.0,0.0,0.0,1.0,"-26,82778199","-53,07671338",SPRF-SC,DEL07/SC,UOP02-DEL07-SC
766444,20/04/2026,segunda-feira,19:10:00,SC,101.0,147,ITAPEMA,Trafegar com motocicleta (ou similar) entre as faixas,Colisão traseira,Com Vítimas Feridas,Anoitecer,Decrescente,Nublado,Dupla,Reta,Sim,4.0,0.0,2.0,0.0,2.0,1.0,0.0,3.0,"-27,092389","-48,617165",SPRF-SC,DEL04/SC,UOP03-DEL04-SC
766447,20/04/2026,segunda-feira,13:30:00,SC,480.0,"128,3",CHAPECO,Carga excessiva e/ou mal acondicionada,Incêndio,Com Vítimas Feridas,Pleno dia,Crescente,Céu Claro,Simples,Aclive;Reta,Sim,1.0,0.0,1.0,0.0,1.0,0.0,0.0,1.0,"-27,03194446","-52,63381932",SPRF-SC,DEL07/SC,UOP01-DEL07-SC
766458,20/04/2026,segunda-feira,21:25:00,SC,101.0,"222,5",PALHOCA,Velocidade Incompatível,Colisão traseira,Com Vítimas Fatais,Plena Noite,Crescente,Céu Claro,Dupla,Aclive;Reta,Não,3.0,1.0,0.0,0.0,0.0,1.0,0.0,3.0,"-27,711772","-48,651763",SPRF-SC,DEL01/SC,UOP02-DEL01-SC
766464,20/04/2026,segunda-feira,21:48:00,RJ,101.0,327,NITEROI,Reação tardia ou ineficiente do condutor,Colisão traseira,Com Vítimas Fatais,Plena Noite,Decrescente,Céu Claro,Múltipla,Reta;Ponte;Aclive,Não,2.0,1.0,0.0,0.0,0.0,1.0,0.0,2.0,"-22,87059701","-43,16221325",SPRF-RJ,DEL02/RJ,UOP01-DEL02-RJ