id,data_inversa,dia_semana,horario,uf,br,km,municipio,causa_acidente,tipo_acidente,classificacao_acidente,fase_dia,sentido_via,condicao_metereologica,tipo_pista,tracado_via,uso_solo,pessoas,mortos,feridos_leves,feridos_graves,feridos,ilesos,ignorados,veiculos,latitude,longitude,regional,delegacia,uop
766468,20/04/2026,segunda-feira,19:50:00,RO,435.0,"44,8",VILHENA,Reação tardia ou ineficiente do condutor,Colisão traseira,Com Vítimas Feridas,Plena Noite,Crescente,Chuva,Simples,Aclive;Reta,Não,3.0,0.0,0.0,1.0,1.0,0.0,0.0,3.0,"-12,93029493","-60,3843545",SPRF-RO,DEL04-RO,UOP02-DEL04-RO
766469,21/04/2026,terça-feira,00:30:00,SC,282.0,"513,3",XAXIM,Manobra de mudança de faixa,Colisão lateral mesmo sentido,Sem Vítimas,Plena Noite,Crescente,Céu Claro,Simples,Aclive;Reta,Não,5.0,0.0,0.0,0.0,0.0,4.0,0.0,4.0,"-26,91528077","-52,484272",SPRF-SC,DEL07/SC,UOP01-DEL07-SC
766470,20/04/2026,segunda-feira,22:00:00,MS,463.0,"6,6",DOURADOS,Ausência de reação do condutor,Colisão traseira,Com Vítimas Feridas,Plena Noite,Crescente,Nublado,Simples,Declive;Reta,Não,4.0,0.0,2.0,0.0,2.0,1.0,0.0,5.0,"-22,25514","-54,867837",SPRF-MS,DEL04/MS,UOP01-DEL04-MS
766471,20/04/2026,segunda-feira,23:20:00,RO,364.0,"568,5",ALTO PARAISO,Reação tardia ou ineficiente do condutor,Colisão lateral sentido oposto,Com Vítimas Feridas,Plena Noite,Decrescente,Nublado,Simples,Aclive;Reta,Não,3.0,0.0,2.0,0.0,2.0,1.0,0.0,2.0,"-9,489772","-63,093438",SPRF-RO,DEL01-RO,UOP04-DEL01-RO
766473,21/04/2026,terça-feira,01:10:00,PE,232.0,"79,3",GRAVATA,Reação tardia ou ineficiente do condutor,Capotamento,Com Vítimas Feridas,Plena Noite,Decrescente,Céu Claro,Simples,Curva,Sim,2.0,0.0,1.0,0.0,1.0,0.0,0.0,2.0,"-8,1946677","-35,5637898",SPRF-PE,DEL02/PE,UOP02-DEL02PE
766477,21/04/2026,terça-feira,02:00:00,ES,101.0,"184,4",ARACRUZ,Ingestão de álcool pelo condutor,Colisão frontal,Com Vítimas Feridas,Plena Noite,Decrescente,Céu Claro,Simples,Aclive;Reta,Não,3.0,0.0,1.0,0.0,1.0,1.0,0.0,3.0,"-19,658156","-40,236737",SPRF-ES,DEL04-ES,UOP01-DEL04-ES
766478,21/04/2026,terça-feira,02:25:00,GO,153.0,617,MORRINHOS,Velocidade Incompatível,Colisão traseira,Com Vítimas Fatais,Plena Noite,Decrescente,Céu Claro,Dupla,Reta,Não,5.0,1.0,1.0,2.0,3.0,0.0,0.0,6.0,"-17,685442","-49,159052",SPRF-GO,DEL03/GO,UOP01-DEL03-GO
766479,21/04/2026,terça-feira,03:30:00,MG,262.0,"724,4",PERDIZES,Acessar a via sem observar a presença dos outros veículos,Colisão transversal,Com Vítimas Feridas,Plena Noite,Crescente,Céu Claro,Simples,Reta;Interseção de Vias,Não,7.0,0.0,2.0,0.0,2.0,4.0,0.0,4.0,"-19,6157","-47,3701",SPRF-MG,DEL08/MG,UOP01-DEL08-MG
766481,21/04/2026,terça-feira,03:50:00,SP,116.0,"173,8",JACAREI,Condutor deixou de manter distância do veículo da frente,Colisão traseira,Com Vítimas Feridas,Plena Noite,Crescente,Céu Claro,Dupla,Aclive;Reta,Não,2.0,0.0,1.0,0.0,1.0,1.0,0.0,2.0,"-23,3162113","-46,0749518",SPRF-SP,DEL02/SP,UOP01-DEL02-SP
766488,21/04/2026,terça-feira,05:50:00,GO,20.0,"40,7",FORMOSA,Condutor Dormindo,Colisão transversal,Com Vítimas Fatais,Amanhecer,Crescente,Céu Claro,Simples,Declive,Não,19.0,8.0,2.0,7.0,9.0,1.0,0.0,4.0,"-15,406865","-47,099392",SPRF-DF,DEL02-DF,UOP02-DEL02-DF
766493,21/04/2026,terça-feira,00:30:00,SC,470.0,191,PONTE ALTA,Reação tardia ou ineficiente do condutor,Tombamento,Com Vítimas Feridas,Plena Noite,Decrescente,Céu Claro,Simples,Declive;Curva,Não,2.0,0.0,1.0,0.0,1.0,0.0,0.0,2.0,"-27,30290336","-50,08290259",SPRF-SC,DEL04/SC,UOP02-DEL04-SC
766498,20/04/2026,segunda-feira,16:50:00,RJ,393.0,238,VASSOURAS,Ingestão de álcool pelo condutor,Tombamento,Com Vítimas Fatais,Pleno dia,Decrescente,Céu Claro,Simples,Curva,Sim,2.0,1.0,0.0,0.0,0.0,1.0,0.0,1.0,"-22,4317294","-43,70015591",SPRF-RJ,DEL05/RJ,UOP03-DEL05-RJ
766505,21/04/2026,terça-feira,06:00:00,PI,316.0,333,GEMINIANO,Transitar na contramão,Colisão lateral sentido oposto,Com Vítimas Feridas,Pleno dia,Crescente,Sol,Simples,Reta,Não,4.0,0.0,2.0,0.0,2.0,1.0,0.0,3.0,"-7,106812","-41,27046",SPRF-PI,DEL04-PI,UOP01-DEL04-PI
766507,09/04/2026,quinta-feira,15:00:00,BA,116.0,692,JEQUIE,Reação tardia ou ineficiente do condutor,Saída de leito carroçável,Com Vítimas Feridas,Pleno dia,Crescente,Céu Claro,Simples,Reta,Não,2.0,0.0,1.0,0.0,1.0,0.0,0.0,2.0,"-14,004594","-40,183536",SPRF-BA,DEL03/BA,UOP01-DEL03-BA
766514,21/04/2026,terça-feira,08:30:00,CE,116.0,27,ITAITINGA,Velocidade Incompatível,Colisão com objeto,Com Vítimas Feridas,Pleno dia,Crescente,Chuva,Dupla,Aclive,Não,3.0,0.0,3.0,0.0,3.0,0.0,0.0,1.0,"-3,99017225","-38,51634979",SPRF-CE,DEL01/CE,UOP02-DEL01-CE
766516,21/04/2026,terça-feira,09:00:00,SP,116.0,440,REGISTRO,Entrada inopinada do pedestre,Atropelamento de Pedestre,Com Vítimas Fatais,Pleno dia,Crescente,Céu Claro,Dupla,Reta,Sim,3.0,1.0,0.0,0.0,0.0,1.0,0.0,3.0,"-24,46244","-47,818017",SPRF-SP,DEL05/SP,UOP01-DEL05-SP
766517,21/04/2026,terça-feira,08:50:00,PR,373.0,"480,9",CORONEL VIVIDA,Acessar a via sem observar a presença dos outros veículos,Colisão transversal,Com Vítimas Feridas,Pleno dia,Crescente,Céu Claro,Simples,Rotatória,Não,2.0,0.0,1.0,0.0,1.0,1.0,0.0,2.0,"-25,99023833","-52,55601279",SPRF-PR,DEL02/PR,UOP01-DEL02-PR
766518,21/04/2026,terça-feira,09:40:00,PR,277.0,"695,5",SAO MIGUEL DO IGUACU,Acessar a via sem observar a presença dos outros veículos,Colisão traseira,Sem Vítimas,Pleno dia,Crescente,Céu Claro,Dupla,Aclive;Reta,Não,3.0,0.0,0.0,0.0,0.0,3.0,0.0,2.0,"-25,38737978","-54,29559231",SPRF-PR,DEL05/PR,UOP01-DEL05-PR
766519,21/04/2026,terça-feira,07:50:00,BA,116.0,539,ITATIM,Condutor Dormindo,Colisão lateral sentido oposto,Com Vítimas Fatais,Pleno dia,Decrescente,Céu Claro,Simples,Reta,Não,6.0,1.0,3.0,0.0,3.0,1.0,0.0,3.0,"-12,81263","-39,8247317",SPRF-BA,DEL03/BA,UOP02-DEL03-BA
766527,21/04/2026,terça-feira,10:25:00,MG,40.0,"608,6",CONGONHAS,Conversão proibida,Colisão transversal,Com Vítimas Fatais,Pleno dia,Crescente,Céu Claro,Simples,Declive;Reta;Em Obras,Não,3.0,1.0,0.0,0.0,0.0,1.0,0.0,3.0,"-20,47340825","-43,8438002",SPRF-MG,DEL05/MG,UOP02-DEL05-MG
766533,21/04/2026,terça-feira,10:35:00,PA,316.0,24,BENEVIDES,Ausência de reação do condutor,Colisão com objeto,Sem Vítimas,Pleno dia,Decrescente,Nublado,Dupla,Reta,Sim,3.0,0.0,0.0,0.0,0.0,3.0,0.0,2.0,"-1,34058431","-48,24470605",SPRF-PA,DEL01/PA,UOP01-DEL01-PA
766536,21/04/2026,terça-feira,12:00:00,PR,277.0,"639,8",CEU AZUL,Acessar a via sem observar a presença dos outros veículos,Colisão transversal,Com Vítimas Fatais,Pleno dia,Crescente,Céu Claro,Simples,Retorno Regulamentado,Sim,4.0,1.0,1.0,1.0,2.0,0.0,0.0,3.0,"-25,15719546","-53,85045139",SPRF-PR,DEL05/PR,UOP02-DEL05-PR
766539,21/04/2026,terça-feira,12:30:00,SC,101.0,176,GOVERNADOR CELSO RAMOS,Manobra de mudança de faixa,Colisão lateral mesmo sentido,Com Vítimas Feridas,Pleno dia,Decrescente,Nublado,Dupla,Curva,Não,5.0,0.0,2.0,0.0,2.0,1.0,0.0,4.0,"-27,346321","-48,632548",SPRF-SC,DEL01/SC,UOP01-DEL01-SC
766540,21/04/2026,terça-feira,11:30:00,SP,116.0,25,LAVRINHAS,Reação tardia ou ineficiente do condutor,Colisão traseira,Com Vítimas Feridas,Pleno dia,Crescente,Sol,Dupla,Reta,Não,3.0,0.0,1.0,0.0,1.0,1.0,0.0,3.0,"-22,60638486","-44,89583212",SPRF-SP,DEL08/SP,UOP02-DEL08-SP
766545,20/04/2026,segunda-feira,18:52:00,MA,230.0,"158,9",PASTOS BONS,Reação tardia ou ineficiente do condutor,Tombamento,Sem Vítimas,Pleno dia,Crescente,Chuva,Simples,Reta,Não,2.0,0.0,0.0,0.0,0.0,0.0,1.0,2.0,"-6,63813591","-44,1545407",SPRF-MA,DEL05-MA,UOP01-DEL05-MA
766549,21/04/2026,terça-feira,12:20:00,RS,470.0,15,BARRACAO,Ausência de reação do condutor,Colisão lateral sentido oposto,Com Vítimas Feridas,Pleno dia,Decrescente,Céu Claro,Simples,Reta,Não,9.0,0.0,1.0,0.0,1.0,7.0,0.0,6.0,"-27,70775","-51,456708",SPRF-RS,DEL08/RS,UOP05-DEL08-RS
766552,21/04/2026,terça-feira,13:55:00,RS,392.0,"198,8",SANTANA DA BOA VISTA,Transitar no Acostamento,Colisão traseira,Com Vítimas Feridas,Pleno dia,Decrescente,Céu Claro,Simples,Declive;Reta,Não,4.0,0.0,0.0,1.0,1.0,2.0,0.0,5.0,"-30,880815","-53,132761",SPRF-RS,DEL09/RS,UOP02-DEL09-RS
766557,21/04/2026,terça-feira,14:43:00,TO,153.0,366,FORTALEZA DO TABOCAO,Demais falhas mecânicas ou elétricas,Colisão transversal,Com Vítimas Feridas,Pleno dia,Crescente,Céu Claro,Simples,Reta,Não,6.0,0.0,3.0,0.0,3.0,2.0,0.0,5.0,"-9,11433","-48,5309",SPRF-TO,DEL02-TO,UOP02-DEL02-TO
766560,21/04/2026,terça-feira,14:00:00,BA,135.0,"38,1",FORMOSA DO RIO PRETO,Reação tardia ou ineficiente do condutor,Colisão lateral sentido oposto,Com Vítimas Feridas,Pleno dia,Crescente,Sol,Simples,Reta,Não,5.0,0.0,0.0,3.0,3.0,1.0,0.0,4.0,"-11,1344","-45,08695",SPRF-BA,DEL10/BA,UOP01-DEL10-BA
766563,21/04/2026,terça-feira,14:30:00,SP,116.0,"90,8",PINDAMONHANGABA,Ausência de reação do condutor,Colisão traseira,Com Vítimas Feridas,Pleno dia,Crescente,Céu Claro,Dupla,Reta,Não,6.0,0.0,2.0,0.0,2.0,4.0,0.0,4.0,"-22,93548003","-45,37134433",SPRF-SP,DEL08/SP,UOP01-DEL08-SP
766575,21/04/2026,terça-feira,15:07:00,PR,277.0,588,CASCAVEL,Acessar a via sem observar a presença dos outros veículos,Colisão transversal,Sem Vítimas,Pleno dia,Crescente,Céu Claro,Simples,Reta;Interseção de Vias,Sim,2.0,0.0,0.0,0.0,0.0,0.0,1.0,2.0,"-24,9666","-53,4243",SPRF-PR,DEL04/PR,UOP01-DEL04-PR
766581,21/04/2026,terça-feira,17:00:00,BA,242.0,865,BARREIRAS,Ultrapassagem Indevida,Colisão frontal,Com Vítimas Feridas,Pleno dia,Crescente,Céu Claro,Simples,Reta,Não,7.0,0.0,0.0,3.0,3.0,2.0,0.0,4.0,"-12,09564494","-45,38170242",SPRF-BA,DEL10/BA,UOP01-DEL10-BA
766582,21/04/2026,terça-feira,16:45:00,PB,230.0,"49,1",SANTA RITA,Avarias e/ou desgaste excessivo no pneu,Saída de leito carroçável,Com Vítimas Feridas,Pleno dia,Decrescente,Céu Claro,Dupla,Reta,Não,3.0,0.0,1.0,0.0,1.0,2.0,0.0,1.0,"-7,184028","-35,053184",SPRF-PB,DEL01-PB,UOP02-DEL01-PB
766590,21/04/2026,terça-feira,17:35:00,CE,222.0,129,ITAPAJE,Acessar a via sem observar a presença dos outros veículos,Colisão lateral mesmo sentido,Com Vítimas Feridas,Anoitecer,Crescente,Nublado,Simples,Reta,Não,3.0,0.0,0.0,1.0,1.0,1.0,0.0,3.0,"-3,70827471","-39,62407462",SPRF-CE,DEL04/CE,UOP03-DEL04-CE
766600,21/04/2026,terça-feira,16:20:00,PA,155.0,"288,4",ELDORADO DO CARAJAS,Manobra de mudança de faixa,Colisão lateral sentido oposto,Com Vítimas Feridas,Anoitecer,Decrescente,Nublado,Simples,Reta;Declive,Não,2.0,0.0,1.0,0.0,1.0,0.0,0.0,2.0,"-5,82733","-49,19535",SPRF-PA,DEL03/PA,UOP01-DEL03-PA
766609,21/04/2026,terça-feira,19:00:00,MG,381.0,400,BOM JESUS DO AMPARO,Demais falhas mecânicas ou elétricas,Colisão traseira,Com Vítimas Feridas,Plena Noite,Crescente,Céu Claro,Dupla,Aclive;Reta,Não,4.0,0.0,1.0,1.0,2.0,1.0,0.0,4.0,"-19,75360488","-43,53216933",SPRF-MG,DEL01/MG,UOP01-DEL01-MG
766611,21/04/2026,terça-feira,18:37:00,BA,116.0,"673,5",JEQUIE,Transitar no Acostamento,Colisão lateral mesmo sentido,Com Vítimas Fatais,Plena Noite,Crescente,Céu Claro,Simples,Reta,Não,4.0,1.0,1.0,0.0,1.0,1.0,0.0,3.0,"-13,86792","-40,112763",SPRF-BA,DEL03/BA,UOP01-DEL03-BA
766617,21/04/2026,terça-feira,17:20:00,MT,174.0,273,VALE DE SAO DOMINGOS,Falta de elemento de contenção que evite a saída do leito carroçável,Saída de leito carroçável,Sem Vítimas,Anoitecer,Crescente,Garoa/Chuvisco,Simples,Aclive;Reta,Não,1.0,0.0,0.0,0.0,0.0,1.0,0.0,1.0,"-15,43919313","-59,10588652",SPRF-MT,DEL04/MT,UOP01-DEL04-MT
766620,21/04/2026,terça-feira,13:38:00,PR,163.0,140,CAPITAO LEONIDAS MARQUES,Velocidade Incompatível,Tombamento,Com Vítimas Feridas,Pleno dia,Decrescente,Céu Claro,Simples,Curva;Em Obras;Viaduto,Não,2.0,0.0,2.0,0.0,2.0,0.0,0.0,1.0,"-25,47251107","-53,58399061",SPRF-PR,DEL05/PR,UOP05-DEL05-PR
766622,21/04/2026,terça-feira,20:00:00,PR,376.0,"166,7",MARINGA,Ausência de reação do condutor,Colisão traseira,Com Vítimas Feridas,Plena Noite,Crescente,Céu Claro,Dupla,Reta,Não,3.0,0.0,1.0,0.0,1.0,1.0,0.0,2.0,"-23,38891","-52,01812",SPRF-PR,DEL09/PR,UOP01-DEL09-PR
766624,21/04/2026,terça-feira,19:10:00,SC,101.0,415,ARARANGUA,Acessar a via sem observar a presença dos outros veículos,Colisão transversal,Com Vítimas Feridas,Plena Noite,Decrescente,Nublado,Simples,Interseção de Vias,Sim,3.0,0.0,1.0,0.0,1.0,1.0,0.0,3.0,"-28,97116933","-49,52710597",SPRF-SC,DEL02/SC,UOP02-DEL02-SC
766625,21/04/2026,terça-feira,18:52:00,RN,304.0,"10,3",MOSSORO,Manobra de mudança de faixa,Colisão traseira,Com Vítimas Feridas,Plena Noite,Decrescente,Céu Claro,Simples,Reta,Não,4.0,0.0,2.0,1.0,3.0,1.0,0.0,3.0,"-4,931867","-37,414212",SPRF-RN,DEL04-RN,UOP02-DEL04-RN
766628,21/04/2026,terça-feira,19:38:00,PR,116.0,152,MANDIRITUBA,Acessar a via sem observar a presença dos outros veículos,Colisão frontal,Com Vítimas Fatais,Plena Noite,Crescente,Nublado,Simples,Reta;Declive,Não,4.0,1.0,1.0,0.0,1.0,1.0,0.0,3.0,"-25,858955","-49,360248",SPRF-PR,DEL01/PR,UOP03-DEL01-PR
766640,21/04/2026,terça-feira,21:30:00,RJ,356.0,64,ITAPERUNA,Velocidade Incompatível,Saída de leito carroçável,Com Vítimas Feridas,Pleno dia,Crescente,Céu Claro,Simples,Curva,Não,1.0,0.0,1.0,0.0,1.0,0.0,0.0,1.0,"-21,25874858","-41,76939848",SPRF-RJ,DEL08/RJ,UOP03-DEL08-RJ
766641,21/04/2026,terça-feira,10:20:00,SP,381.0,68,MAIRIPORA,Ausência de reação do condutor,Tombamento,Com Vítimas Feridas,Plena Noite,Crescente,Céu Claro,Dupla,Declive;Curva,Sim,9.0,0.0,5.0,1.0,6.0,2.0,0.0,5.0,"-23,34316656","-46,57326428",SPRF-SP,DEL03/SP,UOP01-DEL03-SP
766654,22/04/2026,quarta-feira,03:30:00,PR,277.0,137,CAMPO LARGO,Demais falhas mecânicas ou elétricas,Incêndio,Sem Vítimas,Amanhecer,Crescente,Nevoeiro/Neblina,Dupla,Aclive;Reta,Não,2.0,0.0,0.0,0.0,0.0,1.0,0.0,2.0,"-25,458858","-49,643048",SPRF-PR,DEL01/PR,UOP07-DEL01-PR
766656,22/04/2026,quarta-feira,02:10:00,PI,316.0,"284,2",DOM EXPEDITO LOPES,Ausência de reação do condutor,Saída de leito carroçável,Com Vítimas Fatais,Plena Noite,Crescente,Garoa/Chuvisco,Simples,Reta,Não,2.0,2.0,0.0,0.0,0.0,0.0,0.0,1.0,"-6,968782","-41,649685",SPRF-PI,DEL04-PI,UOP01-DEL04-PI
766658,22/04/2026,quarta-feira,04:30:00,RJ,356.0,49,ITAPERUNA,Reação tardia ou ineficiente do condutor,Tombamento,Com Vítimas Feridas,Amanhecer,Crescente,Céu Claro,Simples,Aclive;Curva,Não,2.0,0.0,1.0,0.0,1.0,0.0,0.0,2.0,"-21,25345944","-41,78300941",SPRF-RJ,DEL08/RJ,UOP03-DEL08-RJ
766662,22/04/2026,quarta-feira,05:20:00,SP,116.0,198,ARUJA,Ausência de reação do condutor,Colisão traseira,Com Vítimas Feridas,Amanhecer,Crescente,Céu Claro,Dupla,Aclive;Reta,Não,45.0,0.0,9.0,1.0,10.0,35.0,0.0,2.0,"-23,39988439","-46,30223243",SPRF-SP,DEL01/SP,UOP01-DEL01-SP
766665,21/04/2026,terça-feira,19:00:00,MA,226.0,350,JENIPAPO DOS VIEIRAS,Pedestre andava na pista,Atropelamento de Pedestre,Com Vítimas Fatais,Anoitecer,Decrescente,Nublado,Simples,Aclive;Reta,Não,2.0,1.0,0.0,0.0,0.0,0.0,0.0,2.0,"-5,54081252","-45,60287476",SPRF-MA,DEL06-MA,UOP01-DEL06-MA
766666,22/04/2026,quarta-feira,01:22:00,RJ,116.0,"97,5",RIO DE JANEIRO,Demais falhas mecânicas ou elétricas,Incêndio,Sem Vítimas,Plena Noite,Crescente,Céu Claro,Simples,Curva,Não,1.0,0.0,0.0,0.0,0.0,1.0,0.0,1.0,"-22,819988","-43,327109",SPRF-RJ,DEL04/RJ,UOP01-DEL04-RJ
766668,21/04/2026,terça-feira,08:00:00,MA,222.0,"316,6",IGARAPE DO MEIO,Demais falhas mecânicas ou elétricas,Tombamento,Sem Vítimas,Pleno dia,Decrescente,Céu Claro,Simples,Reta,Não,2.0,0.0,0.0,0.0,0.0,1.0,0.0,3.0,"-3,588458","-45,027657",SPRF-MA,DEL02-MA,UOP01-DEL02-MA
766679,22/04/2026,quarta-feira,06:32:00,PE,408.0,"58,6",PAUDALHO,Reação tardia ou ineficiente do condutor,Colisão traseira,Com Vítimas Feridas,Pleno dia,Crescente,Céu Claro,Dupla,Reta,Não,2.0,0.0,0.0,1.0,1.0,0.0,0.0,2.0,"-7,85545","-35,22249",SPRF-PE,DEL01/PE,UOP01-DEL01-PE
766684,22/04/2026,quarta-feira,06:15:00,PE,101.0,60,RECIFE,Manobra de mudança de faixa,Colisão lateral mesmo sentido,Com Vítimas Feridas,Pleno dia,Crescente,Céu Claro,Dupla,Reta,Não,6.0,0.0,4.0,0.0,4.0,1.0,0.0,4.0,"-7,9870162","-34,9328468",SPRF-PE,DEL01/PE,UOP02-DEL01-PE
766687,22/04/2026,quarta-feira,08:00:00,SE,101.0,"87,3",NOSSA SENHORA DO SOCORRO,Ausência de reação do condutor,Engavetamento,Com Vítimas Feridas,Pleno dia,Decrescente,Garoa/Chuvisco,Dupla,Reta,Não,14.0,0.0,1.0,0.0,1.0,13.0,0.0,8.0,"-10,863457","-37,135086",SPRF-SE,DEL01-SE,UOP01-DEL01-SE
766694,22/04/2026,quarta-feira,08:40:00,GO,153.0,629,MORRINHOS,Reação tardia ou ineficiente do condutor,Saída de leito carroçável,Com Vítimas Feridas,Pleno dia,Decrescente,Nublado,Dupla,Reta,Sim,3.0,0.0,2.0,0.0,2.0,0.0,0.0,2.0,"-17,780688","-49,179642",SPRF-GO,DEL03/GO,UOP01-DEL03-GO
766695,22/04/2026,quarta-feira,08:15:00,PR,376.0,"126,3",ALTO PARANA,Manobra de mudança de faixa,Colisão lateral mesmo sentido,Com Vítimas Feridas,Pleno dia,Crescente,Céu Claro,Dupla,Aclive;Reta,Não,4.0,0.0,1.0,0.0,1.0,2.0,0.0,3.0,"-23,15160635","-52,27196217",SPRF-PR,DEL09/PR,UOP02-DEL09-PR
766697,22/04/2026,quarta-feira,08:30:00,SC,470.0,145,RIO DO SUL,Condutor deixou de manter distância do veículo da frente,Engavetamento,Sem Vítimas,Pleno dia,Decrescente,Sol,Simples,Reta,Sim,3.0,0.0,0.0,0.0,0.0,3.0,0.0,3.0,"-27,23504363","-49,67736332",SPRF-SC,DEL04/SC,UOP02-DEL04-SC
766699,22/04/2026,quarta-feira,09:28:00,PB,101.0,"81,7",BAYEUX,Ausência de reação do condutor,Colisão traseira,Com Vítimas Feridas,Pleno dia,Crescente,Céu Claro,Dupla,Aclive,Sim,5.0,0.0,1.0,0.0,1.0,3.0,0.0,7.0,"-7,127663","-34,940025",SPRF-PB,DEL01-PB,UOP01-DEL01-PB
766701,22/04/2026,quarta-feira,09:00:00,TO,153.0,496,PARAISO DO TOCANTINS,Acessar a via sem observar a presença dos outros veículos,Colisão transversal,Sem Vítimas,Pleno dia,Crescente,Céu Claro,Simples,Reta,Sim,3.0,0.0,0.0,0.0,0.0,2.0,0.0,3.0,"-10,15545451","-48,88301102",SPRF-TO,DEL01-TO,UOP01-DEL01-TO
766708,22/04/2026,quarta-feira,06:40:00,MG,381.0,"927,9",ITAPEVA,Velocidade Incompatível,Tombamento,Com Vítimas Feridas,Amanhecer,Crescente,Nublado,Dupla,Curva,Sim,2.0,0.0,1.0,0.0,1.0,0.0,0.0,2.0,"-22,76751562","-46,21399999",SPRF-MG,DEL16/MG,UOP03-DEL16-MG
766712,22/04/2026,quarta-feira,09:30:00,MA,135.0,"12,9",SAO LUIS,Reação tardia ou ineficiente do condutor,Colisão traseira,Sem Vítimas,Pleno dia,Decrescente,Céu Claro,Dupla,Reta;Retorno Regulamentado,Sim,3.0,0.0,0.0,0.0,0.0,3.0,0.0,3.0,"-2,679997","-44,294668",SPRF-MA,DEL01-MA,UOP01-DEL01-MA
766715,22/04/2026,quarta-feira,08:00:00,PR,369.0,"39,1",ANDIRA,Desrespeitar a preferência no cruzamento,Colisão transversal,Com Vítimas Feridas,Pleno dia,Crescente,Sol,Simples,Interseção de Vias,Sim,2.0,0.0,1.0,0.0,1.0,1.0,0.0,2.0,"-23,05825718","-50,24819104",SPRF-PR,DEL07/PR,UOP05-DEL07-PR
766726,22/04/2026,quarta-feira,11:35:00,RS,116.0,259,CANOAS,Manobra de mudança de faixa,Colisão lateral mesmo sentido,Com Vítimas Feridas,Pleno dia,Decrescente,Céu Claro,Múltipla,Reta,Não,5.0,0.0,2.0,0.0,2.0,2.0,0.0,4.0,"-29,88934977","-51,17849763",SPRF-RS,DEL01/RS,UOP02-DEL01-RS
766730,22/04/2026,quarta-feira,13:02:00,PE,101.0,"72,6",RECIFE,Condutor deixou de manter distância do veículo da frente,Colisão traseira,Sem Vítimas,Pleno dia,Decrescente,Céu Claro,Dupla,Curva,Sim,2.0,0.0,0.0,0.0,0.0,0.0,1.0,2.0,"-8,09018","-34,9467",SPRF-PE,DEL01/PE,UOP01-DEL01-PE
766731,22/04/2026,quarta-feira,12:40:00,PE,408.0,"56,6",CARPINA,Acessar a via sem observar a presença dos outros veículos,Colisão transversal,Sem Vítimas,Pleno dia,Crescente,Sol,Simples,Reta,Sim,2.0,0.0,0.0,0.0,0.0,1.0,0.0,2.0,"-7,8476","-35,23894",SPRF-PE,DEL01/PE,UOP01-DEL01-PE
766743,22/04/2026,quarta-feira,13:30:00,GO,40.0,"95,6",CRISTALINA,Reação tardia ou ineficiente do condutor,Tombamento,Com Vítimas Feridas,Pleno dia,Crescente,Céu Claro,Dupla,Curva;Viaduto;Declive,Sim,3.0,0.0,1.0,0.0,1.0,0.0,0.0,2.0,"-16,753388","-47,603885",SPRF-DF,DEL01-DF,UOP02-DEL01-DF
766754,22/04/2026,quarta-feira,14:00:00,PR,376.0,"127,9",ALTO PARANA,Ausência de reação do condutor,Colisão traseira,Com Vítimas Feridas,Pleno dia,Decrescente,Sol,Dupla,Reta,Não,8.0,0.0,3.0,0.0,3.0,5.0,0.0,2.0,"-23,1602082","-52,2602231",SPRF-PR,DEL09/PR,UOP02-DEL09-PR
766756,22/04/2026,quarta-feira,14:54:00,ES,101.0,"112,7",LINHARES,Condutor deixou de manter distância do veículo da frente,Colisão traseira,Com Vítimas Feridas,Pleno dia,Crescente,Céu Claro,Simples,Aclive;Reta,Não,6.0,0.0,1.0,0.0,1.0,3.0,0.0,5.0,"-19,084805","-40,045965",SPRF-ES,DEL04-ES,UOP01-DEL04-ES
766761,22/04/2026,quarta-feira,14:50:00,SP,116.0,282,EMBU DAS ARTES,Reação tardia ou ineficiente do condutor,Engavetamento,Com Vítimas Feridas,Pleno dia,Decrescente,Céu Claro,Dupla,Reta,Sim,4.0,0.0,1.0,0.0,1.0,2.0,0.0,4.0,"-23,66386219","-46,85386467",SPRF-SP,DEL04/SP,UOP01-DEL04-SP
766765,22/04/2026,quarta-feira,15:33:00,RN,101.0,"104,2",PARNAMIRIM,Condutor deixou de manter distância do veículo da frente,Colisão traseira,Com Vítimas Feridas,Pleno dia,Crescente,Céu Claro,Dupla,Reta,Não,2.0,0.0,0.0,1.0,1.0,1.0,0.0,2.0,"-5,8907","-35,252252",SPRF-RN,DEL01-RN,UOP01-DEL01-RN
766766,22/04/2026,quarta-feira,10:20:00,RJ,40.0,21,TRES RIOS,Velocidade Incompatível,Tombamento,Com Vítimas Feridas,Pleno dia,Decrescente,Céu Claro,Dupla,Curva,Não,2.0,0.0,1.0,0.0,1.0,0.0,0.0,2.0,"-22,11805476","-43,15733448",SPRF-RJ,DEL05/RJ,UOP02-DEL05-RJ
766767,22/04/2026,quarta-feira,15:36:00,RS,116.0,"252,4",SAPUCAIA DO SUL,Manobra de mudança de faixa,Colisão transversal,Com Vítimas Feridas,Pleno dia,Decrescente,Céu Claro,Múltipla,Reta,Sim,2.0,0.0,0.0,1.0,1.0,1.0,0.0,2.0,"-29,81349825","-51,16855563",SPRF-RS,DEL01/RS,UOP02-DEL01-RS