id,data_inversa,dia_semana,horario,uf,br,km,municipio,causa_acidente,tipo_acidente,classificacao_acidente,fase_dia,sentido_via,condicao_metereologica,tipo_pista,tracado_via,uso_solo,pessoas,mortos,feridos_leves,feridos_graves,feridos,ilesos,ignorados,veiculos,latitude,longitude,regional,delegacia,uop
766768,22/04/2026,quarta-feira,16:20:00,PR,277.0,"71,5",SAO JOSE DOS PINHAIS,Condutor deixou de manter distância do veículo da frente,Colisão traseira,Com Vítimas Feridas,Pleno dia,Decrescente,Céu Claro,Dupla,Em Obras;Desvio Temporário;Reta,Sim,7.0,0.0,1.0,0.0,1.0,5.0,0.0,7.0,"-25,507887","-49,136392",SPRF-PR,DEL01/PR,UOP08-DEL01-PR
766769,22/04/2026,quarta-feira,07:45:00,SC,163.0,69,SAO MIGUEL DO OESTE,Reação tardia ou ineficiente do condutor,Engavetamento,Com Vítimas Feridas,Pleno dia,Crescente,Céu Claro,Múltipla,Declive;Reta,Sim,7.0,0.0,2.0,0.0,2.0,5.0,0.0,5.0,"-26,7443238","-53,50099179",SPRF-SC,DEL07/SC,UOP03-DEL07-SC
766770,22/04/2026,quarta-feira,16:40:00,MG,153.0,58,MONTE ALEGRE DE MINAS,Velocidade Incompatível,Colisão com objeto,Com Vítimas Feridas,Pleno dia,Decrescente,Sol,Dupla,Curva,Não,1.0,0.0,1.0,0.0,1.0,0.0,0.0,1.0,"-18,88274696","-49,05415893",SPRF-MG,DEL15/MG,UOP03-DEL15-MG
766772,22/04/2026,quarta-feira,17:15:00,SC,280.0,"24,1",ARAQUARI,Acessar a via sem observar a presença dos outros veículos,Colisão transversal,Com Vítimas Feridas,Pleno dia,Crescente,Céu Claro,Simples,Reta,Não,4.0,0.0,1.0,1.0,2.0,2.0,0.0,2.0,"-26,378413","-48,720965",SPRF-SC,DEL03/SC,UOP03-DEL03-SC
766775,22/04/2026,quarta-feira,15:20:00,MA,316.0,339,BOM JARDIM,Reação tardia ou ineficiente do condutor,Saída de leito carroçável,Com Vítimas Feridas,Pleno dia,Crescente,Céu Claro,Simples,Reta;Em Obras,Não,1.0,0.0,1.0,0.0,1.0,0.0,0.0,1.0,"-3,595063","-45,546466",SPRF-MA,DEL02-MA,UOP01-DEL02-MA
766778,22/04/2026,quarta-feira,17:20:00,RS,116.0,"135,9",CAXIAS DO SUL,Ausência de reação do condutor,Colisão frontal,Com Vítimas Feridas,Pleno dia,Decrescente,Céu Claro,Simples,Curva,Não,3.0,0.0,1.0,0.0,1.0,1.0,0.0,3.0,"-29,07428746","-51,10496521",SPRF-RS,DEL05/RS,UOP01-DEL05-RS
766782,22/04/2026,quarta-feira,16:00:00,PR,373.0,194,PONTA GROSSA,Ausência de reação do condutor,Colisão traseira,Com Vítimas Feridas,Pleno dia,Decrescente,Ignorado,Simples,Reta,Não,3.0,0.0,1.0,0.0,1.0,1.0,0.0,3.0,"-25,068482","-50,357658",SPRF-PR,DEL03/PR,UOP01-DEL03-PR
766787,22/04/2026,quarta-feira,17:20:00,RS,285.0,338,CARAZINHO,Acesso irregular,Colisão lateral mesmo sentido,Com Vítimas Feridas,Anoitecer,Crescente,Céu Claro,Simples,Reta,Sim,2.0,0.0,0.0,1.0,1.0,1.0,0.0,2.0,"-28,31442378","-52,78493464",SPRF-RS,DEL08/RS,UOP03-DEL08-RS
766799,22/04/2026,quarta-feira,12:25:00,BA,242.0,261,ITABERABA,Pista esburacada,Colisão transversal,Com Vítimas Feridas,Pleno dia,Crescente,Nublado,Simples,Reta;Declive,Não,4.0,0.0,0.0,1.0,1.0,2.0,0.0,8.0,"-12,468","-40,548",SPRF-BA,DEL06/BA,UOP02-DEL06-BA
766816,22/04/2026,quarta-feira,19:45:00,RS,293.0,12,CAPAO DO LEAO,Deficiência do Sistema de Iluminação/Sinalização,Colisão traseira,Com Vítimas Feridas,Plena Noite,Crescente,Nublado,Simples,Curva,Não,2.0,0.0,1.0,0.0,1.0,1.0,0.0,2.0,"-31,7567993","-52,4352631",SPRF-RS,DEL07/RS,UOP01-DEL07-RS
766821,22/04/2026,quarta-feira,18:15:00,PR,153.0,397,MALLET,Transitar na contramão,Colisão frontal,Com Vítimas Feridas,Anoitecer,Crescente,Céu Claro,Simples,Curva,Não,4.0,0.0,1.0,1.0,2.0,1.0,0.0,4.0,"-25,94692","-50,84627",SPRF-PR,DEL08/PR,UOP02-DEL08-PR
766826,22/04/2026,quarta-feira,20:00:00,SP,116.0,136,SAO JOSE DOS CAMPOS,Reação tardia ou ineficiente do condutor,Engavetamento,Com Vítimas Feridas,Plena Noite,Crescente,Céu Claro,Dupla,Reta,Sim,3.0,0.0,1.0,0.0,1.0,0.0,0.0,3.0,"-23,15099288","-45,78332774",SPRF-SP,DEL02/SP,UOP01-DEL02-SP
766830,22/04/2026,quarta-feira,19:20:00,RS,116.0,"360,8",SENTINELA DO SUL,Ausência de reação do condutor,Colisão traseira,Com Vítimas Fatais,Plena Noite,Decrescente,Nublado,Dupla,Reta,Não,3.0,1.0,0.0,0.0,0.0,0.0,0.0,3.0,"-30,620023","-51,544463",SPRF-RS,DEL02/RS,UOP02-DEL02-RS
766839,22/04/2026,quarta-feira,21:30:00,ES,101.0,"289,4",CARIACICA,Chuva,Colisão traseira,Com Vítimas Feridas,Plena Noite,Decrescente,Chuva,Dupla,Reta,Sim,4.0,0.0,0.0,1.0,1.0,1.0,0.0,4.0,"-20,2848237","-40,39273739",SPRF-ES,DEL01-ES,UOP01-DEL01-ES
766840,22/04/2026,quarta-feira,20:30:00,MT,364.0,348,SANTO ANTONIO DO LEVERGER,Problema com o freio,Colisão traseira,Com Vítimas Fatais,Plena Noite,Crescente,Céu Claro,Dupla,Curva;Declive,Não,7.0,2.0,1.0,0.0,1.0,2.0,0.0,3.0,"-15,79324466","-55,56996346",SPRF-MT,DEL05/MT,UOP02-DEL05-MT
766847,22/04/2026,quarta-feira,21:00:00,MG,40.0,"612,9",CONGONHAS,Condutor deixou de manter distância do veículo da frente,Colisão lateral mesmo sentido,Com Vítimas Feridas,Plena Noite,Decrescente,Céu Claro,Simples,Declive;Reta,Sim,4.0,0.0,1.0,0.0,1.0,2.0,0.0,4.0,"-20,51545314","-43,83902259",SPRF-MG,DEL05/MG,UOP02-DEL05-MG
766848,22/04/2026,quarta-feira,20:20:00,RJ,101.0,62,CAMPOS DOS GOYTACAZES,Ausência de reação do condutor,Colisão traseira,Com Vítimas Feridas,Plena Noite,Decrescente,Céu Claro,Simples,Reta,Sim,2.0,0.0,1.0,0.0,1.0,1.0,0.0,2.0,"-21,737765","-41,326792",SPRF-RJ,DEL08/RJ,UOP01-DEL08-RJ
766849,22/04/2026,quarta-feira,20:00:00,MS,262.0,"155,4",RIBAS DO RIO PARDO,Ultrapassagem Indevida,Colisão lateral sentido oposto,Com Vítimas Feridas,Plena Noite,Crescente,Céu Claro,Simples,Reta,Não,3.0,0.0,1.0,0.0,1.0,1.0,0.0,4.0,"-20,461926","-52,98337",SPRF-MS,DEL07/MS,UOP02-DEL07-MS
766851,22/04/2026,quarta-feira,21:55:00,ES,101.0,"289,4",CARIACICA,Condutor deixou de manter distância do veículo da frente,Colisão traseira,Com Vítimas Feridas,Plena Noite,Decrescente,Chuva,Dupla,Reta;Declive,Não,3.0,0.0,1.0,0.0,1.0,1.0,0.0,4.0,"-20,28445677","-40,39286612",SPRF-ES,DEL01-ES,UOP01-DEL01-ES
766853,22/03/2026,domingo,05:30:00,AM,174.0,1075,PRESIDENTE FIGUEIREDO,Pista esburacada,Tombamento,Sem Vítimas,Amanhecer,Decrescente,Céu Claro,Simples,Reta;Declive,Não,2.0,0.0,0.0,0.0,0.0,1.0,0.0,4.0,"-1,38904","-60,33663",SPRF-AM,DEL01-AM,UOP02-DEL01-AM
766856,22/04/2026,quarta-feira,20:15:00,RO,364.0,"514,7",ARIQUEMES,Reação tardia ou ineficiente do condutor,Colisão traseira,Com Vítimas Feridas,Plena Noite,Crescente,Nublado,Simples,Reta,Sim,4.0,0.0,0.0,1.0,1.0,2.0,0.0,6.0,"-9,926752","-63,054912",SPRF-RO,DEL03-RO,UOP01-DEL03-RO
766860,22/04/2026,quarta-feira,22:40:00,RJ,40.0,"67,2",PETROPOLIS,Demais falhas mecânicas ou elétricas,Colisão com objeto,Com Vítimas Feridas,Plena Noite,Decrescente,Céu Claro,Dupla,Reta,Sim,2.0,0.0,1.0,0.0,1.0,0.0,0.0,2.0,"-22,43879759","-43,17832947",SPRF-RJ,DEL05/RJ,UOP02-DEL05-RJ
766864,23/04/2026,quinta-feira,00:00:00,SP,381.0,"51,5",ATIBAIA,Condutor Dormindo,Colisão traseira,Com Vítimas Feridas,Pleno dia,Crescente,Nublado,Dupla,Reta,Sim,4.0,0.0,2.0,0.0,2.0,1.0,0.0,5.0,"-23,21756545","-46,59435893",SPRF-SP,DEL03/SP,UOP01-DEL03-SP
766866,22/04/2026,quarta-feira,15:30:00,MS,158.0,205,SELVIRIA,Reação tardia ou ineficiente do condutor,Colisão com objeto,Com Vítimas Feridas,Pleno dia,Decrescente,Céu Claro,Simples,Reta;Ponte,Não,1.0,0.0,1.0,0.0,1.0,0.0,0.0,1.0,"-20,417374","-51,477852",SPRF-MS,DEL07/MS,UOP01-DEL07-MS
766869,23/04/2026,quinta-feira,03:00:00,CE,116.0,62,CHOROZINHO,Reação tardia ou ineficiente do condutor,Tombamento,Com Vítimas Feridas,Plena Noite,Decrescente,Céu Claro,Simples,Desvio Temporário;Em Obras,Não,1.0,0.0,1.0,0.0,1.0,0.0,0.0,1.0,"-4,27341365","-38,49179506",SPRF-CE,DEL01/CE,UOP04-DEL01-CE
766870,23/04/2026,quinta-feira,03:00:00,GO,452.0,"0,5",RIO VERDE,Reação tardia ou ineficiente do condutor,Colisão com objeto,Com Vítimas Feridas,Plena Noite,Decrescente,Nublado,Dupla,Reta,Sim,2.0,0.0,1.0,0.0,1.0,0.0,0.0,3.0,"-17,78896886","-50,89726079",SPRF-GO,DEL04/GO,UOP01-DEL04-GO
766875,23/04/2026,quinta-feira,01:00:00,PR,116.0,23,CAMPINA GRANDE DO SUL,Reação tardia ou ineficiente do condutor,Tombamento,Com Vítimas Feridas,Plena Noite,Decrescente,Céu Claro,Dupla,Curva,Não,2.0,0.0,1.0,0.0,1.0,0.0,0.0,2.0,"-25,09831758","-48,65766406",SPRF-PR,DEL01/PR,UOP02-DEL01-PR
766876,23/04/2026,quinta-feira,05:40:00,SC,101.0,"209,8",SAO JOSE,Transitar na contramão,Colisão transversal,Com Vítimas Feridas,Amanhecer,Decrescente,Céu Claro,Dupla,Interseção de Vias,Sim,2.0,0.0,1.0,0.0,1.0,1.0,0.0,2.0,"-27,61667469","-48,64518492",SPRF-SC,DEL01/SC,UOP01-DEL01-SC
766877,23/04/2026,quinta-feira,05:30:00,MG,50.0,128,UBERABA,Ausência de reação do condutor,Colisão traseira,Com Vítimas Feridas,Amanhecer,Decrescente,Céu Claro,Dupla,Aclive;Reta,Não,2.0,0.0,0.0,1.0,1.0,0.0,0.0,2.0,"-19,371773","-48,078283",SPRF-MG,DEL13/MG,UOP01-DEL13-MG
766878,06/04/2026,segunda-feira,06:00:00,BA,324.0,577,SAO SEBASTIAO DO PASSE,Condutor deixou de manter distância do veículo da frente,Engavetamento,Com Vítimas Feridas,Pleno dia,Crescente,Nublado,Dupla,Reta,Não,7.0,0.0,1.0,0.0,1.0,5.0,0.0,5.0,"-12,59293119","-38,51926804",SPRF-BA,DEL01/BA,UOP01-DEL01-BA
766883,23/04/2026,quinta-feira,06:03:00,ES,101.0,"281,7",SERRA,Acessar a via sem observar a presença dos outros veículos,Colisão transversal,Com Vítimas Feridas,Pleno dia,Decrescente,Nublado,Dupla,Reta;Retorno Regulamentado,Não,4.0,0.0,1.0,1.0,2.0,1.0,0.0,3.0,"-20,22334958","-40,35922051",SPRF-ES,DEL02-ES,UOP01-DEL02-ES
766890,23/04/2026,quinta-feira,06:25:00,PE,232.0,"137,4",CARUARU,Estacionar ou parar em local proibido,Colisão traseira,Com Vítimas Feridas,Pleno dia,Decrescente,Chuva,Dupla,Reta,Não,6.0,0.0,2.0,0.0,2.0,4.0,0.0,6.0,"-8,31875","-36,06038",SPRF-PE,DEL02/PE,UOP03-DEL02-PE
766892,23/04/2026,quinta-feira,07:00:00,PE,101.0,"76,5",RECIFE,Trafegar com motocicleta (ou similar) entre as faixas,Colisão lateral mesmo sentido,Com Vítimas Fatais,Pleno dia,Decrescente,Céu Claro,Dupla,Reta,Sim,4.0,1.0,0.0,0.0,0.0,2.0,0.0,4.0,"-8,12216","-34,94309",SPRF-PE,DEL01/PE,UOP01-DEL01-PE
766893,23/04/2026,quinta-feira,02:10:00,MG,116.0,352,JAMPRUCA,Ausência de reação do condutor,Tombamento,Com Vítimas Fatais,Plena Noite,Crescente,Céu Claro,Dupla,Declive;Curva,Não,3.0,1.0,1.0,0.0,1.0,0.0,0.0,3.0,"-18,407948","-41,818405",SPRF-MG,DEL11/MG,UOP01-DEL11-MG
766894,23/04/2026,quinta-feira,07:40:00,MG,153.0,"225,7",FRONTEIRA,Condutor Dormindo,Tombamento,Com Vítimas Feridas,Pleno dia,Decrescente,Céu Claro,Dupla,Reta,Não,2.0,0.0,1.0,0.0,1.0,0.0,0.0,2.0,"-20,147163","-49,110893",SPRF-MG,DEL13/MG,UOP02-DEL13-MG
766896,23/04/2026,quinta-feira,06:30:00,SC,101.0,9,GARUVA,Carga excessiva e/ou mal acondicionada,Colisão traseira,Com Vítimas Feridas,Pleno dia,Decrescente,Céu Claro,Dupla,Reta,Não,6.0,0.0,0.0,1.0,1.0,3.0,0.0,4.0,"-26,05899788","-48,85967128",SPRF-SC,DEL03/SC,UOP01-DEL03-SC
766897,23/04/2026,quinta-feira,07:25:00,PR,376.0,420,TIBAGI,Reação tardia ou ineficiente do condutor,Tombamento,Com Vítimas Feridas,Amanhecer,Crescente,Céu Claro,Dupla,Declive;Curva,Não,2.0,0.0,1.0,0.0,1.0,0.0,0.0,2.0,"-24,709494","-50,55595",SPRF-PR,DEL03/PR,UOP02-DEL03-PR
766900,22/04/2026,quarta-feira,22:04:00,AC,364.0,58,SENADOR GUIOMARD,Ausência de reação do condutor,Colisão traseira,Com Vítimas Feridas,Plena Noite,Decrescente,Chuva,Simples,Reta,Não,2.0,0.0,1.0,0.0,1.0,1.0,0.0,2.0,"-10,0262","-67,24813",SPRF-AC,DEL01-AC,UOP01-DEL01-AC
766901,23/04/2026,quinta-feira,08:00:00,GO,153.0,505,APARECIDA DE GOIANIA,Ausência de reação do condutor,Colisão traseira,Com Vítimas Feridas,Pleno dia,Decrescente,Céu Claro,Dupla,Reta,Não,2.0,0.0,0.0,1.0,1.0,0.0,0.0,2.0,"-16,750593","-49,241328",SPRF-GO,DEL01/GO,UOP01-DEL01-GO
766902,22/04/2026,quarta-feira,19:14:00,BA,242.0,260,ITABERABA,Pista esburacada,Colisão frontal,Com Vítimas Feridas,Plena Noite,Decrescente,Céu Claro,Simples,Reta;Declive,Não,3.0,0.0,0.0,1.0,1.0,1.0,0.0,7.0,"-12,47608","-40,53886",SPRF-BA,DEL06/BA,UOP02-DEL06-BA
766904,23/04/2026,quinta-feira,08:45:00,MG,153.0,15,CENTRALINA,Velocidade Incompatível,Atropelamento de Pedestre,Com Vítimas Feridas,Pleno dia,Crescente,Céu Claro,Dupla,Reta;Em Obras;Declive,Não,2.0,0.0,0.0,1.0,1.0,1.0,0.0,2.0,"-18,63348446","-49,18256761",SPRF-MG,DEL15/MG,UOP03-DEL15-MG
766906,23/04/2026,quinta-feira,09:10:00,PR,277.0,"639,5",CEU AZUL,Ausência de reação do condutor,Colisão traseira,Com Vítimas Feridas,Pleno dia,Crescente,Céu Claro,Simples,Aclive;Reta,Sim,2.0,0.0,1.0,0.0,1.0,1.0,0.0,2.0,"-25,14940247","-53,84262085",SPRF-PR,DEL05/PR,UOP02-DEL05-PR
766907,23/04/2026,quinta-feira,07:45:00,PR,376.0,598,CURITIBA,Reação tardia ou ineficiente do condutor,Colisão lateral mesmo sentido,Com Vítimas Feridas,Pleno dia,Crescente,Céu Claro,Dupla,Reta,Sim,3.0,0.0,1.0,0.0,1.0,1.0,0.0,3.0,"-25,493637","-49,343833",SPRF-PR,DEL01/PR,UOP03-DEL01-PR
766911,23/04/2026,quinta-feira,08:20:00,RN,304.0,32,MOSSORO,Ausência de reação do condutor,Colisão traseira,Com Vítimas Feridas,Pleno dia,Crescente,Céu Claro,Dupla,Reta,Sim,2.0,0.0,0.0,1.0,1.0,1.0,0.0,2.0,"-5,146531","-37,347481",SPRF-RN,DEL04-RN,UOP02-DEL04-RN
766913,27/03/2026,sexta-feira,07:20:00,AL,101.0,"51,8",FLEXEIRAS,Pista Escorregadia,Tombamento,Com Vítimas Fatais,Pleno dia,Decrescente,Chuva,Dupla,Curva,Não,2.0,1.0,1.0,0.0,1.0,0.0,0.0,1.0,"-9,249097","-35,757556",SPRF-AL,DEL01-AL,UOP02-DEL01-AL
766923,23/04/2026,quinta-feira,10:10:00,CE,116.0,46,PACAJUS,Reação tardia ou ineficiente do condutor,Tombamento,Sem Vítimas,Pleno dia,Decrescente,Céu Claro,Múltipla,Reta,Não,2.0,0.0,0.0,0.0,0.0,1.0,0.0,2.0,"-4,145849","-38,477093",SPRF-CE,DEL01/CE,UOP02-DEL01-CE
766933,23/04/2026,quinta-feira,11:00:00,MG,50.0,"149,8",UBERABA,Reação tardia ou ineficiente do condutor,Colisão traseira,Sem Vítimas,Pleno dia,Crescente,Sol,Dupla,Reta,Não,4.0,0.0,0.0,0.0,0.0,3.0,0.0,4.0,"-19,54463956","-48,03631274",SPRF-MG,DEL13/MG,UOP01-DEL13-MG
766935,23/04/2026,quinta-feira,08:40:00,PE,232.0,351,FLORES,Acessar a via sem observar a presença dos outros veículos,Colisão traseira,Com Vítimas Feridas,Pleno dia,Crescente,Céu Claro,Simples,Reta,Não,2.0,0.0,1.0,0.0,1.0,1.0,0.0,2.0,"-8,07107089","-37,80033636",SPRF-PE,DEL04/PE,UOP02-DEL04-PE
766936,16/04/2026,quinta-feira,03:30:00,GO,20.0,134,FLORES DE GOIAS,Animais na Pista,Saída de leito carroçável,Sem Vítimas,Plena Noite,Decrescente,Céu Claro,Simples,Reta,Não,3.0,0.0,0.0,0.0,0.0,1.0,0.0,5.0,"-14,8122","-46,71464",SPRF-DF,DEL02-DF,UOP03-DEL02-DF
766937,23/04/2026,quinta-feira,11:10:00,PR,116.0,"1,1",CAMPINA GRANDE DO SUL,Velocidade Incompatível,Colisão lateral mesmo sentido,Com Vítimas Fatais,Pleno dia,Decrescente,Sol,Dupla,Curva,Não,4.0,1.0,0.0,0.0,0.0,1.0,0.0,4.0,"-25,06303431","-48,56944084",SPRF-PR,DEL01/PR,UOP02-DEL01-PR
766939,07/03/2026,sábado,14:20:00,PI,135.0,"556,4",SAO GONCALO DO GURGUEIA,Reação tardia ou ineficiente do condutor,Saída de leito carroçável,Com Vítimas Feridas,Pleno dia,Crescente,Céu Claro,Simples,Curva,Não,2.0,0.0,1.0,0.0,1.0,0.0,0.0,2.0,"-10,143192","-45,19908",SPRF-PI,DEL03-PI,UOP02-DEL03-PI
766940,18/04/2026,sábado,01:00:00,GO,364.0,270,MINEIROS,Transitar na contramão,Colisão frontal,Sem Vítimas,Plena Noite,Crescente,Céu Claro,Simples,Reta,Não,4.0,0.0,0.0,0.0,0.0,1.0,0.0,4.0,"-17,667894","-52,320549",SPRF-GO,DEL05/GO,UOP01-DEL05-GO
766941,23/04/2026,quinta-feira,11:00:00,SC,153.0,83,CONCORDIA,Transitar na contramão,Colisão frontal,Com Vítimas Feridas,Pleno dia,Decrescente,Céu Claro,Simples,Reta,Não,4.0,0.0,0.0,1.0,1.0,2.0,0.0,3.0,"-27,19185267","-51,93615272",SPRF-SC,DEL07/SC,UOP04-DEL07-SC
766943,23/04/2026,quinta-feira,12:20:00,PB,230.0,"108,2",INGA,Condutor Dormindo,Colisão traseira,Com Vítimas Feridas,Pleno dia,Crescente,Sol,Dupla,Reta,Não,3.0,0.0,1.0,0.0,1.0,1.0,0.0,4.0,"-7,203957","-35,560988",SPRF-PB,DEL01-PB,UOP02-DEL01-PB
766954,23/04/2026,quinta-feira,09:10:00,MG,153.0,"172,7",FRUTAL,Velocidade Incompatível,Tombamento,Com Vítimas Feridas,Pleno dia,Crescente,Céu Claro,Dupla,Retorno Regulamentado,Não,2.0,0.0,1.0,0.0,1.0,0.0,0.0,4.0,"-19,816667","-48,968",SPRF-MG,DEL13/MG,UOP02-DEL13-MG
766958,23/04/2026,quinta-feira,13:30:00,BA,116.0,827,VITORIA DA CONQUISTA,Conversão proibida,Colisão transversal,Com Vítimas Fatais,Pleno dia,Crescente,Sol,Dupla,Reta,Sim,3.0,1.0,0.0,0.0,0.0,1.0,0.0,3.0,"-14,88918989","-40,86142508",SPRF-BA,DEL08/BA,UOP01-DEL08-BA
766963,23/04/2026,quinta-feira,15:30:00,ES,262.0,"41,8",MARECHAL FLORIANO,Ausência de reação do condutor,Colisão lateral sentido oposto,Com Vítimas Feridas,Pleno dia,Crescente,Nublado,Simples,Curva,Sim,3.0,0.0,2.0,0.0,2.0,1.0,0.0,2.0,"-20,385588","-40,651698",SPRF-ES,DEL01-ES,UOP01-DEL01-ES
766964,23/04/2026,quinta-feira,15:15:00,SP,116.0,219,GUARULHOS,Demais falhas mecânicas ou elétricas,Colisão lateral mesmo sentido,Com Vítimas Feridas,Pleno dia,Crescente,Céu Claro,Múltipla,Reta,Sim,3.0,0.0,1.0,0.0,1.0,1.0,0.0,3.0,"-23,45975247","-46,48562193",SPRF-SP,DEL01/SP,UOP01-DEL01-SP
766966,11/04/2026,sábado,23:20:00,MS,60.0,"396,1",SIDROLANDIA,Animais na Pista,Atropelamento de Animal,Sem Vítimas,Plena Noite,Decrescente,Céu Claro,Simples,Reta,Não,4.0,0.0,0.0,0.0,0.0,4.0,0.0,1.0,"-20,770066","-54,78952",SPRF-MS,DEL01/MS,UOP04-DEL01-MS
766971,23/04/2026,quinta-feira,15:10:00,AL,316.0,262,SATUBA,Condutor Dormindo,Colisão lateral sentido oposto,Com Vítimas Feridas,Pleno dia,Decrescente,Céu Claro,Simples,Reta,Não,3.0,0.0,1.0,0.0,1.0,2.0,0.0,2.0,"-9,58868","-35,88618",SPRF-AL,DEL02-AL,UOP01-DEL02-AL
766972,23/04/2026,quinta-feira,16:00:00,PR,376.0,"167,5",MARINGA,Objeto estático sobre o leito carroçável,Colisão traseira,Com Vítimas Feridas,Pleno dia,Decrescente,Céu Claro,Dupla,Curva;Em Obras,Não,4.0,0.0,1.0,0.0,1.0,2.0,0.0,4.0,"-23,390917","-52,01305",SPRF-PR,DEL09/PR,UOP01-DEL09-PR
766973,23/04/2026,quinta-feira,16:30:00,MG,40.0,"658,6",CARANDAI,Acessar a via sem observar a presença dos outros veículos,Colisão transversal,Com Vítimas Feridas,Pleno dia,Crescente,Céu Claro,Simples,Retorno Regulamentado,Não,3.0,0.0,1.0,0.0,1.0,2.0,0.0,2.0,"-20,89186667","-43,81716667",SPRF-MG,DEL05/MG,UOP02-DEL05-MG
766983,25/03/2026,quarta-feira,13:30:00,SP,116.0,539,BARRA DO TURVO,Reação tardia ou ineficiente do condutor,Colisão traseira,Com Vítimas Feridas,Pleno dia,Decrescente,Céu Claro,Dupla,Reta,Não,4.0,0.0,1.0,0.0,1.0,2.0,0.0,6.0,"-24,96667328","-48,34468715",SPRF-SP,DEL05/SP,UOP02-DEL05-SP
766991,23/04/2026,quinta-feira,16:00:00,PE,232.0,"40,7",VITORIA DE SANTO ANTAO,Acessar a via sem observar a presença dos outros veículos,Saída de leito carroçável,Sem Vítimas,Pleno dia,Crescente,Chuva,Dupla,Reta;Retorno Regulamentado,Não,3.0,0.0,0.0,0.0,0.0,2.0,0.0,3.0,"-8,11405","-35,2405",SPRF-PE,DEL02/PE,UOP02-DEL02PE
766993,23/04/2026,quinta-feira,14:45:00,RO,364.0,622,ITAPUA DO OESTE,Manobra de mudança de faixa,Colisão lateral sentido oposto,Com Vítimas Feridas,Pleno dia,Crescente,Céu Claro,Simples,Reta,Não,8.0,0.0,7.0,0.0,7.0,1.0,0.0,3.0,"-9,076773","-63,31056",SPRF-RO,DEL01-RO,UOP04-DEL01-RO
767003,23/04/2026,quinta-feira,17:00:00,BA,116.0,"701,9",JEQUIE,Velocidade Incompatível,Saída de leito carroçável,Com Vítimas Feridas,Pleno dia,Decrescente,Céu Claro,Simples,Curva,Não,2.0,0.0,1.0,0.0,1.0,0.0,0.0,2.0,"-14,0860034","-40,2145519",SPRF-BA,DEL03/BA,UOP01-DEL03-BA
767009,23/04/2026,quinta-feira,19:15:00,ES,101.0,298,VIANA,Manobra de mudança de faixa,Colisão lateral mesmo sentido,Com Vítimas Feridas,Plena Noite,Decrescente,Céu Claro,Dupla,Reta;Viaduto,Sim,4.0,0.0,2.0,0.0,2.0,1.0,0.0,3.0,"-20,355782","-40,417863",SPRF-ES,DEL01-ES,UOP01-DEL01-ES
767010,23/04/2026,quinta-feira,18:00:00,RS,392.0,123,CANGUCU,Acessar a via sem observar a presença dos outros veículos,Colisão transversal,Com Vítimas Feridas,Anoitecer,Crescente,Céu Claro,Simples,Reta,Não,13.0,0.0,1.0,0.0,1.0,12.0,0.0,2.0,"-31,37581","-52,715651",SPRF-RS,DEL07/RS,UOP01-DEL07-RS
767016,23/04/2026,quinta-feira,16:00:00,GO,153.0,"193,4",URUACU,Conversão proibida,Colisão transversal,Com Vítimas Feridas,Pleno dia,Decrescente,Céu Claro,Simples,Reta,Não,7.0,0.0,1.0,0.0,1.0,5.0,0.0,5.0,"-14,47034069","-49,15587545",SPRF-GO,DEL07/GO,UOP02-DEL07-GO
767018,23/04/2026,quinta-feira,18:40:00,SC,101.0,"340,2",TUBARAO,Condutor deixou de manter distância do veículo da frente,Colisão traseira,Com Vítimas Feridas,Plena Noite,Crescente,Nublado,Dupla,Reta,Sim,4.0,0.0,0.0,1.0,1.0,1.0,0.0,4.0,"-28,5138","-49,0521",SPRF-SC,DEL02/SC,UOP01-DEL02-SC
767034,23/04/2026,quinta-feira,20:50:00,PE,101.0,"77,5",RECIFE,Velocidade Incompatível,Colisão traseira,Com Vítimas Feridas,Plena Noite,Decrescente,Chuva,Dupla,Reta,Não,4.0,0.0,1.0,1.0,2.0,1.0,0.0,3.0,"-8,134409","-34,947276",SPRF-PE,DEL01/PE,UOP01-DEL01-PE
767037,23/04/2026,quinta-feira,07:00:00,AL,101.0,"51,7",FLEXEIRAS,Reação tardia ou ineficiente do condutor,Saída de leito carroçável,Sem Vítimas,Pleno dia,Decrescente,Céu Claro,Dupla,Aclive,Não,2.0,0.0,0.0,0.0,0.0,1.0,0.0,2.0,"-9,24491404","-35,75680733",SPRF-AL,DEL01-AL,UOP02-DEL01-AL
767039,23/04/2026,quinta-feira,19:15:00,RJ,116.0,20,SAPUCAIA,Ingestão de álcool pelo condutor,Tombamento,Sem Vítimas,Plena Noite,Decrescente,Céu Claro,Dupla,Aclive;Reta,Não,1.0,0.0,0.0,0.0,0.0,1.0,0.0,1.0,"-22,02209318","-42,7730561",SPRF-RJ,DEL05/RJ,UOP01-DEL05-RJ
767048,23/04/2026,quinta-feira,15:20:00,SC,101.0,276,IMBITUBA,Ausência de reação do condutor,Colisão transversal,Com Vítimas Feridas,Pleno dia,Decrescente,Céu Claro,Dupla,Reta,Não,2.0,0.0,0.0,1.0,1.0,1.0,0.0,2.0,"-28,07718109","-48,71222505",SPRF-SC,DEL02/SC,UOP03-DEL02-SC