id,data_inversa,dia_semana,horario,uf,br,km,municipio,causa_acidente,tipo_acidente,classificacao_acidente,fase_dia,sentido_via,condicao_metereologica,tipo_pista,tracado_via,uso_solo,pessoas,mortos,feridos_leves,feridos_graves,feridos,ilesos,ignorados,veiculos,latitude,longitude,regional,delegacia,uop
767050,23/04/2026,quinta-feira,16:07:00,GO,153.0,290,RIALMA,Reação tardia ou ineficiente do condutor,Colisão frontal,Com Vítimas Feridas,Pleno dia,Crescente,Céu Claro,Múltipla,Reta;Declive,Não,4.0,0.0,0.0,1.0,1.0,2.0,0.0,4.0,"-15,2365543","-49,55594583",SPRF-GO,DEL02/GO,UOP02-DEL02-GO
767054,23/04/2026,quinta-feira,22:50:00,PR,116.0,178,QUITANDINHA,Transitar na contramão,Colisão lateral sentido oposto,Com Vítimas Feridas,Plena Noite,Decrescente,Nublado,Simples,Curva,Não,5.0,0.0,4.0,0.0,4.0,0.0,0.0,3.0,"-25,911483","-49,592893",SPRF-PR,DEL01/PR,UOP03-DEL01-PR
767059,24/04/2026,sexta-feira,00:20:00,SC,101.0,192,BIGUACU,Reação tardia ou ineficiente do condutor,Colisão traseira,Com Vítimas Feridas,Plena Noite,Decrescente,Nublado,Múltipla,Curva,Sim,2.0,0.0,1.0,0.0,1.0,0.0,0.0,2.0,"-27,48599","-48,64812",SPRF-SC,DEL01/SC,UOP01-DEL01-SC
767062,24/04/2026,sexta-feira,01:00:00,BA,324.0,530,FEIRA DE SANTANA,Velocidade Incompatível,Colisão lateral mesmo sentido,Com Vítimas Feridas,Plena Noite,Crescente,Nublado,Dupla,Reta,Não,3.0,0.0,1.0,0.0,1.0,1.0,0.0,3.0,"-12,336615","-38,850598",SPRF-BA,DEL11/BA,UOP02-DEL11-BA
767063,23/04/2026,quinta-feira,20:00:00,MA,222.0,545,BOM JESUS DAS SELVAS,Velocidade Incompatível,Saída de leito carroçável,Com Vítimas Feridas,Plena Noite,Crescente,Céu Claro,Simples,Curva;Declive,Não,2.0,0.0,1.0,0.0,1.0,0.0,0.0,2.0,"-4,32698","-46,5958",SPRF-MA,DEL04-MA,UOP03-DEL04-MA
767064,23/04/2026,quinta-feira,23:30:00,MG,251.0,224,SANTA CRUZ DE SALINAS,Transitar na contramão,Colisão lateral sentido oposto,Com Vítimas Feridas,Pleno dia,Decrescente,Céu Claro,Simples,Reta,Não,7.0,0.0,6.0,0.0,6.0,1.0,0.0,2.0,"-15,958036","-41,633037",SPRF-MG,DEL12/MG,UOP02-DEL12-MG
767065,23/04/2026,quinta-feira,09:50:00,BA,324.0,604,SIMOES FILHO,Chuva,Tombamento,Com Vítimas Feridas,Pleno dia,Decrescente,Chuva,Dupla,Reta,Não,1.0,0.0,1.0,0.0,1.0,0.0,0.0,1.0,"-12,7591591","-38,42629192",SPRF-BA,DEL01/BA,UOP01-DEL01-BA
767067,24/04/2026,sexta-feira,04:00:00,RS,472.0,"132,2",TRES DE MAIO,Condutor Dormindo,Tombamento,Com Vítimas Feridas,Plena Noite,Crescente,Nublado,Simples,Interseção de Vias;Rotatória,Sim,2.0,0.0,1.0,0.0,1.0,1.0,0.0,1.0,"-27,75259514","-54,24310684",SPRF-RS,DEL10/RS,UOP01-DEL10-RS
767090,24/04/2026,sexta-feira,06:30:00,RO,364.0,"522,5",ARIQUEMES,Condutor Dormindo,Saída de leito carroçável,Sem Vítimas,Amanhecer,Decrescente,Céu Claro,Simples,Reta,Não,1.0,0.0,0.0,0.0,0.0,1.0,0.0,1.0,"-9,856787","-63,058608",SPRF-RO,DEL03-RO,UOP01-DEL03-RO
767099,17/04/2026,sexta-feira,23:30:00,CE,222.0,112,ITAPAJE,Reação tardia ou ineficiente do condutor,Colisão lateral mesmo sentido,Com Vítimas Fatais,Plena Noite,Crescente,Nublado,Simples,Reta,Não,3.0,1.0,1.0,0.0,1.0,1.0,0.0,2.0,"-3,74513698","-39,51953586",SPRF-CE,DEL04/CE,UOP03-DEL04-CE
767100,16/04/2026,quinta-feira,18:20:00,PR,373.0,174,PONTA GROSSA,Manobra de mudança de faixa,Engavetamento,Com Vítimas Feridas,Plena Noite,Decrescente,Céu Claro,Dupla,Reta,Sim,9.0,0.0,1.0,0.0,1.0,7.0,0.0,6.0,"-25,07184501","-50,2115521",SPRF-PR,DEL03/PR,UOP01-DEL03-PR
767107,24/04/2026,sexta-feira,08:30:00,PE,104.0,50,CARUARU,Ausência de reação do condutor,Colisão traseira,Com Vítimas Feridas,Pleno dia,Decrescente,Céu Claro,Dupla,Declive;Reta,Não,3.0,0.0,0.0,1.0,1.0,1.0,0.0,5.0,"-8,15706986","-35,98274438",SPRF-PE,DEL02/PE,UOP01-DEL02-PE
767109,24/04/2026,sexta-feira,02:25:00,BA,242.0,221,ITABERABA,Reação tardia ou ineficiente do condutor,Colisão traseira,Com Vítimas Feridas,Plena Noite,Crescente,Céu Claro,Simples,Reta,Não,3.0,0.0,0.0,1.0,1.0,1.0,0.0,7.0,"-12,52172029","-40,14610291",SPRF-BA,DEL06/BA,UOP02-DEL06-BA
767114,10/03/2026,terça-feira,01:00:00,AM,319.0,614,HUMAITA,Demais falhas mecânicas ou elétricas,Incêndio,Sem Vítimas,Plena Noite,Crescente,Ignorado,Simples,Reta,Não,2.0,0.0,0.0,0.0,0.0,0.0,1.0,2.0,"-7,20025","-63,133917",SPRF-AM,DEL01-AM,UOP04-DEL01-AM
767116,24/04/2026,sexta-feira,10:45:00,ES,101.0,300,VIANA,Ausência de reação do condutor,Colisão lateral mesmo sentido,Com Vítimas Feridas,Pleno dia,Crescente,Sol,Dupla,Curva,Sim,3.0,0.0,1.0,0.0,1.0,2.0,0.0,3.0,"-20,3625335","-40,4370404",SPRF-ES,DEL01-ES,UOP01-DEL01-ES
767121,24/04/2026,sexta-feira,11:15:00,ES,101.0,293,CARIACICA,Acessar a via sem observar a presença dos outros veículos,Colisão transversal,Com Vítimas Feridas,Pleno dia,Crescente,Céu Claro,Dupla,Reta;Viaduto;Interseção de Vias,Sim,2.0,0.0,1.0,0.0,1.0,1.0,0.0,2.0,"-20,31259055","-40,39572001",SPRF-ES,DEL01-ES,UOP01-DEL01-ES
767124,24/04/2026,sexta-feira,11:00:00,DF,70.0,5,BRASILIA,Trafegar com motocicleta (ou similar) entre as faixas,Colisão lateral mesmo sentido,Com Vítimas Feridas,Pleno dia,Crescente,Céu Claro,Dupla,Reta,Sim,2.0,0.0,1.0,0.0,1.0,1.0,0.0,2.0,"-15,79252","-48,10362",SPRF-DF,DEL03-DF,UOP02-DEL03-DF
767126,24/04/2026,sexta-feira,11:00:00,PR,277.0,645,CEU AZUL,Ultrapassagem Indevida,Colisão lateral mesmo sentido,Sem Vítimas,Pleno dia,Crescente,Céu Claro,Simples,Aclive;Curva,Não,5.0,0.0,0.0,0.0,0.0,1.0,0.0,5.0,"-25,1740078","-53,8814532",SPRF-PR,DEL05/PR,UOP02-DEL05-PR
767129,24/04/2026,sexta-feira,11:20:00,PR,116.0,"208,5",RIO NEGRO,Acessar a via sem observar a presença dos outros veículos,Colisão transversal,Com Vítimas Feridas,Pleno dia,Decrescente,Céu Claro,Simples,Reta,Sim,2.0,0.0,0.0,1.0,1.0,1.0,0.0,2.0,"-26,08231209","-49,77337718",SPRF-SC,DEL06/SC,UOP01-DEL06-SC
767133,17/04/2026,sexta-feira,18:20:00,MS,158.0,67,PARANAIBA,Animais na Pista,Atropelamento de Animal,Com Vítimas Fatais,Plena Noite,Decrescente,Céu Claro,Simples,Reta,Não,2.0,1.0,0.0,0.0,0.0,0.0,0.0,2.0,"-19,471331","-51,321224",SPRF-MS,DEL08/MS,UOP01-DEL08-MS
767135,24/04/2026,sexta-feira,12:30:00,MG,40.0,"352,6",FELIXLANDIA,Acessar a via sem observar a presença dos outros veículos,Queda de ocupante de veículo,Com Vítimas Feridas,Pleno dia,Decrescente,Céu Claro,Simples,Reta,Não,3.0,0.0,1.0,0.0,1.0,1.0,0.0,5.0,"-18,72834","-44,91992",SPRF-MG,DEL02/MG,UOP01-DEL02-MG
767139,24/04/2026,sexta-feira,11:00:00,RJ,40.0,122,DUQUE DE CAXIAS,Ausência de reação do condutor,Colisão traseira,Com Vítimas Feridas,Pleno dia,Crescente,Céu Claro,Dupla,Reta,Sim,2.0,0.0,1.0,0.0,1.0,1.0,0.0,2.0,"-22,79264121","-43,2875061",SPRF-RJ,DEL01/RJ,UOP02-DEL01-RJ
767150,24/04/2026,sexta-feira,08:40:00,MG,381.0,"936,3",EXTREMA,Velocidade Incompatível,Tombamento,Com Vítimas Feridas,Pleno dia,Crescente,Céu Claro,Dupla,Curva;Declive,Não,3.0,0.0,1.0,0.0,1.0,1.0,0.0,2.0,"-22,80834829","-46,27769065",SPRF-MG,DEL16/MG,UOP03-DEL16-MG
767153,24/04/2026,sexta-feira,14:30:00,MG,40.0,"498,5",ESMERALDAS,Acessar a via sem observar a presença dos outros veículos,Colisão traseira,Com Vítimas Feridas,Pleno dia,Crescente,Nublado,Dupla,Declive;Reta;Retorno Regulamentado,Não,3.0,0.0,0.0,1.0,1.0,1.0,0.0,3.0,"-19,68744983","-44,1806802",SPRF-MG,DEL02/MG,UOP01-DEL02-MG
767154,24/04/2026,sexta-feira,12:53:00,MT,163.0,951,NOVA SANTA HELENA,Condutor deixou de manter distância do veículo da frente,Colisão traseira,Com Vítimas Feridas,Pleno dia,Crescente,Sol,Simples,Reta,Não,7.0,0.0,3.0,0.0,3.0,3.0,0.0,8.0,"-10,880845","-55,199204",SPRF-MT,DEL06/MT,UOP02-DEL06-MT
767155,24/04/2026,sexta-feira,12:15:00,SC,101.0,"7,8",GARUVA,Manobra de mudança de faixa,Colisão traseira,Com Vítimas Feridas,Pleno dia,Decrescente,Sol,Dupla,Reta,Não,2.0,0.0,1.0,0.0,1.0,1.0,0.0,2.0,"-26,03968758","-48,85964362",SPRF-SC,DEL03/SC,UOP01-DEL03-SC
767156,24/04/2026,sexta-feira,09:30:00,PR,376.0,305,MAUA DA SERRA,Velocidade Incompatível,Tombamento,Com Vítimas Feridas,Pleno dia,Decrescente,Céu Claro,Dupla,Curva,Não,2.0,0.0,1.0,0.0,1.0,0.0,0.0,2.0,"-23,9504192","-51,11899551",SPRF-PR,DEL07/PR,UOP02-DEL07-PR
767158,24/04/2026,sexta-feira,15:00:00,SC,101.0,"202,4",SAO JOSE,Carga excessiva e/ou mal acondicionada,Derramamento de carga,Com Vítimas Feridas,Pleno dia,Decrescente,Céu Claro,Múltipla,Reta,Sim,4.0,0.0,1.0,1.0,2.0,2.0,0.0,3.0,"-27,56057","-48,61687",SPRF-SC,DEL01/SC,UOP01-DEL01-SC
767159,24/04/2026,sexta-feira,14:50:00,BA,116.0,491,CASTRO ALVES,Carga excessiva e/ou mal acondicionada,Incêndio,Com Vítimas Feridas,Pleno dia,Crescente,Garoa/Chuvisco,Dupla,Reta;Declive,Não,3.0,0.0,1.0,0.0,1.0,1.0,0.0,3.0,"-12,7598232","-39,4312716",SPRF-BA,DEL02/BA,UOP01-DEL02-BA
767160,24/04/2026,sexta-feira,13:20:00,PR,369.0,"493,9",CASCAVEL,Ultrapassagem Indevida,Colisão frontal,Com Vítimas Feridas,Pleno dia,Decrescente,Céu Claro,Simples,Curva;Aclive,Não,6.0,0.0,1.0,4.0,5.0,1.0,0.0,4.0,"-24,85642459","-53,3339213",SPRF-PR,DEL04/PR,UOP01-DEL04-PR
767161,15/04/2026,quarta-feira,17:00:00,ES,101.0,"228,3",FUNDAO,Transitar na contramão,Colisão frontal,Com Vítimas Feridas,Anoitecer,Decrescente,Céu Claro,Simples,Reta,Não,5.0,0.0,1.0,1.0,2.0,3.0,0.0,3.0,"-19,92162","-40,40564",SPRF-ES,DEL02-ES,UOP01-DEL02-ES
767162,24/04/2026,sexta-feira,14:35:00,PR,277.0,"594,5",CASCAVEL,Transitar na contramão,Colisão frontal,Com Vítimas Feridas,Pleno dia,Crescente,Sol,Simples,Curva;Declive,Sim,3.0,0.0,1.0,0.0,1.0,1.0,0.0,4.0,"-24,98237561","-53,47407046",SPRF-PR,DEL04/PR,UOP01-DEL04-PR
767165,24/04/2026,sexta-feira,14:50:00,MS,158.0,"138,2",APARECIDA DO TABOADO,Ausência de reação do condutor,Colisão lateral sentido oposto,Com Vítimas Feridas,Pleno dia,Crescente,Céu Claro,Simples,Declive,Não,3.0,0.0,1.0,0.0,1.0,1.0,0.0,4.0,"-20,01077","-51,11488",SPRF-MS,DEL08/MS,UOP01-DEL08-MS
767166,24/04/2026,sexta-feira,15:15:00,RJ,116.0,290,BARRA MANSA,Avarias e/ou desgaste excessivo no pneu,Tombamento,Sem Vítimas,Pleno dia,Decrescente,Céu Claro,Dupla,Curva,Não,2.0,0.0,0.0,0.0,0.0,2.0,0.0,1.0,"-22,4828205","-44,25966056",SPRF-RJ,DEL07/RJ,UOP02-DEL07-RJ
767172,24/04/2026,sexta-feira,12:51:00,SC,282.0,324,CAMPOS NOVOS,Reação tardia ou ineficiente do condutor,Colisão lateral sentido oposto,Com Vítimas Feridas,Pleno dia,Decrescente,Céu Claro,Simples,Aclive;Curva,Não,4.0,0.0,1.0,2.0,3.0,1.0,0.0,2.0,"-27,376452","-51,080422",SPRF-SC,DEL07/SC,UOP06-DEL07-SC
767173,24/04/2026,sexta-feira,14:00:00,AM,319.0,110,CANUTAMA,Transitar na contramão,Colisão lateral sentido oposto,Com Vítimas Fatais,Pleno dia,Crescente,Céu Claro,Simples,Reta,Não,6.0,1.0,0.0,1.0,1.0,1.0,0.0,6.0,"-8,55591","-63,98869",SPRF-AM,DEL01-AM,UOP04-DEL01-AM
767174,24/04/2026,sexta-feira,16:05:00,PR,376.0,"665,9",GUARATUBA,Ausência de reação do condutor,Colisão traseira,Com Vítimas Feridas,Pleno dia,Crescente,Céu Claro,Simples,Curva,Não,5.0,0.0,2.0,0.0,2.0,2.0,0.0,4.0,"-25,86584457","-48,94910686",SPRF-PR,DEL01/PR,UOP04-DEL01-PR
767175,24/04/2026,sexta-feira,15:45:00,ES,101.0,289,CARIACICA,Manobra de mudança de faixa,Colisão lateral mesmo sentido,Sem Vítimas,Pleno dia,Crescente,Céu Claro,Dupla,Reta,Não,3.0,0.0,0.0,0.0,0.0,2.0,0.0,5.0,"-20,28107083","-40,39312363",SPRF-ES,DEL01-ES,UOP01-DEL01-ES
767180,24/04/2026,sexta-feira,15:45:00,PR,163.0,256,TOLEDO,Reação tardia ou ineficiente do condutor,Atropelamento de Pedestre,Com Vítimas Fatais,Pleno dia,Crescente,Céu Claro,Múltipla,Reta;Em Obras,Não,2.0,1.0,0.0,0.0,0.0,1.0,0.0,2.0,"-24,65456","-53,830493",SPRF-PR,DEL06/PR,UOP02-DEL06-PR
767182,24/04/2026,sexta-feira,16:00:00,PR,476.0,197,LAPA,Pedestre cruzava a pista fora da faixa,Atropelamento de Pedestre,Com Vítimas Feridas,Pleno dia,Crescente,Sol,Simples,Reta,Sim,2.0,0.0,0.0,1.0,1.0,1.0,0.0,2.0,"-25,76123241","-49,73476259",SPRF-PR,DEL01/PR,UOP06-DEL01-PR
767187,24/04/2026,sexta-feira,17:27:00,RS,386.0,"432,9",NOVA SANTA RITA,Acumulo de água sobre o pavimento,Colisão frontal,Com Vítimas Feridas,Pleno dia,Crescente,Chuva,Simples,Reta;Declive,Não,7.0,0.0,4.0,0.0,4.0,2.0,0.0,5.0,"-29,840078","-51,29473",SPRF-RS,DEL04/RS,UOP02-DEL04-RS
767189,24/04/2026,sexta-feira,16:45:00,GO,414.0,436,ANAPOLIS,Desrespeitar a preferência no cruzamento,Colisão transversal,Com Vítimas Feridas,Pleno dia,Crescente,Céu Claro,Simples,Interseção de Vias;Declive,Sim,3.0,0.0,0.0,2.0,2.0,1.0,0.0,2.0,"-16,25347","-48,935808",SPRF-GO,DEL02/GO,UOP01-DEL02-GO
767200,24/03/2026,terça-feira,00:55:00,RN,304.0,123,ITAJA,Demais falhas mecânicas ou elétricas,Incêndio,Sem Vítimas,Plena Noite,Crescente,Céu Claro,Simples,Reta;Declive,Não,1.0,0.0,0.0,0.0,0.0,1.0,0.0,1.0,"-5,65322719","-36,81724548",SPRF-RN,DEL04-RN,UOP01-DEL04-RN
767202,24/04/2026,sexta-feira,17:40:00,MG,50.0,51,ARAGUARI,Demais falhas mecânicas ou elétricas,Incêndio,Sem Vítimas,Anoitecer,Decrescente,Céu Claro,Dupla,Aclive;Reta,Não,2.0,0.0,0.0,0.0,0.0,1.0,0.0,2.0,"-18,74996439","-48,23551655",SPRF-MG,DEL15/MG,UOP02-DEL15-MG
767203,24/04/2026,sexta-feira,19:00:00,GO,60.0,137,GOIANIA,Demais falhas mecânicas ou elétricas,Colisão frontal,Com Vítimas Feridas,Plena Noite,Crescente,Céu Claro,Simples,Reta,Sim,3.0,0.0,0.0,1.0,1.0,2.0,0.0,3.0,"-16,607546","-49,205129",SPRF-GO,DEL01/GO,UOP01-DEL01-GO
767205,24/04/2026,sexta-feira,18:50:00,SC,101.0,"129,3",ITAPEMA,Demais falhas mecânicas ou elétricas,Colisão com objeto,Com Vítimas Feridas,Plena Noite,Decrescente,Céu Claro,Dupla,Reta,Sim,3.0,0.0,1.0,0.0,1.0,2.0,0.0,3.0,"-27,09472084","-48,61377716",SPRF-SC,DEL04/SC,UOP03-DEL04-SC
767209,24/04/2026,sexta-feira,18:50:00,MS,60.0,18,CHAPADAO DO SUL,Reação tardia ou ineficiente do condutor,Colisão lateral sentido oposto,Com Vítimas Feridas,Plena Noite,Crescente,Céu Claro,Simples,Reta;Declive,Não,4.0,0.0,3.0,0.0,3.0,0.0,0.0,3.0,"-18,83551289","-52,68232614",SPRF-MS,DEL08/MS,UOP01-DEL08-MS
767211,24/04/2026,sexta-feira,15:05:00,PR,277.0,5,FOZ DO IGUACU,Ausência de reação do condutor,Colisão transversal,Com Vítimas Feridas,Pleno dia,Crescente,Céu Claro,Simples,Reta;Declive,Sim,3.0,0.0,1.0,0.0,1.0,1.0,0.0,3.0,"-25,53287699","-54,52836514",SPRF-PR,DEL05/PR,UOP04-DEL05-PR
767214,15/03/2026,domingo,15:00:00,SC,101.0,"259,2",GAROPABA,Manobra de mudança de faixa,Colisão lateral mesmo sentido,Com Vítimas Feridas,Pleno dia,Decrescente,Céu Claro,Múltipla,Curva,Não,3.0,0.0,2.0,0.0,2.0,1.0,0.0,2.0,"-28,0179089","-48,69511914",SPRF-SC,DEL02/SC,UOP03-DEL02-SC
767225,24/04/2026,sexta-feira,19:10:00,RJ,116.0,292,BARRA MANSA,Reação tardia ou ineficiente do condutor,Colisão traseira,Com Vítimas Feridas,Plena Noite,Crescente,Nublado,Dupla,Curva,Não,4.0,0.0,3.0,0.0,3.0,1.0,0.0,2.0,"-22,47577667","-44,26557333",SPRF-RJ,DEL07/RJ,UOP02-DEL07-RJ
767227,24/04/2026,sexta-feira,12:50:00,RS,158.0,292,JULIO DE CASTILHOS,Reação tardia ou ineficiente do condutor,Saída de leito carroçável,Com Vítimas Feridas,Pleno dia,Decrescente,Chuva,Simples,Reta;Declive,Não,1.0,0.0,1.0,0.0,1.0,0.0,0.0,1.0,"-29,48366","-53,684253",SPRF-RS,DEL09/RS,UOP01-DEL09-RS
767232,24/04/2026,sexta-feira,19:02:00,PR,116.0,136,MANDIRITUBA,Acessar a via sem observar a presença dos outros veículos,Colisão traseira,Com Vítimas Feridas,Plena Noite,Crescente,Nublado,Dupla,Reta,Não,2.0,0.0,0.0,1.0,1.0,1.0,0.0,2.0,"-25,72781209","-49,31774626",SPRF-PR,DEL01/PR,UOP03-DEL01-PR
767235,24/04/2026,sexta-feira,19:00:00,BA,135.0,"56,9",FORMOSA DO RIO PRETO,Acostamento em desnível,Tombamento,Com Vítimas Feridas,Plena Noite,Decrescente,Céu Claro,Simples,Reta,Não,4.0,0.0,1.0,1.0,2.0,0.0,0.0,3.0,"-11,239906","-45,036891",SPRF-BA,DEL10/BA,UOP01-DEL10-BA
767254,24/04/2026,sexta-feira,20:30:00,BA,135.0,258,SAO DESIDERIO,Demais falhas mecânicas ou elétricas,Colisão frontal,Com Vítimas Fatais,Plena Noite,Crescente,Céu Claro,Simples,Aclive;Reta,Não,4.0,1.0,1.0,2.0,3.0,0.0,0.0,2.0,"-12,63778","-44,71275",SPRF-BA,DEL10/BA,UOP02-DEL10-BA
767261,24/04/2026,sexta-feira,23:40:00,BA,235.0,125,JEREMOABO,Transitar na contramão,Colisão frontal,Com Vítimas Fatais,Plena Noite,Crescente,Céu Claro,Simples,Reta,Não,3.0,1.0,0.0,1.0,1.0,0.0,0.0,2.0,"-9,973904","-38,664673",SPRF-BA,DEL07/BA,UOP03-DEL07-BA
767263,25/04/2026,sábado,00:00:00,ES,101.0,450,MIMOSO DO SUL,Reação tardia ou ineficiente do condutor,Tombamento,Com Vítimas Feridas,Plena Noite,Crescente,Céu Claro,Simples,Curva,Não,3.0,0.0,1.0,0.0,1.0,1.0,0.0,2.0,"-21,1451","-41,2704",SPRF-ES,DEL03-ES,UOP02-DEL03-ES
767265,25/04/2026,sábado,01:30:00,PR,376.0,505,PONTA GROSSA,Ausência de reação do condutor,Colisão traseira,Com Vítimas Feridas,Plena Noite,Decrescente,Céu Claro,Dupla,Reta;Declive,Não,3.0,0.0,1.0,0.0,1.0,1.0,0.0,5.0,"-25,17376147","-50,10484311",SPRF-PR,DEL03/PR,UOP03-DEL03-PR
767267,25/04/2026,sábado,01:35:00,GO,60.0,372,RIO VERDE,Reação tardia ou ineficiente do condutor,Colisão traseira,Com Vítimas Feridas,Plena Noite,Crescente,Céu Claro,Dupla,Reta,Não,3.0,0.0,2.0,0.0,2.0,0.0,0.0,3.0,"-17,718003","-50,856637",SPRF-GO,DEL04/GO,UOP02-DEL04-GO
767272,24/04/2026,sexta-feira,22:50:00,MA,135.0,54,BACABEIRA,Ausência de reação do condutor,Saída de leito carroçável,Com Vítimas Feridas,Plena Noite,Decrescente,Garoa/Chuvisco,Dupla,Reta,Não,1.0,0.0,1.0,0.0,1.0,0.0,0.0,1.0,"-2,99112","-44,31265",SPRF-MA,DEL01-MA,UOP02-DEL01-MA
767274,25/04/2026,sábado,04:40:00,CE,116.0,"15,2",FORTALEZA,Ausência de reação do condutor,Colisão traseira,Sem Vítimas,Plena Noite,Crescente,Nublado,Dupla,Reta,Sim,2.0,0.0,0.0,0.0,0.0,0.0,1.0,2.0,"-3,87870549","-38,50077152",SPRF-CE,DEL01/CE,UOP02-DEL01-CE
767276,25/04/2026,sábado,03:30:00,MG,153.0,"8,5",ARAPORA,Condutor Dormindo,Saída de leito carroçável,Com Vítimas Feridas,Plena Noite,Decrescente,Céu Claro,Dupla,Reta,Não,3.0,0.0,2.0,0.0,2.0,0.0,0.0,2.0,"-18,49397261","-49,18869719",SPRF-MG,DEL15/MG,UOP03-DEL15-MG
767280,25/04/2026,sábado,02:24:00,SP,116.0,"511,9",CAJATI,Reação tardia ou ineficiente do condutor,Colisão lateral mesmo sentido,Com Vítimas Feridas,Plena Noite,Decrescente,Céu Claro,Dupla,Curva;Declive,Não,20.0,0.0,2.0,0.0,2.0,17.0,0.0,13.0,"-24,847072","-48,214377",SPRF-SP,DEL05/SP,UOP02-DEL05-SP
767287,25/04/2026,sábado,06:45:00,PE,101.0,46,IGARASSU,Manobra de mudança de faixa,Colisão traseira,Com Vítimas Feridas,Pleno dia,Crescente,Céu Claro,Múltipla,Reta,Sim,3.0,0.0,0.0,1.0,1.0,1.0,0.0,3.0,"-7,88038","-34,905323",SPRF-PE,DEL01/PE,UOP02-DEL01-PE
767289,25/04/2026,sábado,00:20:00,SP,116.0,108,TAUBATE,Pedestre - Ingestão de álcool/ substâncias psicoativas,Atropelamento de Pedestre,Com Vítimas Fatais,Plena Noite,Decrescente,Céu Claro,Dupla,Reta,Sim,2.0,1.0,0.0,0.0,0.0,0.0,0.0,2.0,"-23,02417311","-45,53918076",SPRF-SP,DEL02/SP,UOP02-DEL02-SP
767293,25/04/2026,sábado,05:20:00,MG,40.0,"824,5",SIMAO PEREIRA,Restrição de visibilidade em curvas horizontais,Colisão lateral mesmo sentido,Com Vítimas Feridas,Amanhecer,Decrescente,Céu Claro,Dupla,Curva;Aclive,Não,3.0,0.0,0.0,1.0,1.0,1.0,0.0,3.0,"-21,964919","-43,295935",SPRF-MG,DEL05/MG,UOP01-DEL05-MG
767296,25/04/2026,sábado,07:30:00,MG,40.0,215,SAO GONCALO DO ABAETE,Restrição de visibilidade em curvas horizontais,Colisão traseira,Com Vítimas Feridas,Pleno dia,Crescente,Céu Claro,Simples,Curva,Não,6.0,0.0,4.0,0.0,4.0,1.0,0.0,5.0,"-18,00581","-45,5635783",SPRF-MG,DEL14/MG,UOP02-DEL14-MG
767301,25/04/2026,sábado,08:15:00,CE,222.0,223,SOBRAL,Reação tardia ou ineficiente do condutor,Saída de leito carroçável,Com Vítimas Feridas,Pleno dia,Crescente,Chuva,Simples,Rotatória,Sim,2.0,0.0,1.0,0.0,1.0,0.0,0.0,2.0,"-3,71190517","-40,3435678",SPRF-CE,DEL04/CE,UOP01-DEL04-CE
767303,25/04/2026,sábado,06:20:00,PA,163.0,652,ITAITUBA,Afundamento ou ondulação no pavimento,Saída de leito carroçável,Com Vítimas Feridas,Amanhecer,Crescente,Nevoeiro/Neblina,Simples,Reta,Não,5.0,0.0,3.0,0.0,3.0,0.0,0.0,5.0,"-4,51459","-55,866111",SPRF-PA,DEL05/PA,UOP02-DEL05-PA
767308,22/04/2026,quarta-feira,05:00:00,RO,364.0,556,ALTO PARAISO,Reação tardia ou ineficiente do condutor,Tombamento,Com Vítimas Feridas,Plena Noite,Crescente,Nublado,Simples,Reta,Não,3.0,0.0,1.0,0.0,1.0,1.0,0.0,3.0,"-9,58846333","-63,0735805",SPRF-RO,DEL03-RO,UOP01-DEL03-RO
767313,23/03/2026,segunda-feira,17:00:00,BA,101.0,397,IBIRAPITANGA,Velocidade Incompatível,Tombamento,Com Vítimas Feridas,Anoitecer,Decrescente,Céu Claro,Simples,Declive;Curva,Não,2.0,0.0,0.0,1.0,1.0,0.0,0.0,2.0,"-13,98876292","-39,46604061",SPRF-BA,DEL05/BA,UOP03-DEL05-BA
767314,25/04/2026,sábado,09:30:00,PE,101.0,46,IGARASSU,Reação tardia ou ineficiente do condutor,Colisão traseira,Com Vítimas Fatais,Pleno dia,Crescente,Nublado,Múltipla,Declive;Reta,Sim,3.0,1.0,0.0,0.0,0.0,1.0,0.0,3.0,"-7,88070501","-34,90524888",SPRF-PE,DEL01/PE,UOP02-DEL01-PE
767318,25/04/2026,sábado,09:13:00,TO,153.0,134,ARAGUAINA,Acessar a via sem observar a presença dos outros veículos,Colisão transversal,Com Vítimas Feridas,Pleno dia,Crescente,Céu Claro,Simples,Reta,Não,4.0,0.0,1.0,0.0,1.0,3.0,0.0,2.0,"-7,12559","-48,19594",SPRF-TO,DEL02-TO,UOP01-DEL02-TO
767328,25/04/2026,sábado,11:50:00,PR,277.0,125,CAMPO LARGO,Reação tardia ou ineficiente do condutor,Colisão traseira,Com Vítimas Feridas,Pleno dia,Decrescente,Céu Claro,Dupla,Reta,Sim,3.0,0.0,1.0,0.0,1.0,1.0,0.0,4.0,"-25,4353","-49,5348",SPRF-PR,DEL01/PR,UOP07-DEL01-PR
767329,25/04/2026,sábado,11:50:00,PR,376.0,"139,5",NOVA ESPERANCA,Reação tardia ou ineficiente do condutor,Colisão traseira,Com Vítimas Feridas,Pleno dia,Crescente,Sol,Dupla,Curva,Não,2.0,0.0,0.0,1.0,1.0,1.0,0.0,2.0,"-23,2242858","-52,1783599",SPRF-PR,DEL09/PR,UOP02-DEL09-PR
767334,25/04/2026,sábado,08:55:00,AL,101.0,"180,5",JUNQUEIRO,Demais falhas na via,Tombamento,Sem Vítimas,Pleno dia,Decrescente,Garoa/Chuvisco,Dupla,Curva,Não,2.0,0.0,0.0,0.0,0.0,1.0,0.0,4.0,"-9,893597","-36,404832",SPRF-AL,DEL02-AL,UOP02-DEL02-AL