id,data_inversa,dia_semana,horario,uf,br,km,municipio,causa_acidente,tipo_acidente,classificacao_acidente,fase_dia,sentido_via,condicao_metereologica,tipo_pista,tracado_via,uso_solo,pessoas,mortos,feridos_leves,feridos_graves,feridos,ilesos,ignorados,veiculos,latitude,longitude,regional,delegacia,uop
767339,25/04/2026,sábado,12:40:00,PR,467.0,"106,4",CASCAVEL,Condutor Dormindo,Queda de ocupante de veículo,Com Vítimas Feridas,Pleno dia,Crescente,Céu Claro,Dupla,Em Obras;Aclive;Reta,Não,2.0,0.0,1.0,0.0,1.0,1.0,0.0,2.0,"-24,91863315","-53,48306277",SPRF-PR,DEL04/PR,UOP01-DEL04-PR
767349,25/04/2026,sábado,12:40:00,SC,282.0,"633,7",DESCANSO,Ausência de reação do condutor,Saída de leito carroçável,Com Vítimas Feridas,Pleno dia,Decrescente,Nublado,Simples,Declive;Curva,Não,2.0,0.0,0.0,1.0,1.0,0.0,0.0,2.0,"-26,82666017","-53,41986028",SPRF-SC,DEL07/SC,UOP03-DEL07-SC
767362,25/04/2026,sábado,14:57:00,SP,116.0,347,MIRACATU,Demais falhas mecânicas ou elétricas,Colisão traseira,Com Vítimas Feridas,Pleno dia,Crescente,Céu Claro,Dupla,Curva,Não,2.0,0.0,1.0,0.0,1.0,1.0,0.0,2.0,"-24,03822406","-47,19193172",SPRF-SP,DEL04/SP,UOP03-DEL04-SP
767368,25/04/2026,sábado,15:34:00,SP,116.0,568,BARRA DO TURVO,Velocidade Incompatível,Tombamento,Com Vítimas Feridas,Pleno dia,Decrescente,Céu Claro,Dupla,Curva;Aclive,Não,2.0,0.0,1.0,0.0,1.0,0.0,0.0,2.0,"-25,055805","-48,5503943",SPRF-SP,DEL05/SP,UOP02-DEL05-SP
767370,25/04/2026,sábado,15:00:00,PR,116.0,109,CURITIBA,Reação tardia ou ineficiente do condutor,Colisão lateral mesmo sentido,Com Vítimas Feridas,Pleno dia,Crescente,Céu Claro,Dupla,Curva,Não,2.0,0.0,1.0,0.0,1.0,0.0,0.0,2.0,"-25,562152","-49,259647",SPRF-PR,DEL01/PR,UOP03-DEL01-PR
767371,25/04/2026,sábado,14:37:00,SP,116.0,169,JACAREI,Reação tardia ou ineficiente do condutor,Tombamento,Com Vítimas Fatais,Pleno dia,Decrescente,Céu Claro,Dupla,Declive;Interseção de Vias;Curva,Não,2.0,1.0,0.0,0.0,0.0,0.0,0.0,2.0,"-23,30744427","-46,04392023",SPRF-SP,DEL02/SP,UOP01-DEL02-SP
767373,25/04/2026,sábado,15:40:00,PR,376.0,300,MAUA DA SERRA,Demais falhas mecânicas ou elétricas,Incêndio,Sem Vítimas,Pleno dia,Decrescente,Céu Claro,Dupla,Aclive;Curva,Não,2.0,0.0,0.0,0.0,0.0,1.0,0.0,2.0,"-23,93818589","-51,14436313",SPRF-PR,DEL07/PR,UOP02-DEL07-PR
767377,25/04/2026,sábado,15:30:00,MT,364.0,582,NOBRES,Ausência de reação do condutor,Colisão traseira,Com Vítimas Feridas,Pleno dia,Decrescente,Chuva,Dupla,Curva;Declive,Não,5.0,0.0,1.0,0.0,1.0,3.0,0.0,3.0,"-14,578103","-56,22465",SPRF-MT,DEL01/MT,UOP01-DEL01-MT
767379,25/04/2026,sábado,14:35:00,MG,116.0,"715,6",MURIAE,Velocidade Incompatível,Tombamento,Com Vítimas Feridas,Pleno dia,Decrescente,Sol,Simples,Curva,Não,2.0,0.0,1.0,0.0,1.0,0.0,0.0,2.0,"-21,211981","-42,389138",SPRF-MG,DEL07/MG,UOP02-DEL07-MG
767380,25/04/2026,sábado,16:10:00,GO,153.0,574,PROFESSOR JAMIL,Condutor Dormindo,Saída de leito carroçável,Com Vítimas Feridas,Pleno dia,Crescente,Céu Claro,Dupla,Reta,Não,2.0,0.0,1.0,0.0,1.0,1.0,0.0,1.0,"-17,3342667","-49,238995",SPRF-GO,DEL03/GO,UOP01-DEL03-GO
767382,25/04/2026,sábado,10:05:00,MA,222.0,"287,4",VITORIA DO MEARIM,Pista esburacada,Colisão lateral sentido oposto,Sem Vítimas,Pleno dia,Decrescente,Chuva,Simples,Curva,Não,3.0,0.0,0.0,0.0,0.0,1.0,0.0,3.0,"-3,448425","-44,836477",SPRF-MA,DEL02-MA,UOP01-DEL02-MA
767392,25/04/2026,sábado,13:30:00,MS,463.0,"5,7",DOURADOS,Pista esburacada,Saída de leito carroçável,Com Vítimas Feridas,Pleno dia,Decrescente,Céu Claro,Simples,Reta,Não,3.0,0.0,1.0,0.0,1.0,1.0,0.0,3.0,"-22,2569466","-54,85962264",SPRF-MS,DEL04/MS,UOP01-DEL04-MS
767395,25/04/2026,sábado,16:10:00,PR,376.0,"453,7",TIBAGI,Velocidade Incompatível,Tombamento,Com Vítimas Feridas,Pleno dia,Crescente,Céu Claro,Dupla,Ponte;Declive;Curva,Não,2.0,0.0,1.0,0.0,1.0,0.0,0.0,2.0,"-24,94773916","-50,39496784",SPRF-PR,DEL03/PR,UOP02-DEL03-PR
767405,25/04/2026,sábado,20:05:00,PR,277.0,"4,5",PARANAGUA,Desrespeitar a preferência no cruzamento,Colisão traseira,Sem Vítimas,Plena Noite,Decrescente,Nublado,Simples,Viaduto;Curva;Interseção de Vias,Sim,3.0,0.0,0.0,0.0,0.0,1.0,0.0,6.0,"-25,5543","-48,562758",SPRF-PR,DEL01/PR,UOP05-DEL01-PR
767408,25/04/2026,sábado,19:55:00,SP,116.0,148,SAO JOSE DOS CAMPOS,Ausência de reação do condutor,Capotamento,Com Vítimas Feridas,Plena Noite,Decrescente,Céu Claro,Dupla,Reta,Sim,2.0,0.0,1.0,0.0,1.0,0.0,0.0,2.0,"-23,20870262","-45,88833722",SPRF-SP,DEL02/SP,UOP01-DEL02-SP
767420,08/03/2026,domingo,14:40:00,SP,116.0,565,BARRA DO TURVO,Reação tardia ou ineficiente do condutor,Saída de leito carroçável,Com Vítimas Feridas,Pleno dia,Crescente,Chuva,Simples,Curva;Aclive,Não,4.0,0.0,1.0,0.0,1.0,2.0,0.0,3.0,"-25,03680285","-48,54848099",SPRF-SP,DEL05/SP,UOP02-DEL05-SP
767421,25/04/2026,sábado,18:30:00,MG,40.0,"638,5",CONSELHEIRO LAFAIETE,Manobra de mudança de faixa,Saída de leito carroçável,Com Vítimas Feridas,Plena Noite,Crescente,Céu Claro,Simples,Reta,Não,1.0,0.0,1.0,0.0,1.0,0.0,0.0,1.0,"-20,722758","-43,801953",SPRF-MG,DEL05/MG,UOP02-DEL05-MG
767423,25/04/2026,sábado,21:27:00,CE,222.0,"128,5",ITAPAJE,Reação tardia ou ineficiente do condutor,Capotamento,Com Vítimas Feridas,Plena Noite,Crescente,Nublado,Simples,Curva,Não,3.0,0.0,1.0,0.0,1.0,1.0,0.0,2.0,"-3,69184128","-39,60068174",SPRF-CE,DEL04/CE,UOP03-DEL04-CE
767426,25/04/2026,sábado,22:10:00,MG,381.0,443,SABARA,Iluminação deficiente,Atropelamento de Pedestre,Com Vítimas Fatais,Plena Noite,Decrescente,Céu Claro,Simples,Aclive;Reta,Sim,2.0,1.0,0.0,0.0,0.0,1.0,0.0,2.0,"-19,833952","-43,848386",SPRF-MG,DEL01/MG,UOP01-DEL01-MG
767436,25/04/2026,sábado,16:35:00,MG,116.0,299,ITAMBACURI,Demais falhas mecânicas ou elétricas,Incêndio,Sem Vítimas,Pleno dia,Decrescente,Céu Claro,Simples,Declive;Curva,Não,2.0,0.0,0.0,0.0,0.0,1.0,0.0,2.0,"-18,015617","-41,612167",SPRF-MG,DEL11/MG,UOP01-DEL11-MG
767440,25/04/2026,sábado,18:30:00,PA,230.0,584,VITORIA DO XINGU,Curva acentuada,Tombamento,Com Vítimas Fatais,Anoitecer,Decrescente,Céu Claro,Simples,Curva;Declive,Não,2.0,1.0,0.0,0.0,0.0,0.0,0.0,2.0,"-3,0947941","-51,85192734",SPRF-PA,DEL04/PA,UOP01-DEL04-PA
767443,26/04/2026,domingo,00:10:00,MG,365.0,"563,7",INDIANOPOLIS,Reação tardia ou ineficiente do condutor,Saída de leito carroçável,Com Vítimas Feridas,Pleno dia,Crescente,Nublado,Simples,Reta,Não,2.0,0.0,1.0,0.0,1.0,0.0,0.0,4.0,"-18,9202","-47,7953",SPRF-MG,DEL15/MG,UOP02-DEL15-MG
767446,26/04/2026,domingo,00:50:00,RJ,116.0,184,NOVA IGUACU,Ausência de reação do condutor,Colisão traseira,Com Vítimas Feridas,Plena Noite,Crescente,Céu Claro,Dupla,Reta;Interseção de Vias,Sim,3.0,0.0,2.0,0.0,2.0,1.0,0.0,2.0,"-22,76023427","-43,42530727",SPRF-RJ,DEL06/RJ,UOP01-DEL06-RJ
767454,26/04/2026,domingo,01:20:00,PA,230.0,150,MARABA,Transitar na contramão,Colisão frontal,Com Vítimas Feridas,Plena Noite,Crescente,Céu Claro,Simples,Reta;Declive,Não,2.0,0.0,0.0,1.0,1.0,1.0,0.0,2.0,"-5,25245","-49,32761",SPRF-PA,DEL03/PA,UOP01-DEL03-PA
767461,26/04/2026,domingo,03:30:00,BA,116.0,476,SANTO ESTEVAO,Acessar a via sem observar a presença dos outros veículos,Colisão lateral mesmo sentido,Sem Vítimas,Plena Noite,Decrescente,Céu Claro,Dupla,Reta,Não,5.0,0.0,0.0,0.0,0.0,3.0,0.0,5.0,"-12,51091691","-39,37221594",SPRF-BA,DEL02/BA,UOP01-DEL02-BA
767465,26/04/2026,domingo,04:55:00,PR,153.0,"10,3",JACAREZINHO,Ausência de reação do condutor,Colisão traseira,Com Vítimas Feridas,Plena Noite,Crescente,Céu Claro,Simples,Reta,Não,4.0,0.0,1.0,0.0,1.0,1.0,0.0,3.0,"-23,08015525","-49,93551906",SPRF-PR,DEL07/PR,UOP04-DEL07-PR
767471,25/04/2026,sábado,19:45:00,CE,222.0,"297,9",TIANGUA,Pista Escorregadia,Colisão lateral sentido oposto,Com Vítimas Feridas,Plena Noite,Crescente,Chuva,Simples,Declive;Curva,Não,3.0,0.0,1.0,0.0,1.0,1.0,0.0,3.0,"-3,64888548","-40,9298199",SPRF-CE,DEL04/CE,UOP02-DEL04-CE
767472,26/04/2026,domingo,04:30:00,MT,364.0,"541,7",ROSARIO OESTE,Falta de acostamento,Colisão lateral mesmo sentido,Com Vítimas Fatais,Plena Noite,Decrescente,Nublado,Simples,Reta,Não,3.0,1.0,0.0,0.0,0.0,0.0,0.0,3.0,"-14,847218","-56,44754",SPRF-MT,DEL01/MT,UOP01-DEL01-MT
767476,26/04/2026,domingo,07:30:00,GO,452.0,62,MAURILANDIA,Demais falhas mecânicas ou elétricas,Derramamento de carga,Com Vítimas Feridas,Pleno dia,Crescente,Céu Claro,Simples,Curva,Não,4.0,0.0,1.0,0.0,1.0,2.0,0.0,4.0,"-18,001752","-50,375877",SPRF-GO,DEL04/GO,UOP01-DEL04-GO
767479,26/04/2026,domingo,08:15:00,SP,116.0,"137,8",SAO JOSE DOS CAMPOS,Trafegar com motocicleta (ou similar) entre as faixas,Engavetamento,Com Vítimas Feridas,Pleno dia,Decrescente,Céu Claro,Múltipla,Reta,Sim,7.0,0.0,0.0,2.0,2.0,4.0,0.0,5.0,"-23,15515","-45,79066",SPRF-SP,DEL02/SP,UOP01-DEL02-SP
767480,11/03/2026,quarta-feira,09:00:00,MG,153.0,"140,8",PRATA,Ausência de reação do condutor,Saída de leito carroçável,Sem Vítimas,Pleno dia,Crescente,Nublado,Simples,Reta;Declive,Não,1.0,0.0,0.0,0.0,0.0,1.0,0.0,1.0,"-19,570029","-48,8264726",SPRF-MG,DEL15/MG,UOP03-DEL15-MG
767482,26/04/2026,domingo,07:45:00,SP,116.0,562,BARRA DO TURVO,Ausência de reação do condutor,Tombamento,Com Vítimas Feridas,Pleno dia,Crescente,Nublado,Dupla,Reta,Não,2.0,0.0,1.0,0.0,1.0,0.0,0.0,2.0,"-25,02453519","-48,52299437",SPRF-SP,DEL05/SP,UOP02-DEL05-SP
767484,26/04/2026,domingo,07:20:00,GO,364.0,270,MINEIROS,Ausência de reação do condutor,Saída de leito carroçável,Com Vítimas Feridas,Pleno dia,Crescente,Céu Claro,Simples,Curva;Declive,Não,2.0,0.0,1.0,0.0,1.0,0.0,0.0,3.0,"-17,666843","-52,317708",SPRF-GO,DEL05/GO,UOP01-DEL05-GO
767485,26/04/2026,domingo,08:26:00,RN,110.0,52,MOSSORO,Conversão proibida,Colisão transversal,Com Vítimas Feridas,Pleno dia,Crescente,Céu Claro,Simples,Reta,Sim,3.0,0.0,2.0,0.0,2.0,1.0,0.0,2.0,"-5,239963","-37,332017",SPRF-RN,DEL04-RN,UOP01-DEL04-RN
767490,26/04/2026,domingo,07:10:00,RJ,40.0,108,DUQUE DE CAXIAS,Carga excessiva e/ou mal acondicionada,Derramamento de carga,Sem Vítimas,Pleno dia,Crescente,Céu Claro,Simples,Curva;Viaduto,Não,1.0,0.0,0.0,0.0,0.0,1.0,0.0,1.0,"-22,67083874","-43,28411256",SPRF-RJ,DEL01/RJ,UOP02-DEL01-RJ
767494,26/04/2026,domingo,07:55:00,SC,280.0,170,MAFRA,Reação tardia ou ineficiente do condutor,Colisão traseira,Com Vítimas Feridas,Pleno dia,Crescente,Garoa/Chuvisco,Simples,Reta,Sim,3.0,0.0,2.0,0.0,2.0,0.0,0.0,2.0,"-26,13994","-49,8127",SPRF-SC,DEL06/SC,UOP01-DEL06-SC
767497,26/04/2026,domingo,09:30:00,PR,376.0,519,PONTA GROSSA,Ausência de reação do condutor,Colisão traseira,Com Vítimas Feridas,Pleno dia,Decrescente,Ignorado,Dupla,Reta,Não,4.0,0.0,2.0,0.0,2.0,1.0,0.0,4.0,"-25,269813","-49,93871",SPRF-PR,DEL03/PR,UOP03-DEL03-PR
767510,26/03/2026,quinta-feira,06:15:00,PA,316.0,33,SANTA IZABEL DO PARA,Condutor deixou de manter distância do veículo da frente,Colisão traseira,Com Vítimas Feridas,Amanhecer,Crescente,Nevoeiro/Neblina,Dupla,Retorno Regulamentado,Sim,4.0,0.0,1.0,0.0,1.0,2.0,0.0,4.0,"-1,295285","-48,17311",SPRF-PA,DEL01/PA,UOP01-DEL01-PA
767511,26/04/2026,domingo,11:05:00,SC,470.0,"60,2",BLUMENAU,Desrespeitar a preferência no cruzamento,Colisão transversal,Com Vítimas Feridas,Pleno dia,Decrescente,Garoa/Chuvisco,Simples,Reta,Sim,5.0,0.0,2.0,0.0,2.0,2.0,0.0,3.0,"-26,88070818","-49,16711211",SPRF-SC,DEL04/SC,UOP01-DEL04-SC
767513,26/04/2026,domingo,10:00:00,RS,285.0,252,AGUA SANTA,Ultrapassagem Indevida,Colisão frontal,Com Vítimas Feridas,Pleno dia,Decrescente,Nublado,Simples,Aclive;Reta,Não,4.0,0.0,2.0,0.0,2.0,1.0,0.0,3.0,"-28,296614","-52,007867",SPRF-RS,DEL08/RS,UOP03-DEL08-RS
767521,26/04/2026,domingo,12:15:00,SP,116.0,213,GUARULHOS,Ausência de reação do condutor,Colisão lateral mesmo sentido,Com Vítimas Feridas,Pleno dia,Decrescente,Céu Claro,Múltipla,Reta,Não,3.0,0.0,0.0,1.0,1.0,1.0,0.0,4.0,"-23,44143972","-46,44084899",SPRF-SP,DEL01/SP,UOP01-DEL01-SP
767527,26/04/2026,domingo,09:30:00,MT,364.0,615,DIAMANTINO,Ausência de reação do condutor,Tombamento,Com Vítimas Feridas,Pleno dia,Decrescente,Céu Claro,Simples,Curva,Não,2.0,0.0,1.0,0.0,1.0,0.0,0.0,3.0,"-14,4773597","-56,2431642",SPRF-MT,DEL01/MT,UOP01-DEL01-MT
767536,12/02/2026,quinta-feira,12:00:00,MG,262.0,"361,5",BETIM,Reação tardia ou ineficiente do condutor,Colisão traseira,Sem Vítimas,Pleno dia,Decrescente,Céu Claro,Dupla,Reta;Em Obras,Não,2.0,0.0,0.0,0.0,0.0,2.0,0.0,2.0,"-19,9740748","-44,26940918",SPRF-MG,DEL01/MG,UOP03-DEL01-MG
767545,26/04/2026,domingo,13:45:00,SC,101.0,157,PORTO BELO,Carga excessiva e/ou mal acondicionada,Colisão com objeto,Sem Vítimas,Pleno dia,Crescente,Céu Claro,Múltipla,Reta,Sim,1.0,0.0,0.0,0.0,0.0,1.0,0.0,1.0,"-27,18509173","-48,61248342",SPRF-SC,DEL04/SC,UOP03-DEL04-SC
767553,26/04/2026,domingo,11:10:00,BA,324.0,558,SANTO AMARO,Demais falhas mecânicas ou elétricas,Incêndio,Sem Vítimas,Pleno dia,Crescente,Sol,Dupla,Reta,Não,2.0,0.0,0.0,0.0,0.0,1.0,0.0,2.0,"-12,49068503","-38,65553498",SPRF-BA,DEL11/BA,UOP02-DEL11-BA
767559,03/04/2026,sexta-feira,10:00:00,GO,153.0,669,ITUMBIARA,Reação tardia ou ineficiente do condutor,Colisão lateral mesmo sentido,Com Vítimas Feridas,Pleno dia,Crescente,Céu Claro,Dupla,Reta,Não,7.0,0.0,1.0,0.0,1.0,5.0,0.0,3.0,"-18,29109894","-49,23860457",SPRF-GO,DEL03/GO,UOP02-DEL03-GO
767569,26/04/2026,domingo,16:30:00,MG,365.0,511,PATROCINIO,Mal súbito do condutor,Saída de leito carroçável,Com Vítimas Feridas,Pleno dia,Crescente,Céu Claro,Simples,Reta,Não,1.0,0.0,1.0,0.0,1.0,0.0,0.0,1.0,"-18,94006233","-47,30609894",SPRF-MG,DEL10/MG,UOP01-DEL10-MG
767573,26/04/2026,domingo,13:25:00,SP,116.0,409,JUQUIA,Demais falhas mecânicas ou elétricas,Incêndio,Sem Vítimas,Pleno dia,Decrescente,Céu Claro,Dupla,Reta,Sim,1.0,0.0,0.0,0.0,0.0,0.0,1.0,1.0,"-24,33172733","-47,61431124",SPRF-SP,DEL05/SP,UOP01-DEL05-SP
767576,26/04/2026,domingo,17:05:00,SP,116.0,529,BARRA DO TURVO,Frear bruscamente,Colisão traseira,Com Vítimas Feridas,Pleno dia,Decrescente,Sol,Dupla,Reta,Não,7.0,0.0,1.0,3.0,4.0,2.0,0.0,4.0,"-24,93899895","-48,30074184",SPRF-SP,DEL05/SP,UOP02-DEL05-SP
767580,27/02/2026,sexta-feira,02:45:00,SP,116.0,349,MIRACATU,Demais falhas mecânicas ou elétricas,Incêndio,Sem Vítimas,Plena Noite,Decrescente,Garoa/Chuvisco,Dupla,Reta;Aclive,Não,2.0,0.0,0.0,0.0,0.0,1.0,0.0,2.0,"-24,056167","-47,219607",SPRF-SP,DEL04/SP,UOP03-DEL04-SP
767583,26/04/2026,domingo,16:45:00,RS,116.0,"121,7",SAO MARCOS,Ausência de reação do condutor,Tombamento,Com Vítimas Feridas,Pleno dia,Crescente,Céu Claro,Simples,Aclive;Curva,Não,2.0,0.0,1.0,0.0,1.0,0.0,0.0,2.0,"-29,01027451","-51,07027385",SPRF-RS,DEL05/RS,UOP01-DEL05-RS
767584,26/04/2026,domingo,16:25:00,MT,174.0,499,COMODORO,Demais falhas mecânicas ou elétricas,Incêndio,Sem Vítimas,Pleno dia,Decrescente,Céu Claro,Simples,Reta,Sim,3.0,0.0,0.0,0.0,0.0,1.0,0.0,3.0,"-13,6690449","-59,7929491",SPRF-MT,DEL04/MT,UOP02-DEL04-MT
767585,26/04/2026,domingo,16:10:00,MT,163.0,1081,GUARANTA DO NORTE,Velocidade Incompatível,Tombamento,Sem Vítimas,Pleno dia,Decrescente,Céu Claro,Simples,Ponte;Reta;Declive,Não,2.0,0.0,0.0,0.0,0.0,1.0,0.0,4.0,"-9,817428","-54,88634",SPRF-MT,DEL06/MT,UOP03-DEL06-MT
767593,26/04/2026,domingo,17:30:00,MG,381.0,"636,2",SANTO ANTONIO DO AMPARO,Acesso irregular,Tombamento,Com Vítimas Fatais,Plena Noite,Crescente,Céu Claro,Dupla,Reta,Não,2.0,1.0,0.0,0.0,0.0,0.0,0.0,2.0,"-20,867585","-44,842132",SPRF-MG,DEL04/MG,UOP01-DEL04-MG
767594,26/04/2026,domingo,12:00:00,MT,364.0,135,PEDRA PRETA,Demais falhas mecânicas ou elétricas,Saída de leito carroçável,Com Vítimas Feridas,Pleno dia,Decrescente,Céu Claro,Dupla,Declive,Não,2.0,0.0,1.0,0.0,1.0,0.0,0.0,3.0,"-16,7876632","-54,1686747",SPRF-MT,DEL02/MT,UOP01-DEL02-MT
767597,26/04/2026,domingo,15:45:00,SC,116.0,"12,4",MAFRA,Acessar a via sem observar a presença dos outros veículos,Colisão transversal,Com Vítimas Feridas,Pleno dia,Crescente,Chuva,Simples,Interseção de Vias,Não,4.0,0.0,2.0,1.0,3.0,1.0,0.0,2.0,"-26,17981","-49,87132",SPRF-SC,DEL06/SC,UOP01-DEL06-SC
767600,26/04/2026,domingo,18:27:00,PR,116.0,57,CAMPINA GRANDE DO SUL,Manobra de mudança de faixa,Colisão lateral mesmo sentido,Com Vítimas Feridas,Plena Noite,Decrescente,Chuva,Dupla,Curva,Não,5.0,0.0,2.0,0.0,2.0,2.0,0.0,3.0,"-25,29745622","-48,93895721",SPRF-PR,DEL01/PR,UOP02-DEL01-PR
767618,26/04/2026,domingo,18:00:00,MS,158.0,"44,9",PARANAIBA,Transitar na contramão,Colisão frontal,Com Vítimas Feridas,Plena Noite,Decrescente,Céu Claro,Simples,Reta,Não,3.0,0.0,1.0,0.0,1.0,1.0,0.0,3.0,"-19,33346","-51,439552",SPRF-MS,DEL08/MS,UOP01-DEL08-MS
767625,23/04/2026,quinta-feira,05:30:00,MG,354.0,745,POUSO ALTO,Condutor Dormindo,Colisão frontal,Com Vítimas Feridas,Amanhecer,Crescente,Céu Claro,Simples,Reta,Não,2.0,0.0,1.0,0.0,1.0,1.0,0.0,2.0,"-22,25639447","-44,92558301",SPRF-MG,DEL17/MG,UOP01-DEL17-MG
767629,26/04/2026,domingo,18:30:00,MG,381.0,428,SABARA,Reação tardia ou ineficiente do condutor,Tombamento,Com Vítimas Feridas,Plena Noite,Crescente,Céu Claro,Simples,Curva,Não,3.0,0.0,3.0,0.0,3.0,0.0,0.0,1.0,"-19,78510776","-43,72350153",SPRF-MG,DEL01/MG,UOP01-DEL01-MG
767657,26/04/2026,domingo,21:15:00,MG,381.0,810,CAREACU,Ausência de reação do condutor,Saída de leito carroçável,Com Vítimas Feridas,Plena Noite,Decrescente,Céu Claro,Dupla,Declive,Não,1.0,0.0,1.0,0.0,1.0,0.0,0.0,1.0,"-22,00527129","-45,6747923",SPRF-MG,DEL16/MG,UOP02-DEL16-MG
767664,26/04/2026,domingo,19:33:00,RN,226.0,342,PATU,Ausência de sinalização,Colisão lateral sentido oposto,Com Vítimas Feridas,Plena Noite,Crescente,Céu Claro,Simples,Reta,Sim,2.0,0.0,0.0,1.0,1.0,0.0,0.0,2.0,"-6,095212","-37,642745",SPRF-RN,DEL04-RN,UOP01-DEL04-RN
767670,26/04/2026,domingo,22:40:00,BA,116.0,802,VITORIA DA CONQUISTA,Pista esburacada,Queda de ocupante de veículo,Com Vítimas Feridas,Plena Noite,Decrescente,Céu Claro,Simples,Reta,Não,5.0,0.0,3.0,0.0,3.0,1.0,0.0,4.0,"-14,75644861","-40,68991801",SPRF-BA,DEL08/BA,UOP02-DEL08-BA
767675,26/04/2026,domingo,22:00:00,PI,343.0,520,AMARANTE,Condutor Dormindo,Saída de leito carroçável,Com Vítimas Feridas,Plena Noite,Decrescente,Céu Claro,Simples,Reta,Não,1.0,0.0,1.0,0.0,1.0,0.0,0.0,1.0,"-6,399823","-42,795967",SPRF-PI,DEL03-PI,UOP01-DEL03-PI
767678,27/04/2026,segunda-feira,01:15:00,SC,101.0,58,ARAQUARI,Chuva,Colisão traseira,Com Vítimas Feridas,Plena Noite,Crescente,Chuva,Múltipla,Curva,Não,3.0,0.0,1.0,0.0,1.0,2.0,0.0,2.0,"-26,44122695","-48,80190468",SPRF-SC,DEL03/SC,UOP02-DEL03-SC
767679,26/04/2026,domingo,22:30:00,PR,116.0,"42,6",CAMPINA GRANDE DO SUL,Velocidade Incompatível,Saída de leito carroçável,Com Vítimas Fatais,Plena Noite,Decrescente,Chuva,Dupla,Curva,Não,3.0,2.0,1.0,0.0,1.0,0.0,0.0,1.0,"-25,18185446","-48,87934017",SPRF-PR,DEL01/PR,UOP02-DEL01-PR
767682,27/04/2026,segunda-feira,03:00:00,MG,381.0,289,ANTONIO DIAS,Demais falhas mecânicas ou elétricas,Incêndio,Sem Vítimas,Plena Noite,Decrescente,Céu Claro,Simples,Curva;Em Obras,Não,2.0,0.0,0.0,0.0,0.0,1.0,0.0,2.0,"-19,637533","-42,828739",SPRF-MG,DEL03/MG,UOP02-DEL03-MG
767687,26/04/2026,domingo,20:50:00,SC,280.0,92,CORUPA,Ausência de reação do condutor,Colisão com objeto,Com Vítimas Feridas,Plena Noite,Decrescente,Chuva,Simples,Curva;Declive,Não,1.0,0.0,1.0,0.0,1.0,0.0,0.0,1.0,"-26,39720945","-49,29984793",SPRF-SC,DEL06/SC,UOP03-DEL06-SC
767689,26/04/2026,domingo,18:20:00,SC,280.0,91,CORUPA,Pista Escorregadia,Colisão lateral sentido oposto,Com Vítimas Feridas,Plena Noite,Crescente,Chuva,Múltipla,Curva;Declive,Não,5.0,0.0,1.0,0.0,1.0,4.0,0.0,2.0,"-26,39677969","-49,29442819",SPRF-SC,DEL06/SC,UOP03-DEL06-SC
767690,27/04/2026,segunda-feira,04:00:00,GO,364.0,256,JATAI,Condutor Dormindo,Colisão lateral sentido oposto,Com Vítimas Feridas,Plena Noite,Decrescente,Céu Claro,Simples,Reta,Não,3.0,0.0,0.0,1.0,1.0,1.0,0.0,3.0,"-17,67687","-52,213491",SPRF-GO,DEL05/GO,UOP01-DEL05-GO
767691,27/04/2026,segunda-feira,05:40:00,BA,116.0,"630,2",JAGUAQUARA,Manobra de mudança de faixa,Colisão frontal,Com Vítimas Fatais,Amanhecer,Crescente,Céu Claro,Simples,Reta,Não,7.0,2.0,0.0,2.0,2.0,2.0,0.0,5.0,"-13,4971832","-40,0494158",SPRF-BA,DEL03/BA,UOP01-DEL03-BA
767693,27/04/2026,segunda-feira,05:40:00,MG,40.0,525,CONTAGEM,Condutor deixou de manter distância do veículo da frente,Colisão traseira,Com Vítimas Fatais,Amanhecer,Decrescente,Céu Claro,Dupla,Reta,Sim,2.0,1.0,0.0,0.0,0.0,0.0,0.0,2.0,"-19,89077914","-44,04998302",SPRF-MG,DEL01/MG,UOP02-DEL01-MG
767702,27/04/2026,segunda-feira,01:14:00,MG,381.0,526,BRUMADINHO,Velocidade Incompatível,Tombamento,Com Vítimas Feridas,Plena Noite,Crescente,Céu Claro,Dupla,Curva;Declive,Não,3.0,0.0,1.0,0.0,1.0,1.0,0.0,2.0,"-20,156953","-44,328402",SPRF-MG,DEL04/MG,UOP03-DEL04-MG
767707,27/04/2026,segunda-feira,07:25:00,MG,262.0,186,SAO DOMINGOS DO PRATA,Demais falhas mecânicas ou elétricas,Incêndio,Sem Vítimas,Amanhecer,Crescente,Céu Claro,Simples,Aclive;Reta,Não,2.0,0.0,0.0,0.0,0.0,1.0,0.0,2.0,"-19,894448","-43,040921",SPRF-MG,DEL03/MG,UOP01-DEL03-MG
767709,27/04/2026,segunda-feira,07:15:00,RS,290.0,107,ELDORADO DO SUL,Manobra de mudança de faixa,Colisão lateral mesmo sentido,Com Vítimas Feridas,Pleno dia,Decrescente,Céu Claro,Dupla,Reta,Não,2.0,0.0,1.0,0.0,1.0,0.0,0.0,2.0,"-30,00338523","-51,30915491",SPRF-RS,DEL02/RS,UOP01-DEL02-RS
767710,26/04/2026,domingo,21:30:00,RR,174.0,"133,2",RORAINOPOLIS,Carga excessiva e/ou mal acondicionada,Tombamento,Sem Vítimas,Plena Noite,Crescente,Céu Claro,Simples,Reta,Não,2.0,0.0,0.0,0.0,0.0,1.0,0.0,3.0,"0,254293","-60,516292",SPRF-RR,DEL01-RR,UOP02-DEL01-RR