id,data_inversa,dia_semana,horario,uf,br,km,municipio,causa_acidente,tipo_acidente,classificacao_acidente,fase_dia,sentido_via,condicao_metereologica,tipo_pista,tracado_via,uso_solo,pessoas,mortos,feridos_leves,feridos_graves,feridos,ilesos,ignorados,veiculos,latitude,longitude,regional,delegacia,uop
767961,28/04/2026,terça-feira,07:15:00,RO,364.0,"340,3",JI-PARANA,Manobra de mudança de faixa,Colisão lateral mesmo sentido,Com Vítimas Fatais,Pleno dia,Decrescente,Céu Claro,Dupla,Reta;Interseção de Vias,Sim,2.0,1.0,0.0,0.0,0.0,1.0,0.0,2.0,"-10,892635","-61,930685",SPRF-RO,DEL02-RO,UOP01-DEL02-RO
767963,22/04/2026,quarta-feira,06:55:00,SC,280.0,"163,1",MAFRA,Condutor Dormindo,Colisão frontal,Com Vítimas Feridas,Pleno dia,Decrescente,Céu Claro,Simples,Reta,Não,5.0,0.0,1.0,1.0,2.0,1.0,0.0,5.0,"-26,198349","-49,796559",SPRF-SC,DEL06/SC,UOP01-DEL06-SC
767964,28/04/2026,terça-feira,09:40:00,PR,373.0,"199,3",IPIRANGA,Desrespeitar a preferência no cruzamento,Colisão transversal,Com Vítimas Feridas,Pleno dia,Decrescente,Chuva,Simples,Interseção de Vias;Rotatória,Não,3.0,0.0,1.0,0.0,1.0,1.0,0.0,4.0,"-25,085928","-50,410543",SPRF-PR,DEL03/PR,UOP01-DEL03-PR
767967,28/04/2026,terça-feira,10:45:00,SC,101.0,190,BIGUACU,Reação tardia ou ineficiente do condutor,Colisão lateral mesmo sentido,Com Vítimas Feridas,Pleno dia,Crescente,Nublado,Dupla,Reta,Não,3.0,0.0,1.0,0.0,1.0,1.0,0.0,4.0,"-27,46978679","-48,64151565",SPRF-SC,DEL01/SC,UOP01-DEL01-SC
767968,28/04/2026,terça-feira,11:10:00,SP,153.0,"56,7",SAO JOSE DO RIO PRETO,Ausência de reação do condutor,Colisão traseira,Com Vítimas Feridas,Pleno dia,Crescente,Céu Claro,Dupla,Reta,Sim,3.0,0.0,0.0,2.0,2.0,1.0,0.0,2.0,"-20,767665","-49,348717",SPRF-SP,DEL09/SP,UOP01-DEL09-SP
767973,18/01/2026,domingo,15:10:00,ES,101.0,219,IBIRACU,Reação tardia ou ineficiente do condutor,Tombamento,Com Vítimas Feridas,Pleno dia,Crescente,Céu Claro,Dupla,Curva,Não,2.0,0.0,1.0,0.0,1.0,0.0,0.0,2.0,"-19,84140733","-40,38380226",SPRF-ES,DEL02-ES,UOP01-DEL02-ES
767974,28/04/2026,terça-feira,07:45:00,MT,364.0,"247,9",JUSCIMEIRA,Reação tardia ou ineficiente do condutor,Colisão traseira,Com Vítimas Feridas,Pleno dia,Crescente,Céu Claro,Dupla,Aclive;Reta,Sim,3.0,0.0,1.0,0.0,1.0,1.0,0.0,5.0,"-16,12153095","-54,85188067",SPRF-MT,DEL02/MT,UOP01-DEL02-MT
767975,28/04/2026,terça-feira,11:20:00,PR,476.0,"147,3",ARAUCARIA,Demais falhas mecânicas ou elétricas,Saída de leito carroçável,Com Vítimas Feridas,Pleno dia,Decrescente,Chuva,Dupla,Curva,Não,4.0,0.0,1.0,0.0,1.0,2.0,0.0,4.0,"-25,55612495","-49,34302077",SPRF-PR,DEL01/PR,UOP06-DEL01-PR
767977,28/04/2026,terça-feira,06:50:00,BA,242.0,"300,8",IBIQUERA,Condutor deixou de manter distância do veículo da frente,Saída de leito carroçável,Com Vítimas Feridas,Pleno dia,Decrescente,Céu Claro,Simples,Reta,Não,3.0,0.0,0.0,1.0,1.0,1.0,0.0,4.0,"-12,4614689","-40,89531898",SPRF-BA,DEL06/BA,UOP02-DEL06-BA
767978,28/04/2026,terça-feira,10:30:00,RJ,101.0,"123,5",CAMPOS DOS GOYTACAZES,Condutor deixou de manter distância do veículo da frente,Colisão traseira,Com Vítimas Feridas,Pleno dia,Decrescente,Céu Claro,Dupla,Curva,Não,3.0,0.0,1.0,0.0,1.0,1.0,0.0,3.0,"-22,04975","-41,685157",SPRF-RJ,DEL08/RJ,UOP04-DEL08-RJ
767979,28/04/2026,terça-feira,11:39:00,PR,116.0,"125,9",FAZENDA RIO GRANDE,Trafegar com motocicleta (ou similar) entre as faixas,Tombamento,Com Vítimas Feridas,Pleno dia,Decrescente,Garoa/Chuvisco,Dupla,Reta,Não,2.0,0.0,1.0,0.0,1.0,0.0,0.0,2.0,"-25,637882","-49,313039",SPRF-PR,DEL01/PR,UOP03-DEL01-PR
767983,28/04/2026,terça-feira,12:00:00,RJ,116.0,190,RIO DE JANEIRO,Pedestre andava na pista,Atropelamento de Pedestre,Com Vítimas Feridas,Pleno dia,Decrescente,Céu Claro,Dupla,Reta,Não,2.0,0.0,1.0,0.0,1.0,1.0,0.0,2.0,"-22,80481702","-43,34525863",SPRF-RJ,DEL06/RJ,UOP01-DEL06-RJ
767988,28/04/2026,terça-feira,13:05:00,SP,116.0,467,JACUPIRANGA,Avarias e/ou desgaste excessivo no pneu,Incêndio,Sem Vítimas,Pleno dia,Decrescente,Chuva,Dupla,Reta,Sim,3.0,0.0,0.0,0.0,0.0,1.0,0.0,3.0,"-24,65272951","-47,94986598",SPRF-SP,DEL05/SP,UOP01-DEL05-SP
767996,28/04/2026,terça-feira,10:30:00,SC,158.0,102,CUNHA PORA,Reação tardia ou ineficiente do condutor,Colisão lateral sentido oposto,Com Vítimas Feridas,Pleno dia,Crescente,Céu Claro,Simples,Curva,Não,3.0,0.0,2.0,0.0,2.0,1.0,0.0,2.0,"-26,83678484","-53,17470521",SPRF-SC,DEL07/SC,UOP02-DEL07-SC
767998,28/04/2026,terça-feira,12:50:00,SP,116.0,"66,3",GUARATINGUETA,Reação tardia ou ineficiente do condutor,Engavetamento,Com Vítimas Feridas,Pleno dia,Crescente,Sol,Dupla,Reta,Não,7.0,0.0,2.0,0.0,2.0,4.0,0.0,4.0,"-22,82478334","-45,20347238",SPRF-SP,DEL08/SP,UOP01-DEL08-SP
768001,28/04/2026,terça-feira,14:15:00,SC,470.0,"160,7",TROMBUDO CENTRAL,Velocidade Incompatível,Colisão traseira,Com Vítimas Feridas,Pleno dia,Decrescente,Nublado,Simples,Declive;Curva,Sim,3.0,0.0,2.0,1.0,3.0,0.0,0.0,2.0,"-27,285565","-49,80672",SPRF-SC,DEL04/SC,UOP02-DEL04-SC
768006,28/04/2026,terça-feira,07:50:00,PR,376.0,"672,4",GUARATUBA,Reação tardia ou ineficiente do condutor,Colisão traseira,Com Vítimas Feridas,Pleno dia,Crescente,Chuva,Dupla,Reta,Não,4.0,0.0,1.0,0.0,1.0,3.0,0.0,2.0,"-25,90386209","-48,92321197",SPRF-PR,DEL01/PR,UOP04-DEL01-PR
768007,28/04/2026,terça-feira,13:22:00,RN,226.0,"211,3",FLORANIA,Ausência de reação do condutor,Colisão transversal,Com Vítimas Feridas,Pleno dia,Decrescente,Céu Claro,Simples,Curva,Não,3.0,0.0,1.0,0.0,1.0,1.0,0.0,3.0,"-6,189604","-36,783868",SPRF-RN,DEL03-RN,UOP02-DEL03-RN
768008,28/04/2026,terça-feira,08:30:00,PR,376.0,"652,7",TIJUCAS DO SUL,Reação tardia ou ineficiente do condutor,Tombamento,Com Vítimas Feridas,Pleno dia,Crescente,Chuva,Simples,Declive;Curva,Não,2.0,0.0,0.0,1.0,1.0,0.0,0.0,2.0,"-25,842352","-49,056895",SPRF-PR,DEL01/PR,UOP04-DEL01-PR
768010,28/04/2026,terça-feira,12:06:00,CE,116.0,"224,6",SAO JOAO DO JAGUARIBE,Avarias e/ou desgaste excessivo no pneu,Saída de leito carroçável,Com Vítimas Feridas,Pleno dia,Crescente,Nevoeiro/Neblina,Simples,Reta,Não,2.0,0.0,2.0,0.0,2.0,0.0,0.0,1.0,"-5,37704809","-38,21448863",SPRF-CE,DEL03/CE,UOP01-DEL03-CE
768011,19/03/2026,quinta-feira,13:40:00,MG,40.0,"460,9",SETE LAGOAS,Velocidade Incompatível,Colisão traseira,Com Vítimas Feridas,Pleno dia,Crescente,Chuva,Dupla,Reta;Aclive,Não,3.0,0.0,0.0,1.0,1.0,1.0,0.0,3.0,"-19,40458","-44,33403",SPRF-MG,DEL02/MG,UOP01-DEL02-MG
768012,28/04/2026,terça-feira,13:20:00,CE,222.0,"205,8",FORQUILHA,Velocidade Incompatível,Colisão transversal,Com Vítimas Fatais,Pleno dia,Decrescente,Nublado,Simples,Curva,Não,17.0,2.0,5.0,10.0,15.0,0.0,0.0,2.0,"-3,78633241","-40,24171527",SPRF-CE,DEL04/CE,UOP01-DEL04-CE
768013,29/03/2026,domingo,19:30:00,PA,10.0,134,PARAGOMINAS,Manobra de mudança de faixa,Colisão frontal,Sem Vítimas,Plena Noite,Crescente,Céu Claro,Simples,Reta,Não,2.0,0.0,0.0,0.0,0.0,2.0,0.0,2.0,"-3,2685021","-47,4710903",SPRF-PA,DEL02/PA,UOP01-DEL02-PA
768019,28/04/2026,terça-feira,10:50:00,CE,222.0,312,TIANGUA,Pedestre andava na pista,Atropelamento de Pedestre,Com Vítimas Fatais,Pleno dia,Decrescente,Céu Claro,Múltipla,Reta,Sim,3.0,1.0,0.0,0.0,0.0,1.0,0.0,5.0,"-3,7168846","-40,99112749",SPRF-CE,DEL04/CE,UOP02-DEL04-CE
768021,28/04/2026,terça-feira,15:45:00,BA,324.0,535,CONCEICAO DO JACUIPE,Demais falhas mecânicas ou elétricas,Incêndio,Sem Vítimas,Pleno dia,Crescente,Céu Claro,Dupla,Reta,Sim,2.0,0.0,0.0,0.0,0.0,1.0,0.0,3.0,"-12,3678114","-38,8157651",SPRF-BA,DEL11/BA,UOP02-DEL11-BA
768022,28/04/2026,terça-feira,14:30:00,PR,376.0,496,PONTA GROSSA,Ausência de reação do condutor,Colisão lateral mesmo sentido,Com Vítimas Feridas,Pleno dia,Decrescente,Chuva,Dupla,Aclive;Reta,Sim,3.0,0.0,1.0,0.0,1.0,1.0,0.0,3.0,"-25,165947","-50,115857",SPRF-PR,DEL03/PR,UOP03-DEL03-PR
768024,28/04/2026,terça-feira,08:20:00,MG,116.0,"165,5",PADRE PARAISO,Transitar na contramão,Colisão frontal,Com Vítimas Feridas,Pleno dia,Crescente,Céu Claro,Simples,Reta,Não,6.0,0.0,2.0,3.0,5.0,1.0,0.0,2.0,"-16,980183","-41,447984",SPRF-MG,DEL11/MG,UOP02-DEL11-MG
768028,28/04/2026,terça-feira,15:15:00,RS,392.0,"79,6",PELOTAS,Transitar na contramão,Colisão frontal,Com Vítimas Fatais,Pleno dia,Decrescente,Céu Claro,Simples,Curva,Não,3.0,1.0,0.0,1.0,1.0,0.0,0.0,6.0,"-31,678173","-52,453178",SPRF-RS,DEL07/RS,UOP01-DEL07-RS
768040,28/04/2026,terça-feira,16:00:00,RS,285.0,"668,4",SAO BORJA,Reação tardia ou ineficiente do condutor,Tombamento,Com Vítimas Feridas,Pleno dia,Crescente,Céu Claro,Simples,Reta,Não,2.0,0.0,0.0,1.0,1.0,0.0,0.0,2.0,"-28,661476","-55,926126",SPRF-RS,DEL12/RS,UOP01-DEL12-RS
768042,28/04/2026,terça-feira,16:30:00,RO,364.0,767,PORTO VELHO,Ingestão de álcool pelo condutor,Colisão transversal,Sem Vítimas,Pleno dia,Crescente,Céu Claro,Simples,Aclive,Não,3.0,0.0,0.0,0.0,0.0,2.0,0.0,5.0,"-9,09636336","-64,091751",SPRF-RO,DEL01-RO,UOP02-DEL01-RO
768043,28/04/2026,terça-feira,17:10:00,GO,40.0,"4,5",VALPARAISO DE GOIAS,Trafegar com motocicleta (ou similar) entre as faixas,Colisão lateral mesmo sentido,Com Vítimas Feridas,Pleno dia,Decrescente,Sol,Dupla,Reta,Sim,2.0,0.0,0.0,1.0,1.0,0.0,0.0,2.0,"-16,087826","-47,985291",SPRF-DF,DEL01-DF,UOP01-DEL01-DF
768048,28/04/2026,terça-feira,18:30:00,SC,282.0,5,SAO JOSE,Manobra de mudança de faixa,Colisão lateral mesmo sentido,Com Vítimas Feridas,Plena Noite,Decrescente,Céu Claro,Múltipla,Reta,Sim,3.0,0.0,1.0,0.0,1.0,2.0,0.0,3.0,"-27,58754","-48,61431",SPRF-SC,DEL01/SC,UOP01-DEL01-SC
768052,24/04/2026,sexta-feira,22:00:00,RJ,393.0,168,TRES RIOS,Acesso irregular,Colisão frontal,Com Vítimas Feridas,Plena Noite,Crescente,Céu Claro,Simples,Interseção de Vias,Não,3.0,0.0,1.0,0.0,1.0,2.0,0.0,2.0,"-22,125037","-43,1743439",SPRF-RJ,DEL05/RJ,UOP01-DEL05-RJ
768053,28/04/2026,terça-feira,18:07:00,ES,447.0,14,VILA VELHA,Reação tardia ou ineficiente do condutor,Colisão com objeto,Sem Vítimas,Plena Noite,Decrescente,Céu Claro,Dupla,Reta,Sim,4.0,0.0,0.0,0.0,0.0,3.0,0.0,4.0,"-20,347546","-40,330575",SPRF-ES,DEL01-ES,UOP01-DEL01-ES
768059,28/04/2026,terça-feira,19:50:00,MG,381.0,"810,9",CAREACU,Demais falhas mecânicas ou elétricas,Incêndio,Sem Vítimas,Plena Noite,Crescente,Céu Claro,Dupla,Curva,Não,1.0,0.0,0.0,0.0,0.0,1.0,0.0,1.0,"-22,00003683","-45,67359924",SPRF-MG,DEL16/MG,UOP02-DEL16-MG
768073,28/04/2026,terça-feira,20:10:00,PR,376.0,449,TIBAGI,Ausência de reação do condutor,Saída de leito carroçável,Com Vítimas Feridas,Plena Noite,Decrescente,Chuva,Dupla,Aclive;Curva,Não,3.0,0.0,1.0,0.0,1.0,1.0,0.0,3.0,"-24,91138056","-50,4161396",SPRF-PR,DEL03/PR,UOP02-DEL03-PR
768076,28/04/2026,terça-feira,21:25:00,MG,381.0,410,CAETE,Reação tardia ou ineficiente do condutor,Colisão traseira,Com Vítimas Fatais,Plena Noite,Crescente,Céu Claro,Dupla,Reta,Não,3.0,1.0,0.0,0.0,0.0,1.0,0.0,3.0,"-19,74146","-43,61038",SPRF-MG,DEL01/MG,UOP01-DEL01-MG
768078,28/04/2026,terça-feira,21:10:00,SC,282.0,"2,7",FLORIANOPOLIS,Objeto estático sobre o leito carroçável,Colisão traseira,Com Vítimas Feridas,Plena Noite,Crescente,Céu Claro,Múltipla,Reta,Sim,2.0,0.0,0.0,1.0,1.0,1.0,0.0,2.0,"-27,60227142","-48,59596102",SPRF-SC,DEL01/SC,UOP01-DEL01-SC
768081,28/04/2026,terça-feira,21:20:00,AL,101.0,"122,6",SAO MIGUEL DOS CAMPOS,Deficiência do Sistema de Iluminação/Sinalização,Colisão frontal,Com Vítimas Fatais,Plena Noite,Crescente,Chuva,Simples,Curva,Não,4.0,1.0,0.0,2.0,2.0,0.0,0.0,5.0,"-9,710784","-36,040038",SPRF-AL,DEL02-AL,UOP01-DEL02-AL
768092,28/04/2026,terça-feira,22:00:00,MG,381.0,536,ITATIAIUCU,Ausência de reação do condutor,Colisão lateral mesmo sentido,Com Vítimas Feridas,Plena Noite,Crescente,Céu Claro,Dupla,Reta,Não,3.0,0.0,1.0,0.0,1.0,2.0,0.0,2.0,"-20,19791334","-44,38534928",SPRF-MG,DEL04/MG,UOP03-DEL04-MG
768094,28/04/2026,terça-feira,22:00:00,MG,262.0,354,BETIM,Reação tardia ou ineficiente do condutor,Saída de leito carroçável,Com Vítimas Feridas,Pleno dia,Crescente,Céu Claro,Dupla,Reta,Não,3.0,0.0,1.0,0.0,1.0,1.0,0.0,5.0,"-19,978485","-44,253611",SPRF-MG,DEL01/MG,UOP03-DEL01-MG
768096,28/04/2026,terça-feira,18:30:00,MT,70.0,7,BARRA DO GARCAS,Acessar a via sem observar a presença dos outros veículos,Colisão transversal,Com Vítimas Feridas,Plena Noite,Decrescente,Céu Claro,Dupla,Reta,Não,2.0,0.0,1.0,0.0,1.0,0.0,0.0,2.0,"-15,8782538","-52,31324673",SPRF-MT,DEL07/MT,UOP01-DEL07-MT
768099,28/04/2026,terça-feira,22:40:00,SC,280.0,56,GUARAMIRIM,Acessar a via sem observar a presença dos outros veículos,Colisão transversal,Com Vítimas Feridas,Plena Noite,Crescente,Garoa/Chuvisco,Dupla,Reta;Rotatória,Sim,2.0,0.0,1.0,0.0,1.0,1.0,0.0,2.0,"-26,47879816","-49,00096385",SPRF-SC,DEL03/SC,UOP03-DEL03-SC
768100,28/04/2026,terça-feira,18:58:00,PI,343.0,"317,4",ALTOS,Ausência de reação do condutor,Atropelamento de Pedestre,Com Vítimas Fatais,Plena Noite,Decrescente,Céu Claro,Simples,Reta;Declive,Não,3.0,2.0,0.0,0.0,0.0,1.0,0.0,3.0,"-5,044748","-42,54586",SPRF-PI,DEL01-PI,UOP01-DEL01-PI
768101,28/04/2026,terça-feira,20:50:00,SC,282.0,277,HERVAL DOESTE,Acumulo de água sobre o pavimento,Saída de leito carroçável,Com Vítimas Feridas,Plena Noite,Crescente,Chuva,Simples,Curva;Declive,Não,1.0,0.0,1.0,0.0,1.0,0.0,0.0,1.0,"-27,21913","-51,462469",SPRF-SC,DEL05/SC,UOP02-DEL05-SC
768102,28/04/2026,terça-feira,19:00:00,MA,230.0,336,SAO RAIMUNDO DAS MANGABEIRAS,Demais falhas mecânicas ou elétricas,Eventos atípicos,Com Vítimas Feridas,Plena Noite,Decrescente,Céu Claro,Simples,Reta,Sim,2.0,0.0,0.0,1.0,1.0,1.0,0.0,1.0,"-7,108952","-45,64813",SPRF-MA,DEL05-MA,UOP01-DEL05-MA
768103,28/04/2026,terça-feira,20:58:00,PA,10.0,74,ULIANOPOLIS,Ultrapassagem Indevida,Colisão lateral mesmo sentido,Sem Vítimas,Plena Noite,Decrescente,Céu Claro,Simples,Aclive;Reta,Não,4.0,0.0,0.0,0.0,0.0,2.0,0.0,4.0,"-3,907573","-47,528537",SPRF-PA,DEL02/PA,UOP02-DEL02-PA
768104,28/04/2026,terça-feira,21:20:00,SP,116.0,545,BARRA DO TURVO,Reação tardia ou ineficiente do condutor,Engavetamento,Com Vítimas Feridas,Plena Noite,Crescente,Garoa/Chuvisco,Múltipla,Curva;Declive,Não,7.0,0.0,1.0,0.0,1.0,5.0,0.0,8.0,"-24,94706448","-48,42530664",SPRF-SP,DEL05/SP,UOP02-DEL05-SP
768105,28/04/2026,terça-feira,23:15:00,MG,50.0,"24,6",ARAGUARI,Condutor Dormindo,Colisão lateral mesmo sentido,Com Vítimas Feridas,Plena Noite,Crescente,Céu Claro,Dupla,Curva;Declive,Não,3.0,0.0,2.0,0.0,2.0,0.0,0.0,2.0,"-18,61025942","-48,07350642",SPRF-MG,DEL15/MG,UOP02-DEL15-MG
768106,28/04/2026,terça-feira,19:00:00,CE,222.0,"343,9",UBAJARA,Demais falhas mecânicas ou elétricas,Incêndio,Sem Vítimas,Plena Noite,Crescente,Céu Claro,Simples,Reta;Declive,Não,2.0,0.0,0.0,0.0,0.0,1.0,0.0,3.0,"-3,90501036","-41,20270818",SPRF-CE,DEL04/CE,UOP02-DEL04-CE
768108,29/04/2026,quarta-feira,00:02:00,SE,101.0,"196,5",CRISTINAPOLIS,Velocidade Incompatível,Tombamento,Com Vítimas Feridas,Plena Noite,Decrescente,Nublado,Simples,Curva;Declive,Não,2.0,0.0,1.0,0.0,1.0,0.0,0.0,2.0,"-11,4564274","-37,73442388",SPRF-SE,DEL02-SE,UOP03-DEL02-SE
768114,29/04/2026,quarta-feira,03:51:00,SP,116.0,352,MIRACATU,Condutor Dormindo,Colisão traseira,Com Vítimas Feridas,Plena Noite,Crescente,Ignorado,Dupla,Declive;Reta,Não,3.0,0.0,1.0,0.0,1.0,1.0,0.0,3.0,"-24,10135486","-47,25920105",SPRF-SP,DEL04/SP,UOP03-DEL04-SP
768115,29/04/2026,quarta-feira,04:05:00,RN,226.0,"317,7",JANDUIS,Ingestão de álcool pelo condutor,Saída de leito carroçável,Com Vítimas Feridas,Plena Noite,Decrescente,Céu Claro,Simples,Reta,Não,1.0,0.0,1.0,0.0,1.0,0.0,0.0,1.0,"-6,051119","-37,471618",SPRF-RN,DEL04-RN,UOP01-DEL04-RN
768117,29/04/2026,quarta-feira,04:15:00,RS,290.0,"16,5",SANTO ANTONIO DA PATRULHA,Acessar a via sem observar a presença dos outros veículos,Atropelamento de Pedestre,Com Vítimas Feridas,Plena Noite,Decrescente,Nublado,Dupla,Reta,Não,3.0,0.0,0.0,1.0,1.0,1.0,0.0,3.0,"-29,87223191","-50,41914532",SPRF-RS,DEL03/RS,UOP01-DEL03-RS
768140,17/04/2026,sexta-feira,21:00:00,PR,376.0,"599,4",CURITIBA,Ultrapassagem Indevida,Colisão traseira,Sem Vítimas,Plena Noite,Decrescente,Céu Claro,Dupla,Reta,Sim,3.0,0.0,0.0,0.0,0.0,2.0,0.0,5.0,"-25,49935368","-49,34206573",SPRF-PR,DEL01/PR,UOP03-DEL01-PR
768141,09/04/2026,quinta-feira,16:00:00,PR,376.0,"484,8",PONTA GROSSA,Condutor deixou de manter distância do veículo da frente,Engavetamento,Com Vítimas Fatais,Pleno dia,Crescente,Céu Claro,Dupla,Curva;Declive,Sim,9.0,2.0,4.0,0.0,4.0,2.0,0.0,9.0,"-25,10383949","-50,19590892",SPRF-PR,DEL03/PR,UOP03-DEL03-PR
768147,29/04/2026,quarta-feira,09:10:00,RJ,116.0,190,NOVA IGUACU,Manobra de mudança de faixa,Colisão lateral mesmo sentido,Com Vítimas Feridas,Pleno dia,Decrescente,Céu Claro,Múltipla,Reta,Sim,2.0,0.0,1.0,0.0,1.0,1.0,0.0,2.0,"-22,74377514","-43,50626556",SPRF-RJ,DEL06/RJ,UOP01-DEL06-RJ
768153,29/04/2026,quarta-feira,09:30:00,SP,116.0,"364,8",MIRACATU,Velocidade Incompatível,Tombamento,Com Vítimas Feridas,Pleno dia,Decrescente,Céu Claro,Dupla,Curva,Não,2.0,0.0,1.0,0.0,1.0,0.0,0.0,2.0,"-24,14527243","-47,2746299",SPRF-SP,DEL04/SP,UOP02-DEL04-SP
768157,29/04/2026,quarta-feira,09:55:00,RS,101.0,"21,1",TRES CACHOEIRAS,Manobra de mudança de faixa,Colisão lateral mesmo sentido,Com Vítimas Feridas,Pleno dia,Crescente,Céu Claro,Dupla,Curva;Ponte,Não,4.0,0.0,1.0,0.0,1.0,2.0,0.0,3.0,"-29,436955","-49,895945",SPRF-RS,DEL03/RS,UOP02-DEL03-RS
768159,04/03/2026,quarta-feira,19:19:00,SP,116.0,204,ARUJA,Reação tardia ou ineficiente do condutor,Colisão lateral mesmo sentido,Com Vítimas Feridas,Plena Noite,Decrescente,Ignorado,Múltipla,Reta,Sim,2.0,0.0,1.0,0.0,1.0,1.0,0.0,2.0,"-23,41186448","-46,3549962",SPRF-SP,DEL01/SP,UOP01-DEL01-SP
768161,29/04/2026,quarta-feira,10:00:00,PR,116.0,98,SAO JOSE DOS PINHAIS,Acessar a via sem observar a presença dos outros veículos,Colisão lateral mesmo sentido,Com Vítimas Feridas,Pleno dia,Crescente,Chuva,Dupla,Reta,Sim,3.0,0.0,1.0,0.0,1.0,1.0,0.0,3.0,"-25,55017485","-49,15021118",SPRF-PR,DEL01/PR,UOP08-DEL01-PR
768165,28/04/2026,terça-feira,16:00:00,MA,135.0,"47,3",BACABEIRA,Condutor deixou de manter distância do veículo da frente,Colisão traseira,Com Vítimas Feridas,Anoitecer,Decrescente,Garoa/Chuvisco,Dupla,Reta,Sim,3.0,0.0,1.0,0.0,1.0,2.0,0.0,2.0,"-2,941083","-44,329613",SPRF-MA,DEL01-MA,UOP01-DEL01-MA
768167,29/04/2026,quarta-feira,10:40:00,PR,277.0,"321,9",GUARAPUAVA,Ausência de reação do condutor,Saída de leito carroçável,Com Vítimas Feridas,Pleno dia,Crescente,Chuva,Simples,Curva,Não,3.0,0.0,3.0,0.0,3.0,0.0,0.0,1.0,"-25,36317","-51,24472",SPRF-PR,DEL08/PR,UOP01-DEL08-PR
768170,29/04/2026,quarta-feira,04:11:00,MT,163.0,1114,GUARANTA DO NORTE,Ausência de reação do condutor,Colisão traseira,Com Vítimas Feridas,Amanhecer,Decrescente,Nevoeiro/Neblina,Simples,Reta,Não,4.0,0.0,2.0,0.0,2.0,1.0,0.0,5.0,"-9,6833648","-54,88045563",SPRF-MT,DEL06/MT,UOP03-DEL06-MT
768171,25/04/2026,sábado,16:50:00,BA,407.0,73,JAGUARARI,Animais na Pista,Atropelamento de Animal,Sem Vítimas,Pleno dia,Decrescente,Céu Claro,Simples,Reta,Não,5.0,0.0,0.0,0.0,0.0,5.0,0.0,1.0,"-10,00044925","-40,23634851",SPRF-BA,DEL04/BA,UOP01-DEL04-BA
768172,29/04/2026,quarta-feira,10:30:00,SC,282.0,"54,3",AGUAS MORNAS,Ausência de reação do condutor,Colisão frontal,Com Vítimas Feridas,Pleno dia,Crescente,Chuva,Simples,Curva,Não,3.0,0.0,1.0,1.0,2.0,1.0,0.0,2.0,"-27,68795961","-48,97589777",SPRF-SC,DEL01/SC,UOP03-DEL01-SC
768180,09/04/2026,quinta-feira,17:33:00,PE,423.0,97,GARANHUNS,Ausência de reação do condutor,Colisão lateral mesmo sentido,Com Vítimas Feridas,Pleno dia,Crescente,Céu Claro,Simples,Reta;Aclive,Sim,4.0,0.0,0.0,2.0,2.0,1.0,0.0,4.0,"-8,87903436","-36,49607627",SPRF-PE,DEL03/PE,UOP01-DEL03-PE
768182,29/04/2026,quarta-feira,10:00:00,SC,101.0,48,JOINVILLE,Manobra de mudança de faixa,Colisão frontal,Com Vítimas Feridas,Pleno dia,Decrescente,Chuva,Múltipla,Reta,Não,7.0,0.0,1.0,0.0,1.0,5.0,0.0,10.0,"-26,37516956","-48,85496585",SPRF-SC,DEL03/SC,UOP01-DEL03-SC
768194,29/04/2026,quarta-feira,13:50:00,SP,116.0,511,CAJATI,Reação tardia ou ineficiente do condutor,Saída de leito carroçável,Com Vítimas Feridas,Pleno dia,Decrescente,Chuva,Simples,Curva,Não,2.0,0.0,1.0,0.0,1.0,0.0,0.0,2.0,"-24,86072516","-48,21104944",SPRF-SP,DEL05/SP,UOP02-DEL05-SP
768199,29/04/2026,quarta-feira,14:20:00,SP,116.0,457,PARIQUERA-ACU,Reação tardia ou ineficiente do condutor,Colisão transversal,Com Vítimas Feridas,Pleno dia,Decrescente,Nublado,Dupla,Reta,Não,7.0,0.0,4.0,0.0,4.0,2.0,0.0,4.0,"-24,594685","-47,877962",SPRF-SP,DEL05/SP,UOP01-DEL05-SP
768201,29/04/2026,quarta-feira,14:15:00,MG,40.0,359,FELIXLANDIA,Transitar na contramão,Colisão frontal,Com Vítimas Fatais,Pleno dia,Crescente,Céu Claro,Simples,Reta,Não,5.0,2.0,0.0,1.0,1.0,1.0,0.0,3.0,"-18,74456","-44,85694",SPRF-MG,DEL02/MG,UOP01-DEL02-MG
768204,29/04/2026,quarta-feira,14:40:00,MG,381.0,"677,7",PERDOES,Ausência de reação do condutor,Saída de leito carroçável,Com Vítimas Feridas,Pleno dia,Decrescente,Céu Claro,Simples,Viaduto,Não,2.0,0.0,1.0,0.0,1.0,0.0,0.0,2.0,"-21,10721682","-45,09002415",SPRF-MG,DEL04/MG,UOP02-DEL04-MG
768206,29/04/2026,quarta-feira,09:15:00,MS,163.0,"21,2",MUNDO NOVO,Ultrapassagem Indevida,Colisão traseira,Sem Vítimas,Pleno dia,Decrescente,Nublado,Simples,Aclive;Reta,Não,4.0,0.0,0.0,0.0,0.0,3.0,0.0,3.0,"-23,91733807","-54,29015128",SPRF-MS,DEL09/MS,UOP02-DEL09-MS
768207,29/04/2026,quarta-feira,14:30:00,PE,101.0,70,RECIFE,Pedestre - Ingestão de álcool/ substâncias psicoativas,Atropelamento de Pedestre,Com Vítimas Feridas,Pleno dia,Crescente,Sol,Múltipla,Reta,Sim,2.0,0.0,0.0,1.0,1.0,1.0,0.0,2.0,"-8,072282","-34,942668",SPRF-PE,DEL01/PE,UOP01-DEL01-PE