id,data_inversa,dia_semana,horario,uf,br,km,municipio,causa_acidente,tipo_acidente,classificacao_acidente,fase_dia,sentido_via,condicao_metereologica,tipo_pista,tracado_via,uso_solo,pessoas,mortos,feridos_leves,feridos_graves,feridos,ilesos,ignorados,veiculos,latitude,longitude,regional,delegacia,uop
768209,29/04/2026,quarta-feira,11:00:00,SC,470.0,"73,3",INDAIAL,Ausência de reação do condutor,Colisão frontal,Com Vítimas Fatais,Pleno dia,Decrescente,Chuva,Simples,Reta;Em Obras,Não,4.0,2.0,0.0,0.0,0.0,2.0,0.0,2.0,"-26,91114926","-49,277167",SPRF-SC,DEL04/SC,UOP01-DEL04-SC
768216,29/04/2026,quarta-feira,15:30:00,ES,101.0,373,ICONHA,Ultrapassagem Indevida,Colisão lateral mesmo sentido,Com Vítimas Feridas,Pleno dia,Crescente,Chuva,Simples,Reta,Não,2.0,0.0,1.0,0.0,1.0,1.0,0.0,2.0,"-20,782","-40,781",SPRF-ES,DEL03-ES,UOP01-DEL03-ES
768217,29/04/2026,quarta-feira,15:45:00,SP,116.0,207,GUARULHOS,Reação tardia ou ineficiente do condutor,Colisão traseira,Com Vítimas Feridas,Pleno dia,Decrescente,Nublado,Múltipla,Reta,Sim,2.0,0.0,1.0,0.0,1.0,1.0,0.0,2.0,"-23,42155893","-46,39035273",SPRF-SP,DEL01/SP,UOP01-DEL01-SP
768219,29/04/2026,quarta-feira,11:15:00,RS,116.0,"53,3",VACARIA,Velocidade Incompatível,Tombamento,Com Vítimas Feridas,Pleno dia,Decrescente,Céu Claro,Simples,Curva,Não,3.0,0.0,1.0,0.0,1.0,1.0,0.0,4.0,"-28,590845","-51,029643",SPRF-RS,DEL05/RS,UOP03-DEL05-RS
768225,29/04/2026,quarta-feira,14:06:00,SC,470.0,"80,1",RODEIO,Reação tardia ou ineficiente do condutor,Colisão traseira,Com Vítimas Feridas,Pleno dia,Crescente,Chuva,Simples,Curva,Não,3.0,0.0,0.0,1.0,1.0,2.0,0.0,3.0,"-26,94823444","-49,31824772",SPRF-SC,DEL04/SC,UOP01-DEL04-SC
768227,29/04/2026,quarta-feira,16:30:00,MG,381.0,420,CAETE,Ausência de reação do condutor,Colisão lateral mesmo sentido,Sem Vítimas,Anoitecer,Decrescente,Céu Claro,Dupla,Reta,Não,4.0,0.0,0.0,0.0,0.0,2.0,0.0,6.0,"-19,78672","-43,66954",SPRF-MG,DEL01/MG,UOP01-DEL01-MG
768228,29/04/2026,quarta-feira,17:00:00,ES,101.0,"405,6",ITAPEMIRIM,Transitar na contramão,Colisão frontal,Com Vítimas Feridas,Pleno dia,Decrescente,Céu Claro,Simples,Reta,Não,3.0,0.0,0.0,1.0,1.0,2.0,0.0,2.0,"-20,8992","-41,02098",SPRF-ES,DEL03-ES,UOP02-DEL03-ES
768230,29/04/2026,quarta-feira,14:40:00,MT,163.0,755,SORRISO,Acumulo de água sobre o pavimento,Colisão com objeto,Com Vítimas Feridas,Pleno dia,Decrescente,Chuva,Dupla,Declive,Não,2.0,0.0,1.0,0.0,1.0,0.0,0.0,2.0,"-12,532165","-55,70533",SPRF-MT,DEL06/MT,UOP01-DEL06-MT
768231,29/04/2026,quarta-feira,15:39:00,RS,470.0,"229,9",GARIBALDI,Entrada inopinada do pedestre,Atropelamento de Pedestre,Com Vítimas Feridas,Pleno dia,Crescente,Céu Claro,Simples,Reta,Sim,2.0,0.0,0.0,1.0,1.0,0.0,0.0,2.0,"-29,27736569","-51,49317591",SPRF-RS,DEL06/RS,UOP01-DEL06-RS
768233,29/04/2026,quarta-feira,14:08:00,MG,50.0,"177,7",UBERABA,Ausência de reação do condutor,Colisão traseira,Com Vítimas Feridas,Pleno dia,Decrescente,Céu Claro,Dupla,Reta;Declive,Sim,3.0,0.0,1.0,0.0,1.0,2.0,0.0,2.0,"-19,779156","-47,948285",SPRF-MG,DEL13/MG,UOP01-DEL13-MG
768240,29/04/2026,quarta-feira,15:30:00,PR,163.0,316,TERRA ROXA,Acumulo de água sobre o pavimento,Colisão lateral sentido oposto,Com Vítimas Feridas,Pleno dia,Crescente,Chuva,Simples,Curva;Declive,Não,3.0,0.0,1.0,0.0,1.0,1.0,0.0,4.0,"-24,34404156","-54,15054766",SPRF-PR,DEL06/PR,UOP02-DEL06-PR
768243,29/04/2026,quarta-feira,15:00:00,SC,101.0,416,ARARANGUA,Desrespeitar a preferência no cruzamento,Colisão transversal,Com Vítimas Feridas,Pleno dia,Crescente,Céu Claro,Simples,Reta,Sim,2.0,0.0,0.0,1.0,1.0,1.0,0.0,2.0,"-28,973208","-49,529848",SPRF-SC,DEL02/SC,UOP02-DEL02-SC
768244,29/04/2026,quarta-feira,17:00:00,PI,316.0,21,TERESINA,Reação tardia ou ineficiente do condutor,Tombamento,Com Vítimas Feridas,Pleno dia,Decrescente,Céu Claro,Dupla,Retorno Regulamentado,Não,2.0,0.0,2.0,0.0,2.0,0.0,0.0,1.0,"-5,27353974","-42,7265811",SPRF-PI,DEL01-PI,UOP02-DEL01-PI
768247,29/04/2026,quarta-feira,14:40:00,PR,376.0,"517,2",PONTA GROSSA,Ausência de reação do condutor,Colisão com objeto,Com Vítimas Feridas,Pleno dia,Decrescente,Chuva,Dupla,Reta;Declive,Não,2.0,0.0,1.0,0.0,1.0,0.0,0.0,4.0,"-25,266392","-49,952212",SPRF-PR,DEL03/PR,UOP03-DEL03-PR
768249,29/04/2026,quarta-feira,18:00:00,SC,280.0,"92,5",CORUPA,Acumulo de água sobre o pavimento,Colisão lateral sentido oposto,Com Vítimas Fatais,Plena Noite,Crescente,Chuva,Múltipla,Reta,Não,4.0,1.0,1.0,1.0,2.0,1.0,0.0,3.0,"-26,393912","-49,300182",SPRF-SC,DEL06/SC,UOP03-DEL06-SC
768252,29/04/2026,quarta-feira,18:03:00,PE,101.0,51,PAULISTA,Ausência de reação do condutor,Colisão lateral mesmo sentido,Com Vítimas Feridas,Plena Noite,Decrescente,Céu Claro,Múltipla,Reta,Sim,4.0,0.0,1.0,0.0,1.0,2.0,0.0,4.0,"-7,919624","-34,895065",SPRF-PE,DEL01/PE,UOP02-DEL01-PE
768262,29/04/2026,quarta-feira,18:35:00,SP,116.0,154,SAO JOSE DOS CAMPOS,Condutor deixou de manter distância do veículo da frente,Colisão lateral mesmo sentido,Com Vítimas Feridas,Plena Noite,Decrescente,Garoa/Chuvisco,Dupla,Reta,Sim,2.0,0.0,1.0,0.0,1.0,0.0,0.0,2.0,"-23,2398982","-45,92127432",SPRF-SP,DEL02/SP,UOP01-DEL02-SP
768264,29/04/2026,quarta-feira,18:35:00,PR,277.0,"457,7",LARANJEIRAS DO SUL,Desrespeitar a preferência no cruzamento,Colisão transversal,Com Vítimas Feridas,Plena Noite,Decrescente,Chuva,Simples,Reta;Interseção de Vias,Sim,3.0,0.0,1.0,0.0,1.0,2.0,0.0,2.0,"-25,386019","-52,413424",SPRF-PR,DEL04/PR,UOP02-DEL04-PR
768265,29/04/2026,quarta-feira,15:20:00,PI,20.0,357,MONSENHOR HIPOLITO,Acessar a via sem observar a presença dos outros veículos,Colisão transversal,Com Vítimas Feridas,Pleno dia,Crescente,Céu Claro,Simples,Reta,Não,4.0,0.0,2.0,0.0,2.0,1.0,0.0,5.0,"-6,862018","-41,07591",SPRF-PI,DEL04-PI,UOP01-DEL04-PI
768266,29/04/2026,quarta-feira,19:20:00,GO,20.0,221,GUARANI DE GOIAS,Reação tardia ou ineficiente do condutor,Colisão frontal,Com Vítimas Fatais,Anoitecer,Crescente,Céu Claro,Simples,Aclive,Não,4.0,2.0,0.0,0.0,0.0,1.0,0.0,3.0,"-14,05231363","-46,2752822",SPRF-DF,DEL02-DF,UOP03-DEL02-DF
768272,29/04/2026,quarta-feira,17:06:00,MG,116.0,"704,1",MURIAE,Conversão proibida,Saída de leito carroçável,Com Vítimas Feridas,Pleno dia,Crescente,Céu Claro,Simples,Reta,Sim,6.0,0.0,2.0,0.0,2.0,3.0,0.0,5.0,"-21,13826155","-42,38549212",SPRF-MG,DEL07/MG,UOP02-DEL07-MG
768273,29/04/2026,quarta-feira,12:45:00,GO,60.0,85,ANAPOLIS,Problema na suspensão,Eventos atípicos,Com Vítimas Fatais,Pleno dia,Crescente,Céu Claro,Dupla,Reta,Não,2.0,1.0,0.0,0.0,0.0,0.0,0.0,2.0,"-16,3203014","-48,870568",SPRF-GO,DEL02/GO,UOP01-DEL02-GO
768278,29/04/2026,quarta-feira,18:45:00,PR,369.0,156,LONDRINA,Manobra de mudança de faixa,Colisão lateral mesmo sentido,Com Vítimas Feridas,Plena Noite,Crescente,Nublado,Dupla,Reta,Sim,2.0,0.0,0.0,1.0,1.0,1.0,0.0,2.0,"-23,29301724","-51,21368973",SPRF-PR,DEL07/PR,UOP01-DEL07-PR
768280,29/04/2026,quarta-feira,18:30:00,MS,60.0,"595,4",JARDIM,Pedestre andava na pista,Atropelamento de Pedestre,Com Vítimas Feridas,Anoitecer,Crescente,Nublado,Simples,Reta,Sim,3.0,0.0,1.0,0.0,1.0,0.0,0.0,2.0,"-21,502253","-56,165546",SPRF-MS,DEL05/MS,UOP01-DEL05-MS
768289,29/04/2026,quarta-feira,20:20:00,AL,316.0,265,SATUBA,Transitar na contramão,Colisão frontal,Com Vítimas Feridas,Plena Noite,Crescente,Nublado,Simples,Aclive;Curva,Não,3.0,0.0,0.0,1.0,1.0,1.0,0.0,3.0,"-9,588028","-35,853852",SPRF-AL,DEL02-AL,UOP01-DEL02-AL
768292,29/04/2026,quarta-feira,20:23:00,MG,116.0,"176,1",PADRE PARAISO,Reação tardia ou ineficiente do condutor,Tombamento,Com Vítimas Feridas,Plena Noite,Crescente,Céu Claro,Simples,Aclive;Curva,Não,3.0,0.0,1.0,0.0,1.0,1.0,0.0,2.0,"-17,063099","-41,468853",SPRF-MG,DEL11/MG,UOP02-DEL11-MG
768293,29/04/2026,quarta-feira,20:00:00,SC,153.0,"13,4",AGUA DOCE,Ingestão de álcool pelo condutor,Colisão transversal,Com Vítimas Feridas,Plena Noite,Decrescente,Céu Claro,Simples,Interseção de Vias,Não,5.0,0.0,2.0,0.0,2.0,1.0,0.0,3.0,"-26,6985937","-51,574265",SPRF-SC,DEL07/SC,UOP07-DEL07-SC
768294,29/04/2026,quarta-feira,21:40:00,SC,101.0,210,SAO JOSE,Reação tardia ou ineficiente do condutor,Queda de ocupante de veículo,Com Vítimas Feridas,Plena Noite,Decrescente,Nublado,Múltipla,Reta,Sim,4.0,0.0,0.0,1.0,1.0,2.0,0.0,5.0,"-27,616847","-48,645723",SPRF-SC,DEL01/SC,UOP01-DEL01-SC
768299,29/04/2026,quarta-feira,18:53:00,GO,153.0,"631,2",MORRINHOS,Condutor Dormindo,Colisão traseira,Com Vítimas Feridas,Plena Noite,Crescente,Céu Claro,Dupla,Aclive;Reta,Não,3.0,0.0,1.0,0.0,1.0,1.0,0.0,4.0,"-17,795253","-49,202552",SPRF-GO,DEL03/GO,UOP01-DEL03-GO
768302,29/04/2026,quarta-feira,18:50:00,RO,364.0,"414,9",JARU,Ingestão de álcool pelo condutor,Colisão lateral sentido oposto,Com Vítimas Feridas,Plena Noite,Decrescente,Céu Claro,Simples,Declive;Reta,Não,3.0,0.0,0.0,1.0,1.0,1.0,0.0,5.0,"-10,50736824","-62,40791671",SPRF-RO,DEL03-RO,UOP02-DEL03-RO
768304,29/04/2026,quarta-feira,23:15:00,PR,476.0,193,LAPA,Reação tardia ou ineficiente do condutor,Saída de leito carroçável,Com Vítimas Feridas,Plena Noite,Decrescente,Garoa/Chuvisco,Dupla,Reta,Não,2.0,0.0,1.0,0.0,1.0,0.0,0.0,3.0,"-25,73509239","-49,71033303",SPRF-PR,DEL01/PR,UOP06-DEL01-PR
768311,29/04/2026,quarta-feira,21:30:00,MG,50.0,70,UBERLANDIA,Demais falhas mecânicas ou elétricas,Incêndio,Sem Vítimas,Plena Noite,Decrescente,Céu Claro,Dupla,Reta,Não,3.0,0.0,0.0,0.0,0.0,2.0,0.0,2.0,"-18,896033","-48,246217",SPRF-MG,DEL15/MG,UOP01-DEL15-MG
768313,29/04/2026,quarta-feira,17:00:00,MG,251.0,334,RUBELITA,Ausência de reação do condutor,Colisão traseira,Com Vítimas Fatais,Anoitecer,Decrescente,Céu Claro,Simples,Reta;Declive,Não,10.0,1.0,1.0,2.0,3.0,5.0,0.0,6.0,"-16,264312","-42,410392",SPRF-MG,DEL12/MG,UOP02-DEL12-MG
768314,29/04/2026,quarta-feira,23:00:00,RO,364.0,325,PRESIDENTE MEDICI,Transitar na contramão,Colisão lateral sentido oposto,Sem Vítimas,Plena Noite,Crescente,Céu Claro,Simples,Reta,Não,21.0,0.0,0.0,0.0,0.0,21.0,0.0,2.0,"-11,01522","-61,92623",SPRF-RO,DEL02-RO,UOP01-DEL02-RO
768316,30/04/2026,quinta-feira,00:15:00,SC,153.0,"80,8",IRANI,Carga excessiva e/ou mal acondicionada,Tombamento,Com Vítimas Feridas,Plena Noite,Crescente,Nevoeiro/Neblina,Simples,Curva,Não,1.0,0.0,1.0,0.0,1.0,0.0,0.0,1.0,"-27,120073","-51,928269",SPRF-SC,DEL07/SC,UOP04-DEL07-SC
768317,30/04/2026,quinta-feira,00:50:00,RJ,116.0,290,BARRA MANSA,Condutor Dormindo,Tombamento,Com Vítimas Fatais,Plena Noite,Decrescente,Nublado,Dupla,Curva,Não,3.0,1.0,0.0,1.0,1.0,0.0,0.0,2.0,"-22,4863739","-44,25013483",SPRF-RJ,DEL07/RJ,UOP02-DEL07-RJ
768318,30/04/2026,quinta-feira,00:40:00,SP,116.0,"56,6",GUARATINGUETA,Pedestre andava na pista,Atropelamento de Pedestre,Com Vítimas Fatais,Plena Noite,Decrescente,Nublado,Dupla,Reta,Sim,3.0,2.0,0.0,0.0,0.0,1.0,0.0,3.0,"-22,77288817","-45,1357761",SPRF-SP,DEL08/SP,UOP01-DEL08-SP
768319,30/04/2026,quinta-feira,02:00:00,MG,381.0,436,SANTA LUZIA,Ausência de reação do condutor,Colisão lateral mesmo sentido,Com Vítimas Feridas,Plena Noite,Decrescente,Céu Claro,Simples,Reta,Não,3.0,0.0,0.0,1.0,1.0,1.0,0.0,4.0,"-19,8089269","-43,7819603",SPRF-MG,DEL01/MG,UOP01-DEL01-MG
768321,30/04/2026,quinta-feira,01:20:00,SP,381.0,72,SAO PAULO,Reação tardia ou ineficiente do condutor,Colisão com objeto,Sem Vítimas,Plena Noite,Crescente,Chuva,Dupla,Curva;Declive,Não,3.0,0.0,0.0,0.0,0.0,2.0,0.0,3.0,"-23,36589548","-46,55216217",SPRF-SP,DEL03/SP,UOP01-DEL03-SP
768322,30/04/2026,quinta-feira,02:15:00,RJ,393.0,268,BARRA DO PIRAI,Ingestão de álcool pelo condutor,Colisão transversal,Sem Vítimas,Plena Noite,Crescente,Céu Claro,Simples,Curva;Aclive;Interseção de Vias,Não,3.0,0.0,0.0,0.0,0.0,2.0,0.0,3.0,"-22,47681484","-43,94413179",SPRF-RJ,DEL05/RJ,UOP04-DEL05-RJ
768323,30/04/2026,quinta-feira,00:55:00,AL,101.0,"181,1",JUNQUEIRO,Chuva,Saída de leito carroçável,Sem Vítimas,Plena Noite,Crescente,Chuva,Dupla,Curva;Declive,Não,2.0,0.0,0.0,0.0,0.0,1.0,0.0,2.0,"-9,89605802","-36,40628815",SPRF-AL,DEL02-AL,UOP02-DEL02-AL
768327,30/04/2026,quinta-feira,00:00:00,MG,262.0,578,CAMPOS ALTOS,Velocidade Incompatível,Tombamento,Com Vítimas Feridas,Plena Noite,Decrescente,Céu Claro,Simples,Curva,Não,2.0,0.0,1.0,0.0,1.0,0.0,0.0,3.0,"-19,657852","-46,127403",SPRF-MG,DEL08/MG,UOP02-DEL08-MG
768330,30/04/2026,quinta-feira,02:30:00,PE,101.0,190,PALMARES,Demais falhas mecânicas ou elétricas,Incêndio,Sem Vítimas,Plena Noite,Crescente,Céu Claro,Dupla,Reta,Não,2.0,0.0,0.0,0.0,0.0,1.0,0.0,3.0,"-8,711503","-35,609699",SPRF-PE,DEL01/PE,UOP03-DEL01-PE
768332,30/04/2026,quinta-feira,04:50:00,RS,386.0,438,NOVA SANTA RITA,Ausência de reação do condutor,Colisão transversal,Com Vítimas Feridas,Amanhecer,Decrescente,Céu Claro,Simples,Reta,Sim,3.0,0.0,0.0,1.0,1.0,1.0,0.0,3.0,"-29,8605197","-51,255667",SPRF-RS,DEL04/RS,UOP02-DEL04-RS
768335,30/04/2026,quinta-feira,05:40:00,TO,242.0,205,PARANA,Pista esburacada,Tombamento,Com Vítimas Feridas,Amanhecer,Decrescente,Céu Claro,Simples,Reta;Declive,Não,2.0,0.0,0.0,1.0,1.0,0.0,0.0,3.0,"-12,4703157","-47,9416542",SPRF-TO,DEL01-TO,UOP02-DEL01-TO
768344,30/04/2026,quinta-feira,07:10:00,GO,452.0,"4,5",RIO VERDE,Ausência de reação do condutor,Colisão traseira,Com Vítimas Feridas,Pleno dia,Decrescente,Céu Claro,Simples,Reta,Não,20.0,0.0,2.0,0.0,2.0,18.0,0.0,2.0,"-17,808457","-50,86391",SPRF-GO,DEL04/GO,UOP01-DEL04-GO
768359,30/04/2026,quinta-feira,08:00:00,PB,101.0,"81,9",BAYEUX,Ausência de reação do condutor,Tombamento,Com Vítimas Feridas,Pleno dia,Crescente,Céu Claro,Dupla,Reta,Sim,3.0,0.0,0.0,1.0,1.0,1.0,0.0,3.0,"-7,12963039","-34,93639127",SPRF-PB,DEL01-PB,UOP01-DEL01-PB
768362,30/04/2026,quinta-feira,08:00:00,SC,101.0,350,JAGUARUNA,Desrespeitar a preferência no cruzamento,Colisão transversal,Com Vítimas Feridas,Pleno dia,Decrescente,Céu Claro,Simples,Retorno Regulamentado;Rotatória;Viaduto,Sim,2.0,0.0,1.0,0.0,1.0,1.0,0.0,2.0,"-28,60056894","-49,05155031",SPRF-SC,DEL02/SC,UOP01-DEL02-SC
768372,30/04/2026,quinta-feira,06:00:00,MG,267.0,"177,6",OLARIA,Ausência de reação do condutor,Colisão lateral sentido oposto,Com Vítimas Feridas,Amanhecer,Crescente,Nublado,Simples,Reta,Não,2.0,0.0,0.0,1.0,1.0,1.0,0.0,2.0,"-21,87010157","-43,91793251",SPRF-MG,DEL05/MG,UOP01-DEL05-MG
768374,30/04/2026,quinta-feira,07:20:00,SC,101.0,209,SAO JOSE,Manobra de mudança de faixa,Colisão lateral mesmo sentido,Com Vítimas Feridas,Pleno dia,Decrescente,Céu Claro,Múltipla,Reta,Sim,2.0,0.0,1.0,0.0,1.0,1.0,0.0,2.0,"-27,61070446","-48,6394879",SPRF-SC,DEL01/SC,UOP01-DEL01-SC
768376,14/04/2026,terça-feira,23:20:00,MG,40.0,496,PEDRO LEOPOLDO,Demais falhas mecânicas ou elétricas,Engavetamento,Com Vítimas Feridas,Plena Noite,Crescente,Nublado,Dupla,Curva;Declive,Sim,4.0,0.0,0.0,2.0,2.0,2.0,0.0,3.0,"-19,665833","-44,195",SPRF-MG,DEL02/MG,UOP01-DEL02-MG
768382,30/04/2026,quinta-feira,07:30:00,PR,476.0,"27,6",ADRIANOPOLIS,Velocidade Incompatível,Colisão lateral sentido oposto,Com Vítimas Feridas,Pleno dia,Decrescente,Nublado,Simples,Curva,Não,5.0,0.0,0.0,1.0,1.0,3.0,0.0,3.0,"-24,788663","-49,037432",SPRF-PR,DEL01/PR,UOP01-DEL01-PR
768384,30/04/2026,quinta-feira,08:50:00,MG,381.0,532,BELO HORIZONTE,Demais falhas mecânicas ou elétricas,Tombamento,Com Vítimas Feridas,Pleno dia,Decrescente,Sol,Dupla,Curva;Declive,Não,2.0,0.0,1.0,0.0,1.0,0.0,0.0,2.0,-20,-44,SPRF-MG,DEL04/MG,UOP03-DEL04-MG
768388,30/04/2026,quinta-feira,07:40:00,SC,101.0,97,BALNEARIO PICARRAS,Manobra de mudança de faixa,Colisão traseira,Com Vítimas Feridas,Pleno dia,Decrescente,Céu Claro,Dupla,Curva,Não,2.0,0.0,1.0,0.0,1.0,0.0,0.0,2.0,"-26,72896323","-48,70216727",SPRF-SC,DEL03/SC,UOP02-DEL03-SC
768398,30/04/2026,quinta-feira,10:40:00,TO,153.0,"224,5",PALMEIRANTE,Demais falhas mecânicas ou elétricas,Colisão com objeto,Sem Vítimas,Pleno dia,Decrescente,Céu Claro,Simples,Reta,Não,5.0,0.0,0.0,0.0,0.0,4.0,0.0,4.0,"-7,858758","-48,45826",SPRF-TO,DEL02-TO,UOP01-DEL02-TO
768406,30/04/2026,quinta-feira,11:10:00,TO,153.0,131,WANDERLANDIA,Reação tardia ou ineficiente do condutor,Colisão lateral mesmo sentido,Com Vítimas Feridas,Pleno dia,Decrescente,Céu Claro,Simples,Reta;Declive,Não,4.0,0.0,1.0,0.0,1.0,2.0,0.0,4.0,"-7,06621823","-48,11768979",SPRF-TO,DEL02-TO,UOP01-DEL02-TO
768418,30/04/2026,quinta-feira,12:30:00,RS,116.0,428,CRISTAL,Demais falhas mecânicas ou elétricas,Colisão transversal,Sem Vítimas,Pleno dia,Crescente,Céu Claro,Simples,Curva,Sim,2.0,0.0,0.0,0.0,0.0,2.0,0.0,2.0,"-31,017781","-52,053447",SPRF-RS,DEL02/RS,UOP02-DEL02-RS
768420,16/04/2026,quinta-feira,19:05:00,SC,282.0,161,BOM RETIRO,Ultrapassagem Indevida,Colisão frontal,Com Vítimas Fatais,Plena Noite,Decrescente,Nublado,Simples,Reta;Declive,Não,6.0,1.0,2.0,1.0,3.0,1.0,0.0,4.0,"-27,73117","-49,76298",SPRF-SC,DEL05/SC,UOP01-DEL05-SC
768427,30/04/2026,quinta-feira,13:50:00,ES,101.0,43,CONCEICAO DA BARRA,Mal súbito do condutor,Saída de leito carroçável,Com Vítimas Feridas,Pleno dia,Decrescente,Céu Claro,Simples,Aclive;Reta,Não,1.0,0.0,1.0,0.0,1.0,0.0,0.0,1.0,"-18,52388763","-39,91119504",SPRF-ES,DEL04-ES,UOP02-DEL04-ES
768432,13/03/2026,sexta-feira,14:20:00,PB,412.0,55,SAO JOAO DO CARIRI,Condutor Dormindo,Colisão lateral sentido oposto,Com Vítimas Feridas,Pleno dia,Decrescente,Céu Claro,Simples,Reta,Sim,5.0,0.0,0.0,2.0,2.0,2.0,0.0,5.0,"-7,383152","-36,526056",SPRF-PB,DEL02-PB,UOP02-DEL02-PB
768433,30/04/2026,quinta-feira,10:33:00,RO,319.0,"143,9",PORTO VELHO,Reação tardia ou ineficiente do condutor,Colisão traseira,Sem Vítimas,Pleno dia,Crescente,Céu Claro,Múltipla,Reta,Não,4.0,0.0,0.0,0.0,0.0,3.0,0.0,4.0,"-8,7628","-63,88524",SPRF-RO,DEL01-RO,UOP01-DEL01-RO
768434,30/04/2026,quinta-feira,10:10:00,RJ,393.0,248,BARRA DO PIRAI,Reação tardia ou ineficiente do condutor,Engavetamento,Com Vítimas Feridas,Pleno dia,Crescente,Céu Claro,Simples,Reta;Em Obras,Não,6.0,0.0,1.0,0.0,1.0,5.0,0.0,4.0,"-22,44593731","-43,79390717",SPRF-RJ,DEL05/RJ,UOP04-DEL05-RJ
768435,30/04/2026,quinta-feira,14:40:00,ES,101.0,288,CARIACICA,Velocidade Incompatível,Engavetamento,Com Vítimas Feridas,Pleno dia,Crescente,Céu Claro,Dupla,Curva,Sim,4.0,0.0,2.0,0.0,2.0,2.0,0.0,3.0,"-20,274621","-40,392219",SPRF-ES,DEL01-ES,UOP01-DEL01-ES
768439,21/03/2026,sábado,08:30:00,PR,376.0,"160,2",MANDAGUACU,Ausência de reação do condutor,Colisão transversal,Com Vítimas Fatais,Pleno dia,Decrescente,Céu Claro,Dupla,Reta;Aclive;Retorno Regulamentado,Sim,3.0,1.0,0.0,0.0,0.0,1.0,0.0,4.0,"-23,36529915","-52,07768289",SPRF-PR,DEL09/PR,UOP02-DEL09-PR
768446,30/04/2026,quinta-feira,14:15:00,PR,376.0,487,PONTA GROSSA,Trafegar com motocicleta (ou similar) entre as faixas,Colisão lateral mesmo sentido,Com Vítimas Feridas,Pleno dia,Crescente,Sol,Dupla,Reta,Não,3.0,0.0,1.0,0.0,1.0,1.0,0.0,5.0,"-25,11660206","-50,18682718",SPRF-PR,DEL03/PR,UOP03-DEL03-PR
768449,30/04/2026,quinta-feira,15:45:00,PR,116.0,114,CURITIBA,Manobra de mudança de faixa,Colisão lateral mesmo sentido,Com Vítimas Feridas,Pleno dia,Crescente,Céu Claro,Dupla,Reta,Sim,3.0,0.0,1.0,0.0,1.0,1.0,0.0,3.0,"-25,54579957","-49,29648813",SPRF-PR,DEL01/PR,UOP03-DEL01-PR
768453,30/04/2026,quinta-feira,15:45:00,MG,381.0,344,JOAO MONLEVADE,Ausência de reação do condutor,Colisão traseira,Com Vítimas Feridas,Pleno dia,Decrescente,Sol,Dupla,Reta,Não,3.0,0.0,1.0,0.0,1.0,2.0,0.0,2.0,"-19,858987","-43,12344",SPRF-MG,DEL03/MG,UOP01-DEL03-MG
768460,30/04/2026,quinta-feira,13:30:00,MT,364.0,436,VARZEA GRANDE,Conversão proibida,Colisão lateral mesmo sentido,Com Vítimas Feridas,Pleno dia,Crescente,Céu Claro,Simples,Reta,Sim,5.0,0.0,1.0,0.0,1.0,3.0,0.0,11.0,"-15,6376551","-56,2037273",SPRF-MT,DEL01/MT,UOP02-DEL01-MT
768464,30/04/2026,quinta-feira,16:10:00,RS,116.0,246,SAO LEOPOLDO,Manobra de mudança de faixa,Colisão lateral mesmo sentido,Com Vítimas Feridas,Pleno dia,Crescente,Céu Claro,Dupla,Em Obras;Reta;Viaduto,Sim,4.0,0.0,1.0,0.0,1.0,2.0,0.0,3.0,"-29,75611857","-51,15192459",SPRF-RS,DEL01/RS,UOP02-DEL01-RS
768466,30/04/2026,quinta-feira,10:20:00,PI,316.0,315,PICOS,Acessar a via sem observar a presença dos outros veículos,Colisão lateral mesmo sentido,Com Vítimas Feridas,Pleno dia,Decrescente,Céu Claro,Dupla,Reta,Sim,2.0,0.0,1.0,0.0,1.0,1.0,0.0,2.0,"-7,079082","-41,433965",SPRF-PI,DEL04-PI,UOP01-DEL04-PI
768468,30/04/2026,quinta-feira,17:00:00,MG,267.0,"156,1",LIMA DUARTE,Condutor Dormindo,Colisão frontal,Com Vítimas Fatais,Anoitecer,Decrescente,Céu Claro,Simples,Reta,Não,3.0,1.0,0.0,0.0,0.0,1.0,0.0,3.0,"-21,81929","-43,749771",SPRF-MG,DEL05/MG,UOP01-DEL05-MG
768469,30/04/2026,quinta-feira,16:00:00,SC,101.0,"209,9",SAO JOSE,Manobra de mudança de faixa,Engavetamento,Com Vítimas Feridas,Pleno dia,Crescente,Céu Claro,Múltipla,Reta,Não,4.0,0.0,1.0,0.0,1.0,3.0,0.0,4.0,"-27,615997","-48,644876",SPRF-SC,DEL01/SC,UOP01-DEL01-SC
768470,30/04/2026,quinta-feira,15:35:00,SC,116.0,"5,6",MAFRA,Acessar a via sem observar a presença dos outros veículos,Colisão transversal,Com Vítimas Feridas,Pleno dia,Decrescente,Céu Claro,Simples,Interseção de Vias,Sim,5.0,0.0,1.0,2.0,3.0,1.0,0.0,3.0,"-26,145531","-49,82176",SPRF-SC,DEL06/SC,UOP01-DEL06-SC
768472,30/04/2026,quinta-feira,16:45:00,PR,376.0,"484,2",PONTA GROSSA,Reação tardia ou ineficiente do condutor,Colisão lateral mesmo sentido,Com Vítimas Feridas,Pleno dia,Crescente,Nublado,Dupla,Declive;Curva,Sim,6.0,0.0,1.0,0.0,1.0,4.0,0.0,5.0,"-25,10112763","-50,1973693",SPRF-PR,DEL03/PR,UOP03-DEL03-PR