id,data_inversa,dia_semana,horario,uf,br,km,municipio,causa_acidente,tipo_acidente,classificacao_acidente,fase_dia,sentido_via,condicao_metereologica,tipo_pista,tracado_via,uso_solo,pessoas,mortos,feridos_leves,feridos_graves,feridos,ilesos,ignorados,veiculos,latitude,longitude,regional,delegacia,uop
768941,17/03/2026,terça-feira,23:30:00,PR,376.0,500,PONTA GROSSA,Pista Escorregadia,Saída de leito carroçável,Com Vítimas Feridas,Plena Noite,Decrescente,Chuva,Dupla,Reta,Não,2.0,0.0,1.0,0.0,1.0,0.0,0.0,2.0,"-25,16994227","-50,11012173",SPRF-PR,DEL03/PR,UOP03-DEL03-PR
768949,02/05/2026,sábado,15:00:00,MG,50.0,45,ARAGUARI,Ausência de reação do condutor,Colisão traseira,Com Vítimas Feridas,Pleno dia,Decrescente,Sol,Dupla,Aclive;Reta,Não,2.0,0.0,0.0,1.0,1.0,1.0,0.0,2.0,"-18,71654884","-48,19935566",SPRF-MG,DEL15/MG,UOP02-DEL15-MG
768951,02/05/2026,sábado,15:20:00,ES,101.0,362,ANCHIETA,Velocidade Incompatível,Colisão transversal,Com Vítimas Feridas,Pleno dia,Decrescente,Céu Claro,Simples,Reta;Em Obras,Não,6.0,0.0,2.0,3.0,5.0,1.0,0.0,2.0,"-20,69032245","-40,68108559",SPRF-ES,DEL03-ES,UOP01-DEL03-ES
768953,02/05/2026,sábado,14:00:00,PR,373.0,204,IPIRANGA,Ausência de reação do condutor,Saída de leito carroçável,Com Vítimas Feridas,Pleno dia,Decrescente,Chuva,Simples,Reta,Não,2.0,0.0,1.0,0.0,1.0,0.0,0.0,3.0,"-25,09513075","-50,41655481",SPRF-PR,DEL03/PR,UOP01-DEL03-PR
768961,02/05/2026,sábado,15:23:00,PE,232.0,"53,1",POMBOS,Manobra de mudança de faixa,Colisão lateral mesmo sentido,Sem Vítimas,Pleno dia,Decrescente,Chuva,Dupla,Reta,Não,2.0,0.0,0.0,0.0,0.0,1.0,0.0,2.0,"-8,12886428","-35,35572513",SPRF-PE,DEL02/PE,UOP02-DEL02PE
768965,02/05/2026,sábado,14:45:00,MG,381.0,833,SAO SEBASTIAO DA BELA VISTA,Ausência de reação do condutor,Colisão lateral mesmo sentido,Com Vítimas Feridas,Pleno dia,Crescente,Céu Claro,Dupla,Reta,Não,3.0,0.0,1.0,0.0,1.0,1.0,0.0,4.0,"-22,12353","-45,79426",SPRF-MG,DEL16/MG,UOP01-DEL16-MG
768976,30/03/2026,segunda-feira,09:10:00,RS,158.0,"261,4",JULIO DE CASTILHOS,Ausência de reação do condutor,Colisão lateral sentido oposto,Com Vítimas Feridas,Pleno dia,Decrescente,Céu Claro,Simples,Reta,Não,4.0,0.0,1.0,0.0,1.0,2.0,0.0,8.0,"-29,213872","-53,671664",SPRF-RS,DEL10/RS,UOP02-DEL10-RS
768977,02/05/2026,sábado,17:30:00,MG,50.0,"177,1",UBERABA,Ausência de reação do condutor,Colisão traseira,Com Vítimas Feridas,Pleno dia,Crescente,Céu Claro,Dupla,Reta;Declive,Sim,4.0,0.0,2.0,0.0,2.0,1.0,0.0,4.0,"-19,7787","-47,94918",SPRF-MG,DEL13/MG,UOP01-DEL13-MG
768983,02/05/2026,sábado,17:00:00,PE,423.0,161,AGUAS BELAS,Acesso irregular,Colisão transversal,Com Vítimas Feridas,Anoitecer,Crescente,Céu Claro,Simples,Reta,Não,3.0,0.0,0.0,1.0,1.0,1.0,0.0,4.0,"-9,094011","-36,9820017",SPRF-PE,DEL03/PE,UOP01-DEL03-PE
768990,02/05/2026,sábado,18:20:00,SC,101.0,"217,7",PALHOCA,Ausência de reação do condutor,Colisão traseira,Com Vítimas Feridas,Plena Noite,Crescente,Nublado,Múltipla,Reta,Sim,3.0,0.0,0.0,1.0,1.0,1.0,0.0,3.0,"-27,673917","-48,67174",SPRF-SC,DEL01/SC,UOP02-DEL01-SC
768994,02/05/2026,sábado,18:30:00,MG,267.0,"232,9",LIBERDADE,Suicídio (presumido),Colisão frontal,Com Vítimas Fatais,Plena Noite,Crescente,Céu Claro,Simples,Ponte;Reta,Não,2.0,1.0,0.0,0.0,0.0,1.0,0.0,2.0,"-21,95139","-44,350478",SPRF-MG,DEL17/MG,UOP01-DEL17-MG
768997,02/05/2026,sábado,18:00:00,BA,116.0,669,JEQUIE,Transitar na contramão,Colisão frontal,Com Vítimas Fatais,Plena Noite,Crescente,Garoa/Chuvisco,Simples,Reta;Declive,Sim,3.0,1.0,0.0,0.0,0.0,1.0,0.0,4.0,"-13,911136","-40,1062",SPRF-BA,DEL03/BA,UOP01-DEL03-BA
769002,02/05/2026,sábado,18:40:00,RS,285.0,"464,5",IJUI,Desrespeitar a preferência no cruzamento,Colisão transversal,Com Vítimas Feridas,Plena Noite,Crescente,Nublado,Simples,Rotatória,Não,6.0,0.0,1.0,1.0,2.0,3.0,0.0,3.0,"-28,40097989","-53,95538092",SPRF-RS,DEL10/RS,UOP01-DEL10-RS
769003,02/05/2026,sábado,18:50:00,SP,381.0,57,MAIRIPORA,Reação tardia ou ineficiente do condutor,Colisão traseira,Com Vítimas Feridas,Plena Noite,Decrescente,Céu Claro,Dupla,Curva,Não,2.0,0.0,1.0,0.0,1.0,1.0,0.0,2.0,"-23,2570597","-46,59325",SPRF-SP,DEL03/SP,UOP01-DEL03-SP
769010,02/05/2026,sábado,16:54:00,MT,70.0,"511,9",CUIABA,Manobra de mudança de faixa,Colisão lateral mesmo sentido,Com Vítimas Feridas,Anoitecer,Decrescente,Céu Claro,Dupla,Reta,Sim,5.0,0.0,1.0,0.0,1.0,2.0,0.0,3.0,"-15,69833","-56,110872",SPRF-MT,DEL01/MT,UOP02-DEL01-MT
769016,02/05/2026,sábado,19:10:00,PR,373.0,401,CANDOI,Transitar na contramão,Colisão lateral sentido oposto,Com Vítimas Feridas,Plena Noite,Crescente,Nevoeiro/Neblina,Simples,Reta,Sim,4.0,0.0,2.0,0.0,2.0,1.0,0.0,4.0,"-25,5784976","-52,055431",SPRF-PR,DEL08/PR,UOP01-DEL08-PR
769017,02/05/2026,sábado,16:50:00,PR,376.0,369,ORTIGUEIRA,Ausência de reação do condutor,Saída de leito carroçável,Com Vítimas Feridas,Pleno dia,Decrescente,Chuva,Simples,Reta,Não,3.0,0.0,1.0,0.0,1.0,1.0,0.0,2.0,"-24,362772","-50,810227",SPRF-PR,DEL07/PR,UOP02-DEL07-PR
769019,02/05/2026,sábado,20:15:00,PR,376.0,"489,6",PONTA GROSSA,Ingestão de álcool pelo condutor,Colisão lateral mesmo sentido,Sem Vítimas,Plena Noite,Decrescente,Nublado,Dupla,Curva;Viaduto,Sim,3.0,0.0,0.0,0.0,0.0,2.0,0.0,3.0,"-25,134265","-50,165692",SPRF-PR,DEL03/PR,UOP03-DEL03-PR
769031,02/05/2026,sábado,19:40:00,MG,116.0,"567,3",MANHUACU,Acessar a via sem observar a presença dos outros veículos,Colisão transversal,Com Vítimas Feridas,Plena Noite,Decrescente,Céu Claro,Simples,Reta,Não,4.0,0.0,0.0,2.0,2.0,2.0,0.0,2.0,"-20,094253","-42,181",SPRF-MG,DEL06/MG,UOP03-DEL06-MG
769039,02/05/2026,sábado,22:26:00,SE,101.0,"18,8",SAO FRANCISCO,Condutor Dormindo,Saída de leito carroçável,Com Vítimas Feridas,Plena Noite,Crescente,Céu Claro,Dupla,Reta,Não,2.0,0.0,1.0,0.0,1.0,1.0,0.0,2.0,"-10,34937036","-36,90039396",SPRF-SE,DEL02-SE,UOP02-DEL02-SE
769054,02/05/2026,sábado,23:11:00,PE,232.0,42,VITORIA DE SANTO ANTAO,Acesso irregular,Saída de leito carroçável,Sem Vítimas,Plena Noite,Crescente,Céu Claro,Dupla,Curva,Não,1.0,0.0,0.0,0.0,0.0,1.0,0.0,1.0,"-8,1173833","-35,2614083",SPRF-PE,DEL02/PE,UOP02-DEL02PE
769067,03/05/2026,domingo,03:10:00,PR,116.0,157,MANDIRITUBA,Ingestão de álcool pelo condutor,Colisão lateral sentido oposto,Com Vítimas Feridas,Plena Noite,Crescente,Nevoeiro/Neblina,Simples,Reta;Declive,Não,2.0,0.0,0.0,1.0,1.0,1.0,0.0,2.0,"-25,862251","-49,402265",SPRF-PR,DEL01/PR,UOP03-DEL01-PR
769070,03/05/2026,domingo,02:00:00,BA,324.0,622,SALVADOR,Acessar a via sem observar a presença dos outros veículos,Colisão transversal,Com Vítimas Fatais,Plena Noite,Decrescente,Céu Claro,Múltipla,Curva,Sim,2.0,1.0,0.0,0.0,0.0,1.0,0.0,2.0,"-12,9271145","-38,4689665",SPRF-BA,DEL01/BA,UOP01-DEL01-BA
769079,03/05/2026,domingo,03:50:00,MG,262.0,"12,3",MARTINS SOARES,Velocidade Incompatível,Colisão frontal,Com Vítimas Feridas,Plena Noite,Crescente,Céu Claro,Simples,Curva;Declive,Não,5.0,0.0,0.0,1.0,1.0,3.0,0.0,3.0,"-20,255222","-41,855725",SPRF-MG,DEL06/MG,UOP03-DEL06-MG
769089,03/05/2026,domingo,03:00:00,MG,40.0,"434,5",PARAOPEBA,Ausência de reação do condutor,Colisão traseira,Com Vítimas Fatais,Plena Noite,Crescente,Céu Claro,Dupla,Aclive;Reta,Não,2.0,1.0,0.0,0.0,0.0,0.0,0.0,2.0,"-19,23026","-44,43809",SPRF-MG,DEL02/MG,UOP01-DEL02-MG
769096,03/05/2026,domingo,06:25:00,PR,376.0,"672,1",GUARATUBA,Demais falhas mecânicas ou elétricas,Incêndio,Sem Vítimas,Amanhecer,Crescente,Chuva,Simples,Reta;Declive,Não,2.0,0.0,0.0,0.0,0.0,1.0,0.0,2.0,"-25,90346396","-48,92381001",SPRF-PR,DEL01/PR,UOP04-DEL01-PR
769097,03/05/2026,domingo,05:10:00,RO,364.0,506,ARIQUEMES,Acessar a via sem observar a presença dos outros veículos,Colisão transversal,Com Vítimas Fatais,Amanhecer,Crescente,Nevoeiro/Neblina,Simples,Reta,Não,3.0,1.0,0.0,0.0,0.0,1.0,0.0,4.0,"-9,99021","-63,017325",SPRF-RO,DEL03-RO,UOP01-DEL03-RO
769108,03/05/2026,domingo,08:50:00,GO,60.0,167,GOIANIA,Reação tardia ou ineficiente do condutor,Colisão traseira,Com Vítimas Feridas,Pleno dia,Crescente,Céu Claro,Dupla,Declive;Reta,Sim,3.0,0.0,0.0,1.0,1.0,1.0,0.0,3.0,"-16,72824","-49,384078",SPRF-GO,DEL01/GO,UOP02-DEL01-GO
769112,30/04/2026,quinta-feira,07:20:00,RJ,101.0,444,MANGARATIBA,Ultrapassagem Indevida,Colisão lateral sentido oposto,Com Vítimas Feridas,Pleno dia,Decrescente,Céu Claro,Simples,Declive;Curva,Sim,2.0,0.0,1.0,0.0,1.0,0.0,0.0,2.0,"-22,992903","-44,0891",SPRF-RJ,DEL03/RJ,UOP02-DEL03-RJ
769116,03/05/2026,domingo,07:05:00,PR,277.0,"477,5",LARANJEIRAS DO SUL,Ausência de reação do condutor,Tombamento,Com Vítimas Feridas,Pleno dia,Decrescente,Céu Claro,Simples,Curva,Não,2.0,0.0,1.0,0.0,1.0,0.0,0.0,2.0,"-25,18057","-52,33302",SPRF-PR,DEL04/PR,UOP02-DEL04-PR
769118,03/05/2026,domingo,08:20:00,SP,116.0,485,CAJATI,Transitar no Acostamento,Colisão traseira,Com Vítimas Feridas,Pleno dia,Decrescente,Nublado,Dupla,Reta,Não,3.0,0.0,1.0,0.0,1.0,1.0,0.0,3.0,"-24,7217","-48,078",SPRF-SP,DEL05/SP,UOP01-DEL05-SP
769123,03/05/2026,domingo,09:00:00,BA,242.0,389,SEABRA,Manobra de mudança de faixa,Colisão frontal,Com Vítimas Feridas,Pleno dia,Decrescente,Céu Claro,Simples,Reta,Não,5.0,0.0,1.0,2.0,3.0,1.0,0.0,5.0,"-12,454415","-41,608391",SPRF-BA,DEL06/BA,UOP01-DEL06-BA
769124,03/05/2026,domingo,10:10:00,RS,290.0,90,PORTO ALEGRE,Reação tardia ou ineficiente do condutor,Colisão traseira,Com Vítimas Fatais,Pleno dia,Crescente,Céu Claro,Múltipla,Reta,Sim,2.0,1.0,0.0,0.0,0.0,1.0,0.0,2.0,"-29,96775825","-51,15158871",SPRF-RS,DEL01/RS,UOP01-DEL01-RS
769127,03/05/2026,domingo,10:00:00,SP,116.0,364,MIRACATU,Ausência de reação do condutor,Tombamento,Com Vítimas Feridas,Pleno dia,Decrescente,Nublado,Dupla,Curva,Não,2.0,0.0,1.0,0.0,1.0,0.0,0.0,2.0,"-24,13724953","-47,27244124",SPRF-SP,DEL04/SP,UOP02-DEL04-SP
769132,03/05/2026,domingo,11:00:00,PR,116.0,42,CAMPINA GRANDE DO SUL,Velocidade Incompatível,Saída de leito carroçável,Com Vítimas Feridas,Pleno dia,Crescente,Garoa/Chuvisco,Dupla,Curva;Ponte,Não,4.0,0.0,1.0,0.0,1.0,2.0,0.0,3.0,"-25,17768796","-48,87911477",SPRF-PR,DEL01/PR,UOP02-DEL01-PR
769139,16/03/2026,segunda-feira,23:25:00,PR,277.0,657,MATELANDIA,Velocidade Incompatível,Colisão frontal,Com Vítimas Fatais,Plena Noite,Decrescente,Céu Claro,Simples,Curva,Não,3.0,1.0,0.0,0.0,0.0,1.0,0.0,3.0,"-25,23522431","-53,96432877",SPRF-PR,DEL05/PR,UOP02-DEL05-PR
769141,03/05/2026,domingo,10:50:00,MG,40.0,"366,1",FELIXLANDIA,Reação tardia ou ineficiente do condutor,Colisão traseira,Com Vítimas Feridas,Pleno dia,Crescente,Céu Claro,Simples,Aclive;Reta,Não,4.0,0.0,2.0,0.0,2.0,2.0,0.0,2.0,"-18,78821","-44,80619",SPRF-MG,DEL02/MG,UOP01-DEL02-MG
769143,30/04/2026,quinta-feira,06:15:00,RJ,116.0,"195,8",QUEIMADOS,Ausência de reação do condutor,Saída de leito carroçável,Com Vítimas Feridas,Amanhecer,Decrescente,Céu Claro,Dupla,Curva,Sim,2.0,0.0,1.0,0.0,1.0,0.0,0.0,2.0,"-22,734742","-43,555337",SPRF-RJ,DEL06/RJ,UOP01-DEL06-RJ
769152,03/05/2026,domingo,12:35:00,BA,110.0,399,SAO SEBASTIAO DO PASSE,Ausência de reação do condutor,Colisão transversal,Com Vítimas Feridas,Pleno dia,Crescente,Céu Claro,Simples,Retorno Regulamentado;Reta,Não,2.0,0.0,1.0,0.0,1.0,1.0,0.0,2.0,"-12,5765629","-38,5398101",SPRF-BA,DEL01/BA,UOP01-DEL01-BA
769159,03/05/2026,domingo,10:10:00,PR,116.0,16,CAMPINA GRANDE DO SUL,Chuva,Colisão com objeto,Com Vítimas Feridas,Pleno dia,Decrescente,Chuva,Dupla,Curva,Não,3.0,0.0,1.0,0.0,1.0,2.0,0.0,2.0,"-25,10324341","-48,70067596",SPRF-PR,DEL01/PR,UOP02-DEL01-PR
769172,03/05/2026,domingo,07:50:00,MG,365.0,"495,2",PATROCINIO,Reação tardia ou ineficiente do condutor,Colisão lateral sentido oposto,Sem Vítimas,Pleno dia,Crescente,Sol,Simples,Curva,Não,3.0,0.0,0.0,0.0,0.0,2.0,0.0,3.0,"-18,9137792","-47,1909614",SPRF-MG,DEL10/MG,UOP01-DEL10-MG
769182,03/05/2026,domingo,15:20:00,RS,116.0,246,SAO LEOPOLDO,Manobra de mudança de faixa,Colisão traseira,Sem Vítimas,Pleno dia,Decrescente,Céu Claro,Dupla,Reta,Sim,3.0,0.0,0.0,0.0,0.0,2.0,0.0,3.0,"-29,75740277","-51,15176804",SPRF-RS,DEL01/RS,UOP02-DEL01-RS
769184,05/03/2026,quinta-feira,06:50:00,ES,101.0,373,ANCHIETA,Ultrapassagem Indevida,Colisão lateral sentido oposto,Com Vítimas Feridas,Amanhecer,Decrescente,Céu Claro,Simples,Reta,Não,4.0,0.0,0.0,1.0,1.0,2.0,0.0,4.0,"-20,76719939","-40,75960994",SPRF-ES,DEL03-ES,UOP01-DEL03-ES
769188,03/05/2026,domingo,16:00:00,MG,153.0,27,CENTRALINA,Velocidade Incompatível,Colisão traseira,Com Vítimas Fatais,Pleno dia,Crescente,Céu Claro,Dupla,Reta,Não,4.0,1.0,0.0,0.0,0.0,2.0,0.0,5.0,"-18,658538","-49,168174",SPRF-MG,DEL15/MG,UOP03-DEL15-MG
769189,29/04/2026,quarta-feira,14:30:00,PI,343.0,342,TERESINA,Ausência de reação do condutor,Colisão traseira,Com Vítimas Feridas,Pleno dia,Decrescente,Céu Claro,Múltipla,Rotatória,Sim,4.0,0.0,2.0,0.0,2.0,1.0,0.0,3.0,"-5,08297683","-42,75046919",SPRF-PI,DEL01-PI,UOP01-DEL01-PI
769216,03/05/2026,domingo,17:52:00,GO,153.0,309,RIALMA,Reação tardia ou ineficiente do condutor,Colisão lateral mesmo sentido,Com Vítimas Feridas,Pleno dia,Decrescente,Céu Claro,Simples,Aclive;Reta,Não,2.0,0.0,0.0,1.0,1.0,1.0,0.0,2.0,"-15,37505863","-49,55687463",SPRF-GO,DEL02/GO,UOP02-DEL02-GO
769218,03/05/2026,domingo,15:55:00,MT,163.0,843,SINOP,Reação tardia ou ineficiente do condutor,Colisão lateral mesmo sentido,Com Vítimas Feridas,Pleno dia,Crescente,Céu Claro,Simples,Reta,Não,14.0,0.0,1.0,0.0,1.0,12.0,0.0,5.0,"-11,7869952","-55,4758371",SPRF-MT,DEL06/MT,UOP02-DEL06-MT
769221,03/05/2026,domingo,17:00:00,BA,116.0,577,BREJOES,Entrada inopinada do pedestre,Atropelamento de Pedestre,Com Vítimas Fatais,Pleno dia,Decrescente,Céu Claro,Simples,Reta,Não,3.0,1.0,0.0,0.0,0.0,1.0,0.0,3.0,"-13,085378","-39,962487",SPRF-BA,DEL03/BA,UOP02-DEL03-BA
769225,03/05/2026,domingo,19:00:00,TO,153.0,"625,7",ALIANCA DO TOCANTINS,Ausência de reação do condutor,Colisão traseira,Com Vítimas Feridas,Plena Noite,Crescente,Céu Claro,Simples,Reta,Não,5.0,0.0,2.0,0.0,2.0,2.0,0.0,4.0,"-11,322473","-48,945745",SPRF-TO,DEL01-TO,UOP02-DEL01-TO
769227,03/05/2026,domingo,19:00:00,GO,40.0,7,VALPARAISO DE GOIAS,Ingestão de álcool pelo condutor,Colisão traseira,Com Vítimas Feridas,Plena Noite,Decrescente,Céu Claro,Dupla,Reta,Sim,3.0,0.0,1.0,0.0,1.0,1.0,0.0,3.0,"-16,111482","-47,970245",SPRF-DF,DEL01-DF,UOP01-DEL01-DF
769229,03/05/2026,domingo,16:30:00,RJ,101.0,"71,3",CAMPOS DOS GOYTACAZES,Acessar a via sem observar a presença dos outros veículos,Colisão transversal,Com Vítimas Feridas,Pleno dia,Decrescente,Chuva,Simples,Reta,Não,2.0,0.0,1.0,0.0,1.0,1.0,0.0,2.0,"-21,788782","-41,38542",SPRF-RJ,DEL08/RJ,UOP02-DEL08-RJ
769249,03/05/2026,domingo,19:50:00,BA,116.0,511,SANTA TERESINHA,Ultrapassagem Indevida,Colisão lateral mesmo sentido,Com Vítimas Feridas,Plena Noite,Decrescente,Céu Claro,Simples,Aclive,Não,4.0,0.0,1.0,1.0,2.0,1.0,0.0,4.0,"-12,661437","-39,631077",SPRF-BA,DEL02/BA,UOP01-DEL02-BA
769250,03/05/2026,domingo,20:30:00,CE,222.0,"49,4",SAO GONCALO DO AMARANTE,Frear bruscamente,Colisão frontal,Com Vítimas Fatais,Plena Noite,Crescente,Céu Claro,Simples,Reta;Ponte,Não,4.0,1.0,0.0,0.0,0.0,2.0,0.0,4.0,"-3,6685714","-38,9842509",SPRF-CE,DEL01/CE,UOP03-DEL01-CE
769252,03/05/2026,domingo,20:10:00,RJ,393.0,"268,3",BARRA DO PIRAI,Transitar na contramão,Colisão frontal,Com Vítimas Fatais,Plena Noite,Crescente,Nublado,Simples,Aclive;Reta,Não,4.0,2.0,0.0,0.0,0.0,1.0,0.0,3.0,"-22,47643541","-43,94298697",SPRF-RJ,DEL05/RJ,UOP04-DEL05-RJ
769260,03/05/2026,domingo,18:45:00,RS,470.0,"3,5",BARRACAO,Curva acentuada,Tombamento,Com Vítimas Fatais,Plena Noite,Crescente,Céu Claro,Simples,Declive;Curva,Não,2.0,1.0,0.0,0.0,0.0,0.0,0.0,2.0,"-27,619433","-51,487603",SPRF-RS,DEL08/RS,UOP05-DEL08-RS
769287,04/05/2026,segunda-feira,00:00:00,MG,262.0,381,PARA DE MINAS,Ausência de reação do condutor,Colisão traseira,Com Vítimas Feridas,Plena Noite,Decrescente,Céu Claro,Dupla,Reta,Não,2.0,0.0,0.0,1.0,1.0,1.0,0.0,2.0,"-19,88846312","-44,59728241",SPRF-MG,DEL01/MG,UOP03-DEL01-MG
769288,08/03/2026,domingo,22:00:00,GO,153.0,343,JARAGUA,Condutor deixou de manter distância do veículo da frente,Colisão traseira,Com Vítimas Feridas,Plena Noite,Crescente,Nublado,Simples,Reta;Declive,Não,6.0,0.0,1.0,4.0,5.0,0.0,0.0,2.0,"-15,630658","-49,380693",SPRF-GO,DEL02/GO,UOP02-DEL02-GO
769293,03/05/2026,domingo,20:00:00,SP,381.0,8,VARGEM,Pedestre andava na pista,Atropelamento de Pedestre,Com Vítimas Fatais,Plena Noite,Crescente,Céu Claro,Dupla,Declive;Curva,Sim,4.0,1.0,0.0,0.0,0.0,1.0,0.0,2.0,"-22,915428","-46,428443",SPRF-SP,DEL03/SP,UOP02-DEL03-SP
769297,04/05/2026,segunda-feira,01:15:00,MG,262.0,"531,8",LUZ,Velocidade Incompatível,Tombamento,Com Vítimas Feridas,Plena Noite,Decrescente,Céu Claro,Simples,Curva;Aclive,Não,1.0,0.0,0.0,1.0,1.0,0.0,0.0,1.0,"-19,74746824","-45,82306266",SPRF-MG,DEL08/MG,UOP02-DEL08-MG
769298,04/05/2026,segunda-feira,00:00:00,MG,381.0,712,CARMO DA CACHOEIRA,Reação tardia ou ineficiente do condutor,Colisão com objeto,Com Vítimas Feridas,Plena Noite,Crescente,Céu Claro,Dupla,Curva,Não,1.0,0.0,1.0,0.0,1.0,0.0,0.0,1.0,"-21,37055904","-45,18850263",SPRF-MG,DEL04/MG,UOP02-DEL04-MG
769302,04/05/2026,segunda-feira,04:00:00,MG,116.0,"129,4",ITAOBIM,Reação tardia ou ineficiente do condutor,Colisão lateral sentido oposto,Com Vítimas Feridas,Amanhecer,Decrescente,Céu Claro,Simples,Reta,Não,3.0,0.0,1.0,0.0,1.0,1.0,0.0,3.0,"-16,683881","-41,501803",SPRF-MG,DEL11/MG,UOP02-DEL11-MG
769310,04/05/2026,segunda-feira,05:48:00,RJ,116.0,184,NOVA IGUACU,Ingestão de álcool pelo condutor,Engavetamento,Com Vítimas Feridas,Amanhecer,Crescente,Céu Claro,Múltipla,Reta,Sim,5.0,0.0,2.0,0.0,2.0,3.0,0.0,4.0,"-22,74728567","-43,44558209",SPRF-RJ,DEL06/RJ,UOP01-DEL06-RJ
769313,04/05/2026,segunda-feira,06:38:00,MG,354.0,"756,2",ITAMONTE,Reação tardia ou ineficiente do condutor,Colisão frontal,Com Vítimas Fatais,Pleno dia,Decrescente,Céu Claro,Simples,Curva,Não,3.0,1.0,1.0,0.0,1.0,0.0,0.0,3.0,"-22,30363115","-44,85964358",SPRF-MG,DEL17/MG,UOP01-DEL17-MG
769316,04/05/2026,segunda-feira,07:18:00,BA,116.0,"437,1",FEIRA DE SANTANA,Condutor Dormindo,Colisão com objeto,Com Vítimas Fatais,Pleno dia,Decrescente,Céu Claro,Dupla,Reta;Declive,Sim,5.0,1.0,0.0,3.0,3.0,1.0,0.0,2.0,"-12,32826003","-39,06078919",SPRF-BA,DEL02/BA,UOP01-DEL02-BA
769319,04/05/2026,segunda-feira,04:50:00,MG,50.0,146,UBERABA,Condutor deixou de manter distância do veículo da frente,Colisão traseira,Sem Vítimas,Amanhecer,Crescente,Céu Claro,Dupla,Reta,Não,3.0,0.0,0.0,0.0,0.0,1.0,0.0,7.0,"-19,50672569","-48,0449295",SPRF-MG,DEL13/MG,UOP01-DEL13-MG
769335,14/03/2026,sábado,12:00:00,MG,50.0,175,UBERABA,Objeto estático sobre o leito carroçável,Colisão traseira,Com Vítimas Feridas,Pleno dia,Crescente,Céu Claro,Dupla,Aclive;Reta,Não,7.0,0.0,3.0,1.0,4.0,3.0,0.0,3.0,"-19,778536","-47,958253",SPRF-MG,DEL13/MG,UOP01-DEL13-MG
769343,04/05/2026,segunda-feira,03:00:00,RJ,116.0,184,NOVA IGUACU,Ausência de reação do condutor,Colisão traseira,Com Vítimas Fatais,Amanhecer,Crescente,Céu Claro,Dupla,Reta,Sim,3.0,1.0,1.0,0.0,1.0,0.0,0.0,2.0,"-22,74605088","-43,4465274",SPRF-RJ,DEL06/RJ,UOP01-DEL06-RJ
769363,01/05/2026,sexta-feira,12:30:00,PA,316.0,77,SAO FRANCISCO DO PARA,Ultrapassagem Indevida,Colisão transversal,Com Vítimas Feridas,Pleno dia,Decrescente,Chuva,Simples,Reta,Não,4.0,0.0,1.0,0.0,1.0,1.0,0.0,3.0,"-1,303755","-47,794227",SPRF-PA,DEL01/PA,UOP01-DEL01-PA
769367,04/05/2026,segunda-feira,10:00:00,BA,324.0,612,SIMOES FILHO,Ausência de reação do condutor,Engavetamento,Sem Vítimas,Pleno dia,Crescente,Céu Claro,Dupla,Reta,Sim,3.0,0.0,0.0,0.0,0.0,3.0,0.0,3.0,"-12,83921903","-38,41478057",SPRF-BA,DEL01/BA,UOP01-DEL01-BA
769373,04/05/2026,segunda-feira,09:20:00,MS,262.0,289,CAMPO GRANDE,Reação tardia ou ineficiente do condutor,Atropelamento de Pedestre,Com Vítimas Feridas,Pleno dia,Decrescente,Céu Claro,Simples,Reta;Em Obras,Não,2.0,0.0,0.0,1.0,1.0,0.0,0.0,2.0,"-20,4908889","-54,1920278",SPRF-MS,DEL01/MS,UOP05-DEL01-MS
769379,04/05/2026,segunda-feira,08:50:00,MT,70.0,511,VARZEA GRANDE,Reação tardia ou ineficiente do condutor,Colisão traseira,Com Vítimas Fatais,Pleno dia,Crescente,Céu Claro,Dupla,Reta;Ponte,Não,6.0,1.0,2.0,0.0,2.0,2.0,0.0,3.0,"-15,69962729","-56,113379",SPRF-MT,DEL01/MT,UOP02-DEL01-MT
769384,04/05/2026,segunda-feira,11:40:00,PR,376.0,180,MARINGA,Sinalização mal posicionada,Colisão traseira,Com Vítimas Feridas,Pleno dia,Decrescente,Nublado,Dupla,Reta,Sim,3.0,0.0,1.0,0.0,1.0,1.0,0.0,3.0,"-23,42200751","-51,90477697",SPRF-PR,DEL09/PR,UOP01-DEL09-PR
769386,04/05/2026,segunda-feira,11:25:00,PR,153.0,"24,2",JACAREZINHO,Desrespeitar a preferência no cruzamento,Colisão transversal,Com Vítimas Feridas,Pleno dia,Decrescente,Céu Claro,Simples,Curva;Interseção de Vias,Não,3.0,0.0,0.0,2.0,2.0,1.0,0.0,2.0,"-23,189283","-49,985753",SPRF-PR,DEL07/PR,UOP04-DEL07-PR
769391,04/05/2026,segunda-feira,10:55:00,RJ,116.0,287,BARRA MANSA,Condutor Dormindo,Colisão traseira,Com Vítimas Feridas,Pleno dia,Decrescente,Céu Claro,Dupla,Reta,Não,2.0,0.0,1.0,0.0,1.0,1.0,0.0,2.0,"-22,498553","-44,233432",SPRF-RJ,DEL07/RJ,UOP02-DEL07-RJ
769395,04/05/2026,segunda-feira,12:05:00,MS,262.0,354,CAMPO GRANDE,Velocidade Incompatível,Tombamento,Com Vítimas Feridas,Pleno dia,Crescente,Céu Claro,Simples,Rotatória,Sim,1.0,0.0,1.0,0.0,1.0,0.0,0.0,1.0,"-20,551629","-54,668214",SPRF-MS,DEL01/MS,UOP03-DEL01-MS