id,data_inversa,dia_semana,horario,uf,br,km,municipio,causa_acidente,tipo_acidente,classificacao_acidente,fase_dia,sentido_via,condicao_metereologica,tipo_pista,tracado_via,uso_solo,pessoas,mortos,feridos_leves,feridos_graves,feridos,ilesos,ignorados,veiculos,latitude,longitude,regional,delegacia,uop
769396,10/03/2026,terça-feira,11:30:00,ES,101.0,231,FUNDAO,Demais falhas mecânicas ou elétricas,Incêndio,Sem Vítimas,Pleno dia,Decrescente,Sol,Simples,Reta,Sim,2.0,0.0,0.0,0.0,0.0,1.0,0.0,12.0,"-19,94486757","-40,40734642",SPRF-ES,DEL02-ES,UOP01-DEL02-ES
769397,04/05/2026,segunda-feira,11:50:00,BA,324.0,568,SAO SEBASTIAO DO PASSE,Reação tardia ou ineficiente do condutor,Colisão traseira,Com Vítimas Feridas,Pleno dia,Decrescente,Céu Claro,Dupla,Reta,Não,6.0,0.0,2.0,0.0,2.0,3.0,0.0,4.0,"-12,54356737","-38,58446717",SPRF-BA,DEL01/BA,UOP01-DEL01-BA
769398,04/05/2026,segunda-feira,12:15:00,PR,376.0,"162,5",MARINGA,Reação tardia ou ineficiente do condutor,Colisão traseira,Com Vítimas Feridas,Pleno dia,Decrescente,Céu Claro,Dupla,Aclive,Não,3.0,0.0,1.0,0.0,1.0,1.0,0.0,3.0,"-23,371976","-52,057112",SPRF-PR,DEL09/PR,UOP02-DEL09-PR
769399,04/05/2026,segunda-feira,10:30:00,RJ,101.0,269,RIO BONITO,Ultrapassagem Indevida,Atropelamento de Pedestre,Com Vítimas Fatais,Pleno dia,Decrescente,Céu Claro,Dupla,Reta,Sim,5.0,1.0,0.0,0.0,0.0,2.0,0.0,4.0,"-22,71614988","-42,68063767",SPRF-RJ,DEL02/RJ,UOP03-DEL02-RJ
769404,04/05/2026,segunda-feira,13:00:00,RJ,40.0,31,AREAL,Velocidade Incompatível,Tombamento,Com Vítimas Feridas,Pleno dia,Crescente,Nublado,Dupla,Curva,Não,2.0,0.0,1.0,0.0,1.0,0.0,0.0,2.0,"-22,197506","-43,158948",SPRF-RJ,DEL05/RJ,UOP02-DEL05-RJ
769413,22/04/2026,quarta-feira,15:00:00,MA,226.0,285,BARRA DO CORDA,Carga excessiva e/ou mal acondicionada,Capotamento,Com Vítimas Feridas,Pleno dia,Crescente,Céu Claro,Simples,Curva,Não,6.0,0.0,4.0,0.0,4.0,1.0,0.0,3.0,"-5,450667","-45,134337",SPRF-MA,DEL06-MA,UOP01-DEL06-MA
769414,04/05/2026,segunda-feira,13:20:00,PB,101.0,125,CAAPORA,Ausência de reação do condutor,Colisão traseira,Com Vítimas Feridas,Pleno dia,Crescente,Céu Claro,Dupla,Reta,Não,3.0,0.0,1.0,0.0,1.0,1.0,0.0,4.0,"-7,478632","-34,979415",SPRF-PB,DEL01-PB,UOP01-DEL01-PB
769415,04/05/2026,segunda-feira,13:50:00,MG,153.0,79,PRATA,Ausência de reação do condutor,Saída de leito carroçável,Com Vítimas Feridas,Pleno dia,Crescente,Céu Claro,Simples,Reta,Não,2.0,0.0,1.0,0.0,1.0,0.0,0.0,4.0,"-19,0643","-49,007439",SPRF-MG,DEL15/MG,UOP03-DEL15-MG
769416,04/05/2026,segunda-feira,14:00:00,PR,277.0,336,GUARAPUAVA,Demais falhas mecânicas ou elétricas,Colisão com objeto,Sem Vítimas,Pleno dia,Decrescente,Céu Claro,Dupla,Declive;Reta,Não,2.0,0.0,0.0,0.0,0.0,2.0,0.0,2.0,"-25,353028","-51,3729019",SPRF-PR,DEL08/PR,UOP01-DEL08-PR
769419,04/05/2026,segunda-feira,13:07:00,MA,135.0,43,BACABEIRA,Reação tardia ou ineficiente do condutor,Colisão traseira,Com Vítimas Feridas,Pleno dia,Decrescente,Chuva,Dupla,Reta;Declive,Sim,3.0,0.0,1.0,0.0,1.0,1.0,0.0,3.0,"-2,915955","-44,349208",SPRF-MA,DEL01-MA,UOP01-DEL01-MA
769420,27/04/2026,segunda-feira,17:40:00,BA,324.0,520,FEIRA DE SANTANA,Condutor deixou de manter distância do veículo da frente,Colisão traseira,Sem Vítimas,Anoitecer,Decrescente,Céu Claro,Dupla,Reta,Não,3.0,0.0,0.0,0.0,0.0,3.0,0.0,3.0,"-12,275443","-38,931275",SPRF-BA,DEL11/BA,UOP02-DEL11-BA
769421,04/05/2026,segunda-feira,10:50:00,SC,470.0,"259,3",CURITIBANOS,Curva acentuada,Colisão lateral sentido oposto,Com Vítimas Feridas,Pleno dia,Crescente,Nublado,Simples,Aclive,Não,3.0,0.0,1.0,0.0,1.0,1.0,0.0,5.0,"-27,30067248","-50,67733375",SPRF-SC,DEL05/SC,UOP03-DEL05-SC
769422,22/04/2026,quarta-feira,10:15:00,RJ,40.0,32,AREAL,Curva acentuada,Tombamento,Com Vítimas Feridas,Pleno dia,Decrescente,Céu Claro,Dupla,Curva;Declive,Sim,2.0,0.0,1.0,0.0,1.0,0.0,0.0,2.0,"-22,21106856","-43,13488207",SPRF-RJ,DEL05/RJ,UOP02-DEL05-RJ
769424,04/05/2026,segunda-feira,11:50:00,RJ,116.0,143,DUQUE DE CAXIAS,Reação tardia ou ineficiente do condutor,Colisão traseira,Com Vítimas Feridas,Pleno dia,Crescente,Céu Claro,Dupla,Reta,Sim,4.0,0.0,1.0,0.0,1.0,2.0,0.0,2.0,"-22,64977167","-43,23337833",SPRF-RJ,DEL01/RJ,UOP02-DEL01-RJ
769427,04/05/2026,segunda-feira,15:00:00,CE,116.0,"23,5",AQUIRAZ,Desrespeitar a preferência no cruzamento,Colisão transversal,Com Vítimas Feridas,Pleno dia,Decrescente,Sol,Dupla,Retorno Regulamentado,Sim,2.0,0.0,0.0,1.0,1.0,1.0,0.0,2.0,"-3,954332","-38,512372",SPRF-CE,DEL01/CE,UOP02-DEL01-CE
769428,04/05/2026,segunda-feira,12:35:00,RJ,393.0,"273,9",BARRA DO PIRAI,Velocidade Incompatível,Tombamento,Com Vítimas Feridas,Pleno dia,Crescente,Céu Claro,Simples,Aclive;Curva,Não,2.0,0.0,1.0,0.0,1.0,0.0,0.0,2.0,"-22,4747294","-43,9933682",SPRF-RJ,DEL05/RJ,UOP04-DEL05-RJ
769433,04/05/2026,segunda-feira,15:30:00,SE,101.0,76,MARUIM,Condutor deixou de manter distância do veículo da frente,Colisão traseira,Com Vítimas Feridas,Pleno dia,Decrescente,Nublado,Dupla,Reta,Sim,3.0,0.0,0.0,1.0,1.0,2.0,0.0,2.0,"-10,77471582","-37,12913124",SPRF-SE,DEL01-SE,UOP01-DEL01-SE
769438,04/05/2026,segunda-feira,15:25:00,AL,104.0,"88,9",RIO LARGO,Condutor deixou de manter distância do veículo da frente,Colisão traseira,Com Vítimas Feridas,Pleno dia,Crescente,Céu Claro,Dupla,Reta,Sim,2.0,0.0,0.0,1.0,1.0,1.0,0.0,2.0,"-9,48771933","-35,81626352",SPRF-AL,DEL01-AL,UOP01-DEL01-AL
769442,04/05/2026,segunda-feira,15:10:00,MA,316.0,"411,3",ALTO ALEGRE DO MARANHAO,Condutor Dormindo,Saída de leito carroçável,Com Vítimas Feridas,Pleno dia,Decrescente,Céu Claro,Simples,Aclive;Reta,Não,2.0,0.0,0.0,1.0,1.0,0.0,0.0,2.0,"-4,290462","-44,418179",SPRF-MA,DEL03-MA,UOP01-DEL03-MA
769444,04/05/2026,segunda-feira,14:00:00,SP,381.0,37,ATIBAIA,Demais falhas mecânicas ou elétricas,Tombamento,Com Vítimas Feridas,Pleno dia,Decrescente,Céu Claro,Dupla,Reta;Declive,Sim,3.0,0.0,2.0,0.0,2.0,1.0,0.0,1.0,"-23,10888095","-46,56999626",SPRF-SP,DEL03/SP,UOP01-DEL03-SP
769446,31/03/2026,terça-feira,23:46:00,MG,153.0,"27,5",CENTRALINA,Condutor Dormindo,Saída de leito carroçável,Com Vítimas Feridas,Plena Noite,Crescente,Céu Claro,Dupla,Reta,Não,2.0,0.0,1.0,0.0,1.0,0.0,0.0,2.0,"-18,659948","-49,167436",SPRF-MG,DEL15/MG,UOP03-DEL15-MG
769454,04/05/2026,segunda-feira,11:00:00,PR,376.0,"485,4",PONTA GROSSA,Reação tardia ou ineficiente do condutor,Saída de leito carroçável,Com Vítimas Feridas,Pleno dia,Crescente,Chuva,Dupla,Reta;Declive,Não,2.0,0.0,0.0,1.0,1.0,0.0,0.0,2.0,"-25,10538959","-50,194599",SPRF-PR,DEL03/PR,UOP03-DEL03-PR
769470,26/04/2026,domingo,07:20:00,BA,116.0,"590,8",IRAJUBA,Ultrapassagem Indevida,Colisão traseira,Sem Vítimas,Pleno dia,Crescente,Céu Claro,Simples,Curva,Não,9.0,0.0,0.0,0.0,0.0,4.0,0.0,13.0,"-13,173921","-39,999693",SPRF-BA,DEL03/BA,UOP02-DEL03-BA
769472,15/03/2026,domingo,23:00:00,PR,369.0,"471,4",CORBELIA,Transitar na contramão,Colisão lateral sentido oposto,Com Vítimas Feridas,Plena Noite,Crescente,Céu Claro,Simples,Curva,Não,3.0,0.0,0.0,1.0,1.0,1.0,0.0,3.0,"-24,69789993","-53,24016728",SPRF-PR,DEL04/PR,UOP03-DEL04-PR
769478,04/05/2026,segunda-feira,18:00:00,ES,101.0,"238,5",FUNDAO,Acesso irregular,Colisão transversal,Com Vítimas Feridas,Plena Noite,Decrescente,Céu Claro,Simples,Reta,Não,3.0,0.0,2.0,0.0,2.0,0.0,0.0,2.0,"-20,00305575","-40,41300843",SPRF-ES,DEL02-ES,UOP01-DEL02-ES
769494,04/05/2026,segunda-feira,15:00:00,PR,277.0,658,MATELANDIA,Ausência de reação do condutor,Saída de leito carroçável,Com Vítimas Feridas,Pleno dia,Crescente,Céu Claro,Dupla,Reta,Sim,2.0,0.0,1.0,0.0,1.0,0.0,0.0,2.0,"-25,24136","-53,9712",SPRF-PR,DEL05/PR,UOP02-DEL05-PR
769496,21/03/2026,sábado,18:10:00,GO,414.0,"402,8",CORUMBA DE GOIAS,Transitar na contramão,Colisão transversal,Com Vítimas Feridas,Plena Noite,Crescente,Céu Claro,Simples,Curva;Aclive,Não,5.0,0.0,2.0,1.0,3.0,1.0,0.0,3.0,"-15,99363","-48,83736",SPRF-GO,DEL02/GO,UOP01-DEL02-GO
769497,04/05/2026,segunda-feira,20:00:00,PI,343.0,60,BURITI DOS LOPES,Transitar na contramão,Colisão lateral sentido oposto,Sem Vítimas,Plena Noite,Decrescente,Garoa/Chuvisco,Simples,Reta,Não,3.0,0.0,0.0,0.0,0.0,1.0,0.0,3.0,"-3,2516","-41,79732",SPRF-PI,DEL05-PI,UOP01-DEL05-PI
769502,04/05/2026,segunda-feira,19:30:00,MT,364.0,255,JUSCIMEIRA,Acessar a via sem observar a presença dos outros veículos,Colisão transversal,Com Vítimas Feridas,Plena Noite,Crescente,Céu Claro,Dupla,Reta,Não,3.0,0.0,1.0,0.0,1.0,1.0,0.0,3.0,"-16,0629","-54,8717",SPRF-MT,DEL02/MT,UOP01-DEL02-MT
769504,04/05/2026,segunda-feira,15:30:00,MT,70.0,497,CUIABA,Curva acentuada,Tombamento,Sem Vítimas,Pleno dia,Crescente,Céu Claro,Dupla,Desvio Temporário;Curva;Em Obras,Sim,2.0,0.0,0.0,0.0,0.0,0.0,1.0,3.0,"-15,66123286","-56,00697792",SPRF-MT,DEL01/MT,UOP02-DEL01-MT
769516,04/05/2026,segunda-feira,18:50:00,RS,471.0,"173,4",RIO PARDO,Desrespeitar a preferência no cruzamento,Colisão transversal,Com Vítimas Feridas,Plena Noite,Decrescente,Céu Claro,Simples,Interseção de Vias;Retorno Regulamentado,Não,3.0,0.0,0.0,1.0,1.0,1.0,0.0,4.0,"-29,97361388","-52,37092344",SPRF-RS,DEL02/RS,UOP03-DEL02-RS
769521,04/05/2026,segunda-feira,23:00:00,MG,365.0,"17,3",MONTES CLAROS,Ausência de reação do condutor,Colisão traseira,Com Vítimas Feridas,Plena Noite,Crescente,Céu Claro,Simples,Aclive;Reta,Não,3.0,0.0,0.0,1.0,1.0,1.0,0.0,5.0,"-16,87012","-43,982915",SPRF-MG,DEL12/MG,UOP01-DEL12-MG
769523,04/05/2026,segunda-feira,22:10:00,PE,423.0,24,SAO CAITANO,Pedestre andava na pista,Atropelamento de Pedestre,Com Vítimas Fatais,Plena Noite,Crescente,Nublado,Simples,Reta,Não,2.0,1.0,0.0,0.0,0.0,0.0,0.0,2.0,"-8,37546","-36,17282",SPRF-PE,DEL03/PE,UOP02-DEL03-PE
769526,04/05/2026,segunda-feira,19:00:00,MG,365.0,256,SAO GONCALO DO ABAETE,Ausência de reação do condutor,Colisão lateral sentido oposto,Com Vítimas Feridas,Plena Noite,Decrescente,Céu Claro,Simples,Curva;Declive,Não,5.0,0.0,1.0,0.0,1.0,1.0,0.0,3.0,"-17,855292","-45,492557",SPRF-MG,DEL10/MG,UOP02-DEL010-MG
769530,04/05/2026,segunda-feira,20:00:00,PR,277.0,"495,5",NOVA LARANJEIRAS,Condutor deixou de manter distância do veículo da frente,Colisão traseira,Sem Vítimas,Plena Noite,Decrescente,Céu Claro,Simples,Aclive;Reta,Não,3.0,0.0,0.0,0.0,0.0,1.0,0.0,3.0,"-25,20305","-52,65409",SPRF-PR,DEL04/PR,UOP04-DEL04-PR
769531,05/05/2026,terça-feira,01:02:00,GO,50.0,"152,3",CAMPO ALEGRE DE GOIAS,Demais falhas mecânicas ou elétricas,Incêndio,Sem Vítimas,Plena Noite,Decrescente,Céu Claro,Dupla,Reta,Não,1.0,0.0,0.0,0.0,0.0,1.0,0.0,1.0,"-17,193147","-47,735957",SPRF-GO,DEL06/GO,UOP01-DEL06-GO
769533,04/05/2026,segunda-feira,22:00:00,CE,20.0,"139,7",TAUA,Pista esburacada,Tombamento,Com Vítimas Feridas,Plena Noite,Crescente,Céu Claro,Simples,Reta,Não,2.0,0.0,1.0,0.0,1.0,0.0,0.0,2.0,"-5,560333","-40,076875",SPRF-CE,DEL02/CE,UOP02-DEL02-CE
769534,05/05/2026,terça-feira,00:15:00,SC,116.0,"143,8",SANTA CECILIA,Transitar na contramão,Colisão frontal,Com Vítimas Fatais,Plena Noite,Decrescente,Céu Claro,Simples,Curva,Não,4.0,1.0,1.0,0.0,1.0,2.0,0.0,3.0,"-26,992093","-50,395743",SPRF-SC,DEL06/SC,UOP02-DEL06-SC
769535,05/05/2026,terça-feira,03:20:00,PR,376.0,497,PONTA GROSSA,Ausência de reação do condutor,Colisão traseira,Com Vítimas Fatais,Plena Noite,Decrescente,Céu Claro,Dupla,Reta,Sim,4.0,1.0,0.0,0.0,0.0,1.0,0.0,4.0,"-25,17219","-50,106879",SPRF-PR,DEL03/PR,UOP03-DEL03-PR
769544,05/05/2026,terça-feira,06:25:00,BA,324.0,600,SIMOES FILHO,Manobra de mudança de faixa,Colisão lateral mesmo sentido,Com Vítimas Feridas,Amanhecer,Crescente,Nublado,Dupla,Reta,Não,4.0,0.0,1.0,0.0,1.0,3.0,0.0,2.0,"-12,758361","-38,426867",SPRF-BA,DEL01/BA,UOP01-DEL01-BA
769548,05/05/2026,terça-feira,06:40:00,PR,487.0,"49,4",UMUARAMA,Ultrapassagem Indevida,Colisão lateral mesmo sentido,Com Vítimas Feridas,Amanhecer,Crescente,Céu Claro,Simples,Viaduto,Sim,3.0,0.0,1.0,0.0,1.0,1.0,0.0,4.0,"-23,539933","-53,460141",SPRF-PR,DEL06/PR,UOP03-DEL06-PR
769558,02/05/2026,sábado,06:30:00,PR,476.0,247,LAPA,Mal súbito do condutor,Tombamento,Com Vítimas Feridas,Amanhecer,Crescente,Chuva,Simples,Curva,Não,1.0,0.0,1.0,0.0,1.0,0.0,0.0,1.0,"-25,86559975","-50,14874546",SPRF-PR,DEL02/PR,UOP03-DEL02-PR
769559,05/05/2026,terça-feira,06:00:00,MA,226.0,"69,3",MATOES,Acessar a via sem observar a presença dos outros veículos,Colisão transversal,Com Vítimas Fatais,Pleno dia,Decrescente,Céu Claro,Simples,Reta,Não,2.0,1.0,0.0,0.0,0.0,1.0,0.0,2.0,"-5,206452","-43,3963",SPRF-MA,DEL03-MA,UOP02-DEL03-MA
769560,05/05/2026,terça-feira,08:03:00,PR,116.0,109,CURITIBA,Ausência de reação do condutor,Tombamento,Com Vítimas Feridas,Pleno dia,Crescente,Céu Claro,Dupla,Reta,Sim,2.0,0.0,1.0,0.0,1.0,0.0,0.0,2.0,"-25,56680899","-49,24525057",SPRF-PR,DEL01/PR,UOP03-DEL01-PR
769562,05/05/2026,terça-feira,07:40:00,PR,277.0,"426,5",CANTAGALO,Desrespeitar a preferência no cruzamento,Colisão transversal,Com Vítimas Feridas,Amanhecer,Crescente,Céu Claro,Simples,Curva;Rotatória,Não,2.0,0.0,1.0,0.0,1.0,1.0,0.0,2.0,"-25,37625639","-52,12984649",SPRF-PR,DEL04/PR,UOP02-DEL04-PR
769567,05/05/2026,terça-feira,07:30:00,SP,116.0,"51,1",LORENA,Ausência de reação do condutor,Colisão traseira,Sem Vítimas,Pleno dia,Decrescente,Nublado,Dupla,Reta,Sim,3.0,0.0,0.0,0.0,0.0,2.0,0.0,3.0,"-22,7420292","-45,09282589",SPRF-SP,DEL08/SP,UOP02-DEL08-SP
769572,05/05/2026,terça-feira,05:55:00,RJ,40.0,111,DUQUE DE CAXIAS,Ausência de reação do condutor,Colisão traseira,Com Vítimas Feridas,Amanhecer,Decrescente,Céu Claro,Múltipla,Reta;Aclive,Sim,25.0,0.0,16.0,0.0,16.0,9.0,0.0,2.0,"-22,6998519","-43,28973448",SPRF-RJ,DEL01/RJ,UOP02-DEL01-RJ
769574,05/05/2026,terça-feira,09:15:00,RJ,116.0,202,QUEIMADOS,Ausência de reação do condutor,Colisão lateral mesmo sentido,Sem Vítimas,Pleno dia,Decrescente,Céu Claro,Dupla,Reta;Em Obras,Não,5.0,0.0,0.0,0.0,0.0,5.0,0.0,4.0,"-22,73028201","-43,6255002",SPRF-RJ,DEL06/RJ,UOP02-DEL06-RJ
769576,05/05/2026,terça-feira,08:15:00,PR,116.0,102,SAO JOSE DOS PINHAIS,Manobra de mudança de faixa,Colisão lateral mesmo sentido,Com Vítimas Feridas,Pleno dia,Crescente,Céu Claro,Dupla,Reta,Não,3.0,0.0,1.0,0.0,1.0,2.0,0.0,3.0,"-25,5683169","-49,1780553",SPRF-PR,DEL01/PR,UOP08-DEL01-PR
769581,05/05/2026,terça-feira,09:00:00,SP,116.0,201,ARUJA,Manobra de mudança de faixa,Colisão lateral mesmo sentido,Com Vítimas Feridas,Pleno dia,Crescente,Céu Claro,Dupla,Reta,Sim,3.0,0.0,1.0,0.0,1.0,1.0,0.0,3.0,"-23,40895607","-46,34107971",SPRF-SP,DEL01/SP,UOP01-DEL01-SP
769589,05/05/2026,terça-feira,11:10:00,RJ,101.0,47,CAMPOS DOS GOYTACAZES,Acessar a via sem observar a presença dos outros veículos,Colisão transversal,Com Vítimas Feridas,Pleno dia,Crescente,Céu Claro,Simples,Retorno Regulamentado,Sim,2.0,0.0,1.0,0.0,1.0,1.0,0.0,2.0,"-21,606507","-41,316769",SPRF-RJ,DEL08/RJ,UOP01-DEL08-RJ
769591,05/05/2026,terça-feira,08:30:00,RJ,116.0,132,MAGE,Velocidade Incompatível,Colisão traseira,Com Vítimas Feridas,Pleno dia,Crescente,Céu Claro,Dupla,Reta,Não,2.0,0.0,0.0,1.0,1.0,1.0,0.0,2.0,"-22,65703","-43,13458",SPRF-RJ,DEL04/RJ,UOP02-DEL04-RJ
769593,05/05/2026,terça-feira,11:30:00,GO,60.0,74,ANAPOLIS,Ausência de reação do condutor,Tombamento,Com Vítimas Feridas,Pleno dia,Crescente,Céu Claro,Dupla,Curva,Não,1.0,0.0,1.0,0.0,1.0,0.0,0.0,1.0,"-16,2774998","-48,7862753",SPRF-GO,DEL02/GO,UOP01-DEL02-GO
769596,05/05/2026,terça-feira,09:00:00,BA,242.0,418,SEABRA,Condutor deixou de manter distância do veículo da frente,Colisão traseira,Com Vítimas Feridas,Pleno dia,Crescente,Céu Claro,Simples,Aclive;Reta,Sim,3.0,0.0,1.0,0.0,1.0,1.0,0.0,2.0,"-12,43130553","-41,79924186",SPRF-BA,DEL06/BA,UOP01-DEL06-BA
769597,05/05/2026,terça-feira,11:30:00,MG,50.0,15,UBERLANDIA,Velocidade Incompatível,Saída de leito carroçável,Com Vítimas Feridas,Pleno dia,Decrescente,Céu Claro,Dupla,Interseção de Vias,Sim,3.0,0.0,1.0,1.0,2.0,0.0,0.0,3.0,"-18,910579","-48,173979",SPRF-MG,DEL15/MG,UOP01-DEL15-MG
769601,05/05/2026,terça-feira,12:20:00,MG,381.0,"442,9",SABARA,Acesso irregular,Colisão transversal,Com Vítimas Feridas,Pleno dia,Decrescente,Céu Claro,Simples,Reta,Não,2.0,0.0,1.0,0.0,1.0,1.0,0.0,2.0,"-19,82722242","-43,83758924",SPRF-MG,DEL01/MG,UOP01-DEL01-MG
769603,05/05/2026,terça-feira,12:30:00,PR,277.0,721,FOZ DO IGUACU,Velocidade Incompatível,Colisão traseira,Com Vítimas Feridas,Pleno dia,Decrescente,Céu Claro,Simples,Declive;Reta,Sim,2.0,0.0,1.0,0.0,1.0,1.0,0.0,2.0,"-25,487437","-54,502359",SPRF-PR,DEL05/PR,UOP03-DEL05-PR
769607,05/05/2026,terça-feira,11:45:00,RS,290.0,"180,7",MINAS DO LEAO,Transitar na contramão,Colisão frontal,Com Vítimas Fatais,Pleno dia,Crescente,Sol,Simples,Reta,Não,4.0,1.0,0.0,0.0,0.0,1.0,0.0,4.0,"-30,1411785","-52,0260103",SPRF-RS,DEL02/RS,UOP03-DEL02-RS
769608,05/05/2026,terça-feira,10:45:00,CE,116.0,331,JAGUARIBE,Carga excessiva e/ou mal acondicionada,Saída de leito carroçável,Com Vítimas Feridas,Pleno dia,Decrescente,Céu Claro,Simples,Reta,Não,2.0,0.0,1.0,0.0,1.0,1.0,0.0,1.0,"-6,01340508","-38,6392533",SPRF-CE,DEL05/CE,UOP02-DEL05-CE
769609,05/05/2026,terça-feira,11:55:00,SC,282.0,"540,1",CHAPECO,Reação tardia ou ineficiente do condutor,Saída de leito carroçável,Com Vítimas Feridas,Pleno dia,Crescente,Céu Claro,Simples,Reta,Não,2.0,0.0,1.0,0.0,1.0,0.0,0.0,2.0,"-26,997489","-52,703859",SPRF-SC,DEL07/SC,UOP01-DEL07-SC
769610,02/04/2026,quinta-feira,01:10:00,MG,381.0,520,BRUMADINHO,Demais falhas mecânicas ou elétricas,Incêndio,Sem Vítimas,Plena Noite,Decrescente,Céu Claro,Dupla,Curva,Não,2.0,0.0,0.0,0.0,0.0,1.0,0.0,2.0,"-20,13202352","-44,30434227",SPRF-MG,DEL01/MG,UOP03-DEL01-MG
769612,05/05/2026,terça-feira,13:05:00,BA,101.0,173,FEIRA DE SANTANA,Manobra de mudança de faixa,Colisão frontal,Com Vítimas Feridas,Pleno dia,Decrescente,Céu Claro,Simples,Reta,Não,8.0,0.0,3.0,0.0,3.0,4.0,0.0,4.0,"-12,3757009","-38,8782081",SPRF-BA,DEL11/BA,UOP02-DEL11-BA
769613,05/05/2026,terça-feira,13:30:00,RS,153.0,"49,9",ERECHIM,Acessar a via sem observar a presença dos outros veículos,Colisão lateral mesmo sentido,Com Vítimas Fatais,Pleno dia,Crescente,Céu Claro,Simples,Reta,Não,5.0,1.0,0.0,0.0,0.0,1.0,0.0,4.0,"-27,65546898","-52,26919413",SPRF-RS,DEL08/RS,UOP04-DEL08-RS
769617,30/03/2026,segunda-feira,10:30:00,SC,280.0,"216,5",TRES BARRAS,Ultrapassagem Indevida,Colisão frontal,Com Vítimas Fatais,Pleno dia,Decrescente,Céu Claro,Simples,Reta,Não,3.0,1.0,0.0,1.0,1.0,0.0,0.0,3.0,"-26,17841813","-50,23108272",SPRF-SC,DEL06/SC,UOP04-DEL06-SC
769619,05/05/2026,terça-feira,14:30:00,DF,40.0,"0,2",BRASILIA,Acessar a via sem observar a presença dos outros veículos,Queda de ocupante de veículo,Com Vítimas Feridas,Pleno dia,Decrescente,Céu Claro,Dupla,Reta,Sim,3.0,0.0,0.0,2.0,2.0,1.0,0.0,2.0,"-15,980097","-47,988955",SPRF-DF,DEL01-DF,UOP01-DEL01-DF
769622,05/05/2026,terça-feira,13:40:00,RS,285.0,"129,9",VACARIA,Desrespeitar a preferência no cruzamento,Colisão transversal,Com Vítimas Feridas,Pleno dia,Decrescente,Céu Claro,Simples,Reta,Não,2.0,0.0,1.0,0.0,1.0,1.0,0.0,2.0,"-28,450655","-50,991769",SPRF-RS,DEL05/RS,UOP03-DEL05-RS
769624,05/05/2026,terça-feira,13:50:00,MT,163.0,955,NOVA SANTA HELENA,Condutor deixou de manter distância do veículo da frente,Engavetamento,Com Vítimas Feridas,Pleno dia,Crescente,Céu Claro,Simples,Aclive;Reta,Não,6.0,0.0,1.0,0.0,1.0,4.0,0.0,16.0,"-10,856649","-55,190867",SPRF-MT,DEL06/MT,UOP02-DEL06-MT
769625,05/05/2026,terça-feira,13:20:00,BA,330.0,884,UBAITABA,Reação tardia ou ineficiente do condutor,Colisão com objeto,Com Vítimas Fatais,Pleno dia,Decrescente,Nublado,Simples,Curva;Declive,Não,3.0,1.0,1.0,0.0,1.0,0.0,0.0,3.0,"-14,24983897","-39,37585902",SPRF-BA,DEL05/BA,UOP01-DEL05-BA
769626,05/05/2026,terça-feira,09:45:00,PR,277.0,403,CANDOI,Ausência de reação do condutor,Tombamento,Com Vítimas Feridas,Pleno dia,Decrescente,Céu Claro,Simples,Curva,Não,2.0,0.0,1.0,0.0,1.0,0.0,0.0,2.0,"-25,46050927","-51,95867693",SPRF-PR,DEL04/PR,UOP02-DEL04-PR
769629,05/05/2026,terça-feira,09:30:00,MG,365.0,204,BURITIZEIRO,Objeto estático sobre o leito carroçável,Colisão com objeto,Com Vítimas Feridas,Pleno dia,Crescente,Céu Claro,Simples,Reta,Não,2.0,0.0,1.0,0.0,1.0,0.0,0.0,3.0,"-17,51803167","-45,23863167",SPRF-MG,DEL10/MG,UOP02-DEL010-MG
769632,05/05/2026,terça-feira,12:17:00,GO,452.0,100,BOM JESUS DE GOIAS,Ultrapassagem Indevida,Colisão transversal,Com Vítimas Feridas,Pleno dia,Decrescente,Céu Claro,Simples,Reta,Não,4.0,0.0,1.0,0.0,1.0,1.0,0.0,6.0,"-18,115879","-50,035284",SPRF-GO,DEL03/GO,UOP02-DEL03-GO
769636,05/05/2026,terça-feira,14:25:00,RN,304.0,"154,5",ANGICOS,Manobra de mudança de faixa,Colisão lateral sentido oposto,Com Vítimas Feridas,Pleno dia,Decrescente,Céu Claro,Simples,Reta,Não,3.0,0.0,1.0,0.0,1.0,1.0,0.0,4.0,"-5,695913","-36,557747",SPRF-RN,DEL04-RN,UOP01-DEL04-RN
769640,05/05/2026,terça-feira,14:20:00,PA,155.0,"254,3",ELDORADO DO CARAJAS,Condutor deixou de manter distância do veículo da frente,Engavetamento,Com Vítimas Fatais,Pleno dia,Decrescente,Nublado,Simples,Reta,Não,5.0,1.0,0.0,1.0,1.0,2.0,0.0,6.0,"-6,091038","-49,333559",SPRF-PA,DEL03/PA,UOP01-DEL03-PA
769662,05/05/2026,terça-feira,14:28:00,SP,116.0,230,SAO PAULO,Ausência de reação do condutor,Colisão traseira,Com Vítimas Feridas,Pleno dia,Crescente,Nublado,Múltipla,Reta,Sim,3.0,0.0,1.0,0.0,1.0,2.0,0.0,2.0,"-23,51587115","-46,57934928",SPRF-SP,DEL01/SP,UOP01-DEL01-SP