id,data_inversa,dia_semana,horario,uf,br,km,municipio,causa_acidente,tipo_acidente,classificacao_acidente,fase_dia,sentido_via,condicao_metereologica,tipo_pista,tracado_via,uso_solo,pessoas,mortos,feridos_leves,feridos_graves,feridos,ilesos,ignorados,veiculos,latitude,longitude,regional,delegacia,uop
769665,05/05/2026,terça-feira,17:50:00,MG,262.0,29,REDUTO,Conversão proibida,Colisão transversal,Com Vítimas Feridas,Anoitecer,Decrescente,Céu Claro,Simples,Reta;Interseção de Vias;Rotatória,Sim,2.0,0.0,1.0,0.0,1.0,1.0,0.0,2.0,"-20,247337","-41,982082",SPRF-MG,DEL06/MG,UOP03-DEL06-MG
769668,05/05/2026,terça-feira,07:30:00,AM,174.0,1068,PRESIDENTE FIGUEIREDO,Chuva,Saída de leito carroçável,Com Vítimas Feridas,Pleno dia,Crescente,Chuva,Simples,Reta,Não,2.0,0.0,0.0,1.0,1.0,0.0,0.0,3.0,"-1,44554","-60,29655",SPRF-AM,DEL01-AM,UOP02-DEL01-AM
769675,05/05/2026,terça-feira,19:19:00,MG,40.0,"389,2",CURVELO,Ausência de reação do condutor,Colisão traseira,Com Vítimas Feridas,Plena Noite,Crescente,Céu Claro,Simples,Reta,Não,4.0,0.0,0.0,2.0,2.0,1.0,0.0,3.0,"-18,942364","-44,687852",SPRF-MG,DEL02/MG,UOP01-DEL02-MG
769684,05/05/2026,terça-feira,17:00:00,MT,163.0,"760,9",SORRISO,Reação tardia ou ineficiente do condutor,Colisão traseira,Sem Vítimas,Anoitecer,Crescente,Céu Claro,Simples,Reta;Em Obras;Aclive,Não,3.0,0.0,0.0,0.0,0.0,2.0,0.0,3.0,"-12,4857","-55,6806",SPRF-MT,DEL06/MT,UOP01-DEL06-MT
769697,05/05/2026,terça-feira,19:40:00,RJ,116.0,222,PARACAMBI,Avarias e/ou desgaste excessivo no pneu,Colisão com objeto,Com Vítimas Feridas,Plena Noite,Decrescente,Céu Claro,Dupla,Reta,Não,1.0,0.0,1.0,0.0,1.0,0.0,0.0,1.0,"-22,689095","-43,796973",SPRF-RJ,DEL06/RJ,UOP02-DEL06-RJ
769703,05/05/2026,terça-feira,21:00:00,PR,277.0,"607,1",SANTA TEREZA DO OESTE,Ingestão de álcool pelo condutor,Colisão lateral sentido oposto,Com Vítimas Feridas,Plena Noite,Crescente,Céu Claro,Simples,Reta;Declive;Interseção de Vias,Sim,5.0,0.0,1.0,0.0,1.0,3.0,0.0,5.0,"-25,02985678","-53,57792823",SPRF-PR,DEL05/PR,UOP02-DEL05-PR
769706,05/05/2026,terça-feira,17:30:00,RS,153.0,"585,9",BAGE,Demais falhas na via,Tombamento,Com Vítimas Feridas,Anoitecer,Decrescente,Nublado,Simples,Reta,Não,3.0,0.0,1.0,0.0,1.0,1.0,0.0,3.0,"-31,10669621","-53,75989851",SPRF-RS,DEL11/RS,UOP03-DEL11-RS
769711,05/05/2026,terça-feira,21:35:00,ES,101.0,229,FUNDAO,Acessar a via sem observar a presença dos outros veículos,Colisão transversal,Com Vítimas Feridas,Plena Noite,Crescente,Céu Claro,Dupla,Reta;Interseção de Vias,Sim,2.0,0.0,1.0,0.0,1.0,0.0,0.0,2.0,"-19,933386","-40,404982",SPRF-ES,DEL02-ES,UOP01-DEL02-ES
769712,05/05/2026,terça-feira,20:30:00,MG,381.0,"820,5",CAREACU,Transitar na contramão,Colisão frontal,Com Vítimas Fatais,Plena Noite,Decrescente,Céu Claro,Dupla,Reta;Ponte,Não,3.0,1.0,0.0,0.0,0.0,1.0,0.0,3.0,"-22,07197702","-45,7022059",SPRF-MG,DEL16/MG,UOP02-DEL16-MG
769713,05/05/2026,terça-feira,22:20:00,RJ,116.0,193,NOVA IGUACU,Reação tardia ou ineficiente do condutor,Colisão traseira,Com Vítimas Feridas,Plena Noite,Crescente,Céu Claro,Dupla,Reta;Em Obras,Sim,3.0,0.0,0.0,1.0,1.0,1.0,0.0,3.0,"-22,74037337","-43,52580428",SPRF-RJ,DEL06/RJ,UOP01-DEL06-RJ
769716,05/05/2026,terça-feira,21:15:00,PI,343.0,260,CAMPO MAIOR,Acessar a via sem observar a presença dos outros veículos,Colisão transversal,Com Vítimas Feridas,Plena Noite,Decrescente,Céu Claro,Simples,Reta;Interseção de Vias,Não,3.0,0.0,1.0,1.0,2.0,0.0,0.0,2.0,"-4,79966619","-42,13321058",SPRF-PI,DEL01-PI,UOP03-DEL01-PI
769717,05/05/2026,terça-feira,22:30:00,SE,101.0,76,MARUIM,Demais falhas mecânicas ou elétricas,Incêndio,Sem Vítimas,Plena Noite,Decrescente,Nublado,Dupla,Em Obras;Reta,Não,1.0,0.0,0.0,0.0,0.0,1.0,0.0,1.0,"-10,77345106","-37,12553708",SPRF-SE,DEL01-SE,UOP01-DEL01-SE
769723,06/05/2026,quarta-feira,01:10:00,MA,135.0,198,ALTO ALEGRE DO MARANHAO,Reação tardia ou ineficiente do condutor,Colisão lateral sentido oposto,Com Vítimas Feridas,Plena Noite,Crescente,Céu Claro,Simples,Reta,Não,2.0,0.0,1.0,0.0,1.0,1.0,0.0,2.0,"-4,19250173","-44,46773528",SPRF-MA,DEL03-MA,UOP01-DEL03-MA
769725,05/05/2026,terça-feira,23:26:00,MT,364.0,136,PEDRA PRETA,Ingestão de álcool pelo condutor,Tombamento,Com Vítimas Feridas,Plena Noite,Crescente,Céu Claro,Simples,Reta;Declive,Não,2.0,0.0,1.0,0.0,1.0,0.0,0.0,2.0,"-16,7995297","-54,1713358",SPRF-MT,DEL02/MT,UOP01-DEL02-MT
769729,06/05/2026,quarta-feira,04:30:00,RJ,101.0,"299,7",SAO GONCALO,Ausência de reação do condutor,Colisão lateral mesmo sentido,Com Vítimas Feridas,Amanhecer,Crescente,Céu Claro,Múltipla,Reta,Sim,2.0,0.0,1.0,0.0,1.0,0.0,0.0,2.0,"-22,7748828","-42,9443621",SPRF-RJ,DEL02/RJ,UOP02-DEL02-RJ
769731,06/05/2026,quarta-feira,04:30:00,MG,381.0,"511,5",IGARAPE,Demais falhas mecânicas ou elétricas,Incêndio,Sem Vítimas,Plena Noite,Decrescente,Céu Claro,Múltipla,Declive;Reta,Sim,2.0,0.0,0.0,0.0,0.0,1.0,0.0,2.0,"-20,0651","-44,2948",SPRF-MG,DEL01/MG,UOP03-DEL01-MG
769732,05/05/2026,terça-feira,19:40:00,MG,381.0,"904,9",CAMBUI,Velocidade Incompatível,Tombamento,Com Vítimas Fatais,Plena Noite,Decrescente,Céu Claro,Dupla,Curva;Declive,Não,2.0,1.0,0.0,0.0,0.0,0.0,0.0,2.0,"-22,65933384","-46,08826876",SPRF-MG,DEL16/MG,UOP03-DEL16-MG
769734,06/05/2026,quarta-feira,04:45:00,MS,463.0,18,DOURADOS,Reação tardia ou ineficiente do condutor,Tombamento,Com Vítimas Feridas,Amanhecer,Crescente,Nublado,Simples,Rotatória,Não,2.0,0.0,1.0,0.0,1.0,0.0,0.0,2.0,"-22,2486734","-54,9702975",SPRF-MS,DEL04/MS,UOP03-DEL04-MS
769737,05/05/2026,terça-feira,13:20:00,PA,230.0,1126,ITAITUBA,Ultrapassagem Indevida,Colisão frontal,Com Vítimas Feridas,Pleno dia,Crescente,Garoa/Chuvisco,Simples,Curva;Aclive,Não,5.0,0.0,1.0,0.0,1.0,3.0,0.0,12.0,"-4,316747","-55,957386",SPRF-PA,DEL05/PA,UOP02-DEL05-PA
769741,06/05/2026,quarta-feira,07:26:00,TO,153.0,"365,5",FORTALEZA DO TABOCAO,Condutor Dormindo,Colisão frontal,Com Vítimas Feridas,Pleno dia,Decrescente,Céu Claro,Simples,Reta,Não,5.0,0.0,1.0,1.0,2.0,2.0,0.0,6.0,"-9,110209","-48,52985",SPRF-TO,DEL02-TO,UOP02-DEL02-TO
769742,06/05/2026,quarta-feira,06:45:00,SP,101.0,51,UBATUBA,Reação tardia ou ineficiente do condutor,Colisão lateral mesmo sentido,Com Vítimas Feridas,Pleno dia,Crescente,Céu Claro,Simples,Reta,Sim,2.0,0.0,0.0,1.0,1.0,1.0,0.0,2.0,"-23,456976","-45,070479",SPRF-SP,DEL06/SP,UOP01-DEL06-SP
769748,06/05/2026,quarta-feira,07:35:00,MG,381.0,440,SANTA LUZIA,Transitar na contramão,Colisão transversal,Com Vítimas Feridas,Pleno dia,Crescente,Céu Claro,Simples,Reta;Declive,Não,4.0,0.0,1.0,0.0,1.0,0.0,0.0,3.0,"-19,82202367","-43,81270409",SPRF-MG,DEL01/MG,UOP01-DEL01-MG
769759,06/05/2026,quarta-feira,07:55:00,BA,324.0,617,SALVADOR,Manobra de mudança de faixa,Colisão lateral mesmo sentido,Com Vítimas Feridas,Pleno dia,Crescente,Nublado,Dupla,Reta,Sim,3.0,0.0,1.0,0.0,1.0,2.0,0.0,2.0,"-12,8905044","-38,4419173",SPRF-BA,DEL01/BA,UOP01-DEL01-BA
769760,06/05/2026,quarta-feira,07:20:00,RS,116.0,240,NOVO HAMBURGO,Acumulo de areia ou detritos sobre o pavimento,Tombamento,Com Vítimas Feridas,Pleno dia,Crescente,Céu Claro,Dupla,Reta;Declive,Sim,3.0,0.0,1.0,0.0,1.0,1.0,0.0,3.0,"-29,70343697","-51,14680616",SPRF-RS,DEL01/RS,UOP02-DEL01-RS
769770,06/05/2026,quarta-feira,07:40:00,MG,365.0,532,ROMARIA,Velocidade Incompatível,Tombamento,Com Vítimas Feridas,Pleno dia,Crescente,Sol,Simples,Reta,Não,2.0,0.0,1.0,0.0,1.0,0.0,0.0,2.0,"-18,92289","-47,498697",SPRF-MG,DEL10/MG,UOP01-DEL10-MG
769771,06/05/2026,quarta-feira,07:42:00,BA,101.0,899,CARAVELAS,Condutor deixou de manter distância do veículo da frente,Colisão frontal,Com Vítimas Feridas,Pleno dia,Crescente,Chuva,Simples,Reta,Não,4.0,0.0,0.0,1.0,1.0,2.0,0.0,3.0,"-17,725377","-39,766989",SPRF-BA,DEL09/BA,UOP02-DEL09-BA
769775,06/05/2026,quarta-feira,08:40:00,RJ,116.0,169,RIO DE JANEIRO,Condutor deixou de manter distância do veículo da frente,Colisão traseira,Com Vítimas Feridas,Pleno dia,Decrescente,Céu Claro,Múltipla,Curva,Sim,3.0,0.0,1.0,0.0,1.0,1.0,0.0,2.0,"-22,8206925","-43,319959",SPRF-RJ,DEL06/RJ,UOP01-DEL06-RJ
769785,06/05/2026,quarta-feira,07:50:00,PR,116.0,"107,5",SAO JOSE DOS PINHAIS,Trafegar com motocicleta (ou similar) entre as faixas,Colisão lateral mesmo sentido,Com Vítimas Feridas,Pleno dia,Crescente,Céu Claro,Dupla,Reta,Não,3.0,0.0,1.0,0.0,1.0,1.0,0.0,4.0,"-25,568043","-49,233377",SPRF-PR,DEL01/PR,UOP03-DEL01-PR
769786,06/05/2026,quarta-feira,07:15:00,TO,153.0,275,BRASILANDIA DO TOCANTINS,Ultrapassagem Indevida,Tombamento,Com Vítimas Feridas,Pleno dia,Crescente,Nublado,Simples,Reta,Não,3.0,0.0,2.0,0.0,2.0,0.0,0.0,2.0,"-8,333937","-48,477622",SPRF-TO,DEL02-TO,UOP02-DEL02-TO
769792,06/05/2026,quarta-feira,09:30:00,PR,163.0,167,LINDOESTE,Condutor deixou de manter distância do veículo da frente,Colisão traseira,Com Vítimas Feridas,Pleno dia,Decrescente,Céu Claro,Dupla,Reta,Sim,4.0,0.0,1.0,0.0,1.0,3.0,0.0,2.0,"-25,18307469","-53,60169473",SPRF-PR,DEL05/PR,UOP05-DEL05-PR
769793,06/05/2026,quarta-feira,10:00:00,PR,376.0,602,CURITIBA,Ausência de reação do condutor,Colisão transversal,Com Vítimas Feridas,Pleno dia,Crescente,Céu Claro,Simples,Reta,Sim,3.0,0.0,2.0,0.0,2.0,1.0,0.0,2.0,"-25,51725562","-49,33749139",SPRF-PR,DEL01/PR,UOP03-DEL01-PR
769797,31/03/2026,terça-feira,21:40:00,RJ,101.0,431,MANGARATIBA,Pedestre andava na pista,Atropelamento de Pedestre,Com Vítimas Feridas,Plena Noite,Crescente,Nublado,Simples,Declive,Não,2.0,0.0,1.0,0.0,1.0,1.0,0.0,2.0,"-22,9314452","-44,02307234",SPRF-RJ,DEL03/RJ,UOP02-DEL03-RJ
769798,06/05/2026,quarta-feira,10:10:00,PR,369.0,"234,5",JANDAIA DO SUL,Condutor deixou de manter distância do veículo da frente,Colisão traseira,Sem Vítimas,Pleno dia,Crescente,Céu Claro,Simples,Reta,Não,4.0,0.0,0.0,0.0,0.0,3.0,0.0,4.0,"-23,62391066","-51,66774119",SPRF-PR,DEL09/PR,UOP01-DEL09-PR
769804,06/05/2026,quarta-feira,10:15:00,MG,153.0,"43,5",CANAPOLIS,Condutor deixou de manter distância do veículo da frente,Colisão traseira,Sem Vítimas,Pleno dia,Decrescente,Céu Claro,Múltipla,Desvio Temporário;Em Obras;Reta,Não,3.0,0.0,0.0,0.0,0.0,1.0,0.0,3.0,"-18,76504956","-49,07431539",SPRF-MG,DEL15/MG,UOP03-DEL15-MG
769805,06/05/2026,quarta-feira,11:20:00,SP,116.0,155,SAO JOSE DOS CAMPOS,Reação tardia ou ineficiente do condutor,Colisão traseira,Com Vítimas Feridas,Pleno dia,Crescente,Céu Claro,Dupla,Reta,Sim,5.0,0.0,1.0,0.0,1.0,3.0,0.0,6.0,"-23,2443248","-45,9266238",SPRF-SP,DEL02/SP,UOP01-DEL02-SP
769810,06/05/2026,quarta-feira,11:20:00,BA,324.0,546,AMELIA RODRIGUES,Avarias e/ou desgaste excessivo no pneu,Saída de leito carroçável,Sem Vítimas,Pleno dia,Crescente,Céu Claro,Dupla,Declive;Reta,Não,1.0,0.0,0.0,0.0,0.0,1.0,0.0,1.0,"-12,43722018","-38,72773912",SPRF-BA,DEL11/BA,UOP02-DEL11-BA
769812,27/02/2026,sexta-feira,17:50:00,MG,153.0,5,ARAPORA,Frear bruscamente,Colisão lateral mesmo sentido,Com Vítimas Feridas,Anoitecer,Decrescente,Nublado,Dupla,Reta;Declive,Não,5.0,0.0,1.0,0.0,1.0,1.0,0.0,4.0,"-18,4738264","-49,18826938",SPRF-MG,DEL15/MG,UOP03-DEL15-MG
769813,18/03/2026,quarta-feira,17:00:00,PR,376.0,"504,8",PONTA GROSSA,Manobra de mudança de faixa,Colisão lateral mesmo sentido,Com Vítimas Feridas,Pleno dia,Decrescente,Céu Claro,Dupla,Aclive;Reta,Não,3.0,0.0,1.0,0.0,1.0,1.0,0.0,4.0,"-25,221219","-50,053047",SPRF-PR,DEL03/PR,UOP03-DEL03-PR
769816,06/05/2026,quarta-feira,11:00:00,MG,365.0,"476,5",PATROCINIO,Condutor deixou de manter distância do veículo da frente,Colisão traseira,Com Vítimas Feridas,Pleno dia,Crescente,Céu Claro,Simples,Rotatória,Não,3.0,0.0,1.0,0.0,1.0,2.0,0.0,2.0,"-18,9205","-47,0264",SPRF-MG,DEL10/MG,UOP01-DEL10-MG
769821,06/05/2026,quarta-feira,10:50:00,BA,242.0,885,BARREIRAS,Ultrapassagem Indevida,Colisão frontal,Com Vítimas Feridas,Pleno dia,Crescente,Céu Claro,Simples,Reta,Não,6.0,0.0,0.0,1.0,1.0,2.0,0.0,5.0,"-12,06688613","-45,57166518",SPRF-BA,DEL10/BA,UOP01-DEL10-BA
769837,06/05/2026,quarta-feira,13:50:00,PR,376.0,189,MARIALVA,Condutor deixou de manter distância do veículo da frente,Saída de leito carroçável,Sem Vítimas,Pleno dia,Decrescente,Céu Claro,Dupla,Reta,Sim,2.0,0.0,0.0,0.0,0.0,1.0,0.0,3.0,"-23,465876","-51,829074",SPRF-PR,DEL09/PR,UOP01-DEL09-PR
769839,06/05/2026,quarta-feira,11:50:00,PR,369.0,30,CAMBARA,Reação tardia ou ineficiente do condutor,Tombamento,Com Vítimas Feridas,Pleno dia,Decrescente,Céu Claro,Simples,Aclive;Reta,Não,2.0,0.0,1.0,0.0,1.0,0.0,0.0,2.0,"-23,039954","-50,179056",SPRF-PR,DEL07/PR,UOP05-DEL07-PR
769840,06/05/2026,quarta-feira,14:15:00,RS,285.0,"307,5",PASSO FUNDO,Ultrapassagem Indevida,Colisão frontal,Com Vítimas Feridas,Pleno dia,Decrescente,Céu Claro,Simples,Curva,Não,3.0,0.0,1.0,0.0,1.0,1.0,0.0,3.0,"-28,22636505","-52,51009941",SPRF-RS,DEL08/RS,UOP03-DEL08-RS
769841,06/05/2026,quarta-feira,14:15:00,MG,381.0,"634,9",SANTO ANTONIO DO AMPARO,Velocidade Incompatível,Tombamento,Com Vítimas Feridas,Pleno dia,Crescente,Céu Claro,Dupla,Declive;Curva,Não,2.0,0.0,1.0,0.0,1.0,0.0,0.0,2.0,"-20,85997577","-44,83734441",SPRF-MG,DEL04/MG,UOP01-DEL04-MG
769848,06/05/2026,quarta-feira,05:56:00,MA,135.0,465,COLINAS,Reação tardia ou ineficiente do condutor,Saída de leito carroçável,Com Vítimas Fatais,Amanhecer,Crescente,Céu Claro,Simples,Curva,Não,2.0,1.0,0.0,1.0,1.0,0.0,0.0,2.0,"-6,220986","-44,0502",SPRF-MA,DEL06-MA,UOP01-DEL06-MA
769850,06/05/2026,quarta-feira,14:05:00,PR,376.0,"488,7",PONTA GROSSA,Ultrapassagem Indevida,Colisão lateral mesmo sentido,Com Vítimas Feridas,Pleno dia,Decrescente,Céu Claro,Dupla,Reta;Declive,Sim,4.0,0.0,1.0,0.0,1.0,2.0,0.0,4.0,"-25,13009","-50,17247",SPRF-PR,DEL03/PR,UOP03-DEL03-PR
769854,05/05/2026,terça-feira,23:00:00,RJ,116.0,138,MAGE,Manobra de mudança de faixa,Colisão lateral mesmo sentido,Com Vítimas Feridas,Plena Noite,Crescente,Céu Claro,Dupla,Reta,Sim,2.0,0.0,1.0,0.0,1.0,0.0,0.0,2.0,"-22,646629","-43,19551",SPRF-RJ,DEL04/RJ,UOP02-DEL04-RJ
769864,06/05/2026,quarta-feira,13:00:00,BA,101.0,548,ITACARE,Transitar na contramão,Colisão lateral sentido oposto,Com Vítimas Feridas,Pleno dia,Decrescente,Nublado,Simples,Reta,Não,6.0,0.0,2.0,0.0,2.0,3.0,0.0,4.0,"-14,43156","-39,327187",SPRF-BA,DEL05/BA,UOP02-DEL05-BA
769870,06/05/2026,quarta-feira,10:30:00,MG,251.0,265,GRAO MOGOL,Demais falhas na via,Colisão transversal,Com Vítimas Feridas,Pleno dia,Decrescente,Céu Claro,Simples,Curva;Interseção de Vias,Não,2.0,0.0,0.0,1.0,1.0,1.0,0.0,2.0,"-16,252247","-42,629255",SPRF-MG,DEL12/MG,UOP02-DEL12-MG
769871,06/05/2026,quarta-feira,16:30:00,BA,324.0,534,CONCEICAO DO JACUIPE,Ausência de reação do condutor,Capotamento,Com Vítimas Feridas,Pleno dia,Decrescente,Nublado,Dupla,Reta,Não,6.0,0.0,3.0,1.0,4.0,1.0,0.0,3.0,"-12,3551016","-38,831167",SPRF-BA,DEL11/BA,UOP02-DEL11-BA
769878,06/05/2026,quarta-feira,11:40:00,PI,316.0,4,TERESINA,Demais falhas mecânicas ou elétricas,Saída de leito carroçável,Com Vítimas Feridas,Pleno dia,Decrescente,Céu Claro,Múltipla,Reta,Sim,3.0,0.0,1.0,0.0,1.0,0.0,0.0,3.0,"-5,14002656","-42,78456956",SPRF-PI,DEL01-PI,UOP02-DEL01-PI
769881,06/05/2026,quarta-feira,14:40:00,GO,153.0,"506,8",APARECIDA DE GOIANIA,Ausência de reação do condutor,Colisão traseira,Com Vítimas Fatais,Pleno dia,Decrescente,Céu Claro,Múltipla,Declive,Sim,5.0,2.0,0.0,1.0,1.0,1.0,0.0,4.0,"-16,760815","-49,240293",SPRF-GO,DEL01/GO,UOP01-DEL01-GO
769887,06/05/2026,quarta-feira,17:40:00,BA,135.0,196,BARREIRAS,Reação tardia ou ineficiente do condutor,Colisão lateral sentido oposto,Com Vítimas Feridas,Anoitecer,Crescente,Céu Claro,Simples,Reta,Não,3.0,0.0,0.0,1.0,1.0,1.0,0.0,4.0,"-12,3025","-45,013222",SPRF-BA,DEL10/BA,UOP01-DEL10-BA
769905,06/05/2026,quarta-feira,17:10:00,MA,10.0,245,DAVINOPOLIS,Desrespeitar a preferência no cruzamento,Colisão lateral mesmo sentido,Sem Vítimas,Pleno dia,Crescente,Céu Claro,Simples,Reta,Sim,3.0,0.0,0.0,0.0,0.0,1.0,0.0,3.0,"-5,581193","-47,438403",SPRF-MA,DEL04-MA,UOP01-DEL04-MA
769908,06/05/2026,quarta-feira,17:30:00,BA,235.0,353,JUAZEIRO,Acessar a via sem observar a presença dos outros veículos,Colisão transversal,Com Vítimas Feridas,Anoitecer,Decrescente,Céu Claro,Simples,Reta,Sim,3.0,0.0,1.0,1.0,2.0,1.0,0.0,3.0,"-9,43141272","-40,50294507",SPRF-PE,DEL06/PE,UOP01-DEL06-PE
769911,06/05/2026,quarta-feira,18:30:00,SP,116.0,"204,5",GUARULHOS,Reação tardia ou ineficiente do condutor,Colisão traseira,Com Vítimas Feridas,Plena Noite,Crescente,Céu Claro,Múltipla,Reta,Não,2.0,0.0,1.0,0.0,1.0,1.0,0.0,2.0,"-23,41647646","-46,37234688",SPRF-SP,DEL01/SP,UOP01-DEL01-SP
769912,06/05/2026,quarta-feira,19:00:00,SC,101.0,15,GARUVA,Ausência de reação do condutor,Colisão traseira,Sem Vítimas,Plena Noite,Decrescente,Nublado,Dupla,Reta,Não,3.0,0.0,0.0,0.0,0.0,2.0,0.0,3.0,"-26,12245944","-48,88298035",SPRF-SC,DEL03/SC,UOP01-DEL03-SC
769917,06/05/2026,quarta-feira,20:30:00,RS,290.0,122,ELDORADO DO SUL,Acessar a via sem observar a presença dos outros veículos,Saída de leito carroçável,Com Vítimas Feridas,Plena Noite,Crescente,Céu Claro,Simples,Reta,Não,3.0,0.0,1.0,0.0,1.0,2.0,0.0,2.0,"-30,052927","-51,435188",SPRF-RS,DEL02/RS,UOP01-DEL02-RS
769921,06/05/2026,quarta-feira,21:45:00,SP,116.0,183,SANTA ISABEL,Reação tardia ou ineficiente do condutor,Colisão traseira,Com Vítimas Feridas,Plena Noite,Crescente,Ignorado,Dupla,Reta,Não,3.0,0.0,1.0,1.0,2.0,1.0,0.0,2.0,"-23,34904084","-46,17196369",SPRF-SP,DEL01/SP,UOP01-DEL01-SP
769925,06/05/2026,quarta-feira,18:05:00,SC,282.0,"561,8",NOVA ERECHIM,Transitar na contramão,Colisão lateral mesmo sentido,Com Vítimas Feridas,Plena Noite,Crescente,Céu Claro,Simples,Reta,Não,2.0,0.0,1.0,0.0,1.0,1.0,0.0,2.0,"-26,921737","-52,858894",SPRF-SC,DEL07/SC,UOP02-DEL07-SC
769930,06/05/2026,quarta-feira,23:00:00,RS,293.0,"28,4",CAPAO DO LEAO,Reação tardia ou ineficiente do condutor,Tombamento,Com Vítimas Feridas,Plena Noite,Decrescente,Céu Claro,Simples,Curva,Não,4.0,0.0,1.0,0.0,1.0,2.0,0.0,5.0,"-31,729121","-52,61206",SPRF-RS,DEL07/RS,UOP01-DEL07-RS
769931,28/04/2026,terça-feira,16:21:00,SC,101.0,"266,5",PAULO LOPES,Manobra de mudança de faixa,Colisão com objeto,Sem Vítimas,Pleno dia,Decrescente,Céu Claro,Múltipla,Reta,Sim,3.0,0.0,0.0,0.0,0.0,2.0,0.0,3.0,"-28,07716208","-48,71223075",SPRF-SC,DEL02/SC,UOP03-DEL02-SC
769933,28/04/2026,terça-feira,21:40:00,MS,60.0,456,SIDROLANDIA,Ausência de reação do condutor,Colisão frontal,Com Vítimas Fatais,Plena Noite,Crescente,Nevoeiro/Neblina,Simples,Reta,Não,2.0,1.0,1.0,0.0,1.0,0.0,0.0,2.0,"-21,00396","-55,1933508",SPRF-MS,DEL01/MS,UOP04-DEL01-MS
769936,06/05/2026,quarta-feira,22:40:00,MS,60.0,46,PARAISO DAS AGUAS,Acessar a via sem observar a presença dos outros veículos,Colisão frontal,Com Vítimas Feridas,Plena Noite,Crescente,Ignorado,Simples,Reta,Não,5.0,0.0,0.0,3.0,3.0,1.0,0.0,5.0,"-18,972148","-52,884952",SPRF-MS,DEL08/MS,UOP01-DEL08-MS
769937,06/05/2026,quarta-feira,23:20:00,PR,376.0,380,TIBAGI,Acessar a via sem observar a presença dos outros veículos,Atropelamento de Pedestre,Com Vítimas Fatais,Plena Noite,Decrescente,Céu Claro,Dupla,Reta,Não,2.0,1.0,0.0,0.0,0.0,0.0,0.0,2.0,"-24,5754801","-50,68287027",SPRF-PR,DEL03/PR,UOP02-DEL03-PR
769938,07/05/2026,quinta-feira,00:30:00,PR,376.0,283,MAUA DA SERRA,Ausência de reação do condutor,Tombamento,Com Vítimas Feridas,Plena Noite,Decrescente,Céu Claro,Dupla,Reta,Não,2.0,0.0,1.0,0.0,1.0,0.0,0.0,2.0,"-23,864241","-51,260507",SPRF-PR,DEL07/PR,UOP02-DEL07-PR
769940,06/05/2026,quarta-feira,22:30:00,MT,174.0,486,COMODORO,Ingestão de álcool pelo condutor,Derramamento de carga,Sem Vítimas,Plena Noite,Decrescente,Céu Claro,Simples,Reta,Não,2.0,0.0,0.0,0.0,0.0,1.0,0.0,4.0,"-13,71433311","-59,78106022",SPRF-MT,DEL04/MT,UOP02-DEL04-MT
769941,07/05/2026,quinta-feira,00:25:00,SC,101.0,"48,2",JOINVILLE,Ausência de reação do condutor,Colisão traseira,Com Vítimas Feridas,Plena Noite,Crescente,Garoa/Chuvisco,Dupla,Reta,Não,2.0,0.0,1.0,0.0,1.0,1.0,0.0,2.0,"-26,3760477","-48,85417812",SPRF-SC,DEL03/SC,UOP01-DEL03-SC
769942,07/05/2026,quinta-feira,01:00:00,SP,116.0,140,SAO JOSE DOS CAMPOS,Ausência de reação do condutor,Colisão traseira,Com Vítimas Feridas,Plena Noite,Decrescente,Céu Claro,Dupla,Reta,Não,2.0,0.0,1.0,0.0,1.0,1.0,0.0,2.0,"-23,16637497","-45,81322691",SPRF-SP,DEL02/SP,UOP01-DEL02-SP
769943,07/05/2026,quinta-feira,00:10:00,PR,376.0,433,TIBAGI,Velocidade Incompatível,Tombamento,Com Vítimas Feridas,Plena Noite,Decrescente,Ignorado,Dupla,Curva,Não,2.0,0.0,1.0,0.0,1.0,0.0,0.0,2.0,"-24,80417059","-50,48936367",SPRF-PR,DEL03/PR,UOP02-DEL03-PR
769946,07/05/2026,quinta-feira,01:30:00,PR,376.0,387,IMBAU,Condutor Dormindo,Colisão traseira,Com Vítimas Feridas,Plena Noite,Decrescente,Céu Claro,Dupla,Declive;Reta,Não,2.0,0.0,1.0,0.0,1.0,1.0,0.0,2.0,"-24,490614","-50,731864",SPRF-PR,DEL03/PR,UOP02-DEL03-PR
769949,07/05/2026,quinta-feira,03:50:00,RO,364.0,371,OURO PRETO DO OESTE,Condutor Dormindo,Colisão lateral sentido oposto,Com Vítimas Feridas,Plena Noite,Crescente,Céu Claro,Simples,Reta,Não,5.0,0.0,1.0,0.0,1.0,3.0,0.0,3.0,"-10,754817","-62,160207",SPRF-RO,DEL02-RO,UOP01-DEL02-RO
769951,07/05/2026,quinta-feira,03:36:00,BA,324.0,532,FEIRA DE SANTANA,Ausência de reação do condutor,Colisão traseira,Sem Vítimas,Plena Noite,Decrescente,Chuva,Dupla,Reta,Não,3.0,0.0,0.0,0.0,0.0,2.0,0.0,4.0,"-12,346675","-38,837765",SPRF-BA,DEL11/BA,UOP02-DEL11-BA
769952,07/05/2026,quinta-feira,05:38:00,MG,40.0,"487,3",ESMERALDAS,Objeto estático sobre o leito carroçável,Colisão com objeto,Com Vítimas Fatais,Plena Noite,Decrescente,Céu Claro,Dupla,Curva,Não,3.0,1.0,0.0,0.0,0.0,1.0,0.0,3.0,"-19,605298","-44,220117",SPRF-MG,DEL02/MG,UOP01-DEL02-MG