id,data_inversa,dia_semana,horario,uf,br,km,municipio,causa_acidente,tipo_acidente,classificacao_acidente,fase_dia,sentido_via,condicao_metereologica,tipo_pista,tracado_via,uso_solo,pessoas,mortos,feridos_leves,feridos_graves,feridos,ilesos,ignorados,veiculos,latitude,longitude,regional,delegacia,uop
769959,07/05/2026,quinta-feira,06:25:00,GO,50.0,237,CATALAO,Ausência de reação do condutor,Tombamento,Com Vítimas Feridas,Amanhecer,Crescente,Céu Claro,Dupla,Reta,Não,1.0,0.0,1.0,0.0,1.0,0.0,0.0,1.0,"-18,02565436","-47,82240808",SPRF-GO,DEL06/GO,UOP01-DEL06-GO
769963,07/05/2026,quinta-feira,06:40:00,PR,376.0,164,MARINGA,Manobra de mudança de faixa,Colisão lateral mesmo sentido,Com Vítimas Feridas,Pleno dia,Crescente,Céu Claro,Dupla,Reta,Não,3.0,0.0,1.0,0.0,1.0,1.0,0.0,3.0,"-23,38198111","-52,04048753",SPRF-PR,DEL09/PR,UOP02-DEL09-PR
769967,20/03/2026,sexta-feira,14:00:00,PA,230.0,"391,2",PACAJA,Reação tardia ou ineficiente do condutor,Colisão traseira,Com Vítimas Feridas,Pleno dia,Decrescente,Céu Claro,Simples,Reta;Declive,Não,3.0,0.0,0.0,1.0,1.0,0.0,0.0,3.0,"-3,852256","-50,508622",SPRF-PA,DEL04/PA,UOP01-DEL04-PA
769983,07/05/2026,quinta-feira,06:15:00,CE,222.0,301,TIANGUA,Demais falhas mecânicas ou elétricas,Tombamento,Sem Vítimas,Amanhecer,Crescente,Nublado,Simples,Aclive;Curva,Não,1.0,0.0,0.0,0.0,0.0,1.0,0.0,1.0,"-3,66282736","-40,95411873",SPRF-CE,DEL04/CE,UOP02-DEL04-CE
769984,07/05/2026,quinta-feira,09:00:00,PR,369.0,200,APUCARANA,Ausência de reação do condutor,Colisão traseira,Com Vítimas Feridas,Pleno dia,Crescente,Céu Claro,Simples,Reta,Não,3.0,0.0,1.0,0.0,1.0,1.0,0.0,3.0,"-23,5110746","-51,42642587",SPRF-PR,DEL07/PR,UOP03-DEL07-PR
769985,07/05/2026,quinta-feira,08:04:00,PI,343.0,"0,4",TERESINA,Ausência de reação do condutor,Colisão lateral mesmo sentido,Com Vítimas Feridas,Pleno dia,Crescente,Céu Claro,Dupla,Reta;Declive,Sim,2.0,0.0,1.0,0.0,1.0,1.0,0.0,2.0,"-5,079255","-42,75348",SPRF-PI,DEL01-PI,UOP01-DEL01-PI
769986,07/05/2026,quinta-feira,08:07:00,PE,101.0,87,JABOATAO DOS GUARARAPES,Manobra de mudança de faixa,Colisão lateral mesmo sentido,Com Vítimas Feridas,Pleno dia,Decrescente,Sol,Dupla,Reta,Não,3.0,0.0,1.0,0.0,1.0,1.0,0.0,3.0,"-8,19294","-34,97522",SPRF-PE,DEL01/PE,UOP01-DEL01-PE
769987,07/05/2026,quinta-feira,07:54:00,PR,163.0,267,TOLEDO,Ausência de reação do condutor,Saída de leito carroçável,Sem Vítimas,Pleno dia,Crescente,Céu Claro,Dupla,Reta,Não,1.0,0.0,0.0,0.0,0.0,0.0,1.0,1.0,"-24,62002244","-53,9238596",SPRF-PR,DEL06/PR,UOP02-DEL06-PR
769988,02/04/2026,quinta-feira,05:30:00,SP,381.0,7,VARGEM,Condutor Dormindo,Colisão traseira,Com Vítimas Feridas,Amanhecer,Decrescente,Céu Claro,Dupla,Reta,Sim,3.0,0.0,1.0,0.0,1.0,1.0,0.0,4.0,"-22,89199024","-46,41586304",SPRF-SP,DEL03/SP,UOP02-DEL03-SP
769994,14/04/2026,terça-feira,04:32:00,BA,116.0,587,NOVA ITARANA,Demais falhas mecânicas ou elétricas,Incêndio,Sem Vítimas,Amanhecer,Crescente,Ignorado,Múltipla,Reta,Não,2.0,0.0,0.0,0.0,0.0,1.0,0.0,2.0,"-13,1448766","-40,0023886",SPRF-BA,DEL03/BA,UOP02-DEL03-BA
769997,07/05/2026,quinta-feira,08:00:00,GO,60.0,15,ALEXANIA,Reação tardia ou ineficiente do condutor,Colisão traseira,Com Vítimas Feridas,Pleno dia,Crescente,Nublado,Múltipla,Aclive;Curva,Não,3.0,0.0,1.0,0.0,1.0,1.0,0.0,4.0,"-16,108508","-48,36036",SPRF-DF,DEL03-DF,UOP01-DEL03-DF
769998,07/05/2026,quinta-feira,08:30:00,MS,163.0,438,CAMPO GRANDE,Demais falhas mecânicas ou elétricas,Incêndio,Sem Vítimas,Pleno dia,Crescente,Céu Claro,Simples,Reta,Não,2.0,0.0,0.0,0.0,0.0,1.0,0.0,2.0,"-20,82512175","-54,51656342",SPRF-MS,DEL01/MS,UOP01-DEL01-MS
769999,07/05/2026,quinta-feira,08:00:00,RO,364.0,"426,5",JARU,Ingestão de álcool pelo condutor,Colisão lateral sentido oposto,Com Vítimas Feridas,Pleno dia,Crescente,Céu Claro,Simples,Reta,Sim,3.0,0.0,1.0,0.0,1.0,1.0,0.0,5.0,"-10,42899709","-62,48486845",SPRF-RO,DEL03-RO,UOP02-DEL03-RO
770002,07/05/2026,quinta-feira,10:45:00,PR,376.0,"125,4",ALTO PARANA,Reação tardia ou ineficiente do condutor,Colisão traseira,Com Vítimas Feridas,Pleno dia,Crescente,Céu Claro,Dupla,Aclive;Reta,Não,3.0,0.0,0.0,1.0,1.0,1.0,0.0,3.0,"-23,1452283","-52,28032",SPRF-PR,DEL09/PR,UOP02-DEL09-PR
770006,07/05/2026,quinta-feira,09:30:00,PI,316.0,300,PICOS,Demais falhas mecânicas ou elétricas,Colisão traseira,Sem Vítimas,Pleno dia,Decrescente,Céu Claro,Simples,Aclive;Reta,Sim,3.0,0.0,0.0,0.0,0.0,1.0,0.0,3.0,"-7,04564776","-41,54123481",SPRF-PI,DEL04-PI,UOP01-DEL04-PI
770011,07/05/2026,quinta-feira,11:46:00,SP,116.0,287,ITAPECERICA DA SERRA,Condutor usando celular,Colisão traseira,Com Vítimas Feridas,Pleno dia,Decrescente,Céu Claro,Dupla,Reta,Não,2.0,0.0,1.0,0.0,1.0,1.0,0.0,2.0,"-23,70060059","-46,86863132",SPRF-SP,DEL04/SP,UOP01-DEL04-SP
770013,07/05/2026,quinta-feira,10:02:00,RO,319.0,141,PORTO VELHO,Manobra de mudança de faixa,Colisão lateral mesmo sentido,Sem Vítimas,Pleno dia,Decrescente,Sol,Múltipla,Reta,Sim,3.0,0.0,0.0,0.0,0.0,3.0,0.0,2.0,"-8,74554","-63,88855",SPRF-RO,DEL01-RO,UOP01-DEL01-RO
770016,07/05/2026,quinta-feira,10:50:00,RS,386.0,"330,1",MARQUES DE SOUZA,Acessar a via sem observar a presença dos outros veículos,Colisão traseira,Com Vítimas Feridas,Pleno dia,Crescente,Nublado,Dupla,Reta,Não,4.0,0.0,2.0,0.0,2.0,1.0,0.0,3.0,"-29,35212376","-52,07090378",SPRF-RS,DEL04/RS,UOP01-DEL04-RS
770022,07/05/2026,quinta-feira,12:05:00,PE,101.0,"73,7",RECIFE,Acessar a via sem observar a presença dos outros veículos,Colisão transversal,Com Vítimas Feridas,Pleno dia,Decrescente,Nublado,Dupla,Retorno Regulamentado,Não,3.0,0.0,2.0,0.0,2.0,1.0,0.0,2.0,"-8,099098","-34,949963",SPRF-PE,DEL01/PE,UOP01-DEL01-PE
770024,07/05/2026,quinta-feira,10:00:00,MG,381.0,"902,7",CAMBUI,Condutor deixou de manter distância do veículo da frente,Tombamento,Com Vítimas Feridas,Pleno dia,Decrescente,Céu Claro,Dupla,Curva,Não,3.0,0.0,1.0,0.0,1.0,1.0,0.0,3.0,"-22,62835932","-46,07794047",SPRF-MG,DEL16/MG,UOP03-DEL16-MG
770028,21/04/2026,terça-feira,15:30:00,PA,163.0,103,ALTAMIRA,Frear bruscamente,Colisão traseira,Com Vítimas Feridas,Plena Noite,Decrescente,Nublado,Simples,Declive;Curva,Não,3.0,0.0,1.0,0.0,1.0,1.0,0.0,8.0,"-8,7301224","-54,9787027",SPRF-MT,DEL06/MT,UOP03-DEL06-MT
770036,07/05/2026,quinta-feira,13:10:00,MT,364.0,308,JACIARA,Deficiência do Sistema de Iluminação/Sinalização,Incêndio,Sem Vítimas,Pleno dia,Crescente,Céu Claro,Dupla,Reta,Não,1.0,0.0,0.0,0.0,0.0,1.0,0.0,1.0,"-15,81220367","-55,25713054",SPRF-MT,DEL05/MT,UOP02-DEL05-MT
770047,07/05/2026,quinta-feira,15:35:00,RS,386.0,435,NOVA SANTA RITA,Acessar a via sem observar a presença dos outros veículos,Colisão transversal,Com Vítimas Feridas,Pleno dia,Crescente,Nublado,Dupla,Reta;Rotatória,Sim,2.0,0.0,0.0,1.0,1.0,1.0,0.0,2.0,"-29,847801","-51,270729",SPRF-RS,DEL04/RS,UOP02-DEL04-RS
770048,07/05/2026,quinta-feira,12:30:00,SP,116.0,514,CAJATI,Reação tardia ou ineficiente do condutor,Tombamento,Com Vítimas Feridas,Pleno dia,Decrescente,Céu Claro,Simples,Curva;Declive,Não,2.0,0.0,1.0,0.0,1.0,0.0,0.0,2.0,"-24,863318","-48,214367",SPRF-SP,DEL05/SP,UOP02-DEL05-SP
770049,07/05/2026,quinta-feira,16:09:00,SP,116.0,280,EMBU DAS ARTES,Ausência de reação do condutor,Colisão traseira,Com Vítimas Feridas,Pleno dia,Crescente,Céu Claro,Dupla,Reta,Sim,2.0,0.0,1.0,0.0,1.0,0.0,0.0,2.0,"-23,64160927","-46,83751435",SPRF-SP,DEL04/SP,UOP01-DEL04-SP
770051,07/05/2026,quinta-feira,11:00:00,PA,163.0,143,ALTAMIRA,Acessar a via sem observar a presença dos outros veículos,Colisão transversal,Com Vítimas Feridas,Pleno dia,Crescente,Céu Claro,Simples,Aclive;Reta,Não,3.0,0.0,1.0,0.0,1.0,1.0,0.0,5.0,"-8,43936251","-55,11881087",SPRF-MT,DEL06/MT,UOP03-DEL06-MT
770056,04/02/2026,quarta-feira,09:35:00,ES,101.0,255,SERRA,Condutor desrespeitou a iluminação vermelha do semáforo,Colisão transversal,Com Vítimas Feridas,Pleno dia,Crescente,Céu Claro,Simples,Reta,Sim,3.0,0.0,1.0,0.0,1.0,1.0,0.0,3.0,"-20,11723727","-40,31480134",SPRF-ES,DEL02-ES,UOP01-DEL02-ES
770058,07/05/2026,quinta-feira,16:10:00,SP,116.0,"168,7",JACAREI,Reação tardia ou ineficiente do condutor,Colisão traseira,Com Vítimas Feridas,Pleno dia,Crescente,Céu Claro,Dupla,Reta,Não,4.0,0.0,2.0,0.0,2.0,1.0,0.0,3.0,"-23,30681265","-46,04020206",SPRF-SP,DEL02/SP,UOP01-DEL02-SP
770068,07/04/2026,terça-feira,16:20:00,BA,20.0,144,SAO DESIDERIO,Reação tardia ou ineficiente do condutor,Tombamento,Sem Vítimas,Pleno dia,Crescente,Garoa/Chuvisco,Dupla,Curva,Não,2.0,0.0,0.0,0.0,0.0,1.0,0.0,3.0,"-12,68539","-45,93013",SPRF-BA,DEL10/BA,UOP01-DEL10-BA
770073,07/05/2026,quinta-feira,15:10:00,SC,101.0,"311,9",LAGUNA,Carga excessiva e/ou mal acondicionada,Colisão com objeto,Sem Vítimas,Pleno dia,Decrescente,Céu Claro,Dupla,Declive;Curva,Sim,2.0,0.0,0.0,0.0,0.0,1.0,0.0,2.0,"-28,441298","-48,822513",SPRF-SC,DEL02/SC,UOP01-DEL02-SC
770078,07/05/2026,quinta-feira,17:48:00,RO,425.0,126,GUAJARA-MIRIM,Desrespeitar a preferência no cruzamento,Colisão lateral mesmo sentido,Sem Vítimas,Pleno dia,Decrescente,Céu Claro,Simples,Reta;Interseção de Vias,Sim,2.0,0.0,0.0,0.0,0.0,2.0,0.0,2.0,"-10,78639406","-65,34004927",SPRF-RO,DEL01-RO,UOP03-DEL01-RO
770081,07/05/2026,quinta-feira,15:30:00,MG,116.0,"665,2",SAO FRANCISCO DO GLORIA,Velocidade Incompatível,Tombamento,Com Vítimas Feridas,Pleno dia,Crescente,Céu Claro,Simples,Curva,Não,2.0,0.0,1.0,0.0,1.0,0.0,0.0,3.0,"-20,83395515","-42,32210834",SPRF-MG,DEL07/MG,UOP02-DEL07-MG
770083,07/05/2026,quinta-feira,16:00:00,PR,116.0,112,CURITIBA,Trafegar com motocicleta (ou similar) entre as faixas,Colisão lateral mesmo sentido,Com Vítimas Feridas,Pleno dia,Crescente,Céu Claro,Dupla,Reta,Não,3.0,0.0,1.0,0.0,1.0,1.0,0.0,3.0,"-25,55306464","-49,27687733",SPRF-PR,DEL01/PR,UOP03-DEL01-PR
770093,13/04/2026,segunda-feira,12:09:00,BA,324.0,"530,1",FEIRA DE SANTANA,Reação tardia ou ineficiente do condutor,Colisão traseira,Com Vítimas Feridas,Pleno dia,Decrescente,Chuva,Múltipla,Curva,Não,3.0,0.0,2.0,0.0,2.0,0.0,0.0,2.0,"-12,337162","-38,84939",SPRF-BA,DEL11/BA,UOP02-DEL11-BA
770094,07/05/2026,quinta-feira,18:55:00,MS,262.0,"439,4",DOIS IRMAOS DO BURITI,Reação tardia ou ineficiente do condutor,Colisão traseira,Com Vítimas Fatais,Plena Noite,Decrescente,Céu Claro,Simples,Reta;Aclive,Não,2.0,1.0,0.0,0.0,0.0,1.0,0.0,2.0,"-20,51431","-55,36112",SPRF-MS,DEL03/MS,UOP01-DEL03-MS
770097,07/05/2026,quinta-feira,19:16:00,GO,60.0,308,ACREUNA,Acessar a via sem observar a presença dos outros veículos,Colisão transversal,Com Vítimas Feridas,Anoitecer,Decrescente,Céu Claro,Dupla,Retorno Regulamentado;Reta,Sim,2.0,0.0,1.0,0.0,1.0,1.0,0.0,2.0,"-17,38548399","-50,37400961",SPRF-GO,DEL04/GO,UOP02-DEL04-GO
770099,07/05/2026,quinta-feira,18:45:00,MG,50.0,188,UBERABA,Objeto estático sobre o leito carroçável,Colisão com objeto,Com Vítimas Feridas,Plena Noite,Crescente,Céu Claro,Dupla,Aclive;Reta,Não,4.0,0.0,3.0,0.0,3.0,1.0,0.0,3.0,"-19,839558","-47,880804",SPRF-MG,DEL13/MG,UOP01-DEL13-MG
770109,07/05/2026,quinta-feira,20:40:00,MG,381.0,800,SAO GONCALO DO SAPUCAI,Velocidade Incompatível,Tombamento,Com Vítimas Feridas,Plena Noite,Crescente,Céu Claro,Dupla,Curva,Não,2.0,0.0,0.0,1.0,1.0,0.0,0.0,2.0,"-21,920135","-45,609373",SPRF-MG,DEL16/MG,UOP02-DEL16-MG
770110,07/05/2026,quinta-feira,20:40:00,SP,116.0,393,MIRACATU,Falta de elemento de contenção que evite a saída do leito carroçável,Saída de leito carroçável,Com Vítimas Feridas,Plena Noite,Decrescente,Céu Claro,Dupla,Curva,Não,4.0,0.0,2.0,0.0,2.0,2.0,0.0,3.0,"-24,284667","-47,43882",SPRF-SP,DEL04/SP,UOP02-DEL04-SP
770113,07/05/2026,quinta-feira,18:00:00,RJ,40.0,84,DUQUE DE CAXIAS,Problema com o freio,Tombamento,Com Vítimas Feridas,Plena Noite,Crescente,Céu Claro,Dupla,Declive;Curva,Não,2.0,0.0,1.0,0.0,1.0,1.0,0.0,2.0,"-22,5221","-43,237632",SPRF-RJ,DEL01/RJ,UOP01-DEL01-RJ
770114,07/05/2026,quinta-feira,20:12:00,SC,470.0,"54,2",BLUMENAU,Mal súbito do condutor,Colisão lateral sentido oposto,Com Vítimas Feridas,Plena Noite,Crescente,Céu Claro,Simples,Reta,Não,4.0,0.0,1.0,0.0,1.0,2.0,0.0,4.0,"-26,87194644","-49,11251156",SPRF-SC,DEL04/SC,UOP01-DEL04-SC
770115,07/05/2026,quinta-feira,19:50:00,MG,116.0,502,INHAPIM,Transitar na contramão,Colisão frontal,Com Vítimas Feridas,Plena Noite,Crescente,Céu Claro,Simples,Reta,Não,2.0,0.0,0.0,1.0,1.0,1.0,0.0,2.0,"-19,579685","-42,114808",SPRF-MG,DEL06/MG,UOP02-DEL06-MG
770116,07/05/2026,quinta-feira,18:55:00,RO,364.0,342,JI-PARANA,Reação tardia ou ineficiente do condutor,Colisão traseira,Com Vítimas Feridas,Plena Noite,Crescente,Céu Claro,Dupla,Reta,Sim,3.0,0.0,0.0,1.0,1.0,2.0,0.0,3.0,"-10,88166979","-61,94068193",SPRF-RO,DEL02-RO,UOP01-DEL02-RO
770118,07/05/2026,quinta-feira,19:50:00,MG,40.0,70,PARACATU,Condutor deixou de manter distância do veículo da frente,Colisão traseira,Com Vítimas Feridas,Plena Noite,Decrescente,Céu Claro,Simples,Aclive;Reta,Não,2.0,0.0,1.0,1.0,2.0,0.0,0.0,2.0,"-17,398843","-46,729382",SPRF-MG,DEL14/MG,UOP01-DEL14-MG
770121,07/05/2026,quinta-feira,22:00:00,RS,290.0,101,PORTO ALEGRE,Pedestre - Ingestão de álcool/ substâncias psicoativas,Atropelamento de Pedestre,Com Vítimas Fatais,Plena Noite,Decrescente,Nublado,Simples,Reta,Sim,4.0,1.0,0.0,0.0,0.0,0.0,0.0,2.0,"-29,98664628","-51,25426769",SPRF-RS,DEL01/RS,UOP01-DEL01-RS
770132,07/05/2026,quinta-feira,19:00:00,MT,163.0,869,SINOP,Acostamento em desnível,Saída de leito carroçável,Com Vítimas Feridas,Plena Noite,Decrescente,Céu Claro,Simples,Reta,Não,2.0,0.0,1.0,0.0,1.0,0.0,0.0,3.0,"-11,567661","-55,4096",SPRF-MT,DEL06/MT,UOP02-DEL06-MT
770134,07/05/2026,quinta-feira,22:30:00,GO,40.0,33,LUZIANIA,Condutor deixou de manter distância do veículo da frente,Colisão traseira,Com Vítimas Fatais,Plena Noite,Decrescente,Céu Claro,Dupla,Reta,Não,3.0,1.0,0.0,0.0,0.0,2.0,0.0,2.0,"-16,294179","-47,850481",SPRF-DF,DEL01-DF,UOP01-DEL01-DF
770140,08/05/2026,sexta-feira,01:15:00,BA,407.0,230,CAPIM GROSSO,Ingestão de álcool pelo condutor,Colisão transversal,Com Vítimas Fatais,Plena Noite,Decrescente,Céu Claro,Simples,Curva,Sim,4.0,1.0,1.0,0.0,1.0,2.0,0.0,3.0,"-11,37284","-40,00751",SPRF-BA,DEL04/BA,UOP02-DEL04-BA
770141,08/05/2026,sexta-feira,00:40:00,PR,116.0,"1,5",CAMPINA GRANDE DO SUL,Velocidade Incompatível,Tombamento,Sem Vítimas,Plena Noite,Decrescente,Céu Claro,Dupla,Curva,Não,2.0,0.0,0.0,0.0,0.0,1.0,0.0,2.0,"-25,06712111","-48,57516164",SPRF-PR,DEL01/PR,UOP02-DEL01-PR
770142,08/05/2026,sexta-feira,01:05:00,PI,343.0,177,PIRIPIRI,Condutor Dormindo,Tombamento,Com Vítimas Feridas,Plena Noite,Decrescente,Céu Claro,Simples,Reta,Não,2.0,0.0,0.0,1.0,1.0,0.0,0.0,2.0,"-4,21958","-41,7753666",SPRF-PI,DEL02-PI,UOP01-DEL02-PI
770146,08/05/2026,sexta-feira,04:58:00,SC,101.0,202,SAO JOSE,Ausência de reação do condutor,Colisão traseira,Sem Vítimas,Plena Noite,Crescente,Céu Claro,Múltipla,Reta,Não,2.0,0.0,0.0,0.0,0.0,2.0,0.0,2.0,"-27,55985916","-48,61720026",SPRF-SC,DEL01/SC,UOP01-DEL01-SC
770148,08/05/2026,sexta-feira,04:15:00,AL,104.0,44,UNIAO DOS PALMARES,Acumulo de água sobre o pavimento,Saída de leito carroçável,Com Vítimas Feridas,Amanhecer,Crescente,Chuva,Simples,Declive;Curva,Não,2.0,0.0,1.0,0.0,1.0,1.0,0.0,1.0,"-9,19906525","-36,03158824",SPRF-AL,DEL01-AL,UOP02-DEL01-AL
770164,08/05/2026,sexta-feira,07:05:00,SP,116.0,288,ITAPECERICA DA SERRA,Ausência de reação do condutor,Colisão com objeto,Com Vítimas Feridas,Pleno dia,Decrescente,Céu Claro,Dupla,Reta,Não,1.0,0.0,0.0,1.0,1.0,0.0,0.0,1.0,"-23,7063972","-46,87405299",SPRF-SP,DEL04/SP,UOP01-DEL04-SP
770169,08/05/2026,sexta-feira,06:30:00,MG,381.0,314,NOVA ERA,Reação tardia ou ineficiente do condutor,Colisão traseira,Com Vítimas Feridas,Pleno dia,Decrescente,Nublado,Simples,Aclive,Não,3.0,0.0,1.0,0.0,1.0,1.0,0.0,3.0,"-19,69374","-42,99335",SPRF-MG,DEL03/MG,UOP02-DEL03-MG
770170,08/05/2026,sexta-feira,07:37:00,SP,116.0,210,GUARULHOS,Reação tardia ou ineficiente do condutor,Colisão lateral mesmo sentido,Com Vítimas Feridas,Pleno dia,Crescente,Céu Claro,Múltipla,Reta,Sim,3.0,0.0,1.0,0.0,1.0,2.0,0.0,3.0,"-23,43012979","-46,41469812",SPRF-SP,DEL01/SP,UOP01-DEL01-SP
770171,22/04/2026,quarta-feira,16:03:00,TO,153.0,176,ARAGUAINA,Condutor Dormindo,Saída de leito carroçável,Sem Vítimas,Pleno dia,Decrescente,Céu Claro,Simples,Declive;Reta,Não,3.0,0.0,0.0,0.0,0.0,1.0,0.0,4.0,"-7,46293841","-48,37297572",SPRF-TO,DEL02-TO,UOP01-DEL02-TO
770179,08/05/2026,sexta-feira,05:20:00,BA,101.0,923,TEIXEIRA DE FREITAS,Transitar na contramão,Colisão frontal,Com Vítimas Fatais,Amanhecer,Decrescente,Céu Claro,Simples,Reta,Não,18.0,1.0,12.0,3.0,15.0,0.0,0.0,5.0,"-17,596398","-39,749318",SPRF-BA,DEL09/BA,UOP02-DEL09-BA
770184,08/05/2026,sexta-feira,08:00:00,MG,381.0,499,BETIM,Ausência de reação do condutor,Colisão lateral mesmo sentido,Com Vítimas Feridas,Pleno dia,Decrescente,Céu Claro,Simples,Reta,Sim,2.0,0.0,1.0,0.0,1.0,1.0,0.0,2.0,"-19,99527339","-44,20786707",SPRF-MG,DEL01/MG,UOP03-DEL01-MG
770190,07/05/2026,quinta-feira,23:00:00,RJ,116.0,222,PARACAMBI,Ausência de reação do condutor,Colisão traseira,Sem Vítimas,Plena Noite,Decrescente,Céu Claro,Dupla,Reta,Não,2.0,0.0,0.0,0.0,0.0,2.0,0.0,2.0,"-22,689136","-43,797064",SPRF-RJ,DEL06/RJ,UOP02-DEL06-RJ
770193,08/05/2026,sexta-feira,08:30:00,BA,101.0,912,NOVA VICOSA,Acessar a via sem observar a presença dos outros veículos,Colisão transversal,Com Vítimas Fatais,Pleno dia,Crescente,Nublado,Simples,Declive;Reta,Sim,3.0,1.0,1.0,0.0,1.0,1.0,0.0,2.0,"-17,82887525","-39,79621109",SPRF-BA,DEL09/BA,UOP02-DEL09-BA
770194,08/05/2026,sexta-feira,05:00:00,MA,230.0,"35,9",BARAO DE GRAJAU,Ausência de reação do condutor,Saída de leito carroçável,Com Vítimas Feridas,Amanhecer,Decrescente,Céu Claro,Simples,Aclive;Reta,Não,2.0,0.0,1.0,0.0,1.0,0.0,0.0,4.0,"-6,674653","-43,302833",SPRF-PI,DEL03-PI,UOP01-DEL03-PI
770196,01/04/2026,quarta-feira,03:00:00,MG,262.0,367,JUATUBA,Acessar a via sem observar a presença dos outros veículos,Colisão traseira,Com Vítimas Feridas,Plena Noite,Decrescente,Céu Claro,Dupla,Reta;Declive,Sim,5.0,0.0,1.0,0.0,1.0,3.0,0.0,9.0,"-19,9559625","-44,3667951",SPRF-MG,DEL01/MG,UOP03-DEL01-MG
770199,22/04/2026,quarta-feira,08:00:00,MG,381.0,"423,4",CAETE,Reação tardia ou ineficiente do condutor,Tombamento,Com Vítimas Feridas,Pleno dia,Decrescente,Céu Claro,Simples,Curva;Declive,Não,3.0,0.0,2.0,0.0,2.0,0.0,0.0,2.0,"-19,78705713","-43,68644714",SPRF-MG,DEL01/MG,UOP01-DEL01-MG
770201,08/05/2026,sexta-feira,06:30:00,PA,316.0,111,SANTA MARIA DO PARA,Desrespeitar a preferência no cruzamento,Colisão transversal,Com Vítimas Feridas,Pleno dia,Crescente,Céu Claro,Simples,Curva;Interseção de Vias,Não,5.0,0.0,3.0,0.0,3.0,1.0,0.0,3.0,"-1,316575","-47,510765",SPRF-PA,DEL01/PA,UOP02-DEL01-PA
770202,08/05/2026,sexta-feira,09:40:00,GO,40.0,6,VALPARAISO DE GOIAS,Manobra de mudança de faixa,Colisão lateral mesmo sentido,Com Vítimas Feridas,Pleno dia,Decrescente,Céu Claro,Dupla,Reta,Sim,6.0,0.0,4.0,0.0,4.0,0.0,0.0,3.0,"-16,104869","-47,974657",SPRF-DF,DEL01-DF,UOP01-DEL01-DF
770204,07/05/2026,quinta-feira,21:30:00,RJ,116.0,147,DUQUE DE CAXIAS,Demais falhas mecânicas ou elétricas,Eventos atípicos,Com Vítimas Fatais,Plena Noite,Crescente,Céu Claro,Dupla,Reta,Não,2.0,1.0,0.0,0.0,0.0,0.0,0.0,2.0,"-22,671611","-43,282933",SPRF-RJ,DEL01/RJ,UOP02-DEL01-RJ
770207,08/05/2026,sexta-feira,08:38:00,PE,101.0,43,IGARASSU,Acessar a via sem observar a presença dos outros veículos,Colisão transversal,Com Vítimas Feridas,Pleno dia,Crescente,Céu Claro,Múltipla,Reta,Não,2.0,0.0,0.0,1.0,1.0,1.0,0.0,2.0,"-7,84708033","-34,91010261",SPRF-PE,DEL01/PE,UOP02-DEL01-PE
770209,08/05/2026,sexta-feira,08:00:00,SP,101.0,"50,3",UBATUBA,Reação tardia ou ineficiente do condutor,Engavetamento,Com Vítimas Fatais,Pleno dia,Decrescente,Céu Claro,Simples,Reta,Sim,3.0,1.0,0.0,0.0,0.0,2.0,0.0,3.0,"-23,44884483","-45,07886623",SPRF-SP,DEL06/SP,UOP01-DEL06-SP
770212,08/05/2026,sexta-feira,10:35:00,MG,153.0,188,FRUTAL,Transitar na contramão,Colisão frontal,Com Vítimas Feridas,Pleno dia,Crescente,Céu Claro,Simples,Curva;Declive,Não,3.0,0.0,0.0,2.0,2.0,1.0,0.0,2.0,"-19,86870776","-48,97185802",SPRF-MG,DEL13/MG,UOP02-DEL13-MG
770214,08/05/2026,sexta-feira,07:30:00,ES,101.0,233,FUNDAO,Ausência de reação do condutor,Saída de leito carroçável,Com Vítimas Feridas,Pleno dia,Decrescente,Céu Claro,Simples,Reta,Não,2.0,0.0,1.0,0.0,1.0,0.0,0.0,2.0,"-19,960067","-40,40715",SPRF-ES,DEL02-ES,UOP01-DEL02-ES
770216,08/05/2026,sexta-feira,07:40:00,MG,50.0,166,MARTINHO CAMPOS,Manobra de mudança de faixa,Colisão traseira,Com Vítimas Feridas,Pleno dia,Decrescente,Céu Claro,Dupla,Reta,Não,2.0,0.0,1.0,0.0,1.0,1.0,0.0,2.0,"-19,3713974","-45,21354675",SPRF-MG,DEL13/MG,UOP01-DEL13-MG
770217,08/05/2026,sexta-feira,07:35:00,MS,262.0,"359,9",CAMPO GRANDE,Fumaça,Colisão traseira,Com Vítimas Feridas,Pleno dia,Crescente,Nublado,Simples,Reta,Não,10.0,0.0,1.0,0.0,1.0,8.0,0.0,9.0,"-20,527614","-54,70811",SPRF-MS,DEL01/MS,UOP03-DEL01-MS
770223,08/05/2026,sexta-feira,10:00:00,BA,242.0,858,BARREIRAS,Acessar a via sem observar a presença dos outros veículos,Colisão lateral mesmo sentido,Com Vítimas Feridas,Pleno dia,Crescente,Sol,Simples,Reta,Não,3.0,0.0,0.0,1.0,1.0,1.0,0.0,5.0,"-12,10305","-45,33367",SPRF-BA,DEL10/BA,UOP01-DEL10-BA
770224,08/05/2026,sexta-feira,11:00:00,PR,277.0,"436,2",VIRMOND,Chuva,Saída de leito carroçável,Com Vítimas Feridas,Pleno dia,Decrescente,Chuva,Simples,Declive;Curva,Não,2.0,0.0,2.0,0.0,2.0,0.0,0.0,1.0,"-25,376138","-52,215568",SPRF-PR,DEL04/PR,UOP02-DEL04-PR