id,data_inversa,dia_semana,horario,uf,br,km,municipio,causa_acidente,tipo_acidente,classificacao_acidente,fase_dia,sentido_via,condicao_metereologica,tipo_pista,tracado_via,uso_solo,pessoas,mortos,feridos_leves,feridos_graves,feridos,ilesos,ignorados,veiculos,latitude,longitude,regional,delegacia,uop
770226,08/05/2026,sexta-feira,11:20:00,MG,40.0,"773,8",JUIZ DE FORA,Ausência de reação do condutor,Tombamento,Com Vítimas Feridas,Pleno dia,Decrescente,Céu Claro,Simples,Reta;Em Obras,Não,2.0,0.0,2.0,0.0,2.0,0.0,0.0,1.0,"-21,62881829","-43,44541222",SPRF-MG,DEL05/MG,UOP01-DEL05-MG
770227,08/03/2026,domingo,00:40:00,MG,381.0,926,ITAPEVA,Demais Fenômenos da natureza,Incêndio,Sem Vítimas,Plena Noite,Decrescente,Chuva,Dupla,Reta,Sim,2.0,0.0,0.0,0.0,0.0,1.0,0.0,2.0,"-22,77098065","-46,20198796",SPRF-MG,DEL16/MG,UOP03-DEL16-MG
770228,08/05/2026,sexta-feira,11:15:00,SC,470.0,125,LONTRAS,Reação tardia ou ineficiente do condutor,Colisão traseira,Com Vítimas Feridas,Pleno dia,Crescente,Nublado,Simples,Reta;Retorno Regulamentado,Sim,3.0,0.0,1.0,0.0,1.0,1.0,0.0,4.0,"-27,12326021","-49,53666184",SPRF-SC,DEL04/SC,UOP02-DEL04-SC
770230,08/05/2026,sexta-feira,12:20:00,BA,242.0,883,BARREIRAS,Ultrapassagem Indevida,Colisão frontal,Com Vítimas Fatais,Pleno dia,Decrescente,Sol,Simples,Reta,Não,3.0,1.0,0.0,0.0,0.0,1.0,0.0,5.0,"-12,06798","-45,56395",SPRF-BA,DEL10/BA,UOP01-DEL10-BA
770231,08/05/2026,sexta-feira,12:00:00,SC,101.0,217,PALHOCA,Manobra de mudança de faixa,Colisão transversal,Com Vítimas Feridas,Pleno dia,Crescente,Céu Claro,Simples,Rotatória;Reta,Não,3.0,0.0,1.0,0.0,1.0,1.0,0.0,4.0,"-27,670787","-48,672318",SPRF-SC,DEL01/SC,UOP02-DEL01-SC
770237,08/05/2026,sexta-feira,08:25:00,MA,10.0,"253,3",IMPERATRIZ,Desrespeitar a preferência no cruzamento,Colisão transversal,Com Vítimas Feridas,Pleno dia,Crescente,Sol,Simples,Reta;Interseção de Vias,Sim,2.0,0.0,1.0,0.0,1.0,1.0,0.0,2.0,"-5,524295","-47,471437",SPRF-MA,DEL04-MA,UOP01-DEL04-MA
770241,08/05/2026,sexta-feira,12:25:00,PE,104.0,64,CARUARU,Reação tardia ou ineficiente do condutor,Colisão com objeto,Sem Vítimas,Pleno dia,Crescente,Céu Claro,Dupla,Reta;Declive;Viaduto,Sim,1.0,0.0,0.0,0.0,0.0,1.0,0.0,1.0,"-8,26593419","-35,97795932",SPRF-PE,DEL02/PE,UOP01-DEL02-PE
770244,08/05/2026,sexta-feira,11:30:00,MT,174.0,138,MIRASSOL DOESTE,Falta de acostamento,Saída de leito carroçável,Com Vítimas Feridas,Pleno dia,Decrescente,Céu Claro,Simples,Reta;Aclive,Não,3.0,0.0,2.0,0.0,2.0,0.0,0.0,2.0,"-15,825728","-58,074517",SPRF-MT,DEL03/MT,UOP01-DEL03-MT
770245,08/05/2026,sexta-feira,14:10:00,MG,116.0,625,ORIZANIA,Condutor Dormindo,Colisão frontal,Com Vítimas Feridas,Pleno dia,Crescente,Nublado,Simples,Reta,Não,4.0,0.0,1.0,0.0,1.0,2.0,0.0,3.0,"-20,5525","-42,20849",SPRF-MG,DEL07/MG,UOP02-DEL07-MG
770246,08/05/2026,sexta-feira,12:00:00,RS,285.0,"300,4",PASSO FUNDO,Condutor usando celular,Colisão lateral sentido oposto,Com Vítimas Feridas,Pleno dia,Crescente,Sol,Simples,Reta,Sim,4.0,0.0,0.0,1.0,1.0,2.0,0.0,5.0,"-28,228294","-52,444058",SPRF-RS,DEL08/RS,UOP03-DEL08-RS
770251,08/05/2026,sexta-feira,14:40:00,RS,448.0,15,CANOAS,Condutor deixou de manter distância do veículo da frente,Colisão traseira,Com Vítimas Feridas,Pleno dia,Crescente,Céu Claro,Dupla,Reta,Sim,3.0,0.0,1.0,0.0,1.0,2.0,0.0,3.0,"-29,92341915","-51,2289364",SPRF-RS,DEL01/RS,UOP01-DEL01-RS
770254,29/04/2026,quarta-feira,19:10:00,SP,116.0,513,CAJATI,Reação tardia ou ineficiente do condutor,Colisão traseira,Com Vítimas Feridas,Plena Noite,Decrescente,Chuva,Simples,Declive;Curva,Não,2.0,0.0,0.0,1.0,1.0,1.0,0.0,2.0,"-24,857847","-48,211793",SPRF-SP,DEL05/SP,UOP02-DEL05-SP
770255,08/05/2026,sexta-feira,16:45:00,PR,277.0,"3,1",PARANAGUA,Reação tardia ou ineficiente do condutor,Colisão lateral mesmo sentido,Com Vítimas Feridas,Pleno dia,Decrescente,Chuva,Dupla,Reta,Não,3.0,0.0,1.0,0.0,1.0,1.0,0.0,4.0,"-25,542288","-48,538827",SPRF-PR,DEL01/PR,UOP05-DEL01-PR
770256,08/05/2026,sexta-feira,09:20:00,BA,235.0,58,JEREMOABO,Chuva,Colisão frontal,Com Vítimas Feridas,Pleno dia,Decrescente,Chuva,Simples,Reta,Não,3.0,0.0,3.0,0.0,3.0,0.0,0.0,2.0,"-10,08526489","-38,27932533",SPRF-SE,DEL01-SE,UOP02-DEL01-SE
770258,08/05/2026,sexta-feira,18:40:00,MG,116.0,802,ALEM PARAIBA,Reação tardia ou ineficiente do condutor,Engavetamento,Com Vítimas Feridas,Plena Noite,Decrescente,Céu Claro,Simples,Reta;Em Obras,Não,4.0,0.0,1.0,0.0,1.0,2.0,0.0,3.0,"-21,781985","-42,722834",SPRF-MG,DEL07/MG,UOP01-DEL07-MG
770259,08/05/2026,sexta-feira,11:50:00,RJ,116.0,305,RESENDE,Pedestre andava na pista,Atropelamento de Pedestre,Com Vítimas Fatais,Pleno dia,Crescente,Céu Claro,Dupla,Reta,Sim,3.0,1.0,0.0,0.0,0.0,1.0,0.0,3.0,"-22,45958108","-44,43145752",SPRF-RJ,DEL07/RJ,UOP02-DEL07-RJ
770261,08/05/2026,sexta-feira,14:40:00,RJ,393.0,298,BARRA MANSA,Ultrapassagem Indevida,Colisão lateral mesmo sentido,Com Vítimas Feridas,Pleno dia,Decrescente,Céu Claro,Simples,Reta,Sim,2.0,0.0,1.0,0.0,1.0,1.0,0.0,2.0,"-22,53589327","-44,1154586",SPRF-RJ,DEL07/RJ,UOP02-DEL07-RJ
770265,08/05/2026,sexta-feira,19:00:00,PE,101.0,"69,8",RECIFE,Trafegar com motocicleta (ou similar) entre as faixas,Colisão lateral mesmo sentido,Com Vítimas Feridas,Plena Noite,Decrescente,Garoa/Chuvisco,Dupla,Aclive;Viaduto;Reta,Sim,3.0,0.0,2.0,0.0,2.0,0.0,0.0,2.0,"-8,0661","-34,94333",SPRF-PE,DEL01/PE,UOP01-DEL01-PE
770269,08/05/2026,sexta-feira,16:40:00,CE,116.0,15,FORTALEZA,Acessar a via sem observar a presença dos outros veículos,Colisão traseira,Sem Vítimas,Pleno dia,Crescente,Céu Claro,Dupla,Reta,Sim,3.0,0.0,0.0,0.0,0.0,2.0,0.0,3.0,"-3,87426321","-38,49963427",SPRF-CE,DEL01/CE,UOP02-DEL01-CE
770284,08/05/2026,sexta-feira,14:47:00,CE,222.0,31,CAUCAIA,Reação tardia ou ineficiente do condutor,Colisão com objeto,Com Vítimas Feridas,Pleno dia,Crescente,Chuva,Múltipla,Reta,Sim,1.0,0.0,1.0,0.0,1.0,0.0,0.0,1.0,"-3,710306","-38,828225",SPRF-CE,DEL01/CE,UOP01-DEL01-CE
770289,08/05/2026,sexta-feira,15:13:00,MG,50.0,6,UBERLANDIA,Condutor deixou de manter distância do veículo da frente,Colisão lateral mesmo sentido,Com Vítimas Feridas,Pleno dia,Decrescente,Céu Claro,Dupla,Curva,Não,2.0,0.0,1.0,0.0,1.0,1.0,0.0,2.0,"-18,85917","-48,207962",SPRF-MG,DEL15/MG,UOP01-DEL15-MG
770294,08/05/2026,sexta-feira,20:20:00,PE,101.0,"4,3",GOIANA,Manobra de mudança de faixa,Colisão traseira,Com Vítimas Feridas,Plena Noite,Decrescente,Nublado,Dupla,Reta;Aclive,Não,3.0,0.0,1.0,0.0,1.0,2.0,0.0,2.0,"-7,52311444","-34,99422563",SPRF-PE,DEL01/PE,UOP02-DEL01-PE
770295,08/05/2026,sexta-feira,16:30:00,SP,381.0,79,MAIRIPORA,Frear bruscamente,Derramamento de carga,Sem Vítimas,Pleno dia,Decrescente,Céu Claro,Dupla,Reta,Sim,2.0,0.0,0.0,0.0,0.0,1.0,0.0,2.0,"-23,3527596","-46,55527689",SPRF-SP,DEL03/SP,UOP01-DEL03-SP
770301,08/05/2026,sexta-feira,21:00:00,SC,101.0,"116,2",ITAJAI,Pedestre andava na pista,Atropelamento de Pedestre,Com Vítimas Fatais,Plena Noite,Crescente,Chuva,Dupla,Reta,Não,2.0,1.0,0.0,0.0,0.0,1.0,0.0,2.0,"-26,880409","-48,725413",SPRF-SC,DEL04/SC,UOP04-DEL04-SC
770304,08/05/2026,sexta-feira,16:15:00,SC,101.0,"49,7",JOINVILLE,Manobra de mudança de faixa,Colisão lateral mesmo sentido,Com Vítimas Feridas,Pleno dia,Crescente,Garoa/Chuvisco,Múltipla,Interseção de Vias,Não,4.0,0.0,1.0,0.0,1.0,3.0,0.0,3.0,"-26,38615557","-48,84585707",SPRF-SC,DEL03/SC,UOP01-DEL03-SC
770306,08/05/2026,sexta-feira,20:15:00,BA,116.0,"10,9",VITORIA DA CONQUISTA,Condutor deixou de manter distância do veículo da frente,Colisão traseira,Com Vítimas Feridas,Plena Noite,Crescente,Céu Claro,Simples,Curva;Aclive,Sim,7.0,0.0,1.0,0.0,1.0,5.0,0.0,5.0,"-14,866966","-40,871905",SPRF-BA,DEL08/BA,UOP01-DEL08-BA
770316,08/05/2026,sexta-feira,11:15:00,MS,163.0,570,BANDEIRANTES,Demais falhas mecânicas ou elétricas,Incêndio,Sem Vítimas,Pleno dia,Decrescente,Nublado,Simples,Aclive;Reta,Não,3.0,0.0,0.0,0.0,0.0,2.0,0.0,3.0,"-19,7227972","-54,3519586",SPRF-MS,DEL01/MS,UOP02-DEL01-MS
770318,08/05/2026,sexta-feira,19:30:00,PR,376.0,618,SAO JOSE DOS PINHAIS,Reação tardia ou ineficiente do condutor,Saída de leito carroçável,Com Vítimas Feridas,Plena Noite,Decrescente,Chuva,Dupla,Reta,Sim,4.0,0.0,1.0,0.0,1.0,2.0,0.0,3.0,"-25,606517","-49,172275",SPRF-PR,DEL01/PR,UOP04-DEL01-PR
770323,08/05/2026,sexta-feira,20:49:00,RN,406.0,"83,9",JOAO CAMARA,Demais falhas mecânicas ou elétricas,Incêndio,Sem Vítimas,Plena Noite,Decrescente,Nublado,Simples,Reta,Não,1.0,0.0,0.0,0.0,0.0,1.0,0.0,1.0,"-5,446847","-35,955638",SPRF-RN,DEL02-RN,UOP01-DEL02-RN
770325,08/05/2026,sexta-feira,15:00:00,MS,163.0,620,SAO GABRIEL DO OESTE,Ausência de reação do condutor,Colisão traseira,Com Vítimas Feridas,Pleno dia,Decrescente,Céu Claro,Dupla,Reta,Não,4.0,0.0,1.0,0.0,1.0,2.0,0.0,3.0,"-19,35796473","-54,59109731",SPRF-MS,DEL06/MS,UOP02-DEL06-MS
770327,08/05/2026,sexta-feira,18:30:00,RN,304.0,103,PARNAMIRIM,Ausência de reação do condutor,Colisão traseira,Sem Vítimas,Plena Noite,Crescente,Chuva,Múltipla,Reta,Sim,2.0,0.0,0.0,0.0,0.0,2.0,0.0,2.0,"-5,89053055","-35,25105",SPRF-RN,DEL04-RN,UOP01-DEL04-RN
770334,08/05/2026,sexta-feira,12:00:00,MG,116.0,"274,3",TEOFILO OTONI,Ausência de reação do condutor,Colisão com objeto,Sem Vítimas,Pleno dia,Decrescente,Céu Claro,Simples,Reta,Sim,1.0,0.0,0.0,0.0,0.0,1.0,0.0,1.0,"-17,836686","-41,511936",SPRF-MG,DEL11/MG,UOP01-DEL11-MG
770343,08/05/2026,sexta-feira,22:00:00,RJ,116.0,334,RESENDE,Acessar a via sem observar a presença dos outros veículos,Colisão traseira,Com Vítimas Feridas,Plena Noite,Crescente,Céu Claro,Dupla,Curva,Não,3.0,0.0,1.0,0.0,1.0,1.0,0.0,3.0,"-22,50070166","-44,6669159",SPRF-RJ,DEL07/RJ,UOP02-DEL07-RJ
770344,08/05/2026,sexta-feira,22:15:00,RJ,116.0,332,ITATIAIA,Demais falhas mecânicas ou elétricas,Incêndio,Sem Vítimas,Plena Noite,Decrescente,Céu Claro,Dupla,Reta,Não,2.0,0.0,0.0,0.0,0.0,1.0,0.0,2.0,"-22,50371583","-44,6277523",SPRF-RJ,DEL07/RJ,UOP02-DEL07-RJ
770346,08/05/2026,sexta-feira,21:15:00,RJ,40.0,120,DUQUE DE CAXIAS,Ausência de reação do condutor,Colisão lateral mesmo sentido,Com Vítimas Feridas,Plena Noite,Decrescente,Céu Claro,Dupla,Reta,Não,4.0,0.0,1.0,0.0,1.0,3.0,0.0,4.0,"-22,77491529","-43,28670502",SPRF-RJ,DEL01/RJ,UOP02-DEL01-RJ
770352,08/05/2026,sexta-feira,16:50:00,PA,316.0,100,IGARAPE-ACU,Acumulo de água sobre o pavimento,Colisão traseira,Sem Vítimas,Anoitecer,Crescente,Chuva,Simples,Reta,Não,3.0,0.0,0.0,0.0,0.0,1.0,0.0,3.0,"-1,330783","-47,627855",SPRF-PA,DEL01/PA,UOP02-DEL01-PA
770358,08/05/2026,sexta-feira,21:10:00,SC,282.0,"509,1",XANXERE,Ingestão de álcool pelo condutor,Colisão frontal,Com Vítimas Feridas,Plena Noite,Decrescente,Céu Claro,Simples,Reta,Não,2.0,0.0,1.0,0.0,1.0,1.0,0.0,2.0,"-26,889532","-52,455888",SPRF-SC,DEL07/SC,UOP01-DEL07-SC
770359,08/05/2026,sexta-feira,22:20:00,PR,376.0,353,ORTIGUEIRA,Condutor deixou de manter distância do veículo da frente,Colisão traseira,Com Vítimas Feridas,Plena Noite,Decrescente,Chuva,Simples,Reta,Não,4.0,0.0,2.0,0.0,2.0,1.0,0.0,3.0,"-24,25040791","-50,90377808",SPRF-PR,DEL07/PR,UOP02-DEL07-PR
770361,08/05/2026,sexta-feira,20:19:00,MT,163.0,785,SORRISO,Transitar na contramão,Colisão lateral sentido oposto,Com Vítimas Feridas,Plena Noite,Crescente,Céu Claro,Simples,Reta,Não,4.0,0.0,1.0,0.0,1.0,2.0,0.0,5.0,"-12,30553","-55,57516667",SPRF-MT,DEL06/MT,UOP02-DEL06-MT
770368,08/05/2026,sexta-feira,23:05:00,PR,376.0,671,GUARATUBA,Reação tardia ou ineficiente do condutor,Colisão traseira,Com Vítimas Feridas,Plena Noite,Crescente,Garoa/Chuvisco,Dupla,Declive;Reta,Não,4.0,0.0,2.0,0.0,2.0,1.0,0.0,3.0,"-25,896217","-48,929569",SPRF-PR,DEL01/PR,UOP04-DEL01-PR
770373,08/05/2026,sexta-feira,19:20:00,MG,365.0,207,BURITIZEIRO,Ultrapassagem Indevida,Colisão frontal,Com Vítimas Fatais,Plena Noite,Crescente,Céu Claro,Simples,Reta,Não,5.0,1.0,0.0,1.0,1.0,2.0,0.0,7.0,"-17,52794","-45,26883167",SPRF-MG,DEL10/MG,UOP02-DEL010-MG
770385,09/05/2026,sábado,01:10:00,SC,116.0,"51,6",PAPANDUVA,Ingestão de álcool pelo condutor,Colisão lateral sentido oposto,Com Vítimas Feridas,Plena Noite,Decrescente,Garoa/Chuvisco,Simples,Reta,Não,2.0,0.0,1.0,0.0,1.0,1.0,0.0,2.0,"-26,38831969","-50,14108054",SPRF-SC,DEL06/SC,UOP01-DEL06-SC
770388,08/05/2026,sexta-feira,17:15:00,PB,230.0,159,CAMPINA GRANDE,Acessar a via sem observar a presença dos outros veículos,Colisão lateral mesmo sentido,Sem Vítimas,Anoitecer,Decrescente,Chuva,Dupla,Viaduto;Interseção de Vias;Retorno Regulamentado;Em Obras,Sim,6.0,0.0,0.0,0.0,0.0,5.0,0.0,3.0,"-7,25173042","-35,93370706",SPRF-PB,DEL02-PB,UOP01-DEL02-PB
770389,30/04/2026,quinta-feira,18:00:00,BA,324.0,611,SIMOES FILHO,Trafegar com motocicleta (ou similar) entre as faixas,Colisão lateral mesmo sentido,Com Vítimas Fatais,Plena Noite,Decrescente,Nublado,Dupla,Reta,Não,4.0,1.0,0.0,1.0,1.0,1.0,0.0,3.0,"-12,841811","-38,41554",SPRF-BA,DEL01/BA,UOP01-DEL01-BA
770392,09/05/2026,sábado,03:40:00,CE,116.0,46,PACAJUS,Transitar na contramão,Colisão frontal,Com Vítimas Fatais,Plena Noite,Decrescente,Chuva,Dupla,Curva,Não,2.0,1.0,0.0,0.0,0.0,0.0,0.0,2.0,"-4,144772","-38,476841",SPRF-CE,DEL01/CE,UOP02-DEL01-CE
770396,09/05/2026,sábado,04:23:00,PR,116.0,61,QUATRO BARRAS,Acumulo de água sobre o pavimento,Saída de leito carroçável,Com Vítimas Feridas,Plena Noite,Decrescente,Chuva,Dupla,Curva,Não,3.0,0.0,1.0,0.0,1.0,1.0,0.0,3.0,"-25,30359813","-48,96295041",SPRF-PR,DEL01/PR,UOP02-DEL01-PR
770397,08/05/2026,sexta-feira,13:15:00,GO,153.0,225,HIDROLINA,Reação tardia ou ineficiente do condutor,Saída de leito carroçável,Com Vítimas Feridas,Pleno dia,Crescente,Céu Claro,Simples,Declive;Reta,Não,2.0,0.0,1.0,0.0,1.0,0.0,0.0,2.0,"-14,73885","-49,2444632",SPRF-GO,DEL07/GO,UOP02-DEL07-GO
770403,09/05/2026,sábado,05:20:00,TO,153.0,661,GURUPI,Ausência de reação do condutor,Colisão lateral sentido oposto,Com Vítimas Feridas,Amanhecer,Crescente,Céu Claro,Simples,Reta,Não,7.0,0.0,0.0,1.0,1.0,5.0,0.0,5.0,"-11,62065203","-49,04721022",SPRF-TO,DEL01-TO,UOP02-DEL01-TO
770405,09/05/2026,sábado,05:30:00,PR,376.0,499,PONTA GROSSA,Reação tardia ou ineficiente do condutor,Saída de leito carroçável,Com Vítimas Feridas,Amanhecer,Crescente,Chuva,Dupla,Viaduto;Reta;Declive,Não,3.0,0.0,0.0,1.0,1.0,1.0,0.0,6.0,"-25,183809","-50,090965",SPRF-PR,DEL03/PR,UOP03-DEL03-PR
770412,09/05/2026,sábado,05:30:00,GO,60.0,410,RIO VERDE,Ausência de reação do condutor,Colisão traseira,Com Vítimas Feridas,Amanhecer,Crescente,Céu Claro,Dupla,Reta,Não,2.0,0.0,0.0,1.0,1.0,1.0,0.0,2.0,"-17,81777","-51,16296",SPRF-GO,DEL04/GO,UOP02-DEL04-GO
770417,08/05/2026,sexta-feira,17:30:00,PR,116.0,118,CURITIBA,Reação tardia ou ineficiente do condutor,Tombamento,Com Vítimas Feridas,Plena Noite,Crescente,Chuva,Dupla,Reta,Sim,5.0,0.0,0.0,2.0,2.0,1.0,0.0,5.0,"-25,569578","-49,31065",SPRF-PR,DEL01/PR,UOP03-DEL01-PR
770420,09/05/2026,sábado,04:00:00,SP,116.0,218,GUARULHOS,Condutor Dormindo,Saída de leito carroçável,Sem Vítimas,Plena Noite,Decrescente,Céu Claro,Múltipla,Aclive,Sim,2.0,0.0,0.0,0.0,0.0,0.0,1.0,2.0,"-23,45712463","-46,47781134",SPRF-SP,DEL01/SP,UOP01-DEL01-SP
770422,08/05/2026,sexta-feira,19:30:00,AP,210.0,33,PORTO GRANDE,Ultrapassagem Indevida,Colisão lateral mesmo sentido,Com Vítimas Feridas,Plena Noite,Crescente,Céu Claro,Simples,Reta,Não,5.0,0.0,0.0,1.0,1.0,4.0,0.0,2.0,"0,56835006","-51,18490601",SPRF-AP,DEL01-AP,UOP01-DEL01-AP
770426,09/05/2026,sábado,00:40:00,MG,381.0,377,SAO GONCALO DO RIO ABAIXO,Ultrapassagem Indevida,Colisão lateral sentido oposto,Com Vítimas Feridas,Plena Noite,Crescente,Céu Claro,Simples,Reta;Aclive,Não,3.0,0.0,0.0,1.0,1.0,1.0,0.0,3.0,"-19,83809117","-43,34381104",SPRF-MG,DEL01/MG,UOP01-DEL01-MG
770427,09/05/2026,sábado,05:40:00,BA,101.0,413,IBIRAPITANGA,Demais falhas mecânicas ou elétricas,Incêndio,Sem Vítimas,Amanhecer,Decrescente,Chuva,Simples,Aclive,Não,2.0,0.0,0.0,0.0,0.0,1.0,0.0,3.0,"-14,072997","-39,38715",SPRF-BA,DEL05/BA,UOP03-DEL05-BA
770435,09/05/2026,sábado,05:00:00,MS,267.0,"3,9",BATAGUASSU,Ultrapassagem Indevida,Colisão lateral sentido oposto,Sem Vítimas,Amanhecer,Decrescente,Garoa/Chuvisco,Simples,Curva,Não,7.0,0.0,0.0,0.0,0.0,5.0,0.0,6.0,"-21,75463485","-52,18239985",SPRF-MS,DEL02/MS,UOP04-DEL02-MS
770449,09/05/2026,sábado,09:03:00,ES,101.0,"380,3",ICONHA,Reação tardia ou ineficiente do condutor,Colisão frontal,Com Vítimas Fatais,Pleno dia,Decrescente,Sol,Simples,Reta,Não,5.0,1.0,1.0,0.0,1.0,1.0,0.0,4.0,"-20,808638","-40,835659",SPRF-ES,DEL03-ES,UOP01-DEL03-ES
770451,09/05/2026,sábado,05:30:00,PR,277.0,528,GUARANIACU,Ausência de reação do condutor,Colisão com objeto,Com Vítimas Feridas,Plena Noite,Crescente,Nublado,Simples,Curva;Declive,Não,2.0,0.0,1.0,0.0,1.0,0.0,0.0,3.0,"-25,09106","-52,918699",SPRF-PR,DEL04/PR,UOP04-DEL04-PR
770454,09/05/2026,sábado,07:00:00,SE,101.0,44,JAPARATUBA,Condutor Dormindo,Saída de leito carroçável,Com Vítimas Feridas,Pleno dia,Crescente,Chuva,Dupla,Curva;Aclive,Não,1.0,0.0,1.0,0.0,1.0,0.0,0.0,1.0,"-10,551882","-36,972279",SPRF-SE,DEL02-SE,UOP02-DEL02-SE
770465,09/05/2026,sábado,07:10:00,BA,101.0,24,ESPLANADA,Velocidade Incompatível,Colisão traseira,Com Vítimas Feridas,Pleno dia,Decrescente,Céu Claro,Dupla,Declive;Desvio Temporário,Não,2.0,0.0,1.0,0.0,1.0,0.0,0.0,2.0,"-11,692887","-37,902612",SPRF-SE,DEL02-SE,UOP03-DEL02-SE
770466,09/05/2026,sábado,10:12:00,MG,40.0,"480,5",SETE LAGOAS,Reação tardia ou ineficiente do condutor,Colisão traseira,Com Vítimas Feridas,Pleno dia,Decrescente,Céu Claro,Dupla,Declive;Reta,Não,29.0,0.0,7.0,0.0,7.0,22.0,0.0,2.0,"-19,54712","-44,24683",SPRF-MG,DEL02/MG,UOP01-DEL02-MG
770470,09/05/2026,sábado,07:30:00,GO,70.0,402,MONTES CLAROS DE GOIAS,Transitar na contramão,Colisão lateral sentido oposto,Com Vítimas Feridas,Amanhecer,Decrescente,Sol,Simples,Reta,Não,3.0,0.0,0.0,1.0,1.0,1.0,0.0,2.0,"-15,87020444","-51,54613495",SPRF-GO,DEL04/GO,UOP02-DEL04-GO
770478,09/05/2026,sábado,07:20:00,SC,282.0,399,JOACABA,Transitar na contramão,Colisão frontal,Com Vítimas Fatais,Pleno dia,Crescente,Céu Claro,Simples,Curva,Não,6.0,1.0,0.0,1.0,1.0,3.0,0.0,6.0,"-27,1427","-51,61427",SPRF-SC,DEL07/SC,UOP05-DEL07-SC
770488,07/03/2026,sábado,04:00:00,PA,163.0,"404,9",ITAITUBA,Ausência de reação do condutor,Colisão frontal,Com Vítimas Feridas,Plena Noite,Crescente,Ignorado,Simples,Curva,Não,2.0,0.0,1.0,0.0,1.0,1.0,0.0,2.0,"-6,2595244","-55,60654656",SPRF-PA,DEL05/PA,UOP03-DEL05-PA
770502,22/03/2026,domingo,08:55:00,GO,80.0,102,VILA PROPICIO,Condutor Dormindo,Saída de leito carroçável,Com Vítimas Feridas,Pleno dia,Crescente,Sol,Simples,Reta,Não,1.0,0.0,0.0,1.0,1.0,0.0,0.0,1.0,"-15,2053496","-48,73260498",SPRF-GO,DEL07/GO,UOP02-DEL07-GO
770518,27/04/2026,segunda-feira,14:20:00,MG,116.0,561,MANHUACU,Acessar a via sem observar a presença dos outros veículos,Colisão transversal,Com Vítimas Fatais,Pleno dia,Crescente,Céu Claro,Simples,Reta,Sim,2.0,1.0,0.0,0.0,0.0,1.0,0.0,2.0,"-20,047092","-42,178822",SPRF-MG,DEL06/MG,UOP03-DEL06-MG
770519,29/01/2026,quinta-feira,13:20:00,ES,101.0,"264,5",SERRA,Entrada inopinada do pedestre,Atropelamento de Pedestre,Com Vítimas Feridas,Pleno dia,Decrescente,Céu Claro,Dupla,Curva,Sim,2.0,0.0,0.0,1.0,1.0,0.0,0.0,2.0,"-20,18204992","-40,26546031",SPRF-ES,DEL02-ES,UOP01-DEL02-ES
770520,09/05/2026,sábado,13:12:00,MG,116.0,600,SAO JOAO DO MANHUACU,Ausência de reação do condutor,Tombamento,Com Vítimas Feridas,Pleno dia,Decrescente,Céu Claro,Simples,Curva,Não,2.0,0.0,1.0,0.0,1.0,0.0,0.0,2.0,"-20,30184109","-42,14970589",SPRF-MG,DEL06/MG,UOP03-DEL06-MG
770521,09/05/2026,sábado,14:00:00,SC,280.0,"90,9",CORUPA,Reação tardia ou ineficiente do condutor,Tombamento,Com Vítimas Feridas,Pleno dia,Decrescente,Chuva,Simples,Declive;Curva,Não,2.0,0.0,1.0,0.0,1.0,0.0,0.0,2.0,"-26,399648","-49,296331",SPRF-SC,DEL06/SC,UOP03-DEL06-SC
770524,08/04/2026,quarta-feira,14:45:00,GO,153.0,171,CAMPINORTE,Acessar a via sem observar a presença dos outros veículos,Colisão transversal,Com Vítimas Feridas,Pleno dia,Crescente,Céu Claro,Simples,Reta;Em Obras;Retorno Regulamentado,Sim,3.0,0.0,0.0,1.0,1.0,1.0,0.0,3.0,"-14,28296057","-49,14879101",SPRF-GO,DEL07/GO,UOP02-DEL07-GO
770532,08/05/2026,sexta-feira,21:30:00,SC,153.0,"4,1",AGUA DOCE,Ingestão de álcool pelo condutor,Tombamento,Com Vítimas Feridas,Plena Noite,Crescente,Céu Claro,Simples,Curva;Declive,Não,2.0,0.0,1.0,0.0,1.0,0.0,0.0,2.0,"-26,6411243","-51,5128677",SPRF-SC,DEL07/SC,UOP07-DEL07-SC
770535,09/05/2026,sábado,14:55:00,SC,280.0,"143,2",MAFRA,Curva acentuada,Colisão lateral sentido oposto,Com Vítimas Feridas,Pleno dia,Crescente,Chuva,Simples,Curva,Não,4.0,0.0,1.0,0.0,1.0,2.0,0.0,3.0,"-26,1164","-49,8091",SPRF-SC,DEL06/SC,UOP03-DEL06-SC
770536,09/05/2026,sábado,15:15:00,GO,153.0,"517,9",HIDROLANDIA,Ausência de reação do condutor,Colisão lateral mesmo sentido,Com Vítimas Feridas,Pleno dia,Crescente,Nublado,Dupla,Reta,Não,6.0,0.0,1.0,0.0,1.0,4.0,0.0,4.0,"-16,8584545","-49,2495734",SPRF-GO,DEL01/GO,UOP03-DEL01-GO
770537,19/04/2026,domingo,14:26:00,RJ,116.0,273,BARRA MANSA,Ausência de reação do condutor,Colisão com objeto,Com Vítimas Fatais,Pleno dia,Crescente,Céu Claro,Dupla,Curva,Sim,15.0,2.0,5.0,3.0,8.0,3.0,0.0,12.0,"-22,47021516","-44,27925653",SPRF-RJ,DEL07/RJ,UOP02-DEL07-RJ