id,data_inversa,dia_semana,horario,uf,br,km,municipio,causa_acidente,tipo_acidente,classificacao_acidente,fase_dia,sentido_via,condicao_metereologica,tipo_pista,tracado_via,uso_solo,pessoas,mortos,feridos_leves,feridos_graves,feridos,ilesos,ignorados,veiculos,latitude,longitude,regional,delegacia,uop
770539,09/05/2026,sábado,15:30:00,MG,50.0,52,ARAGUARI,Reação tardia ou ineficiente do condutor,Colisão com objeto,Com Vítimas Feridas,Pleno dia,Crescente,Céu Claro,Dupla,Declive;Reta,Não,2.0,0.0,0.0,1.0,1.0,0.0,0.0,2.0,"-18,75692","-48,240507",SPRF-MG,DEL15/MG,UOP02-DEL15-MG
770543,09/05/2026,sábado,16:10:00,SE,101.0,54,JAPARATUBA,Reação tardia ou ineficiente do condutor,Colisão frontal,Com Vítimas Feridas,Pleno dia,Crescente,Chuva,Simples,Declive;Em Obras,Não,4.0,0.0,2.0,0.0,2.0,1.0,0.0,3.0,"-10,63007199","-37,00100899",SPRF-SE,DEL02-SE,UOP02-DEL02-SE
770559,09/05/2026,sábado,15:05:00,PR,376.0,290,MAUA DA SERRA,Chuva,Colisão com objeto,Sem Vítimas,Pleno dia,Crescente,Nevoeiro/Neblina,Dupla,Curva,Sim,3.0,0.0,0.0,0.0,0.0,3.0,0.0,1.0,"-23,90418546","-51,223056",SPRF-PR,DEL07/PR,UOP02-DEL07-PR
770562,09/05/2026,sábado,15:30:00,MS,163.0,670,RIO VERDE DE MATO GROSSO,Ausência de reação do condutor,Colisão lateral mesmo sentido,Com Vítimas Feridas,Pleno dia,Crescente,Chuva,Simples,Reta;Declive,Não,4.0,0.0,1.0,1.0,2.0,1.0,0.0,4.0,"-19,00308575","-54,83186513",SPRF-MS,DEL06/MS,UOP02-DEL06-MS
770565,09/05/2026,sábado,17:20:00,MA,230.0,390,BALSAS,Manobra de mudança de faixa,Colisão lateral mesmo sentido,Sem Vítimas,Plena Noite,Crescente,Céu Claro,Simples,Reta,Não,2.0,0.0,0.0,0.0,0.0,2.0,0.0,2.0,"-7,49775254","-46,02671417",SPRF-MA,DEL05-MA,UOP01-DEL05-MA
770566,09/05/2026,sábado,18:15:00,PE,101.0,78,JABOATAO DOS GUARARAPES,Ultrapassagem Indevida,Colisão lateral mesmo sentido,Com Vítimas Feridas,Plena Noite,Crescente,Chuva,Dupla,Reta,Sim,4.0,0.0,0.0,1.0,1.0,2.0,0.0,4.0,"-8,1401","-34,94662",SPRF-PE,DEL01/PE,UOP01-DEL01-PE
770578,09/05/2026,sábado,11:30:00,PR,116.0,"59,5",CAMPINA GRANDE DO SUL,Velocidade Incompatível,Colisão com objeto,Com Vítimas Feridas,Pleno dia,Crescente,Chuva,Dupla,Curva;Aclive,Não,2.0,0.0,1.0,0.0,1.0,0.0,0.0,2.0,"-25,30509729","-48,94992225",SPRF-PR,DEL01/PR,UOP02-DEL01-PR
770585,09/05/2026,sábado,19:11:00,PE,232.0,492,VERDEJANTE,Manobra de mudança de faixa,Colisão frontal,Com Vítimas Feridas,Plena Noite,Crescente,Céu Claro,Simples,Reta,Não,2.0,0.0,0.0,1.0,1.0,1.0,0.0,2.0,"-8,013872","-39,002345",SPRF-PE,DEL05/PE,UOP01-DEL05-PE
770587,09/05/2026,sábado,19:00:00,MS,163.0,636,SAO GABRIEL DO OESTE,Transitar na contramão,Colisão frontal,Com Vítimas Feridas,Plena Noite,Crescente,Garoa/Chuvisco,Simples,Em Obras;Reta;Desvio Temporário,Não,3.0,0.0,0.0,1.0,1.0,1.0,0.0,3.0,"-19,232641","-54,683816",SPRF-MS,DEL06/MS,UOP02-DEL06-MS
770590,09/05/2026,sábado,18:00:00,CE,222.0,329,TIANGUA,Acesso irregular,Colisão lateral sentido oposto,Com Vítimas Fatais,Plena Noite,Crescente,Nublado,Simples,Reta,Não,4.0,2.0,0.0,0.0,0.0,1.0,0.0,3.0,"-3,82613","-41,10781",SPRF-CE,DEL04/CE,UOP02-DEL04-CE
770596,19/04/2026,domingo,08:55:00,BA,116.0,585,NOVA ITARANA,Ultrapassagem Indevida,Colisão transversal,Com Vítimas Feridas,Pleno dia,Crescente,Céu Claro,Simples,Aclive;Curva,Não,5.0,0.0,0.0,2.0,2.0,2.0,0.0,3.0,"-13,135526","-39,995634",SPRF-BA,DEL03/BA,UOP02-DEL03-BA
770598,09/05/2026,sábado,19:50:00,RS,392.0,91,PELOTAS,Transitar na contramão,Colisão lateral sentido oposto,Com Vítimas Feridas,Plena Noite,Crescente,Céu Claro,Simples,Aclive;Reta,Não,4.0,0.0,2.0,0.0,2.0,1.0,0.0,4.0,"-31,599592","-52,5257885",SPRF-RS,DEL07/RS,UOP01-DEL07-RS
770602,09/05/2026,sábado,17:15:00,MG,365.0,391,PATOS DE MINAS,Reação tardia ou ineficiente do condutor,Colisão traseira,Com Vítimas Fatais,Anoitecer,Crescente,Céu Claro,Simples,Reta,Não,3.0,1.0,0.0,0.0,0.0,1.0,0.0,3.0,"-18,637777","-46,33043",SPRF-MG,DEL10/MG,UOP01-DEL10-MG
770604,09/05/2026,sábado,20:15:00,GO,153.0,355,JARAGUA,Manobra de mudança de faixa,Colisão transversal,Com Vítimas Feridas,Plena Noite,Crescente,Céu Claro,Simples,Reta,Não,3.0,0.0,0.0,1.0,1.0,1.0,0.0,3.0,"-15,73141852","-49,32483598",SPRF-GO,DEL02/GO,UOP02-DEL02-GO
770607,09/05/2026,sábado,19:20:00,MS,163.0,833,SONORA,Demais falhas mecânicas ou elétricas,Incêndio,Sem Vítimas,Plena Noite,Decrescente,Nevoeiro/Neblina,Simples,Aclive;Reta,Não,2.0,0.0,0.0,0.0,0.0,1.0,0.0,2.0,"-17,608336","-54,745403",SPRF-MS,DEL06/MS,UOP01-DEL06-MS
770615,09/05/2026,sábado,17:30:00,MA,10.0,304,ACAILANDIA,Demais falhas mecânicas ou elétricas,Colisão frontal,Com Vítimas Feridas,Anoitecer,Decrescente,Céu Claro,Simples,Declive,Não,2.0,0.0,2.0,0.0,2.0,0.0,0.0,2.0,"-5,075302","-47,558437",SPRF-MA,DEL04-MA,UOP03-DEL04-MA
770617,09/05/2026,sábado,19:26:00,MT,364.0,165,PEDRA PRETA,Transitar na contramão,Colisão frontal,Com Vítimas Fatais,Plena Noite,Crescente,Céu Claro,Simples,Reta,Não,3.0,1.0,0.0,0.0,0.0,1.0,0.0,3.0,"-16,654557","-54,351555",SPRF-MT,DEL02/MT,UOP01-DEL02-MT
770618,09/05/2026,sábado,20:10:00,PR,376.0,419,TIBAGI,Acumulo de areia ou detritos sobre o pavimento,Saída de leito carroçável,Sem Vítimas,Plena Noite,Crescente,Chuva,Dupla,Curva,Não,2.0,0.0,0.0,0.0,0.0,1.0,0.0,2.0,"-24,70467","-50,55755",SPRF-PR,DEL03/PR,UOP02-DEL03-PR
770622,09/05/2026,sábado,19:10:00,MG,40.0,14,PARACATU,Reação tardia ou ineficiente do condutor,Saída de leito carroçável,Com Vítimas Feridas,Plena Noite,Decrescente,Céu Claro,Simples,Reta;Aclive,Não,2.0,0.0,1.0,1.0,2.0,0.0,0.0,2.0,"-17,07129","-47,042039",SPRF-MG,DEL14/MG,UOP01-DEL14-MG
770643,09/05/2026,sábado,22:00:00,PR,116.0,"168,5",QUITANDINHA,Desrespeitar a preferência no cruzamento,Colisão transversal,Com Vítimas Feridas,Plena Noite,Crescente,Chuva,Simples,Aclive;Retorno Regulamentado;Reta,Não,3.0,0.0,0.0,1.0,1.0,1.0,0.0,3.0,"-25,886879","-49,506702",SPRF-PR,DEL01/PR,UOP03-DEL01-PR
770645,09/05/2026,sábado,20:30:00,PI,316.0,100,BARRO DURO,Ausência de reação do condutor,Colisão traseira,Com Vítimas Feridas,Plena Noite,Decrescente,Céu Claro,Simples,Reta,Não,3.0,0.0,0.0,2.0,2.0,1.0,0.0,2.0,"-5,83745951","-42,48822498",SPRF-PI,DEL04-PI,UOP02-DEL04-PI
770672,10/05/2026,domingo,01:30:00,SP,153.0,"190,1",GETULINA,Condutor Dormindo,Saída de leito carroçável,Sem Vítimas,Plena Noite,Crescente,Nublado,Simples,Reta,Não,2.0,0.0,0.0,0.0,0.0,1.0,0.0,4.0,"-21,74528981","-49,85928297",SPRF-SP,DEL07/SP,UOP01-DEL07-SP
770682,10/05/2026,domingo,04:16:00,TO,153.0,"154,3",ARAGUAINA,Ingestão de álcool pelo condutor,Saída de leito carroçável,Com Vítimas Feridas,Plena Noite,Crescente,Céu Claro,Simples,Reta,Sim,1.0,0.0,0.0,1.0,1.0,0.0,0.0,1.0,"-7,282033","-48,274578",SPRF-TO,DEL02-TO,UOP01-DEL02-TO
770708,10/05/2026,domingo,06:20:00,PI,222.0,"73,2",PIRIPIRI,Condutor Dormindo,Colisão lateral sentido oposto,Com Vítimas Feridas,Amanhecer,Decrescente,Céu Claro,Simples,Reta,Não,4.0,0.0,1.0,0.0,1.0,2.0,0.0,9.0,"-4,2614873","-41,7538352",SPRF-PI,DEL02-PI,UOP01-DEL02-PI
770716,10/05/2026,domingo,07:50:00,BA,116.0,13,VITORIA DA CONQUISTA,Condutor Dormindo,Colisão frontal,Com Vítimas Feridas,Pleno dia,Crescente,Céu Claro,Simples,Curva,Não,6.0,0.0,2.0,1.0,3.0,1.0,0.0,4.0,"-14,88760819","-40,8705109",SPRF-BA,DEL08/BA,UOP01-DEL08-BA
770722,10/05/2026,domingo,07:56:00,SC,101.0,"86,2",BARRA VELHA,Ausência de reação do condutor,Colisão traseira,Com Vítimas Fatais,Pleno dia,Crescente,Nublado,Múltipla,Aclive;Reta,Sim,3.0,1.0,0.0,0.0,0.0,1.0,0.0,3.0,"-26,6386612","-48,6946726",SPRF-SC,DEL03/SC,UOP02-DEL03-SC
770724,09/05/2026,sábado,19:38:00,GO,153.0,"302,8",RIALMA,Reação tardia ou ineficiente do condutor,Colisão traseira,Sem Vítimas,Plena Noite,Decrescente,Céu Claro,Simples,Aclive;Reta,Não,3.0,0.0,0.0,0.0,0.0,1.0,0.0,3.0,"-15,3310982","-49,57055775",SPRF-GO,DEL02/GO,UOP02-DEL02-GO
770729,10/05/2026,domingo,07:50:00,PI,402.0,65,LUIS CORREIA,Reação tardia ou ineficiente do condutor,Capotamento,Com Vítimas Fatais,Pleno dia,Decrescente,Céu Claro,Simples,Curva,Não,2.0,1.0,1.0,0.0,1.0,0.0,0.0,1.0,"-3,092295","-41,53936",SPRF-PI,DEL05-PI,UOP01-DEL05-PI
770739,10/05/2026,domingo,08:07:00,BA,116.0,543,ITATIM,Desrespeitar a preferência no cruzamento,Colisão transversal,Com Vítimas Feridas,Pleno dia,Decrescente,Céu Claro,Simples,Interseção de Vias;Rotatória,Não,4.0,0.0,0.0,2.0,2.0,1.0,0.0,5.0,"-12,8467306","-39,84103918",SPRF-BA,DEL03/BA,UOP02-DEL03-BA
770746,09/05/2026,sábado,13:00:00,BA,116.0,"891,5",CANDIDO SALES,Demais falhas mecânicas ou elétricas,Tombamento,Sem Vítimas,Pleno dia,Crescente,Nublado,Simples,Curva,Não,1.0,0.0,0.0,0.0,0.0,1.0,0.0,1.0,"-15,37410483","-41,19214141",SPRF-BA,DEL08/BA,UOP03-DEL08-BA
770750,10/05/2026,domingo,08:40:00,MG,153.0,66,MONTE ALEGRE DE MINAS,Reação tardia ou ineficiente do condutor,Saída de leito carroçável,Com Vítimas Feridas,Pleno dia,Crescente,Céu Claro,Múltipla,Aclive,Não,2.0,0.0,1.0,0.0,1.0,0.0,0.0,2.0,"-18,90716447","-49,03948724",SPRF-MG,DEL15/MG,UOP03-DEL15-MG
770769,10/05/2026,domingo,12:30:00,PI,343.0,"588,7",FLORIANO,Reação tardia ou ineficiente do condutor,Colisão traseira,Com Vítimas Feridas,Pleno dia,Crescente,Céu Claro,Simples,Reta,Sim,2.0,0.0,1.0,0.0,1.0,1.0,0.0,2.0,"-6,775337","-43,008195",SPRF-PI,DEL03-PI,UOP01-DEL03-PI
770772,10/05/2026,domingo,11:15:00,TO,153.0,558,OLIVEIRA DE FATIMA,Acesso irregular,Colisão lateral mesmo sentido,Com Vítimas Feridas,Pleno dia,Crescente,Céu Claro,Simples,Interseção de Vias;Retorno Regulamentado,Não,3.0,0.0,1.0,0.0,1.0,1.0,0.0,3.0,"-10,72831656","-48,90417902",SPRF-TO,DEL01-TO,UOP01-DEL01-TO
770774,10/05/2026,domingo,10:20:00,MG,381.0,"235,1",SANTANA DO PARAISO,Transitar na contramão,Colisão lateral sentido oposto,Com Vítimas Fatais,Pleno dia,Decrescente,Sol,Simples,Reta,Não,4.0,1.0,0.0,1.0,1.0,2.0,0.0,3.0,"-19,393325","-42,481303",SPRF-MG,DEL06/MG,UOP01-DEL06-MG
770778,10/05/2026,domingo,13:49:00,SP,116.0,"282,2",EMBU DAS ARTES,Acessar a via sem observar a presença dos outros veículos,Colisão lateral mesmo sentido,Sem Vítimas,Pleno dia,Decrescente,Chuva,Dupla,Reta,Sim,3.0,0.0,0.0,0.0,0.0,2.0,0.0,3.0,"-23,661068","-46,852089",SPRF-SP,DEL04/SP,UOP01-DEL04-SP
770779,10/05/2026,domingo,12:10:00,MT,70.0,521,VARZEA GRANDE,Acessar a via sem observar a presença dos outros veículos,Colisão transversal,Com Vítimas Feridas,Pleno dia,Decrescente,Céu Claro,Simples,Interseção de Vias,Não,3.0,0.0,0.0,1.0,1.0,1.0,0.0,5.0,"-15,6677533","-56,18202218",SPRF-MT,DEL01/MT,UOP02-DEL01-MT
770783,09/05/2026,sábado,09:00:00,MA,316.0,72,GOVERNADOR NUNES FREIRE,Ultrapassagem Indevida,Colisão transversal,Com Vítimas Feridas,Pleno dia,Decrescente,Céu Claro,Simples,Reta,Não,5.0,0.0,0.0,3.0,3.0,1.0,0.0,3.0,"-2,1738968","-45,8739388",SPRF-MA,DEL02-MA,UOP02-DEL02-MA
770787,10/05/2026,domingo,14:30:00,PR,376.0,"664,7",GUARATUBA,Demais falhas mecânicas ou elétricas,Incêndio,Sem Vítimas,Pleno dia,Decrescente,Céu Claro,Dupla,Curva;Aclive,Não,1.0,0.0,0.0,0.0,0.0,1.0,0.0,1.0,"-25,853098","-48,953565",SPRF-PR,DEL01/PR,UOP04-DEL01-PR
770795,10/05/2026,domingo,15:00:00,RS,290.0,189,MINAS DO LEAO,Ultrapassagem Indevida,Colisão frontal,Com Vítimas Fatais,Pleno dia,Decrescente,Céu Claro,Simples,Reta,Não,3.0,1.0,0.0,0.0,0.0,1.0,0.0,3.0,"-30,1553483","-52,1103117",SPRF-RS,DEL02/RS,UOP03-DEL02-RS
770806,10/05/2026,domingo,15:15:00,RS,153.0,"29,6",TRES ARROIOS,Reação tardia ou ineficiente do condutor,Colisão lateral mesmo sentido,Com Vítimas Feridas,Pleno dia,Crescente,Nublado,Simples,Aclive;Reta,Não,7.0,0.0,1.0,0.0,1.0,4.0,0.0,5.0,"-27,52700331","-52,15545623",SPRF-RS,DEL08/RS,UOP04-DEL08-RS
770809,10/05/2026,domingo,14:00:00,PA,10.0,"111,8",PARAGOMINAS,Ausência de reação do condutor,Saída de leito carroçável,Com Vítimas Feridas,Pleno dia,Crescente,Céu Claro,Simples,Reta,Não,2.0,0.0,0.0,1.0,1.0,0.0,0.0,2.0,"-3,460645","-47,466278",SPRF-PA,DEL02/PA,UOP02-DEL02-PA
770820,10/05/2026,domingo,15:00:00,PE,407.0,115,PETROLINA,Ausência de reação do condutor,Saída de leito carroçável,Com Vítimas Feridas,Pleno dia,Decrescente,Céu Claro,Simples,Reta,Não,1.0,0.0,0.0,1.0,1.0,0.0,0.0,1.0,"-9,3040817","-40,578915",SPRF-PE,DEL06/PE,UOP01-DEL06-PE
770824,10/05/2026,domingo,10:30:00,PR,476.0,255,ANTONIO OLINTO,Transitar na contramão,Saída de leito carroçável,Sem Vítimas,Pleno dia,Crescente,Céu Claro,Simples,Curva,Não,1.0,0.0,0.0,0.0,0.0,1.0,0.0,1.0,"-25,89045","-50,2015",SPRF-PR,DEL02/PR,UOP03-DEL02-PR
770829,06/05/2026,quarta-feira,23:30:00,RO,364.0,54,VILHENA,Demais falhas mecânicas ou elétricas,Incêndio,Sem Vítimas,Plena Noite,Crescente,Céu Claro,Simples,Reta,Não,2.0,0.0,0.0,0.0,0.0,1.0,0.0,4.0,"-12,5252539","-60,3883543",SPRF-RO,DEL04-RO,UOP01-DEL04-RO
770835,10/05/2026,domingo,16:00:00,MG,381.0,432,SABARA,Reação tardia ou ineficiente do condutor,Tombamento,Com Vítimas Feridas,Pleno dia,Decrescente,Céu Claro,Simples,Curva,Não,3.0,0.0,1.0,0.0,1.0,0.0,0.0,3.0,"-19,79918579","-43,76052825",SPRF-MG,DEL01/MG,UOP01-DEL01-MG
770838,10/05/2026,domingo,19:00:00,MG,381.0,925,ITAPEVA,Pista Escorregadia,Colisão lateral mesmo sentido,Com Vítimas Feridas,Plena Noite,Decrescente,Garoa/Chuvisco,Dupla,Curva;Declive,Não,9.0,0.0,1.0,0.0,1.0,7.0,0.0,5.0,"-22,768909","-46,205805",SPRF-MG,DEL16/MG,UOP03-DEL16-MG
770850,10/05/2026,domingo,14:30:00,MG,116.0,"638,1",DIVINO,Velocidade Incompatível,Tombamento,Com Vítimas Feridas,Pleno dia,Decrescente,Céu Claro,Simples,Curva,Não,2.0,0.0,0.0,2.0,2.0,0.0,0.0,2.0,"-20,64145914","-42,24517822",SPRF-MG,DEL07/MG,UOP02-DEL07-MG
770852,10/05/2026,domingo,16:00:00,BA,116.0,543,MILAGRES,Desrespeitar a preferência no cruzamento,Colisão transversal,Com Vítimas Feridas,Pleno dia,Decrescente,Céu Claro,Simples,Interseção de Vias,Não,3.0,0.0,0.0,1.0,1.0,1.0,0.0,4.0,"-12,8466061","-39,8409134",SPRF-BA,DEL03/BA,UOP02-DEL03-BA
770856,10/05/2026,domingo,15:20:00,MT,364.0,628,DIAMANTINO,Suicídio (presumido),Colisão lateral sentido oposto,Com Vítimas Fatais,Pleno dia,Decrescente,Nublado,Simples,Reta,Não,3.0,1.0,0.0,0.0,0.0,1.0,0.0,3.0,"-14,36567324","-56,41315911",SPRF-MT,DEL01/MT,UOP01-DEL01-MT
770860,10/05/2026,domingo,17:00:00,PR,373.0,415,FOZ DO JORDAO,Desrespeitar a preferência no cruzamento,Colisão transversal,Com Vítimas Feridas,Pleno dia,Crescente,Céu Claro,Simples,Curva,Sim,2.0,0.0,1.0,0.0,1.0,1.0,0.0,2.0,"-25,67364","-52,12551",SPRF-PR,DEL08/PR,UOP01-DEL08-PR
770862,10/05/2026,domingo,15:43:00,PA,163.0,591,TRAIRAO,Transitar na contramão,Colisão frontal,Com Vítimas Feridas,Pleno dia,Decrescente,Céu Claro,Simples,Curva,Não,4.0,0.0,0.0,1.0,1.0,2.0,0.0,4.0,"-4,900512","-56,185135",SPRF-PA,DEL05/PA,UOP03-DEL05-PA
770867,10/05/2026,domingo,16:10:00,RO,364.0,548,RIO CRESPO,Ultrapassagem Indevida,Colisão lateral mesmo sentido,Com Vítimas Feridas,Pleno dia,Crescente,Céu Claro,Simples,Reta,Não,6.0,0.0,2.0,0.0,2.0,3.0,0.0,9.0,"-9,659989","-63,0856916",SPRF-RO,DEL03-RO,UOP01-DEL03-RO
770890,10/05/2026,domingo,19:30:00,SC,116.0,"5,8",MAFRA,Ingestão de álcool pelo condutor,Colisão traseira,Sem Vítimas,Plena Noite,Crescente,Céu Claro,Simples,Reta,Não,4.0,0.0,0.0,0.0,0.0,3.0,0.0,4.0,"-26,145195","-49,821317",SPRF-SC,DEL06/SC,UOP01-DEL06-SC
770925,10/05/2026,domingo,22:30:00,PR,153.0,"10,2",JACAREZINHO,Acessar a via sem observar a presença dos outros veículos,Colisão transversal,Com Vítimas Feridas,Plena Noite,Decrescente,Nevoeiro/Neblina,Simples,Reta,Não,3.0,0.0,1.0,0.0,1.0,0.0,0.0,3.0,"-23,08041","-49,93534",SPRF-PR,DEL07/PR,UOP04-DEL07-PR
770927,10/05/2026,domingo,22:40:00,SC,116.0,216,PONTE ALTA,Transitar na contramão,Colisão transversal,Com Vítimas Feridas,Plena Noite,Crescente,Céu Claro,Simples,Reta,Não,3.0,0.0,0.0,1.0,1.0,1.0,0.0,3.0,"-27,55576442","-50,37699223",SPRF-SC,DEL05/SC,UOP03-DEL05-SC
770937,10/05/2026,domingo,22:50:00,RJ,393.0,"193,1",PARAIBA DO SUL,Acessar a via sem observar a presença dos outros veículos,Atropelamento de Pedestre,Com Vítimas Fatais,Plena Noite,Decrescente,Nublado,Simples,Reta,Não,3.0,1.0,0.0,0.0,0.0,1.0,0.0,3.0,"-22,200761","-43,365786",SPRF-RJ,DEL05/RJ,UOP03-DEL05-RJ
770941,11/05/2026,segunda-feira,01:45:00,MG,153.0,28,CENTRALINA,Velocidade Incompatível,Saída de leito carroçável,Com Vítimas Feridas,Plena Noite,Decrescente,Céu Claro,Dupla,Reta,Não,1.0,0.0,1.0,0.0,1.0,0.0,0.0,1.0,"-18,659017","-49,167838",SPRF-MG,DEL15/MG,UOP03-DEL15-MG
770942,11/05/2026,segunda-feira,02:00:00,GO,20.0,135,FLORES DE GOIAS,Ingestão de álcool pelo condutor,Colisão lateral sentido oposto,Com Vítimas Feridas,Plena Noite,Decrescente,Céu Claro,Simples,Reta,Não,3.0,0.0,1.0,0.0,1.0,1.0,0.0,3.0,"-14,81659","-46,7150583",SPRF-DF,DEL02-DF,UOP03-DEL02-DF
770943,11/05/2026,segunda-feira,03:25:00,MG,40.0,523,CONTAGEM,Reação tardia ou ineficiente do condutor,Colisão traseira,Com Vítimas Feridas,Plena Noite,Crescente,Céu Claro,Dupla,Curva,Sim,2.0,0.0,0.0,1.0,1.0,1.0,0.0,2.0,"-19,8715017","-44,0570183",SPRF-MG,DEL01/MG,UOP02-DEL01-MG
770951,11/05/2026,segunda-feira,02:12:00,MT,364.0,132,PEDRA PRETA,Demais falhas mecânicas ou elétricas,Tombamento,Com Vítimas Feridas,Plena Noite,Crescente,Céu Claro,Dupla,Declive,Não,2.0,0.0,1.0,0.0,1.0,1.0,0.0,1.0,"-16,784954","-54,166781",SPRF-MT,DEL02/MT,UOP01-DEL02-MT
770957,11/05/2026,segunda-feira,06:50:00,PR,369.0,"114,9",URAI,Neblina,Colisão traseira,Com Vítimas Feridas,Amanhecer,Decrescente,Nevoeiro/Neblina,Dupla,Reta,Não,4.0,0.0,1.0,1.0,2.0,2.0,0.0,2.0,"-23,27965","-50,851044",SPRF-PR,DEL07/PR,UOP05-DEL07-PR
770959,11/05/2026,segunda-feira,05:30:00,RS,290.0,"39,8",SANTO ANTONIO DA PATRULHA,Ausência de reação do condutor,Saída de leito carroçável,Com Vítimas Feridas,Plena Noite,Decrescente,Céu Claro,Dupla,Reta,Não,5.0,0.0,3.0,0.0,3.0,1.0,0.0,5.0,"-29,8865","-50,6537",SPRF-RS,DEL03/RS,UOP01-DEL03-RS
770962,11/05/2026,segunda-feira,06:50:00,RS,386.0,"333,2",MARQUES DE SOUZA,Demais falhas mecânicas ou elétricas,Tombamento,Sem Vítimas,Pleno dia,Crescente,Sol,Dupla,Curva,Não,2.0,0.0,0.0,0.0,0.0,1.0,0.0,2.0,"-29,373057","-52,061492",SPRF-RS,DEL04/RS,UOP01-DEL04-RS
770977,11/05/2026,segunda-feira,07:15:00,PR,277.0,26,MORRETES,Demais falhas mecânicas ou elétricas,Colisão traseira,Sem Vítimas,Pleno dia,Decrescente,Céu Claro,Dupla,Reta,Não,3.0,0.0,0.0,0.0,0.0,2.0,0.0,3.0,"-25,535624","-48,76283",SPRF-PR,DEL01/PR,UOP05-DEL01-PR
770979,25/04/2026,sábado,14:16:00,PR,376.0,"306,6",ORTIGUEIRA,Problema com o freio,Colisão traseira,Com Vítimas Fatais,Pleno dia,Decrescente,Céu Claro,Dupla,Curva;Declive,Não,10.0,1.0,2.0,1.0,3.0,5.0,0.0,11.0,"-23,96074","-51,11422",SPRF-PR,DEL07/PR,UOP02-DEL07-PR
770982,11/05/2026,segunda-feira,06:00:00,MG,381.0,294,ANTONIO DIAS,Ausência de reação do condutor,Atropelamento de Pedestre,Com Vítimas Fatais,Pleno dia,Decrescente,Céu Claro,Dupla,Curva;Declive,Não,2.0,1.0,0.0,0.0,0.0,0.0,0.0,2.0,"-19,625824","-42,860853",SPRF-MG,DEL03/MG,UOP02-DEL03-MG
770993,11/05/2026,segunda-feira,09:30:00,MG,40.0,367,FELIXLANDIA,Demais falhas mecânicas ou elétricas,Engavetamento,Com Vítimas Feridas,Pleno dia,Crescente,Céu Claro,Simples,Reta;Aclive,Não,6.0,0.0,2.0,0.0,2.0,3.0,0.0,5.0,"-18,7943","-44,80194",SPRF-MG,DEL02/MG,UOP01-DEL02-MG
770997,08/05/2026,sexta-feira,07:45:00,PR,277.0,7,PARANAGUA,Reação tardia ou ineficiente do condutor,Colisão lateral mesmo sentido,Com Vítimas Feridas,Pleno dia,Crescente,Nublado,Simples,Viaduto;Aclive,Sim,2.0,0.0,1.0,0.0,1.0,0.0,0.0,2.0,"-25,56007232","-48,58301131",SPRF-PR,DEL01/PR,UOP05-DEL01-PR
771001,11/05/2026,segunda-feira,08:00:00,MG,365.0,634,UBERLANDIA,Manobra de mudança de faixa,Colisão lateral mesmo sentido,Com Vítimas Feridas,Amanhecer,Decrescente,Nublado,Dupla,Reta,Não,4.0,0.0,1.0,0.0,1.0,2.0,0.0,4.0,"-18,8950177","-48,40175048",SPRF-MG,DEL15/MG,UOP01-DEL15-MG
771005,11/05/2026,segunda-feira,09:54:00,TO,10.0,437,PALMAS,Ausência de reação do condutor,Colisão traseira,Com Vítimas Feridas,Pleno dia,Decrescente,Céu Claro,Dupla,Aclive;Reta,Sim,4.0,0.0,1.0,0.0,1.0,3.0,0.0,2.0,"-10,26704145","-48,30742657",SPRF-TO,DEL01-TO,UOP03-DEL01-TO
771006,11/05/2026,segunda-feira,04:55:00,CE,122.0,"117,8",QUIXADA,Condutor Dormindo,Colisão lateral sentido oposto,Com Vítimas Feridas,Amanhecer,Crescente,Céu Claro,Simples,Aclive,Não,3.0,0.0,1.0,0.0,1.0,2.0,0.0,3.0,"-5,102841","-39,041398",SPRF-CE,DEL03/CE,UOP01-DEL03-CE
771007,11/05/2026,segunda-feira,07:30:00,RO,364.0,571,ITAPUA DO OESTE,Ultrapassagem Indevida,Colisão lateral mesmo sentido,Com Vítimas Feridas,Pleno dia,Decrescente,Céu Claro,Simples,Reta,Não,2.0,0.0,1.0,0.0,1.0,1.0,0.0,2.0,"-9,23471446",-63,SPRF-RO,DEL01-RO,UOP04-DEL01-RO
771009,11/05/2026,segunda-feira,09:30:00,PR,163.0,295,MARECHAL CANDIDO RONDON,Condutor deixou de manter distância do veículo da frente,Colisão traseira,Sem Vítimas,Pleno dia,Decrescente,Céu Claro,Simples,Aclive;Reta,Não,26.0,0.0,0.0,0.0,0.0,26.0,0.0,2.0,"-24,49857309","-54,12553716",SPRF-PR,DEL06/PR,UOP02-DEL06-PR
771016,11/05/2026,segunda-feira,11:04:00,RS,293.0,"195,5",BAGE,Suicídio (presumido),Colisão frontal,Com Vítimas Fatais,Pleno dia,Crescente,Céu Claro,Simples,Reta,Não,4.0,1.0,1.0,0.0,1.0,1.0,0.0,4.0,"-31,255538","-54,203419",SPRF-RS,DEL11/RS,UOP03-DEL11-RS
771021,11/05/2026,segunda-feira,10:07:00,SP,153.0,"30,1",NOVA GRANADA,Desrespeitar a preferência no cruzamento,Colisão transversal,Com Vítimas Feridas,Pleno dia,Decrescente,Céu Claro,Simples,Reta;Declive;Interseção de Vias,Não,3.0,0.0,1.0,0.0,1.0,1.0,0.0,5.0,"-20,540977","-49,330482",SPRF-SP,DEL09/SP,UOP01-DEL09-SP
771023,28/04/2026,terça-feira,11:31:00,MS,463.0,34,DOURADOS,Reação tardia ou ineficiente do condutor,Tombamento,Com Vítimas Feridas,Pleno dia,Crescente,Nublado,Simples,Rotatória,Não,2.0,0.0,1.0,0.0,1.0,0.0,0.0,2.0,"-22,30075543","-55,10234177",SPRF-MS,DEL04/MS,UOP03-DEL04-MS