id,data_inversa,dia_semana,horario,uf,br,km,municipio,causa_acidente,tipo_acidente,classificacao_acidente,fase_dia,sentido_via,condicao_metereologica,tipo_pista,tracado_via,uso_solo,pessoas,mortos,feridos_leves,feridos_graves,feridos,ilesos,ignorados,veiculos,latitude,longitude,regional,delegacia,uop
771025,11/05/2026,segunda-feira,10:20:00,MG,262.0,"681,3",ARAXA,Reação tardia ou ineficiente do condutor,Colisão traseira,Sem Vítimas,Pleno dia,Decrescente,Céu Claro,Simples,Aclive;Reta,Não,6.0,0.0,0.0,0.0,0.0,5.0,0.0,7.0,"-19,569157","-46,988039",SPRF-MG,DEL08/MG,UOP01-DEL08-MG
771026,11/05/2026,segunda-feira,12:20:00,PE,428.0,174,PETROLINA,Acessar a via sem observar a presença dos outros veículos,Colisão transversal,Com Vítimas Feridas,Pleno dia,Crescente,Céu Claro,Simples,Reta;Interseção de Vias,Sim,3.0,0.0,1.0,0.0,1.0,1.0,0.0,3.0,"-9,26088","-40,42958",SPRF-PE,DEL06/PE,UOP01-DEL06-PE
771027,11/05/2026,segunda-feira,11:00:00,PR,163.0,294,MARECHAL CANDIDO RONDON,Condutor deixou de manter distância do veículo da frente,Colisão traseira,Sem Vítimas,Pleno dia,Crescente,Sol,Simples,Aclive;Reta,Não,4.0,0.0,0.0,0.0,0.0,3.0,0.0,3.0,"-24,50522986","-54,12408113",SPRF-PR,DEL06/PR,UOP02-DEL06-PR
771028,11/05/2026,segunda-feira,12:20:00,PR,369.0,"508,2",CASCAVEL,Velocidade Incompatível,Tombamento,Com Vítimas Feridas,Pleno dia,Decrescente,Céu Claro,Múltipla,Curva;Viaduto,Não,2.0,0.0,1.0,0.0,1.0,0.0,0.0,3.0,"-24,96536646","-53,40466473",SPRF-PR,DEL04/PR,UOP01-DEL04-PR
771034,03/02/2026,terça-feira,09:50:00,PR,376.0,605,CURITIBA,Velocidade Incompatível,Engavetamento,Com Vítimas Feridas,Pleno dia,Decrescente,Sol,Dupla,Reta,Sim,8.0,0.0,1.0,0.0,1.0,6.0,0.0,8.0,"-25,53997736","-49,31156365",SPRF-PR,DEL01/PR,UOP03-DEL01-PR
771037,11/05/2026,segunda-feira,01:32:00,PA,10.0,"61,7",ULIANOPOLIS,Pista Escorregadia,Colisão frontal,Com Vítimas Fatais,Plena Noite,Crescente,Chuva,Simples,Declive,Não,43.0,1.0,0.0,5.0,5.0,37.0,0.0,2.0,"-3,907283","-47,528288",SPRF-PA,DEL02/PA,UOP02-DEL02-PA
771038,11/05/2026,segunda-feira,12:00:00,SC,282.0,"264,7",SAO JOSE DO CERRITO,Ultrapassagem Indevida,Colisão lateral mesmo sentido,Com Vítimas Feridas,Pleno dia,Decrescente,Céu Claro,Simples,Reta,Não,2.0,0.0,1.0,0.0,1.0,1.0,0.0,2.0,"-27,622769","-50,634933",SPRF-SC,DEL05/SC,UOP02-DEL05-SC
771039,11/05/2026,segunda-feira,12:00:00,MG,40.0,"605,4",CONGONHAS,Sinalização mal posicionada,Colisão frontal,Com Vítimas Feridas,Pleno dia,Decrescente,Nublado,Simples,Curva,Não,4.0,0.0,1.0,1.0,2.0,1.0,0.0,3.0,"-20,457794","-43,837865",SPRF-MG,DEL05/MG,UOP02-DEL05-MG
771041,11/05/2026,segunda-feira,12:50:00,MG,365.0,"65,9",CLARO DOS POCOES,Velocidade Incompatível,Colisão frontal,Com Vítimas Feridas,Pleno dia,Crescente,Céu Claro,Simples,Curva,Não,4.0,0.0,2.0,1.0,3.0,1.0,0.0,3.0,"-17,034058","-44,318537",SPRF-MG,DEL12/MG,UOP01-DEL12-MG
771042,11/05/2026,segunda-feira,13:30:00,CE,116.0,"24,8",AQUIRAZ,Reação tardia ou ineficiente do condutor,Colisão traseira,Com Vítimas Feridas,Pleno dia,Decrescente,Céu Claro,Dupla,Reta,Sim,2.0,0.0,1.0,0.0,1.0,1.0,0.0,2.0,"-3,96558958","-38,51520834",SPRF-CE,DEL01/CE,UOP02-DEL01-CE
771048,11/05/2026,segunda-feira,11:30:00,MT,364.0,551,ROSARIO OESTE,Reação tardia ou ineficiente do condutor,Saída de leito carroçável,Com Vítimas Feridas,Pleno dia,Crescente,Céu Claro,Dupla,Curva,Não,4.0,0.0,0.0,3.0,3.0,0.0,0.0,4.0,"-14,785904","-56,388396",SPRF-MT,DEL01/MT,UOP01-DEL01-MT
771050,11/05/2026,segunda-feira,13:30:00,ES,101.0,"185,1",ARACRUZ,Demais falhas mecânicas ou elétricas,Incêndio,Sem Vítimas,Pleno dia,Crescente,Céu Claro,Simples,Curva;Declive,Não,1.0,0.0,0.0,0.0,0.0,1.0,0.0,1.0,"-19,66227589","-40,24456781",SPRF-ES,DEL04-ES,UOP01-DEL04-ES
771051,11/05/2026,segunda-feira,14:00:00,ES,101.0,389,RIO NOVO DO SUL,Condutor Dormindo,Saída de leito carroçável,Sem Vítimas,Pleno dia,Crescente,Chuva,Simples,Curva,Não,3.0,0.0,0.0,0.0,0.0,2.0,0.0,3.0,"-20,86735342","-40,90398788",SPRF-ES,DEL03-ES,UOP02-DEL03-ES
771062,11/05/2026,segunda-feira,11:20:00,GO,60.0,365,RIO VERDE,Frear bruscamente,Incêndio,Com Vítimas Fatais,Pleno dia,Decrescente,Sol,Dupla,Reta,Não,2.0,1.0,0.0,0.0,0.0,0.0,0.0,2.0,"-17,671842","-50,824953",SPRF-GO,DEL04/GO,UOP02-DEL04-GO
771064,11/05/2026,segunda-feira,15:35:00,SC,282.0,"257,9",SAO JOSE DO CERRITO,Reação tardia ou ineficiente do condutor,Tombamento,Com Vítimas Feridas,Pleno dia,Decrescente,Céu Claro,Simples,Declive;Curva,Não,2.0,0.0,1.0,0.0,1.0,0.0,0.0,2.0,"-27,6565283","-50,5964583",SPRF-SC,DEL05/SC,UOP02-DEL05-SC
771069,11/05/2026,segunda-feira,14:30:00,PR,277.0,42,MORRETES,Demais falhas mecânicas ou elétricas,Colisão lateral mesmo sentido,Com Vítimas Fatais,Pleno dia,Decrescente,Céu Claro,Dupla,Curva;Declive;Ponte,Não,4.0,1.0,1.0,0.0,1.0,1.0,0.0,4.0,"-25,58881065","-48,87336731",SPRF-PR,DEL01/PR,UOP05-DEL01-PR
771070,11/05/2026,segunda-feira,06:05:00,PR,163.0,320,TERRA ROXA,Ausência de reação do condutor,Colisão lateral sentido oposto,Sem Vítimas,Amanhecer,Crescente,Nublado,Simples,Reta,Não,7.0,0.0,0.0,0.0,0.0,6.0,0.0,8.0,"-24,34287391","-54,15178299",SPRF-PR,DEL06/PR,UOP01-DEL06-PR
771074,11/05/2026,segunda-feira,16:52:00,PE,101.0,65,RECIFE,Demais falhas mecânicas ou elétricas,Incêndio,Sem Vítimas,Pleno dia,Crescente,Garoa/Chuvisco,Múltipla,Reta,Sim,1.0,0.0,0.0,0.0,0.0,1.0,0.0,1.0,"-8,02929","-34,94297",SPRF-PE,DEL01/PE,UOP01-DEL01-PE
771076,04/05/2026,segunda-feira,21:40:00,MS,262.0,"272,7",RIBAS DO RIO PARDO,Ausência de reação do condutor,Colisão traseira,Sem Vítimas,Plena Noite,Decrescente,Nublado,Simples,Reta,Não,2.0,0.0,0.0,0.0,0.0,0.0,1.0,2.0,"-20,46292","-54,04447",SPRF-MS,DEL01/MS,UOP05-DEL01-MS
771083,11/05/2026,segunda-feira,13:30:00,RO,364.0,429,JARU,Curva acentuada,Colisão lateral sentido oposto,Com Vítimas Fatais,Pleno dia,Crescente,Céu Claro,Simples,Curva;Declive,Não,3.0,1.0,0.0,0.0,0.0,1.0,0.0,5.0,"-10,41456556","-62,50651233",SPRF-RO,DEL03-RO,UOP02-DEL03-RO
771085,11/05/2026,segunda-feira,17:25:00,ES,259.0,"34,8",COLATINA,Demais falhas mecânicas ou elétricas,Colisão com objeto,Com Vítimas Feridas,Anoitecer,Crescente,Céu Claro,Simples,Curva,Não,11.0,0.0,7.0,1.0,8.0,2.0,0.0,3.0,"-19,56368925","-40,49945574",SPRF-ES,DEL02-ES,UOP01-DEL02-ES
771090,11/05/2026,segunda-feira,16:20:00,RS,153.0,"587,9",BAGE,Pista esburacada,Saída de leito carroçável,Com Vítimas Feridas,Pleno dia,Decrescente,Céu Claro,Simples,Curva,Não,3.0,0.0,1.0,0.0,1.0,1.0,0.0,2.0,"-31,101384","-53,743864",SPRF-RS,DEL11/RS,UOP03-DEL11-RS
771091,11/05/2026,segunda-feira,16:40:00,SC,163.0,"78,9",SAO MIGUEL DO OESTE,Ausência de reação do condutor,Colisão traseira,Com Vítimas Feridas,Pleno dia,Decrescente,Céu Claro,Simples,Reta,Não,9.0,0.0,2.0,0.0,2.0,6.0,0.0,5.0,"-26,66091597","-53,51895181",SPRF-SC,DEL07/SC,UOP03-DEL07-SC
771092,11/05/2026,segunda-feira,14:00:00,GO,60.0,281,JANDAIA,Reação tardia ou ineficiente do condutor,Colisão traseira,Com Vítimas Feridas,Pleno dia,Crescente,Céu Claro,Dupla,Reta,Não,2.0,0.0,1.0,0.0,1.0,1.0,0.0,2.0,"-17,264763","-50,230213",SPRF-GO,DEL04/GO,UOP02-DEL04-GO
771093,11/05/2026,segunda-feira,16:55:00,GO,153.0,189,URUACU,Demais falhas mecânicas ou elétricas,Colisão com objeto,Com Vítimas Feridas,Pleno dia,Decrescente,Céu Claro,Simples,Em Obras;Reta,Não,5.0,0.0,0.0,1.0,1.0,4.0,0.0,2.0,"-14,432953","-49,156929",SPRF-GO,DEL07/GO,UOP02-DEL07-GO
771098,11/05/2026,segunda-feira,17:00:00,BA,110.0,311,INHAMBUPE,Ultrapassagem Indevida,Colisão lateral sentido oposto,Com Vítimas Fatais,Anoitecer,Crescente,Garoa/Chuvisco,Simples,Reta,Não,3.0,1.0,0.0,0.0,0.0,1.0,0.0,4.0,"-11,9507614","-38,3687796",SPRF-BA,DEL01/BA,UOP04-DEL01-BA
771099,11/05/2026,segunda-feira,17:50:00,SC,280.0,"51,7",GUARAMIRIM,Carga excessiva e/ou mal acondicionada,Tombamento,Com Vítimas Feridas,Plena Noite,Crescente,Céu Claro,Múltipla,Reta,Sim,2.0,0.0,1.0,0.0,1.0,0.0,0.0,2.0,"-26,46793941","-48,9629487",SPRF-SC,DEL03/SC,UOP03-DEL03-SC
771111,11/05/2026,segunda-feira,19:00:00,MG,267.0,28,ARGIRITA,Suicídio (presumido),Colisão frontal,Com Vítimas Fatais,Plena Noite,Crescente,Garoa/Chuvisco,Simples,Reta;Aclive,Não,3.0,1.0,0.0,0.0,0.0,1.0,0.0,3.0,"-21,63958856","-42,83473776",SPRF-MG,DEL07/MG,UOP01-DEL07-MG
771112,11/05/2026,segunda-feira,17:30:00,BA,116.0,876,VITORIA DA CONQUISTA,Reação tardia ou ineficiente do condutor,Saída de leito carroçável,Com Vítimas Feridas,Anoitecer,Decrescente,Céu Claro,Simples,Reta,Não,1.0,0.0,1.0,0.0,1.0,0.0,0.0,1.0,"-15,23872946","-41,10478862",SPRF-BA,DEL08/BA,UOP03-DEL08-BA
771118,11/05/2026,segunda-feira,16:05:00,SP,101.0,40,UBATUBA,Acessar a via sem observar a presença dos outros veículos,Colisão transversal,Com Vítimas Feridas,Pleno dia,Crescente,Nublado,Simples,Retorno Regulamentado,Não,4.0,0.0,0.0,2.0,2.0,1.0,0.0,3.0,"-23,41767572","-45,03846137",SPRF-SP,DEL06/SP,UOP01-DEL06-SP
771121,11/05/2026,segunda-feira,17:10:00,ES,101.0,297,VIANA,Reação tardia ou ineficiente do condutor,Colisão lateral mesmo sentido,Com Vítimas Feridas,Pleno dia,Crescente,Céu Claro,Dupla,Reta,Sim,2.0,0.0,1.0,0.0,1.0,0.0,0.0,2.0,"-20,350664","-40,413023",SPRF-ES,DEL01-ES,UOP01-DEL01-ES
771126,11/05/2026,segunda-feira,15:50:00,BA,420.0,"310,2",SANTA INES,Acessar a via sem observar a presença dos outros veículos,Colisão traseira,Com Vítimas Feridas,Pleno dia,Decrescente,Céu Claro,Simples,Reta;Ponte,Sim,4.0,0.0,1.0,0.0,1.0,2.0,0.0,3.0,"-13,284223","-39,827083",SPRF-BA,DEL03/BA,UOP01-DEL03-BA
771139,11/05/2026,segunda-feira,18:45:00,SP,116.0,"112,4",TAUBATE,Manobra de mudança de faixa,Colisão lateral mesmo sentido,Com Vítimas Feridas,Plena Noite,Decrescente,Nublado,Dupla,Reta,Sim,2.0,0.0,1.0,0.0,1.0,0.0,0.0,2.0,"-23,04271018","-45,57500796",SPRF-SP,DEL02/SP,UOP02-DEL02-SP
771141,11/05/2026,segunda-feira,19:40:00,MG,381.0,309,ANTONIO DIAS,Transitar na contramão,Colisão lateral sentido oposto,Com Vítimas Feridas,Plena Noite,Crescente,Céu Claro,Simples,Curva;Aclive,Não,3.0,0.0,1.0,0.0,1.0,0.0,0.0,3.0,"-19,669327","-42,969801",SPRF-MG,DEL03/MG,UOP02-DEL03-MG
771143,11/05/2026,segunda-feira,21:00:00,PR,369.0,"457,8",CORBELIA,Reação tardia ou ineficiente do condutor,Saída de leito carroçável,Com Vítimas Feridas,Plena Noite,Crescente,Céu Claro,Simples,Curva;Aclive,Sim,5.0,0.0,1.0,1.0,2.0,2.0,0.0,11.0,"-24,59444066","-53,20636046",SPRF-PR,DEL04/PR,UOP03-DEL04-PR
771145,11/05/2026,segunda-feira,19:10:00,MG,40.0,237,SAO GONCALO DO ABAETE,Pedestre - Ingestão de álcool/ substâncias psicoativas,Atropelamento de Pedestre,Com Vítimas Feridas,Plena Noite,Crescente,Céu Claro,Simples,Reta;Aclive,Sim,2.0,0.0,0.0,1.0,1.0,0.0,0.0,2.0,"-18,042838","-45,52402",SPRF-MG,DEL14/MG,UOP02-DEL14-MG
771151,11/05/2026,segunda-feira,20:40:00,BA,324.0,465,CANDEAL,Animais na Pista,Atropelamento de Animal,Sem Vítimas,Plena Noite,Crescente,Nublado,Simples,Reta;Interseção de Vias,Não,1.0,0.0,0.0,0.0,0.0,1.0,0.0,1.0,"-11,95192","-39,183718",SPRF-BA,DEL02/BA,UOP01-DEL02-BA
771153,11/05/2026,segunda-feira,16:00:00,MT,364.0,372,SANTO ANTONIO DO LEVERGER,Reação tardia ou ineficiente do condutor,Colisão traseira,Com Vítimas Fatais,Pleno dia,Crescente,Céu Claro,Dupla,Reta;Retorno Regulamentado,Não,3.0,1.0,0.0,0.0,0.0,1.0,0.0,3.0,"-15,70408919","-55,73407173",SPRF-MT,DEL01/MT,UOP02-DEL01-MT
771155,10/05/2026,domingo,20:00:00,PR,153.0,394,MALLET,Ingestão de álcool pelo condutor,Colisão lateral sentido oposto,Com Vítimas Feridas,Plena Noite,Crescente,Céu Claro,Simples,Curva,Não,4.0,0.0,1.0,0.0,1.0,1.0,0.0,4.0,"-25,91349766","-50,84707685",SPRF-PR,DEL08/PR,UOP02-DEL08-PR
771158,11/05/2026,segunda-feira,21:11:00,PB,230.0,"12,8",CABEDELO,Pedestre cruzava a pista fora da faixa,Atropelamento de Pedestre,Com Vítimas Fatais,Plena Noite,Crescente,Chuva,Dupla,Reta;Viaduto;Aclive;Em Obras,Sim,3.0,1.0,0.0,1.0,1.0,0.0,0.0,3.0,"-7,07625307","-34,84958768",SPRF-PB,DEL01-PB,UOP01-DEL01-PB
771163,11/05/2026,segunda-feira,23:15:00,SC,101.0,185,BIGUACU,Ausência de reação do condutor,Tombamento,Com Vítimas Feridas,Plena Noite,Decrescente,Céu Claro,Múltipla,Reta,Não,2.0,0.0,0.0,1.0,1.0,0.0,0.0,2.0,"-27,420778","-48,625517",SPRF-SC,DEL01/SC,UOP01-DEL01-SC
771165,11/05/2026,segunda-feira,21:20:00,MS,163.0,"343,9",RIO BRILHANTE,Demais falhas na via,Colisão com objeto,Com Vítimas Fatais,Plena Noite,Crescente,Céu Claro,Simples,Reta;Ponte,Não,1.0,1.0,0.0,0.0,0.0,0.0,0.0,1.0,"-21,64192082","-54,42349143",SPRF-MS,DEL02/MS,UOP02-DEL02-MS
771168,11/05/2026,segunda-feira,22:05:00,GO,153.0,"686,7",ITUMBIARA,Reação tardia ou ineficiente do condutor,Colisão traseira,Com Vítimas Fatais,Plena Noite,Crescente,Céu Claro,Dupla,Reta,Não,3.0,1.0,1.0,0.0,1.0,0.0,0.0,3.0,"-18,28028","-49,242362",SPRF-GO,DEL03/GO,UOP02-DEL03-GO
771171,12/05/2026,terça-feira,02:00:00,MG,40.0,"467,9",SETE LAGOAS,Condutor Dormindo,Saída de leito carroçável,Com Vítimas Fatais,Anoitecer,Decrescente,Céu Claro,Dupla,Reta;Declive,Não,2.0,1.0,0.0,0.0,0.0,0.0,0.0,2.0,"-19,45366407","-44,31277514",SPRF-MG,DEL02/MG,UOP01-DEL02-MG
771175,12/05/2026,terça-feira,03:50:00,SP,153.0,"42,6",ONDA VERDE,Demais falhas mecânicas ou elétricas,Colisão lateral sentido oposto,Com Vítimas Feridas,Plena Noite,Crescente,Céu Claro,Simples,Reta,Não,3.0,0.0,1.0,0.0,1.0,1.0,0.0,3.0,"-20,641945","-49,339684",SPRF-SP,DEL09/SP,UOP01-DEL09-SP
771178,12/05/2026,terça-feira,04:45:00,MG,40.0,48,PARACATU,Reação tardia ou ineficiente do condutor,Colisão lateral sentido oposto,Com Vítimas Feridas,Amanhecer,Decrescente,Céu Claro,Simples,Reta,Não,3.0,0.0,3.0,0.0,3.0,0.0,0.0,2.0,"-17,2409","-46,8168",SPRF-MG,DEL14/MG,UOP01-DEL14-MG
771180,12/05/2026,terça-feira,05:00:00,PE,408.0,"83,6",SAO LOURENCO DA MATA,Demais falhas mecânicas ou elétricas,Incêndio,Sem Vítimas,Pleno dia,Crescente,Chuva,Dupla,Aclive,Não,1.0,0.0,0.0,0.0,0.0,1.0,0.0,1.0,"-7,9967","-35,06804",SPRF-PE,DEL01/PE,UOP01-DEL01-PE
771183,12/05/2026,terça-feira,04:00:00,MT,364.0,285,JACIARA,Reação tardia ou ineficiente do condutor,Saída de leito carroçável,Com Vítimas Feridas,Amanhecer,Decrescente,Céu Claro,Dupla,Curva,Não,2.0,0.0,0.0,1.0,1.0,0.0,0.0,2.0,"-15,902155","-55,054102",SPRF-MT,DEL05/MT,UOP02-DEL05-MT
771184,12/05/2026,terça-feira,01:50:00,PR,116.0,"21,3",ANTONINA,Demais falhas mecânicas ou elétricas,Incêndio,Sem Vítimas,Plena Noite,Crescente,Céu Claro,Dupla,Reta,Não,1.0,0.0,0.0,0.0,0.0,1.0,0.0,1.0,"-25,10738012","-48,74221855",SPRF-PR,DEL01/PR,UOP02-DEL01-PR
771186,12/05/2026,terça-feira,04:30:00,CE,304.0,"12,7",BEBERIBE,Reação tardia ou ineficiente do condutor,Saída de leito carroçável,Com Vítimas Feridas,Plena Noite,Decrescente,Céu Claro,Simples,Reta,Não,2.0,0.0,1.0,0.0,1.0,0.0,0.0,2.0,"-4,58707378","-38,09533342",SPRF-CE,DEL03/CE,UOP02-DEL03-CE
771187,12/05/2026,terça-feira,06:00:00,BA,101.0,857,VEREDA,Condutor deixou de manter distância do veículo da frente,Saída de leito carroçável,Sem Vítimas,Pleno dia,Decrescente,Céu Claro,Simples,Reta,Não,1.0,0.0,0.0,0.0,0.0,1.0,0.0,1.0,"-17,27490545","-39,63546426",SPRF-BA,DEL09/BA,UOP02-DEL09-BA
771189,11/05/2026,segunda-feira,23:35:00,RS,468.0,"103,5",TRES PASSOS,Transitar na contramão,Colisão frontal,Com Vítimas Fatais,Plena Noite,Decrescente,Céu Claro,Simples,Reta,Não,3.0,1.0,0.0,1.0,1.0,1.0,0.0,2.0,"-27,45704","-53,94405",SPRF-RS,DEL08/RS,UOP02-DEL08-RS
771193,12/05/2026,terça-feira,06:55:00,CE,116.0,"17,7",ITAITINGA,Acessar a via sem observar a presença dos outros veículos,Colisão transversal,Com Vítimas Feridas,Pleno dia,Decrescente,Céu Claro,Dupla,Reta,Sim,4.0,0.0,1.0,0.0,1.0,2.0,0.0,3.0,"-3,93064632","-38,50860089",SPRF-CE,DEL01/CE,UOP02-DEL01-CE
771195,12/05/2026,terça-feira,07:40:00,ES,101.0,"302,6",VIANA,Condutor deixou de manter distância do veículo da frente,Colisão traseira,Com Vítimas Feridas,Pleno dia,Decrescente,Nublado,Dupla,Curva,Sim,3.0,0.0,2.0,0.0,2.0,1.0,0.0,2.0,"-20,37562","-40,44274",SPRF-ES,DEL01-ES,UOP01-DEL01-ES
771212,12/02/2026,quinta-feira,20:50:00,ES,259.0,"32,6",COLATINA,Ultrapassagem Indevida,Colisão frontal,Com Vítimas Fatais,Plena Noite,Crescente,Céu Claro,Simples,Reta,Não,4.0,1.0,2.0,0.0,2.0,1.0,0.0,3.0,"-19,58168734","-40,50923859",SPRF-ES,DEL02-ES,UOP01-DEL02-ES
771216,12/05/2026,terça-feira,06:30:00,RS,386.0,222,TIO HUGO,Velocidade Incompatível,Colisão com objeto,Com Vítimas Feridas,Amanhecer,Crescente,Céu Claro,Simples,Ponte;Declive;Em Obras,Não,1.0,0.0,0.0,1.0,1.0,0.0,0.0,1.0,"-28,63687554","-52,61489717",SPRF-RS,DEL04/RS,UOP03-DEL04-RS
771219,12/05/2026,terça-feira,09:00:00,GO,70.0,50,COCALZINHO DE GOIAS,Ultrapassagem Indevida,Colisão lateral mesmo sentido,Com Vítimas Feridas,Pleno dia,Crescente,Céu Claro,Simples,Reta,Não,4.0,0.0,2.0,0.0,2.0,2.0,0.0,2.0,"-15,750657","-48,61534",SPRF-DF,DEL03-DF,UOP02-DEL03-DF
771220,12/05/2026,terça-feira,09:15:00,RJ,356.0,49,ITAPERUNA,Velocidade Incompatível,Tombamento,Com Vítimas Feridas,Pleno dia,Crescente,Céu Claro,Simples,Curva;Aclive,Não,1.0,0.0,0.0,1.0,1.0,0.0,0.0,1.0,"-21,27097391","-41,77727242",SPRF-RJ,DEL08/RJ,UOP03-DEL08-RJ
771221,12/05/2026,terça-feira,08:50:00,PR,277.0,"603,7",CASCAVEL,Condutor usando celular,Colisão traseira,Com Vítimas Feridas,Pleno dia,Crescente,Céu Claro,Dupla,Aclive;Reta,Não,2.0,0.0,1.0,0.0,1.0,1.0,0.0,2.0,"-25,0213","-53,5473",SPRF-PR,DEL05/PR,UOP02-DEL05-PR
771224,26/03/2026,quinta-feira,07:00:00,SP,116.0,26,LAVRINHAS,Demais falhas mecânicas ou elétricas,Incêndio,Sem Vítimas,Pleno dia,Decrescente,Céu Claro,Múltipla,Reta,Não,2.0,0.0,0.0,0.0,0.0,1.0,0.0,2.0,"-22,58998507","-44,88588238",SPRF-SP,DEL08/SP,UOP02-DEL08-SP
771226,12/05/2026,terça-feira,08:00:00,BA,324.0,545,AMELIA RODRIGUES,Ausência de reação do condutor,Colisão com objeto,Com Vítimas Feridas,Pleno dia,Crescente,Nublado,Dupla,Reta,Sim,2.0,0.0,0.0,1.0,1.0,1.0,0.0,2.0,"-12,42123","-38,744972",SPRF-BA,DEL11/BA,UOP02-DEL11-BA
771244,12/05/2026,terça-feira,11:45:00,SP,153.0,117,UBARANA,Ausência de reação do condutor,Colisão traseira,Com Vítimas Feridas,Pleno dia,Decrescente,Céu Claro,Simples,Reta,Não,2.0,0.0,1.0,0.0,1.0,1.0,0.0,2.0,"-21,143237","-49,701705",SPRF-SP,DEL09/SP,UOP01-DEL09-SP
771249,12/05/2026,terça-feira,11:50:00,BA,324.0,614,SALVADOR,Ausência de reação do condutor,Engavetamento,Sem Vítimas,Pleno dia,Crescente,Céu Claro,Dupla,Reta,Sim,7.0,0.0,0.0,0.0,0.0,7.0,0.0,4.0,"-12,867455","-38,42507",SPRF-BA,DEL01/BA,UOP01-DEL01-BA
771252,04/05/2026,segunda-feira,17:15:00,RS,386.0,"280,8",SAO JOSE DO HERVAL,Transitar na contramão,Colisão frontal,Com Vítimas Feridas,Pleno dia,Decrescente,Garoa/Chuvisco,Simples,Curva,Sim,2.0,0.0,0.0,1.0,1.0,1.0,0.0,2.0,"-29,035296","-52,299002",SPRF-RS,DEL04/RS,UOP03-DEL04-RS
771253,12/05/2026,terça-feira,10:40:00,SP,116.0,45,CANAS,Demais falhas na via,Colisão traseira,Com Vítimas Fatais,Pleno dia,Crescente,Céu Claro,Múltipla,Reta,Não,4.0,1.0,1.0,0.0,1.0,0.0,0.0,4.0,"-22,71062","-45,048817",SPRF-SP,DEL08/SP,UOP02-DEL08-SP
771254,12/05/2026,terça-feira,11:44:00,CE,222.0,"38,6",CAUCAIA,Manobra de mudança de faixa,Colisão frontal,Com Vítimas Feridas,Pleno dia,Decrescente,Céu Claro,Simples,Reta,Não,4.0,0.0,1.0,1.0,2.0,1.0,0.0,4.0,"-3,689965","-38,895633",SPRF-CE,DEL01/CE,UOP01-DEL01-CE
771256,12/05/2026,terça-feira,12:00:00,MS,163.0,"543,6",BANDEIRANTES,Manobra de mudança de faixa,Colisão lateral mesmo sentido,Com Vítimas Feridas,Pleno dia,Crescente,Céu Claro,Simples,Reta,Não,5.0,0.0,0.0,1.0,1.0,3.0,0.0,3.0,"-19,95630969","-54,37572953",SPRF-MS,DEL01/MS,UOP02-DEL01-MS
771259,12/05/2026,terça-feira,13:24:00,PB,101.0,"82,5",BAYEUX,Reação tardia ou ineficiente do condutor,Saída de leito carroçável,Sem Vítimas,Pleno dia,Crescente,Chuva,Dupla,Reta,Sim,2.0,0.0,0.0,0.0,0.0,1.0,0.0,3.0,"-7,13032943","-34,93468881",SPRF-PB,DEL01-PB,UOP01-DEL01-PB
771260,18/03/2026,quarta-feira,05:20:00,PR,116.0,"1,7",CAMPINA GRANDE DO SUL,Reação tardia ou ineficiente do condutor,Colisão traseira,Com Vítimas Fatais,Plena Noite,Crescente,Nublado,Dupla,Curva,Não,19.0,1.0,15.0,1.0,16.0,1.0,0.0,3.0,"-25,06639907","-48,57687879",SPRF-PR,DEL01/PR,UOP02-DEL01-PR
771261,12/05/2026,terça-feira,13:50:00,SC,470.0,"44,2",GASPAR,Reação tardia ou ineficiente do condutor,Colisão lateral mesmo sentido,Com Vítimas Feridas,Pleno dia,Decrescente,Céu Claro,Dupla,Reta,Sim,3.0,0.0,1.0,0.0,1.0,1.0,0.0,4.0,"-26,86962606","-49,02530909",SPRF-SC,DEL04/SC,UOP01-DEL04-SC
771265,12/05/2026,terça-feira,13:35:00,PR,277.0,"446,9",LARANJEIRAS DO SUL,Falta de acostamento,Saída de leito carroçável,Com Vítimas Feridas,Pleno dia,Crescente,Céu Claro,Simples,Reta,Não,3.0,0.0,2.0,0.0,2.0,0.0,0.0,4.0,"-25,3714","-52,31208",SPRF-PR,DEL04/PR,UOP02-DEL04-PR
771267,12/05/2026,terça-feira,13:20:00,PR,376.0,"161,1",MARINGA,Reação tardia ou ineficiente do condutor,Colisão traseira,Com Vítimas Feridas,Pleno dia,Crescente,Céu Claro,Dupla,Reta;Aclive,Sim,9.0,0.0,4.0,0.0,4.0,3.0,0.0,5.0,"-23,366864","-52,069549",SPRF-PR,DEL09/PR,UOP02-DEL09-PR
771269,12/05/2026,terça-feira,12:35:00,PR,153.0,"369,9",RIO AZUL,Transitar na contramão,Colisão frontal,Com Vítimas Fatais,Pleno dia,Decrescente,Céu Claro,Simples,Declive;Reta,Não,2.0,1.0,0.0,0.0,0.0,1.0,0.0,2.0,"-25,74145685","-50,80936432",SPRF-PR,DEL08/PR,UOP02-DEL08-PR
771271,26/01/2026,segunda-feira,12:00:00,SP,116.0,162,JACAREI,Reação tardia ou ineficiente do condutor,Colisão lateral mesmo sentido,Com Vítimas Feridas,Pleno dia,Decrescente,Sol,Dupla,Reta,Não,4.0,0.0,1.0,0.0,1.0,1.0,0.0,3.0,"-23,28063238","-45,98281503",SPRF-SP,DEL02/SP,UOP01-DEL02-SP