id,data_inversa,dia_semana,horario,uf,br,km,municipio,causa_acidente,tipo_acidente,classificacao_acidente,fase_dia,sentido_via,condicao_metereologica,tipo_pista,tracado_via,uso_solo,pessoas,mortos,feridos_leves,feridos_graves,feridos,ilesos,ignorados,veiculos,latitude,longitude,regional,delegacia,uop
772085,16/05/2026,sábado,13:30:00,PA,155.0,290,ELDORADO DO CARAJAS,Ultrapassagem Indevida,Colisão lateral mesmo sentido,Sem Vítimas,Pleno dia,Decrescente,Céu Claro,Simples,Declive,Não,4.0,0.0,0.0,0.0,0.0,3.0,0.0,5.0,"-5,815623","-49,190375",SPRF-PA,DEL03/PA,UOP01-DEL03-PA
772090,16/05/2026,sábado,15:15:00,GO,60.0,274,JANDAIA,Ausência de reação do condutor,Saída de leito carroçável,Com Vítimas Feridas,Pleno dia,Crescente,Céu Claro,Dupla,Curva,Não,2.0,0.0,1.0,0.0,1.0,0.0,0.0,3.0,"-17,217228","-50,176486",SPRF-GO,DEL01/GO,UOP02-DEL01-GO
772102,16/05/2026,sábado,17:20:00,ES,101.0,"371,8",ANCHIETA,Transitar na contramão,Colisão frontal,Com Vítimas Fatais,Anoitecer,Decrescente,Nublado,Simples,Curva,Não,2.0,1.0,0.0,0.0,0.0,1.0,0.0,2.0,"-20,769328","-40,770353",SPRF-ES,DEL03-ES,UOP01-DEL03-ES
772104,16/05/2026,sábado,12:20:00,PI,316.0,408,MARCOLANDIA,Reação tardia ou ineficiente do condutor,Colisão traseira,Com Vítimas Feridas,Pleno dia,Decrescente,Sol,Simples,Reta;Aclive,Não,3.0,0.0,0.0,1.0,1.0,1.0,0.0,16.0,"-7,399293","-40,727808",SPRF-PI,DEL04-PI,UOP03-DEL04-PI
772109,29/04/2026,quarta-feira,23:00:00,GO,20.0,"11,5",FORMOSA,Pedestre andava na pista,Atropelamento de Pedestre,Com Vítimas Fatais,Pleno dia,Crescente,Céu Claro,Simples,Reta,Não,2.0,1.0,0.0,0.0,0.0,1.0,0.0,2.0,"-15,56454108","-47,25199568",SPRF-DF,DEL02-DF,UOP02-DEL02-DF
772115,16/05/2026,sábado,09:45:00,MS,163.0,364,NOVA ALVORADA DO SUL,Ausência de reação do condutor,Tombamento,Com Vítimas Feridas,Pleno dia,Crescente,Céu Claro,Simples,Rotatória,Sim,2.0,0.0,1.0,0.0,1.0,1.0,0.0,1.0,"-21,472738","-54,385753",SPRF-MS,DEL02/MS,UOP01-DEL02-MS
772120,16/05/2026,sábado,19:05:00,SP,153.0,323,RIBEIRAO DO SUL,Transitar na contramão,Colisão frontal,Com Vítimas Fatais,Anoitecer,Decrescente,Nublado,Simples,Reta;Interseção de Vias;Aclive,Não,5.0,1.0,0.0,3.0,3.0,1.0,0.0,2.0,"-22,791808","-49,889666",SPRF-SP,DEL07/SP,UOP03-DEL07-SP
772138,16/05/2026,sábado,17:30:00,BA,242.0,356,LENCOIS,Condutor deixou de manter distância do veículo da frente,Colisão traseira,Sem Vítimas,Anoitecer,Decrescente,Céu Claro,Simples,Reta,Não,3.0,0.0,0.0,0.0,0.0,2.0,0.0,4.0,"-12,47742701","-41,35993478",SPRF-BA,DEL06/BA,UOP02-DEL06-BA
772144,16/05/2026,sábado,12:40:00,MG,365.0,"323,6",JOAO PINHEIRO,Ultrapassagem Indevida,Colisão lateral sentido oposto,Com Vítimas Feridas,Pleno dia,Decrescente,Céu Claro,Simples,Reta;Declive,Não,3.0,0.0,2.0,0.0,2.0,0.0,0.0,4.0,"-18,28294649","-45,91072208",SPRF-MG,DEL10/MG,UOP02-DEL010-MG
772146,16/05/2026,sábado,13:00:00,MG,251.0,"359,5",PADRE CARVALHO,Ingestão de álcool pelo condutor,Colisão lateral sentido oposto,Sem Vítimas,Pleno dia,Crescente,Céu Claro,Simples,Reta,Não,3.0,0.0,0.0,0.0,0.0,2.0,0.0,4.0,"-16,270926","-42,560574",SPRF-MG,DEL12/MG,UOP02-DEL12-MG
772156,16/05/2026,sábado,16:22:00,MG,251.0,333,FRUTA DE LEITE,Ausência de reação do condutor,Tombamento,Com Vítimas Feridas,Pleno dia,Crescente,Céu Claro,Simples,Declive;Curva,Não,2.0,0.0,1.0,0.0,1.0,0.0,0.0,2.0,"-16,26302092","-42,40614144",SPRF-MG,DEL12/MG,UOP02-DEL12-MG
772159,16/05/2026,sábado,18:20:00,MG,116.0,"221,3",CATUJI,Ausência de reação do condutor,Queda de ocupante de veículo,Com Vítimas Feridas,Plena Noite,Decrescente,Céu Claro,Simples,Reta;Ponte;Declive,Não,6.0,0.0,1.0,1.0,2.0,2.0,0.0,5.0,"-17,418192","-41,513588",SPRF-MG,DEL11/MG,UOP01-DEL11-MG
772165,16/05/2026,sábado,19:30:00,MG,50.0,205,PATROCINIO,Manobra de mudança de faixa,Colisão lateral mesmo sentido,Com Vítimas Feridas,Plena Noite,Crescente,Céu Claro,Dupla,Reta,Não,3.0,0.0,1.0,0.0,1.0,1.0,0.0,5.0,-19,-47,SPRF-MG,DEL13/MG,UOP01-DEL13-MG
772174,16/05/2026,sábado,21:35:00,PE,423.0,97,GARANHUNS,Ingestão de álcool pelo condutor,Colisão transversal,Com Vítimas Feridas,Plena Noite,Decrescente,Céu Claro,Simples,Reta,Sim,2.0,0.0,1.0,0.0,1.0,1.0,0.0,2.0,"-8,879282","-36,495405",SPRF-PE,DEL03/PE,UOP01-DEL03-PE
772175,16/05/2026,sábado,22:20:00,MG,40.0,"462,8",SETE LAGOAS,Condutor usando celular,Colisão com objeto,Com Vítimas Fatais,Plena Noite,Decrescente,Céu Claro,Dupla,Reta;Aclive,Não,3.0,1.0,0.0,0.0,0.0,1.0,0.0,6.0,"-19,419592","-44,339132",SPRF-MG,DEL02/MG,UOP01-DEL02-MG
772176,19/04/2026,domingo,04:10:00,PE,101.0,126,ESCADA,Deficiência do Sistema de Iluminação/Sinalização,Colisão traseira,Com Vítimas Feridas,Plena Noite,Decrescente,Nublado,Dupla,Reta,Sim,3.0,0.0,1.0,0.0,1.0,1.0,0.0,3.0,"-8,369917","-35,229762",SPRF-PE,DEL01/PE,UOP03-DEL01-PE
772188,16/05/2026,sábado,22:40:00,BA,116.0,810,VITORIA DA CONQUISTA,Acessar a via sem observar a presença dos outros veículos,Colisão transversal,Com Vítimas Feridas,Plena Noite,Crescente,Céu Claro,Simples,Reta,Não,3.0,0.0,1.0,0.0,1.0,1.0,0.0,3.0,"-14,79345133","-40,76088667",SPRF-BA,DEL08/BA,UOP01-DEL08-BA
772198,17/05/2026,domingo,00:30:00,MG,116.0,"254,6",TEOFILO OTONI,Ingestão de álcool pelo condutor,Colisão frontal,Com Vítimas Fatais,Plena Noite,Crescente,Céu Claro,Simples,Reta,Não,4.0,1.0,0.0,2.0,2.0,1.0,0.0,2.0,"-17,679678","-41,486365",SPRF-MG,DEL11/MG,UOP01-DEL11-MG
772199,17/05/2026,domingo,00:50:00,BA,324.0,539,AMELIA RODRIGUES,Acessar a via sem observar a presença dos outros veículos,Colisão traseira,Com Vítimas Feridas,Plena Noite,Crescente,Céu Claro,Dupla,Reta;Em Obras,Não,5.0,0.0,1.0,0.0,1.0,3.0,0.0,3.0,"-12,38944257","-38,78704121",SPRF-BA,DEL11/BA,UOP02-DEL11-BA
772203,17/05/2026,domingo,02:10:00,MG,40.0,"555,9",NOVA LIMA,Ausência de reação do condutor,Colisão traseira,Sem Vítimas,Plena Noite,Decrescente,Ignorado,Dupla,Reta,Sim,2.0,0.0,0.0,0.0,0.0,0.0,1.0,2.0,"-20,09814325","-43,9747417",SPRF-MG,DEL01/MG,UOP02-DEL01-MG
772206,17/05/2026,domingo,03:45:00,MT,364.0,357,SANTO ANTONIO DO LEVERGER,Reação tardia ou ineficiente do condutor,Saída de leito carroçável,Com Vítimas Feridas,Plena Noite,Decrescente,Céu Claro,Dupla,Curva;Declive,Não,2.0,0.0,0.0,1.0,1.0,0.0,0.0,2.0,"-15,80070865","-55,66048265",SPRF-MT,DEL05/MT,UOP02-DEL05-MT
772207,17/05/2026,domingo,02:50:00,BA,116.0,889,CANDIDO SALES,Demais falhas mecânicas ou elétricas,Incêndio,Sem Vítimas,Plena Noite,Decrescente,Nevoeiro/Neblina,Simples,Declive;Reta,Não,2.0,0.0,0.0,0.0,0.0,0.0,1.0,2.0,"-15,3536783","-41,1696533",SPRF-BA,DEL08/BA,UOP03-DEL08-BA
772211,17/05/2026,domingo,04:20:00,SP,116.0,92,PINDAMONHANGABA,Reação tardia ou ineficiente do condutor,Colisão traseira,Sem Vítimas,Plena Noite,Crescente,Céu Claro,Dupla,Reta,Não,3.0,0.0,0.0,0.0,0.0,1.0,0.0,2.0,"-22,9504198","-45,4012961",SPRF-SP,DEL08/SP,UOP01-DEL08-SP
772214,17/05/2026,domingo,05:00:00,PR,116.0,126,FAZENDA RIO GRANDE,Ausência de reação do condutor,Colisão traseira,Com Vítimas Feridas,Plena Noite,Crescente,Garoa/Chuvisco,Dupla,Reta,Sim,3.0,0.0,0.0,1.0,1.0,1.0,0.0,4.0,"-25,6401","-49,313105",SPRF-PR,DEL01/PR,UOP03-DEL01-PR
772227,17/05/2026,domingo,07:06:00,MG,50.0,74,UBERLANDIA,Condutor deixou de manter distância do veículo da frente,Colisão traseira,Com Vítimas Feridas,Pleno dia,Crescente,Céu Claro,Dupla,Reta,Não,3.0,0.0,1.0,0.0,1.0,1.0,0.0,4.0,"-18,91513047","-48,2231885",SPRF-MG,DEL15/MG,UOP01-DEL15-MG
772228,17/05/2026,domingo,06:34:00,SC,101.0,"200,3",SAO JOSE,Estacionar ou parar em local proibido,Colisão traseira,Com Vítimas Feridas,Pleno dia,Decrescente,Céu Claro,Dupla,Reta,Sim,2.0,0.0,0.0,1.0,1.0,1.0,0.0,2.0,"-27,54232","-48,62097",SPRF-SC,DEL01/SC,UOP01-DEL01-SC
772234,17/05/2026,domingo,04:30:00,SP,116.0,170,JACAREI,Chuva,Tombamento,Com Vítimas Fatais,Plena Noite,Crescente,Chuva,Dupla,Declive;Curva,Não,5.0,1.0,0.0,0.0,0.0,3.0,0.0,5.0,"-23,30786972","-46,05429411",SPRF-SP,DEL02/SP,UOP01-DEL02-SP
772236,17/05/2026,domingo,02:43:00,SC,101.0,"277,6",IMBITUBA,Ingestão de álcool pelo condutor,Colisão traseira,Com Vítimas Feridas,Plena Noite,Decrescente,Céu Claro,Dupla,Reta,Sim,4.0,0.0,1.0,1.0,2.0,1.0,0.0,3.0,"-28,19652151","-48,69732555",SPRF-SC,DEL02/SC,UOP03-DEL02-SC
772239,17/05/2026,domingo,07:20:00,RS,116.0,244,SAO LEOPOLDO,Acessar a via sem observar a presença dos outros veículos,Colisão com objeto,Com Vítimas Feridas,Pleno dia,Crescente,Nublado,Múltipla,Reta,Sim,5.0,0.0,1.0,0.0,1.0,3.0,0.0,3.0,"-29,75981982","-51,1520027",SPRF-RS,DEL01/RS,UOP02-DEL01-RS
772256,17/05/2026,domingo,07:50:00,PR,153.0,"86,6",CONSELHEIRO MAIRINCK,Ausência de reação do condutor,Colisão com objeto,Sem Vítimas,Pleno dia,Decrescente,Chuva,Simples,Curva,Não,2.0,0.0,0.0,0.0,0.0,1.0,0.0,2.0,"-23,66074","-50,1537",SPRF-PR,DEL07/PR,UOP04-DEL07-PR
772269,17/05/2026,domingo,07:20:00,GO,153.0,555,PROFESSOR JAMIL,Reação tardia ou ineficiente do condutor,Tombamento,Com Vítimas Feridas,Pleno dia,Crescente,Céu Claro,Simples,Rotatória,Não,3.0,0.0,1.0,0.0,1.0,1.0,0.0,2.0,"-17,17667","-49,210688",SPRF-GO,DEL03/GO,UOP01-DEL03-GO
772271,17/05/2026,domingo,08:30:00,RS,386.0,"11,9",IRAI,Ausência de reação do condutor,Saída de leito carroçável,Com Vítimas Feridas,Pleno dia,Crescente,Céu Claro,Simples,Reta,Não,1.0,0.0,1.0,0.0,1.0,0.0,0.0,1.0,"-27,2237725","-53,3146792",SPRF-RS,DEL08/RS,UOP02-DEL08-RS
772276,16/05/2026,sábado,20:30:00,BA,242.0,612,MUQUEM DE SAO FRANCISCO,Reação tardia ou ineficiente do condutor,Tombamento,Sem Vítimas,Plena Noite,Crescente,Céu Claro,Simples,Reta,Não,2.0,0.0,0.0,0.0,0.0,0.0,1.0,4.0,"-12,1732","-43,25794",SPRF-BA,DEL10/BA,UOP01-DEL10-BA
772278,16/05/2026,sábado,16:00:00,BA,242.0,684,MUQUEM DE SAO FRANCISCO,Problema com o freio,Colisão frontal,Sem Vítimas,Pleno dia,Decrescente,Céu Claro,Simples,Curva;Declive,Não,3.0,0.0,0.0,0.0,0.0,1.0,0.0,3.0,"-12,2291","-43,84404",SPRF-BA,DEL10/BA,UOP01-DEL10-BA
772283,17/05/2026,domingo,11:30:00,RJ,116.0,135,MAGE,Manobra de mudança de faixa,Colisão lateral mesmo sentido,Com Vítimas Feridas,Pleno dia,Crescente,Céu Claro,Dupla,Reta,Não,5.0,0.0,3.0,0.0,3.0,2.0,0.0,2.0,"-22,65226","-43,1631",SPRF-RJ,DEL04/RJ,UOP02-DEL04-RJ
772287,17/05/2026,domingo,09:12:00,MA,316.0,"332,9",BACABAL,Pista esburacada,Colisão traseira,Com Vítimas Feridas,Pleno dia,Crescente,Céu Claro,Simples,Reta,Não,6.0,0.0,1.0,0.0,1.0,4.0,0.0,3.0,"-4,135727","-44,993098",SPRF-MA,DEL02-MA,UOP01-DEL02-MA
772293,17/05/2026,domingo,11:52:00,RO,364.0,6,VILHENA,Acessar a via sem observar a presença dos outros veículos,Colisão traseira,Com Vítimas Feridas,Pleno dia,Crescente,Céu Claro,Simples,Reta,Não,2.0,0.0,1.0,0.0,1.0,1.0,0.0,2.0,"-12,78397","-60,089528",SPRF-RO,DEL04-RO,UOP01-DEL04-RO
772295,17/05/2026,domingo,13:00:00,PR,476.0,178,ARAUCARIA,Carga excessiva e/ou mal acondicionada,Derramamento de carga,Com Vítimas Feridas,Pleno dia,Crescente,Nublado,Simples,Curva;Declive,Não,2.0,0.0,1.0,0.0,1.0,0.0,0.0,2.0,"-25,61000612","-49,422661",SPRF-PR,DEL01/PR,UOP06-DEL01-PR
772298,17/05/2026,domingo,14:00:00,MG,153.0,112,PRATA,Condutor deixou de manter distância do veículo da frente,Colisão traseira,Com Vítimas Feridas,Pleno dia,Decrescente,Céu Claro,Simples,Aclive,Não,5.0,0.0,1.0,0.0,1.0,3.0,0.0,3.0,"-19,333274","-48,903566",SPRF-MG,DEL15/MG,UOP03-DEL15-MG
772306,17/05/2026,domingo,11:00:00,BA,116.0,574,BREJOES,Ausência de reação do condutor,Colisão traseira,Com Vítimas Feridas,Pleno dia,Decrescente,Sol,Simples,Reta,Não,8.0,0.0,1.0,0.0,1.0,6.0,0.0,8.0,"-13,07519182","-39,96145804",SPRF-BA,DEL03/BA,UOP02-DEL03-BA
772308,17/05/2026,domingo,14:00:00,MS,163.0,382,NOVA ALVORADA DO SUL,Transitar na contramão,Colisão frontal,Com Vítimas Fatais,Pleno dia,Crescente,Nublado,Simples,Reta,Não,5.0,1.0,1.0,1.0,2.0,0.0,0.0,4.0,"-21,3215008","-54,4243189",SPRF-MS,DEL02/MS,UOP01-DEL02-MS
772315,17/05/2026,domingo,09:40:00,PR,376.0,306,MAUA DA SERRA,Ausência de reação do condutor,Colisão com objeto,Com Vítimas Feridas,Pleno dia,Decrescente,Chuva,Dupla,Curva,Não,2.0,0.0,1.0,0.0,1.0,0.0,0.0,2.0,"-23,96019538","-51,1138916",SPRF-PR,DEL07/PR,UOP02-DEL07-PR
772323,17/05/2026,domingo,15:30:00,MG,153.0,"14,7",CENTRALINA,Velocidade Incompatível,Saída de leito carroçável,Com Vítimas Feridas,Pleno dia,Decrescente,Céu Claro,Dupla,Aclive,Não,6.0,0.0,2.0,0.0,2.0,3.0,0.0,9.0,"-18,63359475","-49,18225989",SPRF-MG,DEL15/MG,UOP03-DEL15-MG
772324,17/05/2026,domingo,14:00:00,BA,110.0,146,CICERO DANTAS,Ausência de reação do condutor,Colisão lateral sentido oposto,Com Vítimas Fatais,Pleno dia,Crescente,Céu Claro,Simples,Reta,Não,2.0,1.0,0.0,0.0,0.0,1.0,0.0,2.0,"-10,6186413","-38,40691566",SPRF-BA,DEL07/BA,UOP02-DEL07-BA
772329,17/05/2026,domingo,16:30:00,PR,153.0,462,PORTO VITORIA,Velocidade Incompatível,Colisão frontal,Com Vítimas Feridas,Pleno dia,Crescente,Chuva,Simples,Curva,Não,3.0,0.0,1.0,0.0,1.0,1.0,0.0,3.0,"-26,2269108","-51,13792419",SPRF-PR,DEL02/PR,UOP03-DEL02-PR
772330,17/05/2026,domingo,17:15:00,MG,116.0,"702,5",MURIAE,Demais falhas mecânicas ou elétricas,Colisão lateral sentido oposto,Com Vítimas Feridas,Anoitecer,Crescente,Nublado,Simples,Curva,Sim,3.0,0.0,1.0,0.0,1.0,1.0,0.0,3.0,"-21,12613813","-42,38285065",SPRF-MG,DEL07/MG,UOP02-DEL07-MG
772342,19/04/2026,domingo,12:30:00,BA,116.0,418,FEIRA DE SANTANA,Reação tardia ou ineficiente do condutor,Colisão com objeto,Sem Vítimas,Pleno dia,Crescente,Céu Claro,Dupla,Reta,Não,6.0,0.0,0.0,0.0,0.0,6.0,0.0,2.0,"-12,188699","-38,965279",SPRF-BA,DEL02/BA,UOP01-DEL02-BA
772365,17/05/2026,domingo,12:50:00,BA,242.0,"277,9",BOA VISTA DO TUPIM,Transitar na contramão,Colisão lateral sentido oposto,Com Vítimas Fatais,Pleno dia,Decrescente,Céu Claro,Simples,Declive;Curva,Não,4.0,1.0,1.0,0.0,1.0,1.0,0.0,8.0,"-12,450008","-40,691293",SPRF-BA,DEL06/BA,UOP02-DEL06-BA
772367,17/05/2026,domingo,19:45:00,SP,381.0,77,SAO PAULO,Condutor deixou de manter distância do veículo da frente,Colisão traseira,Com Vítimas Fatais,Plena Noite,Decrescente,Garoa/Chuvisco,Dupla,Reta,Não,5.0,1.0,0.0,0.0,0.0,4.0,0.0,4.0,"-23,397644","-46,575237",SPRF-SP,DEL03/SP,UOP01-DEL03-SP
772368,17/05/2026,domingo,19:35:00,GO,60.0,226,CEZARINA,Reação tardia ou ineficiente do condutor,Colisão traseira,Com Vítimas Feridas,Plena Noite,Decrescente,Céu Claro,Dupla,Reta,Não,2.0,0.0,1.0,0.0,1.0,1.0,0.0,2.0,"-17,038099","-49,777965",SPRF-GO,DEL01/GO,UOP02-DEL01-GO
772384,17/05/2026,domingo,21:10:00,BA,101.0,880,TEIXEIRA DE FREITAS,Ausência de reação do condutor,Colisão com objeto,Sem Vítimas,Plena Noite,Crescente,Céu Claro,Simples,Reta,Sim,1.0,0.0,0.0,0.0,0.0,1.0,0.0,1.0,"-17,55893181","-39,72607877",SPRF-BA,DEL09/BA,UOP02-DEL09-BA
772389,17/05/2026,domingo,15:32:00,MS,163.0,678,RIO VERDE DE MATO GROSSO,Demais falhas mecânicas ou elétricas,Incêndio,Sem Vítimas,Pleno dia,Crescente,Chuva,Dupla,Reta,Não,2.0,0.0,0.0,0.0,0.0,1.0,0.0,3.0,"-18,92791382","-54,83322568",SPRF-MS,DEL06/MS,UOP02-DEL06-MS
772391,17/05/2026,domingo,20:55:00,MG,40.0,767,JUIZ DE FORA,Velocidade Incompatível,Saída de leito carroçável,Com Vítimas Fatais,Plena Noite,Decrescente,Céu Claro,Simples,Curva,Não,2.0,1.0,0.0,0.0,0.0,0.0,0.0,2.0,"-21,5817","-43,4662",SPRF-MG,DEL05/MG,UOP01-DEL05-MG
772399,17/05/2026,domingo,19:20:00,PA,230.0,740,MEDICILANDIA,Transitar na contramão,Colisão frontal,Com Vítimas Fatais,Plena Noite,Decrescente,Nublado,Simples,Reta;Declive,Não,3.0,2.0,1.0,0.0,1.0,0.0,0.0,2.0,"-3,43948547","-52,87891388",SPRF-PA,DEL04/PA,UOP01-DEL04-PA
772401,16/05/2026,sábado,22:30:00,SC,116.0,68,MONTE CASTELO,Suicídio (presumido),Atropelamento de Pedestre,Com Vítimas Feridas,Plena Noite,Decrescente,Nevoeiro/Neblina,Simples,Reta,Não,4.0,0.0,0.0,1.0,1.0,1.0,0.0,2.0,"-26,45259281","-50,22777557",SPRF-SC,DEL06/SC,UOP02-DEL06-SC
772402,17/05/2026,domingo,17:25:00,PI,407.0,467,JAICOS,Reação tardia ou ineficiente do condutor,Colisão transversal,Com Vítimas Feridas,Pleno dia,Decrescente,Céu Claro,Simples,Curva,Sim,2.0,0.0,0.0,1.0,1.0,1.0,0.0,2.0,"-7,347677","-41,14405",SPRF-PI,DEL04-PI,UOP01-DEL04-PI
772403,17/05/2026,domingo,21:35:00,GO,153.0,"599,5",MORRINHOS,Ausência de reação do condutor,Saída de leito carroçável,Com Vítimas Feridas,Plena Noite,Decrescente,Céu Claro,Dupla,Declive;Reta,Não,1.0,0.0,0.0,1.0,1.0,0.0,0.0,1.0,"-17,536623","-49,212038",SPRF-GO,DEL03/GO,UOP01-DEL03-GO
772413,17/05/2026,domingo,21:10:00,BA,410.0,11,TUCANO,Ingestão de álcool pelo condutor,Colisão frontal,Com Vítimas Feridas,Plena Noite,Crescente,Céu Claro,Simples,Reta,Não,3.0,0.0,0.0,1.0,1.0,1.0,0.0,3.0,"-10,866129","-38,615552",SPRF-BA,DEL07/BA,UOP02-DEL07-BA
772415,17/05/2026,domingo,22:18:00,SC,282.0,506,XANXERE,Acessar a via sem observar a presença dos outros veículos,Colisão lateral mesmo sentido,Sem Vítimas,Plena Noite,Crescente,Nublado,Dupla,Interseção de Vias;Reta,Sim,3.0,0.0,0.0,0.0,0.0,3.0,0.0,2.0,"-26,88510108","-52,43582309",SPRF-SC,DEL07/SC,UOP01-DEL07-SC
772417,17/05/2026,domingo,22:40:00,PE,101.0,"80,2",JABOATAO DOS GUARARAPES,Curva acentuada,Colisão com objeto,Sem Vítimas,Plena Noite,Crescente,Céu Claro,Dupla,Curva,Não,2.0,0.0,0.0,0.0,0.0,1.0,0.0,2.0,"-8,15394","-34,9415",SPRF-PE,DEL01/PE,UOP01-DEL01-PE
772423,17/05/2026,domingo,22:50:00,PR,376.0,222,CAMBIRA,Acessar a via sem observar a presença dos outros veículos,Colisão traseira,Com Vítimas Feridas,Plena Noite,Crescente,Nublado,Dupla,Reta,Não,3.0,0.0,1.0,0.0,1.0,1.0,0.0,5.0,"-23,59966089","-51,58929807",SPRF-PR,DEL09/PR,UOP01-DEL09-PR
772427,17/05/2026,domingo,22:10:00,CE,116.0,"170,3",RUSSAS,Velocidade Incompatível,Saída de leito carroçável,Com Vítimas Feridas,Plena Noite,Decrescente,Céu Claro,Simples,Curva,Não,3.0,0.0,0.0,2.0,2.0,0.0,0.0,2.0,"-4,88546628","-38,01827967",SPRF-CE,DEL03/CE,UOP01-DEL03-CE
772429,17/05/2026,domingo,21:15:00,BA,101.0,98,ALAGOINHAS,Transitar na contramão,Colisão frontal,Com Vítimas Feridas,Plena Noite,Crescente,Céu Claro,Simples,Reta,Não,3.0,0.0,2.0,1.0,3.0,0.0,0.0,2.0,"-12,08072","-38,348859",SPRF-BA,DEL01/BA,UOP04-DEL01-BA
772446,17/05/2026,domingo,22:00:00,MG,116.0,200,CARAI,Reação tardia ou ineficiente do condutor,Colisão lateral sentido oposto,Com Vítimas Feridas,Plena Noite,Crescente,Céu Claro,Simples,Reta;Declive,Não,4.0,0.0,0.0,2.0,2.0,1.0,0.0,3.0,"-17,23468","-41,496141",SPRF-MG,DEL11/MG,UOP01-DEL11-MG
772449,18/05/2026,segunda-feira,06:24:00,TO,153.0,"138,9",ARAGUAINA,Acessar a via sem observar a presença dos outros veículos,Atropelamento de Pedestre,Com Vítimas Feridas,Pleno dia,Decrescente,Céu Claro,Simples,Reta,Sim,3.0,0.0,2.0,0.0,2.0,0.0,0.0,3.0,"-7,163376","-48,206714",SPRF-TO,DEL02-TO,UOP01-DEL02-TO
772456,18/05/2026,segunda-feira,06:45:00,ES,101.0,"416,4",ITAPEMIRIM,Ultrapassagem Indevida,Colisão frontal,Com Vítimas Fatais,Pleno dia,Crescente,Céu Claro,Dupla,Reta,Não,3.0,2.0,0.0,0.0,0.0,1.0,0.0,3.0,"-20,94156","-41,08642",SPRF-ES,DEL03-ES,UOP02-DEL03-ES
772457,18/05/2026,segunda-feira,05:30:00,PR,376.0,666,GUARATUBA,Ausência de reação do condutor,Tombamento,Com Vítimas Feridas,Amanhecer,Crescente,Garoa/Chuvisco,Dupla,Curva;Declive,Não,1.0,0.0,1.0,0.0,1.0,0.0,0.0,1.0,"-25,863486","-48,949795",SPRF-PR,DEL01/PR,UOP04-DEL01-PR
772459,17/05/2026,domingo,14:15:00,BA,110.0,5,PAULO AFONSO,Demais falhas mecânicas ou elétricas,Incêndio,Sem Vítimas,Pleno dia,Decrescente,Céu Claro,Simples,Curva,Não,2.0,0.0,0.0,0.0,0.0,1.0,0.0,3.0,"-9,467316","-38,204532",SPRF-BA,DEL07/BA,UOP01-DEL07-BA
772461,18/05/2026,segunda-feira,06:00:00,MS,267.0,"32,1",BATAGUASSU,Condutor deixou de manter distância do veículo da frente,Colisão frontal,Com Vítimas Feridas,Pleno dia,Decrescente,Nublado,Simples,Declive;Reta,Não,4.0,0.0,0.0,1.0,1.0,1.0,0.0,4.0,"-21,728977","-52,44541",SPRF-MS,DEL02/MS,UOP04-DEL02-MS
772467,18/05/2026,segunda-feira,06:50:00,ES,262.0,23,VIANA,Estacionar ou parar em local proibido,Colisão traseira,Com Vítimas Feridas,Pleno dia,Crescente,Céu Claro,Simples,Curva,Não,3.0,0.0,1.0,0.0,1.0,1.0,0.0,3.0,"-20,37513051","-40,5213111",SPRF-ES,DEL01-ES,UOP01-DEL01-ES
772471,18/05/2026,segunda-feira,07:20:00,MG,381.0,434,SANTA LUZIA,Ausência de reação do condutor,Colisão traseira,Com Vítimas Feridas,Pleno dia,Decrescente,Céu Claro,Simples,Reta,Sim,3.0,0.0,0.0,1.0,1.0,2.0,0.0,3.0,"-19,80934616","-43,78051758",SPRF-MG,DEL01/MG,UOP01-DEL01-MG
772473,15/05/2026,sexta-feira,07:00:00,SC,280.0,165,MAFRA,Ausência de reação do condutor,Colisão lateral sentido oposto,Com Vítimas Feridas,Pleno dia,Decrescente,Garoa/Chuvisco,Simples,Reta,Sim,3.0,0.0,1.0,0.0,1.0,1.0,0.0,3.0,"-26,15809588","-49,81370687",SPRF-SC,DEL06/SC,UOP01-DEL06-SC
772474,18/05/2026,segunda-feira,07:00:00,MG,381.0,510,SAO JOAQUIM DE BICAS,Acessar a via sem observar a presença dos outros veículos,Colisão lateral mesmo sentido,Com Vítimas Feridas,Pleno dia,Decrescente,Céu Claro,Dupla,Reta,Sim,2.0,0.0,1.0,0.0,1.0,1.0,0.0,2.0,"-20,05252936","-44,28160636",SPRF-MG,DEL01/MG,UOP03-DEL01-MG
772479,18/05/2026,segunda-feira,04:20:00,BA,116.0,245,QUIJINGUE,Condutor Dormindo,Saída de leito carroçável,Com Vítimas Feridas,Plena Noite,Decrescente,Céu Claro,Simples,Reta,Não,3.0,0.0,2.0,0.0,2.0,0.0,0.0,2.0,"-10,7363821","-38,91289139",SPRF-BA,DEL07/BA,UOP03-DEL07-BA
772486,18/05/2026,segunda-feira,08:42:00,PB,101.0,"83,6",BAYEUX,Manobra de mudança de faixa,Colisão lateral mesmo sentido,Com Vítimas Feridas,Pleno dia,Decrescente,Céu Claro,Dupla,Reta,Sim,4.0,0.0,1.0,0.0,1.0,2.0,0.0,4.0,"-7,137912","-34,925054",SPRF-PB,DEL01-PB,UOP01-DEL01-PB