id,data_inversa,dia_semana,horario,uf,br,km,municipio,causa_acidente,tipo_acidente,classificacao_acidente,fase_dia,sentido_via,condicao_metereologica,tipo_pista,tracado_via,uso_solo,pessoas,mortos,feridos_leves,feridos_graves,feridos,ilesos,ignorados,veiculos,latitude,longitude,regional,delegacia,uop
772491,18/05/2026,segunda-feira,07:15:00,PR,376.0,305,MAUA DA SERRA,Ausência de reação do condutor,Tombamento,Com Vítimas Feridas,Pleno dia,Decrescente,Chuva,Dupla,Curva;Aclive,Não,2.0,0.0,1.0,0.0,1.0,0.0,0.0,2.0,"-23,94969852","-51,11918863",SPRF-PR,DEL07/PR,UOP02-DEL07-PR
772494,18/05/2026,segunda-feira,08:00:00,GO,153.0,"386,2",SAO FRANCISCO DE GOIAS,Acessar a via sem observar a presença dos outros veículos,Colisão transversal,Com Vítimas Feridas,Pleno dia,Decrescente,Céu Claro,Simples,Reta,Não,3.0,0.0,1.0,0.0,1.0,1.0,0.0,3.0,"-15,961982","-49,178648",SPRF-GO,DEL02/GO,UOP02-DEL02-GO
772497,18/05/2026,segunda-feira,05:30:00,MG,40.0,"602,1",OURO PRETO,Ausência de reação do condutor,Colisão traseira,Com Vítimas Feridas,Plena Noite,Decrescente,Nublado,Simples,Aclive;Reta,Não,2.0,0.0,0.0,1.0,1.0,1.0,0.0,2.0,"-20,4337","-43,85109",SPRF-MG,DEL05/MG,UOP02-DEL05-MG
772503,18/05/2026,segunda-feira,09:00:00,SC,470.0,"124,1",IBIRAMA,Ausência de reação do condutor,Colisão frontal,Com Vítimas Feridas,Pleno dia,Crescente,Nublado,Simples,Curva,Não,2.0,0.0,0.0,1.0,1.0,1.0,0.0,2.0,"-27,11565","-49,53228",SPRF-SC,DEL04/SC,UOP02-DEL04-SC
772505,18/05/2026,segunda-feira,05:35:00,MG,40.0,"602,2",OURO PRETO,Ausência de reação do condutor,Colisão traseira,Com Vítimas Feridas,Plena Noite,Decrescente,Nublado,Simples,Aclive;Reta,Não,5.0,0.0,3.0,0.0,3.0,1.0,0.0,3.0,"-20,43524","-43,8488",SPRF-MG,DEL05/MG,UOP02-DEL05-MG
772506,18/05/2026,segunda-feira,06:53:00,MG,40.0,"577,4",ITABIRITO,Ausência de reação do condutor,Colisão traseira,Com Vítimas Feridas,Pleno dia,Crescente,Sol,Dupla,Reta,Não,2.0,0.0,1.0,0.0,1.0,0.0,0.0,2.0,"-20,27311717","-43,95125628",SPRF-MG,DEL01/MG,UOP02-DEL01-MG
772508,18/05/2026,segunda-feira,07:30:00,PE,116.0,91,BELEM DE SAO FRANCISCO,Ultrapassagem Indevida,Colisão com objeto,Sem Vítimas,Pleno dia,Crescente,Céu Claro,Simples,Curva,Sim,2.0,0.0,0.0,0.0,0.0,1.0,0.0,2.0,"-8,6232299","-39,2418815",SPRF-PE,DEL05/PE,UOP03-DEL05-PE
772509,18/05/2026,segunda-feira,09:45:00,SP,116.0,312,SAO LOURENCO DA SERRA,Demais falhas mecânicas ou elétricas,Eventos atípicos,Com Vítimas Feridas,Pleno dia,Crescente,Sol,Dupla,Reta,Sim,2.0,0.0,1.0,0.0,1.0,0.0,0.0,2.0,"-23,88198438","-46,97262223",SPRF-SP,DEL04/SP,UOP01-DEL04-SP
772511,30/04/2026,quinta-feira,18:36:00,RJ,101.0,567,PARATY,Acessar a via sem observar a presença dos outros veículos,Colisão transversal,Com Vítimas Feridas,Plena Noite,Crescente,Garoa/Chuvisco,Simples,Reta,Sim,3.0,0.0,1.0,0.0,1.0,2.0,0.0,2.0,"-23,11777069","-44,70835805",SPRF-RJ,DEL03/RJ,UOP04-DEL03-RJ
772512,18/05/2026,segunda-feira,10:50:00,ES,101.0,73,SAO MATEUS,Transitar no Acostamento,Colisão lateral mesmo sentido,Com Vítimas Feridas,Pleno dia,Decrescente,Sol,Simples,Reta,Não,2.0,0.0,0.0,1.0,1.0,1.0,0.0,2.0,"-18,77002258","-39,86780612",SPRF-ES,DEL04-ES,UOP02-DEL04-ES
772516,15/05/2026,sexta-feira,18:00:00,SP,116.0,293,ITAPECERICA DA SERRA,Reação tardia ou ineficiente do condutor,Colisão traseira,Com Vítimas Feridas,Anoitecer,Decrescente,Garoa/Chuvisco,Dupla,Curva,Não,3.0,0.0,1.0,0.0,1.0,2.0,0.0,2.0,"-23,74203343","-46,8989687",SPRF-SP,DEL04/SP,UOP01-DEL04-SP
772517,18/05/2026,segunda-feira,10:30:00,ES,262.0,"28,9",VIANA,Ultrapassagem Indevida,Colisão lateral sentido oposto,Sem Vítimas,Pleno dia,Crescente,Sol,Simples,Curva,Não,3.0,0.0,0.0,0.0,0.0,3.0,0.0,3.0,"-20,3751305","-40,5213111",SPRF-ES,DEL01-ES,UOP01-DEL01-ES
772518,18/05/2026,segunda-feira,10:10:00,MG,116.0,754,LEOPOLDINA,Reação tardia ou ineficiente do condutor,Colisão traseira,Com Vítimas Feridas,Pleno dia,Decrescente,Céu Claro,Simples,Reta;Aclive,Não,4.0,0.0,1.0,0.0,1.0,2.0,0.0,3.0,"-21,48238316","-42,57699966",SPRF-MG,DEL07/MG,UOP01-DEL07-MG
772519,18/05/2026,segunda-feira,10:30:00,PR,153.0,505,GENERAL CARNEIRO,Ausência de reação do condutor,Colisão traseira,Com Vítimas Feridas,Pleno dia,Crescente,Céu Claro,Simples,Curva,Não,3.0,0.0,0.0,1.0,1.0,1.0,0.0,4.0,"-26,5219233","-51,3575833",SPRF-PR,DEL02/PR,UOP03-DEL02-PR
772521,15/05/2026,sexta-feira,19:00:00,SC,116.0,142,SANTA CECILIA,Transitar na contramão,Colisão frontal,Com Vítimas Feridas,Anoitecer,Decrescente,Garoa/Chuvisco,Simples,Curva,Sim,2.0,0.0,0.0,1.0,1.0,1.0,0.0,2.0,"-26,9769216","-50,397395",SPRF-SC,DEL06/SC,UOP02-DEL06-SC
772523,18/05/2026,segunda-feira,12:20:00,TO,153.0,240,COLINAS DO TOCANTINS,Reação tardia ou ineficiente do condutor,Colisão frontal,Com Vítimas Feridas,Pleno dia,Crescente,Sol,Simples,Reta,Não,3.0,0.0,0.0,1.0,1.0,1.0,0.0,3.0,"-8,018895","-48,465473",SPRF-TO,DEL02-TO,UOP01-DEL02-TO
772525,18/05/2026,segunda-feira,07:00:00,MA,226.0,"303,3",BARRA DO CORDA,Retorno proibido,Colisão transversal,Com Vítimas Feridas,Pleno dia,Crescente,Céu Claro,Simples,Reta,Sim,2.0,0.0,0.0,1.0,1.0,1.0,0.0,2.0,"-5,491435","-45,273443",SPRF-MA,DEL06-MA,UOP01-DEL06-MA
772527,18/05/2026,segunda-feira,10:25:00,RJ,116.0,137,MAGE,Ausência de reação do condutor,Colisão transversal,Com Vítimas Feridas,Pleno dia,Decrescente,Céu Claro,Dupla,Reta,Não,5.0,0.0,1.0,0.0,1.0,4.0,0.0,2.0,"-22,647981","-43,181563",SPRF-RJ,DEL04/RJ,UOP02-DEL04-RJ
772529,18/05/2026,segunda-feira,11:50:00,PR,376.0,217,JANDAIA DO SUL,Reação tardia ou ineficiente do condutor,Colisão traseira,Com Vítimas Feridas,Pleno dia,Decrescente,Céu Claro,Dupla,Reta;Aclive,Não,3.0,0.0,0.0,1.0,1.0,1.0,0.0,3.0,"-23,586228","-51,640233",SPRF-PR,DEL09/PR,UOP01-DEL09-PR
772530,18/05/2026,segunda-feira,12:20:00,PR,116.0,56,CAMPINA GRANDE DO SUL,Condutor deixou de manter distância do veículo da frente,Colisão traseira,Com Vítimas Feridas,Pleno dia,Decrescente,Chuva,Dupla,Declive;Reta,Não,5.0,0.0,0.0,1.0,1.0,2.0,0.0,5.0,"-25,28146921","-48,92749429",SPRF-PR,DEL01/PR,UOP02-DEL01-PR
772531,18/05/2026,segunda-feira,10:30:00,MG,116.0,313,ITAMBACURI,Condutor Dormindo,Saída de leito carroçável,Com Vítimas Feridas,Pleno dia,Decrescente,Céu Claro,Simples,Reta;Ponte;Declive,Não,2.0,0.0,0.0,2.0,2.0,0.0,0.0,1.0,"-18,094388","-41,6892",SPRF-MG,DEL11/MG,UOP01-DEL11-MG
772536,18/05/2026,segunda-feira,12:50:00,RS,158.0,"229,9",TUPANCIRETA,Ultrapassagem Indevida,Colisão lateral mesmo sentido,Com Vítimas Feridas,Pleno dia,Decrescente,Sol,Simples,Reta,Não,3.0,0.0,1.0,0.0,1.0,1.0,0.0,2.0,"-28,94189549","-53,64636254",SPRF-RS,DEL10/RS,UOP02-DEL10-RS
772540,18/05/2026,segunda-feira,12:55:00,SC,282.0,"605,4",MARAVILHA,Mal súbito do condutor,Saída de leito carroçável,Sem Vítimas,Pleno dia,Crescente,Nublado,Simples,Retorno Regulamentado;Interseção de Vias,Sim,1.0,0.0,0.0,0.0,0.0,1.0,0.0,1.0,"-26,782042","-53,197237",SPRF-SC,DEL07/SC,UOP02-DEL07-SC
772541,18/05/2026,segunda-feira,13:15:00,PR,153.0,"15,5",JACAREZINHO,Velocidade Incompatível,Tombamento,Com Vítimas Feridas,Pleno dia,Decrescente,Nublado,Simples,Curva;Declive,Não,4.0,0.0,2.0,0.0,2.0,1.0,0.0,4.0,"-23,12632845","-49,94388454",SPRF-PR,DEL07/PR,UOP04-DEL07-PR
772549,18/05/2026,segunda-feira,13:50:00,SC,116.0,206,PONTE ALTA,Condutor deixou de manter distância do veículo da frente,Colisão traseira,Com Vítimas Feridas,Pleno dia,Crescente,Céu Claro,Simples,Reta,Sim,2.0,0.0,1.0,0.0,1.0,1.0,0.0,2.0,"-27,47125705","-50,38278278",SPRF-SC,DEL05/SC,UOP03-DEL05-SC
772550,18/05/2026,segunda-feira,14:10:00,PR,277.0,140,BALSA NOVA,Pedestre cruzava a pista fora da faixa,Atropelamento de Pedestre,Com Vítimas Feridas,Pleno dia,Crescente,Nublado,Múltipla,Reta,Não,2.0,0.0,0.0,1.0,1.0,1.0,0.0,2.0,"-25,47133068","-49,66198967",SPRF-PR,DEL01/PR,UOP07-DEL01-PR
772551,18/05/2026,segunda-feira,14:09:00,SP,381.0,24,BRAGANCA PAULISTA,Reação tardia ou ineficiente do condutor,Colisão traseira,Com Vítimas Feridas,Pleno dia,Crescente,Nublado,Dupla,Reta,Não,5.0,0.0,0.0,2.0,2.0,2.0,0.0,6.0,"-23,020148","-46,529605",SPRF-SP,DEL03/SP,UOP02-DEL03-SP
772553,03/02/2026,terça-feira,21:15:00,AL,416.0,2,COLONIA LEOPOLDINA,Transitar na contramão,Colisão lateral sentido oposto,Com Vítimas Feridas,Plena Noite,Crescente,Céu Claro,Simples,Reta,Não,4.0,0.0,1.0,1.0,2.0,1.0,0.0,4.0,"-8,901137","-35,655598",SPRF-AL,DEL01-AL,UOP02-DEL01-AL
772556,18/05/2026,segunda-feira,13:50:00,PR,376.0,6,MARINGA,Mal súbito do condutor,Tombamento,Com Vítimas Feridas,Pleno dia,Crescente,Nublado,Múltipla,Reta;Declive,Sim,2.0,0.0,1.0,0.0,1.0,0.0,0.0,2.0,"-23,377043","-51,941987",SPRF-PR,DEL09/PR,UOP01-DEL09-PR
772558,15/05/2026,sexta-feira,20:30:00,RJ,116.0,147,DUQUE DE CAXIAS,Manobra de mudança de faixa,Colisão lateral mesmo sentido,Com Vítimas Feridas,Plena Noite,Decrescente,Céu Claro,Múltipla,Reta,Sim,6.0,0.0,3.0,0.0,3.0,2.0,0.0,4.0,"-22,67058057","-43,2752645",SPRF-RJ,DEL01/RJ,UOP02-DEL01-RJ
772561,18/05/2026,segunda-feira,13:20:00,ES,101.0,"284,3",CARIACICA,Reação tardia ou ineficiente do condutor,Colisão com objeto,Sem Vítimas,Pleno dia,Decrescente,Céu Claro,Dupla,Curva,Sim,2.0,0.0,0.0,0.0,0.0,1.0,0.0,3.0,"-20,246719","-40,369869",SPRF-ES,DEL01-ES,UOP01-DEL01-ES
772564,18/05/2026,segunda-feira,15:00:00,BA,101.0,358,WENCESLAU GUIMARAES,Afundamento ou ondulação no pavimento,Colisão frontal,Com Vítimas Feridas,Pleno dia,Decrescente,Céu Claro,Simples,Reta,Sim,2.0,0.0,1.0,0.0,1.0,1.0,0.0,2.0,"-13,6828533","-39,4780707",SPRF-BA,DEL05/BA,UOP03-DEL05-BA
772572,18/05/2026,segunda-feira,13:10:00,SC,282.0,68,RANCHO QUEIMADO,Acessar a via sem observar a presença dos outros veículos,Colisão traseira,Com Vítimas Feridas,Pleno dia,Decrescente,Nublado,Simples,Curva;Aclive,Não,3.0,0.0,0.0,1.0,1.0,1.0,0.0,3.0,"-27,69291865","-49,08136575",SPRF-SC,DEL01/SC,UOP03-DEL01-SC
772575,18/05/2026,segunda-feira,16:04:00,MG,40.0,600,OURO PRETO,Acumulo de areia ou detritos sobre o pavimento,Colisão frontal,Com Vítimas Feridas,Pleno dia,Decrescente,Chuva,Simples,Reta,Não,3.0,0.0,1.0,0.0,1.0,1.0,0.0,3.0,"-20,4230766","-43,8678834",SPRF-MG,DEL05/MG,UOP02-DEL05-MG
772579,18/05/2026,segunda-feira,15:30:00,RS,287.0,251,SANTA MARIA,Reação tardia ou ineficiente do condutor,Tombamento,Com Vítimas Feridas,Pleno dia,Crescente,Céu Claro,Múltipla,Rotatória;Curva,Sim,3.0,0.0,2.0,0.0,2.0,1.0,0.0,1.0,"-29,687286","-53,88427",SPRF-RS,DEL09/RS,UOP01-DEL09-RS
772589,18/05/2026,segunda-feira,06:37:00,PR,277.0,681,MEDIANEIRA,Condutor deixou de manter distância do veículo da frente,Colisão traseira,Com Vítimas Feridas,Amanhecer,Crescente,Nublado,Dupla,Reta,Não,4.0,0.0,1.0,0.0,1.0,3.0,0.0,3.0,"-25,3178506","-54,1573381",SPRF-PR,DEL05/PR,UOP01-DEL05-PR
772594,16/04/2026,quinta-feira,18:01:00,MG,381.0,"561,5",ITAGUARA,Problema com o freio,Tombamento,Com Vítimas Feridas,Amanhecer,Crescente,Céu Claro,Dupla,Curva;Declive,Não,2.0,0.0,1.0,1.0,2.0,0.0,0.0,1.0,"-20,37305263","-44,46997404",SPRF-MG,DEL04/MG,UOP03-DEL04-MG
772595,18/05/2026,segunda-feira,18:00:00,MG,365.0,428,PATOS DE MINAS,Chuva,Tombamento,Com Vítimas Feridas,Plena Noite,Crescente,Chuva,Simples,Reta,Não,2.0,0.0,1.0,0.0,1.0,1.0,0.0,1.0,"-18,74667","-46,63603",SPRF-MG,DEL10/MG,UOP01-DEL10-MG
772600,18/05/2026,segunda-feira,17:30:00,MG,40.0,786,JUIZ DE FORA,Chuva,Saída de leito carroçável,Com Vítimas Feridas,Anoitecer,Decrescente,Chuva,Dupla,Curva;Declive,Não,2.0,0.0,1.0,0.0,1.0,0.0,0.0,3.0,"-21,72417867","-43,43999126",SPRF-MG,DEL05/MG,UOP01-DEL05-MG
772603,18/05/2026,segunda-feira,15:20:00,GO,153.0,"265,5",NOVA GLORIA,Ausência de reação do condutor,Tombamento,Com Vítimas Feridas,Pleno dia,Crescente,Céu Claro,Simples,Reta,Não,2.0,0.0,1.0,0.0,1.0,0.0,0.0,2.0,"-15,04569417","-49,44242477",SPRF-GO,DEL07/GO,UOP02-DEL07-GO
772609,18/05/2026,segunda-feira,19:13:00,TO,153.0,387,RIO DOS BOIS,Ultrapassagem Indevida,Colisão frontal,Com Vítimas Feridas,Plena Noite,Crescente,Céu Claro,Simples,Reta,Não,3.0,0.0,0.0,1.0,1.0,1.0,0.0,3.0,"-9,3048187","-48,5496999",SPRF-TO,DEL02-TO,UOP02-DEL02-TO
772610,18/05/2026,segunda-feira,10:42:00,BA,324.0,541,AMELIA RODRIGUES,Reação tardia ou ineficiente do condutor,Tombamento,Sem Vítimas,Pleno dia,Decrescente,Sol,Dupla,Reta;Declive;Em Obras,Não,1.0,0.0,0.0,0.0,0.0,1.0,0.0,1.0,"-12,394103","-38,774278",SPRF-BA,DEL11/BA,UOP02-DEL11-BA
772613,18/05/2026,segunda-feira,16:57:00,AL,101.0,"151,9",JEQUIA DA PRAIA,Ausência de reação do condutor,Colisão traseira,Com Vítimas Feridas,Anoitecer,Crescente,Céu Claro,Dupla,Reta;Aclive,Não,3.0,0.0,0.0,1.0,1.0,1.0,0.0,4.0,"-9,89105677","-36,15411155",SPRF-AL,DEL02-AL,UOP02-DEL02-AL
772618,18/05/2026,segunda-feira,17:45:00,MT,70.0,504,CUIABA,Reação tardia ou ineficiente do condutor,Colisão traseira,Com Vítimas Feridas,Plena Noite,Decrescente,Nevoeiro/Neblina,Simples,Rotatória,Não,3.0,0.0,0.0,1.0,1.0,1.0,0.0,5.0,"-15,7003578","-56,04253004",SPRF-MT,DEL01/MT,UOP02-DEL01-MT
772622,18/05/2026,segunda-feira,18:30:00,PR,277.0,54,SAO JOSE DOS PINHAIS,Demais falhas mecânicas ou elétricas,Incêndio,Sem Vítimas,Pleno dia,Decrescente,Garoa/Chuvisco,Dupla,Reta,Não,2.0,0.0,0.0,0.0,0.0,1.0,0.0,2.0,"-25,57107711","-48,99760187",SPRF-PR,DEL01/PR,UOP05-DEL01-PR
772626,18/05/2026,segunda-feira,19:00:00,BA,116.0,"630,9",JAGUAQUARA,Ultrapassagem Indevida,Colisão frontal,Com Vítimas Fatais,Plena Noite,Crescente,Céu Claro,Simples,Reta,Não,3.0,1.0,0.0,0.0,0.0,1.0,0.0,3.0,"-13,5046","-40,05578",SPRF-BA,DEL03/BA,UOP01-DEL03-BA
772632,18/05/2026,segunda-feira,20:25:00,SC,101.0,102,BALNEARIO PICARRAS,Ausência de reação do condutor,Colisão traseira,Com Vítimas Feridas,Plena Noite,Crescente,Garoa/Chuvisco,Dupla,Reta,Não,6.0,0.0,0.0,3.0,3.0,2.0,0.0,4.0,"-26,76904128","-48,68625037",SPRF-SC,DEL03/SC,UOP02-DEL03-SC
772634,18/05/2026,segunda-feira,10:55:00,SC,282.0,"530,8",CORDILHEIRA ALTA,Ausência de reação do condutor,Colisão lateral sentido oposto,Com Vítimas Feridas,Pleno dia,Crescente,Céu Claro,Simples,Curva,Não,7.0,0.0,2.0,2.0,4.0,1.0,0.0,8.0,"-26,98856532","-52,61078435",SPRF-SC,DEL07/SC,UOP01-DEL07-SC
772635,18/05/2026,segunda-feira,18:30:00,BA,116.0,"358,5",SERRINHA,Ultrapassagem Indevida,Colisão lateral sentido oposto,Com Vítimas Feridas,Plena Noite,Crescente,Céu Claro,Simples,Curva,Sim,3.0,0.0,1.0,0.0,1.0,1.0,0.0,3.0,"-11,6638367","-39,00028467",SPRF-BA,DEL02/BA,UOP01-DEL02-BA
772638,18/05/2026,segunda-feira,18:00:00,MG,116.0,339,CAMPANARIO,Transitar na contramão,Colisão frontal,Com Vítimas Feridas,Plena Noite,Decrescente,Céu Claro,Simples,Reta,Não,2.0,0.0,1.0,0.0,1.0,0.0,0.0,2.0,"-18,310765","-41,755242",SPRF-MG,DEL11/MG,UOP01-DEL11-MG
772639,18/05/2026,segunda-feira,19:30:00,AM,174.0,1024,PRESIDENTE FIGUEIREDO,Pista esburacada,Incêndio,Sem Vítimas,Plena Noite,Crescente,Céu Claro,Simples,Aclive;Reta,Não,2.0,0.0,0.0,0.0,0.0,1.0,0.0,2.0,"-1,7375","-60,0388",SPRF-AM,DEL01-AM,UOP02-DEL01-AM
772641,18/05/2026,segunda-feira,20:57:00,MG,40.0,"472,5",SETE LAGOAS,Velocidade Incompatível,Tombamento,Com Vítimas Feridas,Plena Noite,Crescente,Nublado,Dupla,Curva,Não,2.0,0.0,1.0,0.0,1.0,0.0,0.0,2.0,"-19,485137","-44,281088",SPRF-MG,DEL02/MG,UOP01-DEL02-MG
772642,18/05/2026,segunda-feira,19:26:00,MT,364.0,574,NOBRES,Demais falhas mecânicas ou elétricas,Eventos atípicos,Sem Vítimas,Anoitecer,Decrescente,Nevoeiro/Neblina,Dupla,Aclive;Reta,Não,2.0,0.0,0.0,0.0,0.0,1.0,0.0,2.0,"-14,57427994","-56,22356415",SPRF-MT,DEL01/MT,UOP01-DEL01-MT
772650,18/05/2026,segunda-feira,11:45:00,PA,163.0,627,TRAIRAO,Demais falhas mecânicas ou elétricas,Incêndio,Sem Vítimas,Pleno dia,Crescente,Nublado,Simples,Reta,Não,2.0,0.0,0.0,0.0,0.0,1.0,0.0,4.0,"-4,7047","-55,9919",SPRF-PA,DEL05/PA,UOP03-DEL05-PA
772651,15/05/2026,sexta-feira,20:30:00,PR,116.0,"93,9",SAO JOSE DOS PINHAIS,Velocidade Incompatível,Colisão com objeto,Com Vítimas Feridas,Plena Noite,Decrescente,Céu Claro,Dupla,Reta;Aclive,Não,1.0,0.0,1.0,0.0,1.0,0.0,0.0,1.0,"-25,52125555","-49,13513884",SPRF-PR,DEL01/PR,UOP08-DEL01-PR
772653,31/03/2026,terça-feira,16:30:00,SC,101.0,146,ITAPEMA,Reação tardia ou ineficiente do condutor,Colisão traseira,Com Vítimas Feridas,Pleno dia,Decrescente,Céu Claro,Dupla,Aclive;Reta,Sim,2.0,0.0,1.0,0.0,1.0,1.0,0.0,2.0,"-27,08702173","-48,60978381",SPRF-SC,DEL04/SC,UOP03-DEL04-SC
772654,18/05/2026,segunda-feira,13:03:00,PA,163.0,434,ITAITUBA,Pista esburacada,Tombamento,Com Vítimas Feridas,Pleno dia,Crescente,Céu Claro,Simples,Reta,Não,3.0,0.0,2.0,0.0,2.0,0.0,0.0,3.0,"-6,04999","-55,684519",SPRF-PA,DEL05/PA,UOP03-DEL05-PA
772655,18/05/2026,segunda-feira,15:30:00,RJ,393.0,172,TRES RIOS,Condutor usando celular,Colisão frontal,Com Vítimas Fatais,Pleno dia,Crescente,Nublado,Dupla,Reta,Não,3.0,1.0,0.0,0.0,0.0,1.0,0.0,3.0,"-22,12298","-43,203783",SPRF-RJ,DEL05/RJ,UOP03-DEL05-RJ
772657,18/05/2026,segunda-feira,23:35:00,SP,381.0,49,ATIBAIA,Ingestão de álcool pelo condutor,Colisão traseira,Com Vítimas Feridas,Plena Noite,Decrescente,Chuva,Dupla,Reta;Aclive,Sim,4.0,0.0,1.0,0.0,1.0,3.0,0.0,3.0,"-23,20909263","-46,59210262",SPRF-SP,DEL03/SP,UOP01-DEL03-SP
772662,18/05/2026,segunda-feira,18:00:00,CE,230.0,"47,9",LAVRAS DA MANGABEIRA,Manobra de mudança de faixa,Colisão frontal,Com Vítimas Fatais,Anoitecer,Crescente,Céu Claro,Simples,Reta,Não,5.0,2.0,0.0,0.0,0.0,2.0,0.0,3.0,"-6,7662158","-39,05021667",SPRF-CE,DEL05/CE,UOP01-DEL05-CE
772665,19/05/2026,terça-feira,00:47:00,SC,470.0,"270,6",BRUNOPOLIS,Velocidade Incompatível,Tombamento,Com Vítimas Feridas,Plena Noite,Decrescente,Nublado,Simples,Declive;Curva,Não,2.0,0.0,0.0,1.0,1.0,0.0,0.0,2.0,"-27,3250833","-50,7776147",SPRF-SC,DEL07/SC,UOP06-DEL07-SC
772667,19/05/2026,terça-feira,00:00:00,BA,101.0,"947,9",MUCURI,Acessar a via sem observar a presença dos outros veículos,Colisão transversal,Com Vítimas Feridas,Plena Noite,Decrescente,Céu Claro,Simples,Interseção de Vias;Reta,Não,3.0,0.0,0.0,1.0,1.0,1.0,0.0,4.0,"-18,110563","-39,884705",SPRF-BA,DEL09/BA,UOP02-DEL09-BA
772669,19/05/2026,terça-feira,01:20:00,PR,376.0,"243,7",APUCARANA,Condutor Dormindo,Saída de leito carroçável,Com Vítimas Fatais,Plena Noite,Decrescente,Nevoeiro/Neblina,Simples,Reta,Sim,2.0,1.0,0.0,0.0,0.0,0.0,0.0,2.0,"-23,58043195","-51,4181523",SPRF-PR,DEL07/PR,UOP03-DEL07-PR
772675,19/05/2026,terça-feira,03:30:00,MS,376.0,138,IVINHEMA,Reação tardia ou ineficiente do condutor,Saída de leito carroçável,Sem Vítimas,Plena Noite,Crescente,Garoa/Chuvisco,Simples,Curva,Não,2.0,0.0,0.0,0.0,0.0,1.0,0.0,3.0,"-22,39301","-53,64274",SPRF-MS,DEL04/MS,UOP04-DEL04-MS
772676,19/05/2026,terça-feira,05:30:00,MG,262.0,371,JUATUBA,Condutor Dormindo,Tombamento,Com Vítimas Feridas,Amanhecer,Decrescente,Céu Claro,Dupla,Reta,Não,2.0,0.0,1.0,0.0,1.0,0.0,0.0,4.0,"-19,938627","-44,389012",SPRF-MG,DEL01/MG,UOP03-DEL01-MG
772677,19/05/2026,terça-feira,05:00:00,PB,230.0,"257,4",JUNCO DO SERIDO,Ausência de reação do condutor,Colisão lateral sentido oposto,Com Vítimas Feridas,Amanhecer,Decrescente,Céu Claro,Simples,Curva;Declive,Não,4.0,0.0,1.0,0.0,1.0,2.0,0.0,3.0,"-7,00727875","-36,7031765",SPRF-PB,DEL03-PB,UOP01-DEL03-PB
772679,19/05/2026,terça-feira,05:55:00,MG,116.0,"812,9",ALEM PARAIBA,Acumulo de óleo sobre o pavimento,Saída de leito carroçável,Com Vítimas Feridas,Amanhecer,Crescente,Chuva,Simples,Curva;Declive,Não,2.0,0.0,1.0,0.0,1.0,0.0,0.0,2.0,"-21,81669542","-42,69307662",SPRF-MG,DEL07/MG,UOP01-DEL07-MG
772680,19/05/2026,terça-feira,05:00:00,MG,381.0,"330,9",NOVA ERA,Ausência de reação do condutor,Tombamento,Com Vítimas Feridas,Plena Noite,Decrescente,Nevoeiro/Neblina,Simples,Curva;Declive,Não,2.0,0.0,1.0,0.0,1.0,0.0,0.0,2.0,"-19,793669","-43,0556035",SPRF-MG,DEL03/MG,UOP01-DEL03-MG
772683,19/05/2026,terça-feira,06:00:00,SC,280.0,12,SAO FRANCISCO DO SUL,Reação tardia ou ineficiente do condutor,Colisão lateral sentido oposto,Com Vítimas Feridas,Plena Noite,Crescente,Nublado,Simples,Reta,Não,3.0,0.0,2.0,0.0,2.0,0.0,0.0,5.0,"-26,31514676","-48,64520168",SPRF-SC,DEL03/SC,UOP03-DEL03-SC
772684,19/05/2026,terça-feira,01:30:00,MG,365.0,"404,2",PATOS DE MINAS,Velocidade Incompatível,Saída de leito carroçável,Com Vítimas Feridas,Plena Noite,Crescente,Chuva,Simples,Reta,Não,2.0,0.0,0.0,1.0,1.0,0.0,0.0,2.0,"-18,63682","-46,45991",SPRF-MG,DEL10/MG,UOP01-DEL10-MG
772687,15/05/2026,sexta-feira,14:50:00,RJ,101.0,316,SAO GONCALO,Suicídio (presumido),Atropelamento de Pedestre,Com Vítimas Fatais,Pleno dia,Crescente,Nublado,Dupla,Reta;Viaduto;Declive,Não,3.0,1.0,0.0,0.0,0.0,1.0,0.0,4.0,"-22,82036208","-43,08219608",SPRF-RJ,DEL02/RJ,UOP02-DEL02-RJ
772695,19/05/2026,terça-feira,07:30:00,RS,386.0,374,TAQUARI,Acessar a via sem observar a presença dos outros veículos,Colisão transversal,Com Vítimas Feridas,Pleno dia,Decrescente,Nublado,Dupla,Curva,Sim,3.0,0.0,1.0,0.0,1.0,2.0,0.0,2.0,"-29,61648","-51,78654",SPRF-RS,DEL04/RS,UOP01-DEL04-RS
772697,19/05/2026,terça-feira,07:50:00,SC,101.0,"207,3",SAO JOSE,Condutor deixou de manter distância do veículo da frente,Colisão traseira,Com Vítimas Fatais,Pleno dia,Decrescente,Céu Claro,Múltipla,Declive,Não,7.0,1.0,0.0,1.0,1.0,2.0,0.0,6.0,"-27,6015","-48,62545",SPRF-SC,DEL01/SC,UOP01-DEL01-SC
772702,15/05/2026,sexta-feira,16:00:00,MG,251.0,517,FRANCISCO SA,Chuva,Colisão com objeto,Sem Vítimas,Pleno dia,Crescente,Chuva,Simples,Ponte;Reta,Não,2.0,0.0,0.0,0.0,0.0,1.0,0.0,2.0,"-16,64752497","-43,70425165",SPRF-MG,DEL12/MG,UOP01-DEL12-MG