id,data_inversa,dia_semana,horario,uf,br,km,municipio,causa_acidente,tipo_acidente,classificacao_acidente,fase_dia,sentido_via,condicao_metereologica,tipo_pista,tracado_via,uso_solo,pessoas,mortos,feridos_leves,feridos_graves,feridos,ilesos,ignorados,veiculos,latitude,longitude,regional,delegacia,uop
772709,19/05/2026,terça-feira,08:15:00,PB,230.0,"6,2",CABEDELO,Ausência de reação do condutor,Colisão traseira,Com Vítimas Feridas,Pleno dia,Crescente,Céu Claro,Dupla,Reta;Viaduto,Sim,3.0,0.0,0.0,1.0,1.0,1.0,0.0,3.0,"-7,0221661","-34,836958",SPRF-PB,DEL01-PB,UOP01-DEL01-PB
772716,23/04/2026,quinta-feira,11:52:00,TO,153.0,"170,5",ARAGUAINA,Transitar na contramão,Colisão frontal,Com Vítimas Feridas,Pleno dia,Crescente,Céu Claro,Simples,Reta,Não,4.0,0.0,1.0,0.0,1.0,2.0,0.0,7.0,"-7,398203","-48,359023",SPRF-TO,DEL02-TO,UOP01-DEL02-TO
772718,19/05/2026,terça-feira,08:40:00,SC,116.0,"124,5",SANTA CECILIA,Transitar na contramão,Saída de leito carroçável,Com Vítimas Feridas,Pleno dia,Decrescente,Garoa/Chuvisco,Simples,Declive;Curva,Não,4.0,0.0,1.0,0.0,1.0,2.0,0.0,3.0,"-26,853316","-50,405411",SPRF-SC,DEL06/SC,UOP02-DEL06-SC
772719,15/05/2026,sexta-feira,20:00:00,BA,101.0,350,WENCESLAU GUIMARAES,Velocidade Incompatível,Tombamento,Com Vítimas Feridas,Plena Noite,Decrescente,Céu Claro,Simples,Curva,Não,2.0,0.0,1.0,0.0,1.0,0.0,0.0,2.0,"-13,619938","-39,496296",SPRF-BA,DEL05/BA,UOP03-DEL05-BA
772721,06/04/2026,segunda-feira,04:30:00,BA,235.0,268,CURACA,Ausência de sinalização,Saída de leito carroçável,Com Vítimas Feridas,Amanhecer,Crescente,Ignorado,Simples,Rotatória,Não,1.0,0.0,1.0,0.0,1.0,0.0,0.0,1.0,"-9,62180299","-39,8135363",SPRF-BA,DEL07/BA,UOP03-DEL07-BA
772722,19/05/2026,terça-feira,08:30:00,GO,153.0,505,APARECIDA DE GOIANIA,Manobra de mudança de faixa,Colisão lateral mesmo sentido,Com Vítimas Fatais,Pleno dia,Crescente,Nublado,Dupla,Reta,Sim,3.0,1.0,0.0,0.0,0.0,2.0,0.0,3.0,"-16,748119","-49,240963",SPRF-GO,DEL01/GO,UOP01-DEL01-GO
772723,19/05/2026,terça-feira,08:20:00,RS,290.0,177,BUTIA,Acessar a via sem observar a presença dos outros veículos,Colisão traseira,Com Vítimas Feridas,Pleno dia,Crescente,Nevoeiro/Neblina,Simples,Reta,Não,2.0,0.0,1.0,0.0,1.0,1.0,0.0,2.0,"-30,13433156","-51,97961379",SPRF-RS,DEL02/RS,UOP03-DEL02-RS
772732,19/05/2026,terça-feira,08:25:00,RJ,116.0,145,DUQUE DE CAXIAS,Trafegar com motocicleta (ou similar) entre as faixas,Colisão traseira,Com Vítimas Feridas,Pleno dia,Crescente,Nublado,Dupla,Reta,Sim,5.0,0.0,2.0,0.0,2.0,2.0,0.0,3.0,"-22,6623541","-43,25566376",SPRF-RJ,DEL01/RJ,UOP02-DEL01-RJ
772738,19/05/2026,terça-feira,10:50:00,PR,277.0,"660,6",MATELANDIA,Reação tardia ou ineficiente do condutor,Colisão traseira,Sem Vítimas,Pleno dia,Crescente,Céu Claro,Dupla,Curva,Sim,2.0,0.0,0.0,0.0,0.0,1.0,0.0,2.0,"-25,247905","-53,984343",SPRF-PR,DEL05/PR,UOP02-DEL05-PR
772740,19/05/2026,terça-feira,10:21:00,CE,222.0,302,TIANGUA,Demais falhas mecânicas ou elétricas,Colisão lateral mesmo sentido,Sem Vítimas,Pleno dia,Decrescente,Céu Claro,Simples,Declive,Não,5.0,0.0,0.0,0.0,0.0,4.0,0.0,5.0,"-3,66422375","-40,9566829",SPRF-CE,DEL04/CE,UOP02-DEL04-CE
772751,19/05/2026,terça-feira,13:00:00,RS,448.0,22,PORTO ALEGRE,Reação tardia ou ineficiente do condutor,Tombamento,Com Vítimas Feridas,Pleno dia,Crescente,Céu Claro,Múltipla,Declive;Reta;Viaduto,Sim,2.0,0.0,1.0,0.0,1.0,0.0,0.0,2.0,"-29,97594052","-51,19978666",SPRF-RS,DEL01/RS,UOP01-DEL01-RS
772755,19/05/2026,terça-feira,12:30:00,MG,40.0,"807,5",MATIAS BARBOSA,Condutor deixou de manter distância do veículo da frente,Colisão lateral mesmo sentido,Com Vítimas Feridas,Pleno dia,Decrescente,Céu Claro,Dupla,Aclive,Não,4.0,0.0,2.0,0.0,2.0,1.0,0.0,3.0,"-21,86516297","-43,3686161",SPRF-MG,DEL05/MG,UOP01-DEL05-MG
772757,19/05/2026,terça-feira,13:20:00,PR,376.0,648,TIJUCAS DO SUL,Transtornos Mentais (exceto suicidio),Queda de ocupante de veículo,Com Vítimas Feridas,Pleno dia,Decrescente,Nublado,Dupla,Declive;Curva,Não,3.0,0.0,1.0,0.0,1.0,1.0,0.0,3.0,"-25,84581173","-49,09740385",SPRF-PR,DEL01/PR,UOP04-DEL01-PR
772758,19/05/2026,terça-feira,12:30:00,GO,40.0,"8,1",VALPARAISO DE GOIAS,Trafegar com motocicleta (ou similar) entre as faixas,Colisão traseira,Com Vítimas Fatais,Pleno dia,Decrescente,Céu Claro,Dupla,Reta,Sim,5.0,1.0,0.0,1.0,1.0,3.0,0.0,3.0,"-16,11775","-47,96627",SPRF-DF,DEL01-DF,UOP01-DEL01-DF
772759,19/05/2026,terça-feira,10:21:00,PE,423.0,156,IATI,Demais falhas mecânicas ou elétricas,Saída de leito carroçável,Com Vítimas Feridas,Pleno dia,Decrescente,Céu Claro,Simples,Curva,Não,2.0,0.0,0.0,1.0,1.0,0.0,0.0,2.0,"-9,06028081","-36,93392694",SPRF-PE,DEL03/PE,UOP01-DEL03-PE
772761,19/05/2026,terça-feira,13:00:00,MS,163.0,87,ITAQUIRAI,Condutor deixou de manter distância do veículo da frente,Colisão traseira,Com Vítimas Feridas,Pleno dia,Crescente,Céu Claro,Simples,Declive;Reta,Não,3.0,0.0,0.0,1.0,1.0,1.0,0.0,3.0,"-23,39781","-54,21039",SPRF-MS,DEL09/MS,UOP01-DEL09-MS
772763,19/05/2026,terça-feira,11:25:00,MT,163.0,793,VERA,Ausência de reação do condutor,Colisão traseira,Sem Vítimas,Pleno dia,Crescente,Céu Claro,Simples,Aclive,Não,3.0,0.0,0.0,0.0,0.0,2.0,0.0,7.0,"-12,218986","-55,542046",SPRF-MT,DEL06/MT,UOP02-DEL06-MT
772766,19/05/2026,terça-feira,11:46:00,SC,282.0,"207,9",LAGES,Transitar na contramão,Colisão frontal,Com Vítimas Fatais,Pleno dia,Crescente,Sol,Simples,Aclive;Reta,Não,2.0,1.0,0.0,0.0,0.0,1.0,0.0,2.0,"-27,77511","-50,21054",SPRF-SC,DEL05/SC,UOP01-DEL05-SC
772775,19/05/2026,terça-feira,13:30:00,MT,174.0,535,COMODORO,Reação tardia ou ineficiente do condutor,Colisão lateral mesmo sentido,Sem Vítimas,Pleno dia,Decrescente,Céu Claro,Simples,Reta,Não,4.0,0.0,0.0,0.0,0.0,3.0,0.0,4.0,"-13,27388241","-59,8659575",SPRF-MT,DEL04/MT,UOP02-DEL04-MT
772778,19/05/2026,terça-feira,11:30:00,MG,153.0,246,FRONTEIRA,Ausência de reação do condutor,Saída de leito carroçável,Com Vítimas Feridas,Pleno dia,Crescente,Céu Claro,Simples,Declive;Curva,Não,4.0,0.0,1.0,0.0,1.0,1.0,0.0,7.0,"-20,303092","-49,207301",SPRF-MG,DEL13/MG,UOP02-DEL13-MG
772779,15/05/2026,sexta-feira,20:00:00,SC,101.0,37,JOINVILLE,Acessar a via sem observar a presença dos outros veículos,Colisão traseira,Com Vítimas Feridas,Plena Noite,Decrescente,Chuva,Dupla,Reta;Interseção de Vias,Sim,6.0,0.0,4.0,0.0,4.0,1.0,0.0,3.0,"-26,2798499","-48,89091365",SPRF-SC,DEL03/SC,UOP01-DEL03-SC
772780,19/05/2026,terça-feira,12:30:00,RO,364.0,"194,2",PIMENTA BUENO,Ausência de reação do condutor,Colisão com objeto,Sem Vítimas,Pleno dia,Decrescente,Nublado,Simples,Reta,Sim,2.0,0.0,0.0,0.0,0.0,1.0,0.0,2.0,"-11,697349","-61,173192",SPRF-RO,DEL02-RO,UOP02-DEL02-RO
772782,19/05/2026,terça-feira,15:20:00,MG,50.0,71,UBERLANDIA,Manobra de mudança de faixa,Colisão lateral mesmo sentido,Com Vítimas Feridas,Pleno dia,Crescente,Céu Claro,Dupla,Reta,Sim,3.0,0.0,2.0,0.0,2.0,1.0,0.0,2.0,"-18,89463847","-48,24958054",SPRF-MG,DEL15/MG,UOP01-DEL15-MG
772783,19/05/2026,terça-feira,14:35:00,SC,101.0,362,SANGAO,Ausência de reação do condutor,Colisão traseira,Com Vítimas Feridas,Pleno dia,Decrescente,Nublado,Múltipla,Aclive;Curva,Sim,3.0,0.0,1.0,0.0,1.0,1.0,0.0,3.0,"-28,677774","-49,136561",SPRF-SC,DEL02/SC,UOP01-DEL02-SC
772785,19/05/2026,terça-feira,15:30:00,GO,153.0,600,MORRINHOS,Reação tardia ou ineficiente do condutor,Tombamento,Com Vítimas Feridas,Pleno dia,Crescente,Céu Claro,Dupla,Aclive,Não,1.0,0.0,1.0,0.0,1.0,0.0,0.0,1.0,"-17,54912738","-49,20702338",SPRF-GO,DEL03/GO,UOP01-DEL03-GO
772794,19/05/2026,terça-feira,14:12:00,BA,101.0,122,ALAGOINHAS,Ultrapassagem Indevida,Colisão frontal,Com Vítimas Feridas,Pleno dia,Crescente,Sol,Simples,Reta,Não,3.0,0.0,0.0,1.0,1.0,1.0,0.0,4.0,"-12,153289","-38,514126",SPRF-BA,DEL01/BA,UOP04-DEL01-BA
772797,19/05/2026,terça-feira,16:30:00,BA,101.0,712,EUNAPOLIS,Reação tardia ou ineficiente do condutor,Colisão traseira,Com Vítimas Feridas,Pleno dia,Crescente,Céu Claro,Simples,Aclive;Curva,Não,2.0,0.0,1.0,0.0,1.0,1.0,0.0,2.0,"-16,328322","-39,581567",SPRF-BA,DEL09/BA,UOP01-DEL09-BA
772799,19/05/2026,terça-feira,16:34:00,SC,280.0,"22,2",ARAQUARI,Ultrapassagem Indevida,Colisão frontal,Com Vítimas Fatais,Pleno dia,Crescente,Céu Claro,Simples,Reta;Em Obras,Sim,9.0,2.0,0.0,3.0,3.0,1.0,0.0,5.0,"-26,371013","-48,704315",SPRF-SC,DEL03/SC,UOP03-DEL03-SC
772801,19/05/2026,terça-feira,09:20:00,RS,116.0,"139,5",CAXIAS DO SUL,Ausência de reação do condutor,Colisão com objeto,Sem Vítimas,Pleno dia,Crescente,Nevoeiro/Neblina,Dupla,Curva,Não,1.0,0.0,0.0,0.0,0.0,1.0,0.0,1.0,"-29,101297","-51,11047",SPRF-RS,DEL05/RS,UOP01-DEL05-RS
772808,19/05/2026,terça-feira,17:20:00,DF,60.0,"3,1",BRASILIA,Acessar a via sem observar a presença dos outros veículos,Colisão lateral mesmo sentido,Com Vítimas Feridas,Pleno dia,Decrescente,Céu Claro,Dupla,Reta,Sim,3.0,0.0,0.0,1.0,1.0,2.0,0.0,2.0,"-15,889913","-48,085228",SPRF-DF,DEL03-DF,UOP01-DEL03-DF
772809,19/05/2026,terça-feira,16:47:00,RJ,116.0,203,QUEIMADOS,Reação tardia ou ineficiente do condutor,Colisão traseira,Com Vítimas Feridas,Pleno dia,Decrescente,Nublado,Dupla,Reta;Em Obras,Não,3.0,0.0,0.0,1.0,1.0,2.0,0.0,3.0,"-22,73049","-43,624645",SPRF-RJ,DEL06/RJ,UOP02-DEL06-RJ
772813,19/05/2026,terça-feira,18:04:00,SP,116.0,220,GUARULHOS,Demais falhas mecânicas ou elétricas,Incêndio,Sem Vítimas,Plena Noite,Decrescente,Nublado,Múltipla,Reta,Sim,1.0,0.0,0.0,0.0,0.0,1.0,0.0,1.0,"-23,46412833","-46,49738176",SPRF-SP,DEL01/SP,UOP01-DEL01-SP
772815,09/04/2026,quinta-feira,11:40:00,RO,364.0,516,ARIQUEMES,Acessar a via sem observar a presença dos outros veículos,Colisão transversal,Com Vítimas Feridas,Pleno dia,Crescente,Céu Claro,Simples,Rotatória,Sim,3.0,0.0,2.0,0.0,2.0,1.0,0.0,2.0,"-9,91563795","-63,05534053",SPRF-RO,DEL03-RO,UOP01-DEL03-RO
772820,10/04/2026,sexta-feira,02:50:00,RJ,40.0,92,PETROPOLIS,Demais falhas mecânicas ou elétricas,Incêndio,Sem Vítimas,Plena Noite,Crescente,Chuva,Dupla,Declive;Reta,Não,2.0,0.0,0.0,0.0,0.0,1.0,0.0,2.0,"-22,551993","-43,249633",SPRF-RJ,DEL01/RJ,UOP01-DEL01-RJ
772823,19/05/2026,terça-feira,18:10:00,MT,158.0,551,AGUA BOA,Ausência de reação do condutor,Colisão lateral sentido oposto,Com Vítimas Feridas,Anoitecer,Decrescente,Céu Claro,Simples,Reta,Não,4.0,0.0,0.0,1.0,1.0,2.0,0.0,6.0,"-13,939036","-52,101108",SPRF-MT,DEL07/MT,UOP02-DEL07-MT
772826,19/05/2026,terça-feira,15:40:00,MG,116.0,"626,1",ORIZANIA,Ausência de reação do condutor,Tombamento,Com Vítimas Feridas,Pleno dia,Crescente,Nublado,Simples,Curva,Não,2.0,0.0,1.0,0.0,1.0,0.0,0.0,2.0,"-20,46336443","-42,17651367",SPRF-MG,DEL07/MG,UOP02-DEL07-MG
772828,19/05/2026,terça-feira,14:20:00,MT,364.0,174,PEDRA PRETA,Transitar na contramão,Colisão frontal,Com Vítimas Fatais,Pleno dia,Crescente,Céu Claro,Simples,Reta,Não,3.0,1.0,0.0,0.0,0.0,1.0,0.0,5.0,"-16,63371753","-54,43763888",SPRF-MT,DEL02/MT,UOP01-DEL02-MT
772830,19/05/2026,terça-feira,19:45:00,PR,277.0,"195,3",PALMEIRA,Ausência de reação do condutor,Atropelamento de Pedestre,Com Vítimas Fatais,Plena Noite,Crescente,Nevoeiro/Neblina,Simples,Reta,Não,2.0,1.0,0.0,0.0,0.0,0.0,0.0,2.0,"-25,42281127","-50,0938797",SPRF-PR,DEL08/PR,UOP02-DEL08-PR
772842,19/05/2026,terça-feira,22:10:00,PR,116.0,126,FAZENDA RIO GRANDE,Manobra de mudança de faixa,Colisão lateral mesmo sentido,Com Vítimas Feridas,Plena Noite,Crescente,Céu Claro,Dupla,Reta;Interseção de Vias,Sim,5.0,0.0,2.0,0.0,2.0,3.0,0.0,2.0,"-25,640936","-49,313053",SPRF-PR,DEL01/PR,UOP03-DEL01-PR
772850,19/05/2026,terça-feira,23:14:00,BA,135.0,25,FORMOSA DO RIO PRETO,Pedestre - Ingestão de álcool/ substâncias psicoativas,Eventos atípicos,Com Vítimas Fatais,Plena Noite,Decrescente,Nublado,Dupla,Reta,Não,2.0,1.0,0.0,0.0,0.0,0.0,0.0,2.0,"-11,048023","-45,207713",SPRF-BA,DEL10/BA,UOP01-DEL10-BA
772851,19/05/2026,terça-feira,23:23:00,GO,153.0,"621,4",MORRINHOS,Suicídio (presumido),Atropelamento de Pedestre,Com Vítimas Fatais,Plena Noite,Decrescente,Céu Claro,Dupla,Reta,Não,3.0,1.0,0.0,0.0,0.0,1.0,0.0,3.0,"-17,72525","-49,154465",SPRF-GO,DEL03/GO,UOP01-DEL03-GO
772853,20/05/2026,quarta-feira,01:30:00,SP,116.0,507,CAJATI,Reação tardia ou ineficiente do condutor,Colisão traseira,Com Vítimas Feridas,Plena Noite,Decrescente,Chuva,Dupla,Curva,Não,4.0,0.0,1.0,0.0,1.0,2.0,0.0,3.0,"-24,77888959","-48,19860332",SPRF-SP,DEL05/SP,UOP02-DEL05-SP
772857,20/05/2026,quarta-feira,05:30:00,PR,277.0,"486,1",NOVA LARANJEIRAS,Transitar na contramão,Colisão frontal,Com Vítimas Feridas,Plena Noite,Decrescente,Nevoeiro/Neblina,Simples,Declive;Curva,Não,4.0,0.0,1.0,1.0,2.0,1.0,0.0,3.0,"-25,26588458","-52,62522994",SPRF-PR,DEL04/PR,UOP02-DEL04-PR
772859,20/05/2026,quarta-feira,05:50:00,BA,349.0,925,CORRENTINA,Reação tardia ou ineficiente do condutor,Colisão traseira,Sem Vítimas,Amanhecer,Crescente,Céu Claro,Simples,Reta,Não,4.0,0.0,0.0,0.0,0.0,3.0,0.0,2.0,"-13,39027616","-44,5374554",SPRF-BA,DEL10/BA,UOP02-DEL10-BA
772873,20/05/2026,quarta-feira,04:30:00,AM,174.0,997,PRESIDENTE FIGUEIREDO,Afundamento ou ondulação no pavimento,Saída de leito carroçável,Com Vítimas Feridas,Plena Noite,Crescente,Céu Claro,Simples,Reta,Não,2.0,0.0,1.0,0.0,1.0,0.0,0.0,3.0,"-2,00013532","-60,02620697",SPRF-AM,DEL01-AM,UOP02-DEL01-AM
772876,18/05/2026,segunda-feira,06:50:00,SC,282.0,483,FAXINAL DOS GUEDES,Condutor deixou de manter distância do veículo da frente,Colisão traseira,Com Vítimas Feridas,Amanhecer,Crescente,Nevoeiro/Neblina,Simples,Reta,Não,4.0,0.0,2.0,0.0,2.0,2.0,0.0,2.0,"-26,864975","-52,211827",SPRF-SC,DEL07/SC,UOP01-DEL07-SC
772882,20/05/2026,quarta-feira,05:30:00,MT,163.0,1102,GUARANTA DO NORTE,Declive acentuado,Tombamento,Sem Vítimas,Amanhecer,Decrescente,Nublado,Simples,Curva;Declive,Não,1.0,0.0,0.0,0.0,0.0,0.0,1.0,1.0,"-9,64864629","-54,87224579",SPRF-MT,DEL06/MT,UOP03-DEL06-MT
772899,21/04/2026,terça-feira,22:50:00,BA,349.0,889,SANTA MARIA DA VITORIA,Demais falhas mecânicas ou elétricas,Tombamento,Com Vítimas Feridas,Plena Noite,Crescente,Céu Claro,Simples,Curva;Declive,Não,2.0,0.0,1.0,0.0,1.0,0.0,0.0,2.0,"-13,38837","-44,28149",SPRF-BA,DEL10/BA,UOP02-DEL10-BA
772902,20/05/2026,quarta-feira,06:56:00,RJ,101.0,"23,5",CAMPOS DOS GOYTACAZES,Condutor Dormindo,Tombamento,Com Vítimas Feridas,Pleno dia,Crescente,Céu Claro,Simples,Curva,Não,2.0,0.0,2.0,0.0,2.0,0.0,0.0,1.0,"-21,404036","-41,344078",SPRF-RJ,DEL08/RJ,UOP01-DEL08-RJ
772908,20/05/2026,quarta-feira,11:45:00,MG,365.0,"604,8",UBERLANDIA,Ausência de reação do condutor,Colisão lateral mesmo sentido,Com Vítimas Feridas,Pleno dia,Decrescente,Nublado,Simples,Curva;Declive,Não,2.0,0.0,1.0,0.0,1.0,0.0,0.0,2.0,"-18,892512","-48,150445",SPRF-MG,DEL15/MG,UOP01-DEL15-MG
772909,28/04/2026,terça-feira,09:00:00,RO,364.0,"179,8",PIMENTA BUENO,Reação tardia ou ineficiente do condutor,Colisão lateral sentido oposto,Com Vítimas Feridas,Pleno dia,Decrescente,Sol,Simples,Curva;Declive,Não,3.0,0.0,2.0,0.0,2.0,0.0,0.0,7.0,"-11,73175801","-61,12563372",SPRF-RO,DEL02-RO,UOP02-DEL02-RO
772914,20/05/2026,quarta-feira,11:00:00,MG,381.0,"855,2",POUSO ALEGRE,Condutor deixou de manter distância do veículo da frente,Colisão traseira,Com Vítimas Feridas,Pleno dia,Decrescente,Nublado,Dupla,Reta,Não,4.0,0.0,1.0,0.0,1.0,2.0,0.0,3.0,"-22,28256469","-45,89563206",SPRF-MG,DEL16/MG,UOP01-DEL16-MG
772915,22/04/2026,quarta-feira,21:50:00,RJ,393.0,132,SAPUCAIA,Ultrapassagem Indevida,Colisão frontal,Com Vítimas Fatais,Plena Noite,Decrescente,Céu Claro,Simples,Reta,Não,2.0,1.0,0.0,0.0,0.0,0.0,0.0,2.0,"-21,99094443","-42,90661097",SPRF-RJ,DEL05/RJ,UOP01-DEL05-RJ
772920,20/05/2026,quarta-feira,13:00:00,MG,381.0,496,BETIM,Condutor deixou de manter distância do veículo da frente,Colisão traseira,Sem Vítimas,Pleno dia,Decrescente,Céu Claro,Múltipla,Reta;Aclive,Sim,4.0,0.0,0.0,0.0,0.0,2.0,0.0,5.0,"-19,97551121","-44,19464562",SPRF-MG,DEL01/MG,UOP03-DEL01-MG
772921,12/05/2026,terça-feira,13:50:00,BA,116.0,516,ITATIM,Ultrapassagem Indevida,Colisão lateral sentido oposto,Sem Vítimas,Pleno dia,Crescente,Céu Claro,Simples,Reta,Não,2.0,0.0,0.0,0.0,0.0,2.0,0.0,2.0,"-12,68643481","-39,68294844",SPRF-BA,DEL02/BA,UOP01-DEL02-BA
772922,01/05/2026,sexta-feira,03:41:00,RJ,101.0,286,ITABORAI,Ausência de reação do condutor,Colisão traseira,Com Vítimas Feridas,Amanhecer,Decrescente,Nublado,Dupla,Reta,Não,8.0,0.0,1.0,1.0,2.0,6.0,0.0,8.0,"-22,76328","-42,85059787",SPRF-RJ,DEL02/RJ,UOP02-DEL02-RJ
772924,20/05/2026,quarta-feira,14:00:00,GO,153.0,443,ANAPOLIS,Acessar a via sem observar a presença dos outros veículos,Colisão transversal,Sem Vítimas,Pleno dia,Crescente,Céu Claro,Dupla,Em Obras;Rotatória,Sim,3.0,0.0,0.0,0.0,0.0,3.0,0.0,2.0,"-16,354598","-48,929433",SPRF-GO,DEL02/GO,UOP01-DEL02-GO
772928,20/05/2026,quarta-feira,14:40:00,SC,101.0,151,ITAPEMA,Transitar no Acostamento,Colisão traseira,Com Vítimas Feridas,Pleno dia,Decrescente,Céu Claro,Dupla,Reta,Sim,2.0,0.0,1.0,0.0,1.0,1.0,0.0,2.0,"-27,130093","-48,609545",SPRF-SC,DEL04/SC,UOP03-DEL04-SC
772929,20/05/2026,quarta-feira,12:20:00,PR,376.0,225,APUCARANA,Reação tardia ou ineficiente do condutor,Saída de leito carroçável,Com Vítimas Feridas,Pleno dia,Decrescente,Céu Claro,Dupla,Curva,Não,3.0,0.0,1.0,0.0,1.0,1.0,0.0,3.0,"-23,58530595","-51,56450272",SPRF-PR,DEL07/PR,UOP03-DEL07-PR
772932,20/05/2026,quarta-feira,14:58:00,SC,101.0,"162,4",TIJUCAS,Manobra de mudança de faixa,Colisão lateral mesmo sentido,Com Vítimas Fatais,Pleno dia,Decrescente,Sol,Dupla,Interseção de Vias;Viaduto,Sim,4.0,1.0,0.0,0.0,0.0,2.0,0.0,4.0,"-27,23082088","-48,62939358",SPRF-SC,DEL04/SC,UOP03-DEL04-SC
772934,20/05/2026,quarta-feira,14:45:00,SC,470.0,"67,2",INDAIAL,Reação tardia ou ineficiente do condutor,Tombamento,Com Vítimas Feridas,Pleno dia,Decrescente,Céu Claro,Dupla,Reta,Sim,1.0,0.0,1.0,0.0,1.0,0.0,0.0,1.0,"-26,87314796","-49,23278332",SPRF-SC,DEL04/SC,UOP01-DEL04-SC
772949,10/05/2026,domingo,05:15:00,MS,262.0,"733,5",CORUMBA,Ultrapassagem Indevida,Saída de leito carroçável,Sem Vítimas,Amanhecer,Crescente,Nevoeiro/Neblina,Simples,Curva,Não,4.0,0.0,0.0,0.0,0.0,1.0,0.0,5.0,"-19,349259","-57,570926",SPRF-MS,DEL03/MS,UOP03-DEL03-MS
772952,20/05/2026,quarta-feira,15:30:00,PR,277.0,184,PALMEIRA,Ausência de reação do condutor,Colisão frontal,Com Vítimas Feridas,Pleno dia,Crescente,Céu Claro,Simples,Reta;Em Obras,Não,4.0,0.0,3.0,0.0,3.0,0.0,0.0,5.0,"-25,424847","-50,07293",SPRF-PR,DEL08/PR,UOP02-DEL08-PR
772954,20/05/2026,quarta-feira,16:00:00,RJ,101.0,297,ITABORAI,Reação tardia ou ineficiente do condutor,Engavetamento,Com Vítimas Feridas,Pleno dia,Crescente,Nublado,Múltipla,Reta,Sim,4.0,0.0,1.0,0.0,1.0,2.0,0.0,4.0,"-22,77132762","-42,92597294",SPRF-RJ,DEL02/RJ,UOP02-DEL02-RJ
772956,20/05/2026,quarta-feira,11:20:00,RJ,101.0,450,MANGARATIBA,Reação tardia ou ineficiente do condutor,Colisão lateral sentido oposto,Com Vítimas Fatais,Pleno dia,Crescente,Chuva,Simples,Curva,Não,3.0,1.0,1.0,1.0,2.0,0.0,0.0,3.0,"-23,024701","-44,121302",SPRF-RJ,DEL03/RJ,UOP02-DEL03-RJ
772959,20/05/2026,quarta-feira,15:00:00,BA,242.0,257,ITABERABA,Reação tardia ou ineficiente do condutor,Tombamento,Com Vítimas Feridas,Pleno dia,Decrescente,Céu Claro,Simples,Reta,Não,2.0,0.0,1.0,0.0,1.0,0.0,0.0,3.0,"-12,488716","-40,522037",SPRF-BA,DEL06/BA,UOP02-DEL06-BA
772961,20/05/2026,quarta-feira,10:30:00,AL,316.0,128,MINADOR DO NEGRAO,Carga excessiva e/ou mal acondicionada,Colisão com objeto,Com Vítimas Feridas,Pleno dia,Crescente,Céu Claro,Simples,Reta,Não,2.0,0.0,0.0,1.0,1.0,1.0,0.0,2.0,"-9,39252618","-36,86637131",SPRF-AL,DEL03-AL,UOP01-DEL03-AL
772965,20/05/2026,quarta-feira,16:46:00,SC,282.0,"362,3",ERVAL VELHO,Acessar a via sem observar a presença dos outros veículos,Colisão transversal,Com Vítimas Feridas,Pleno dia,Decrescente,Céu Claro,Simples,Reta;Declive,Não,2.0,0.0,0.0,1.0,1.0,1.0,0.0,2.0,"-27,307608","-51,377341",SPRF-SC,DEL07/SC,UOP05-DEL07-SC
772968,20/05/2026,quarta-feira,08:10:00,MG,381.0,"936,1",EXTREMA,Carga excessiva e/ou mal acondicionada,Derramamento de carga,Sem Vítimas,Pleno dia,Crescente,Nublado,Dupla,Curva;Declive,Não,2.0,0.0,0.0,0.0,0.0,1.0,0.0,2.0,"-22,81250495","-46,28451634",SPRF-MG,DEL16/MG,UOP03-DEL16-MG
772971,20/05/2026,quarta-feira,17:00:00,SP,116.0,282,EMBU DAS ARTES,Trafegar com motocicleta (ou similar) entre as faixas,Colisão lateral mesmo sentido,Com Vítimas Feridas,Anoitecer,Decrescente,Nublado,Dupla,Reta,Sim,5.0,0.0,0.0,1.0,1.0,1.0,0.0,6.0,"-23,662775","-46,852975",SPRF-SP,DEL04/SP,UOP01-DEL04-SP
772973,20/05/2026,quarta-feira,17:25:00,MA,10.0,237,IMPERATRIZ,Reação tardia ou ineficiente do condutor,Engavetamento,Com Vítimas Feridas,Anoitecer,Decrescente,Céu Claro,Simples,Reta,Não,6.0,0.0,1.0,0.0,1.0,4.0,0.0,4.0,"-5,64256","-47,39787",SPRF-MA,DEL04-MA,UOP01-DEL04-MA
772982,20/05/2026,quarta-feira,18:20:00,PR,376.0,519,PONTA GROSSA,Condutor usando celular,Colisão traseira,Com Vítimas Feridas,Plena Noite,Crescente,Céu Claro,Dupla,Aclive;Reta,Não,3.0,0.0,1.0,0.0,1.0,1.0,0.0,4.0,"-25,270031","-49,938105",SPRF-PR,DEL03/PR,UOP03-DEL03-PR
772983,20/05/2026,quarta-feira,19:00:00,GO,153.0,"425,5",ANAPOLIS,Ingestão de álcool pelo condutor,Colisão traseira,Com Vítimas Feridas,Plena Noite,Crescente,Céu Claro,Dupla,Reta;Declive,Não,3.0,0.0,0.0,1.0,1.0,1.0,0.0,3.0,"-16,22201419","-49,0133342",SPRF-GO,DEL02/GO,UOP01-DEL02-GO
772989,20/05/2026,quarta-feira,19:00:00,MG,381.0,"359,4",SAO GONCALO DO RIO ABAIXO,Chuva,Colisão frontal,Com Vítimas Feridas,Plena Noite,Crescente,Chuva,Dupla,Curva,Não,2.0,0.0,0.0,1.0,1.0,1.0,0.0,2.0,"-19,85437231","-43,24699044",SPRF-MG,DEL03/MG,UOP01-DEL03-MG