id,data_inversa,dia_semana,horario,uf,br,km,municipio,causa_acidente,tipo_acidente,classificacao_acidente,fase_dia,sentido_via,condicao_metereologica,tipo_pista,tracado_via,uso_solo,pessoas,mortos,feridos_leves,feridos_graves,feridos,ilesos,ignorados,veiculos,latitude,longitude,regional,delegacia,uop
772992,20/05/2026,quarta-feira,17:45:00,SE,101.0,36,JAPARATUBA,Demais falhas mecânicas ou elétricas,Colisão com objeto,Sem Vítimas,Plena Noite,Decrescente,Céu Claro,Dupla,Reta,Não,2.0,0.0,0.0,0.0,0.0,1.0,0.0,4.0,"-10,49322279","-36,9448727",SPRF-SE,DEL02-SE,UOP02-DEL02-SE
772995,20/05/2026,quarta-feira,16:58:00,SC,101.0,281,IMBITUBA,Ausência de reação do condutor,Colisão com objeto,Com Vítimas Feridas,Pleno dia,Crescente,Céu Claro,Múltipla,Reta,Sim,3.0,0.0,0.0,1.0,1.0,1.0,0.0,3.0,"-28,2029757","-48,69870186",SPRF-SC,DEL02/SC,UOP03-DEL02-SC
772997,20/05/2026,quarta-feira,17:30:00,BA,101.0,820,ITAMARAJU,Objeto estático sobre o leito carroçável,Colisão com objeto,Com Vítimas Feridas,Anoitecer,Crescente,Céu Claro,Simples,Curva;Aclive,Não,5.0,0.0,2.0,1.0,3.0,1.0,0.0,3.0,"-17,10625745","-39,56515789",SPRF-BA,DEL09/BA,UOP01-DEL09-BA
772999,20/05/2026,quarta-feira,15:00:00,PA,163.0,"405,1",ITAITUBA,Reação tardia ou ineficiente do condutor,Tombamento,Com Vítimas Feridas,Pleno dia,Crescente,Céu Claro,Simples,Curva;Declive,Não,3.0,0.0,1.0,0.0,1.0,1.0,0.0,5.0,"-6,258667","-55,607185",SPRF-PA,DEL05/PA,UOP03-DEL05-PA
773002,20/05/2026,quarta-feira,16:00:00,MG,116.0,319,ITAMBACURI,Demais falhas mecânicas ou elétricas,Incêndio,Sem Vítimas,Pleno dia,Decrescente,Céu Claro,Simples,Reta,Não,1.0,0.0,0.0,0.0,0.0,1.0,0.0,1.0,"-18,147842","-41,697542",SPRF-MG,DEL11/MG,UOP01-DEL11-MG
773004,20/05/2026,quarta-feira,17:19:00,AC,364.0,142,RIO BRANCO,Acessar a via sem observar a presença dos outros veículos,Colisão lateral mesmo sentido,Com Vítimas Feridas,Plena Noite,Decrescente,Nublado,Dupla,Reta;Declive,Sim,4.0,0.0,1.0,0.0,1.0,3.0,0.0,2.0,"-9,93613","-67,88239",SPRF-AC,DEL01-AC,UOP01-DEL01-AC
773006,20/05/2026,quarta-feira,16:30:00,MT,70.0,"645,4",CACERES,Manobra de mudança de faixa,Colisão lateral mesmo sentido,Com Vítimas Feridas,Pleno dia,Decrescente,Céu Claro,Simples,Reta,Não,4.0,0.0,1.0,0.0,1.0,1.0,0.0,4.0,"-15,96215","-57,16235",SPRF-MT,DEL03/MT,UOP02-DEL03-MT
773007,20/05/2026,quarta-feira,19:10:00,PI,316.0,"313,6",PICOS,Manobra de mudança de faixa,Tombamento,Sem Vítimas,Plena Noite,Decrescente,Céu Claro,Simples,Reta,Sim,3.0,0.0,0.0,0.0,0.0,1.0,0.0,3.0,"-7,077927","-41,44492",SPRF-PI,DEL04-PI,UOP01-DEL04-PI
773008,20/05/2026,quarta-feira,19:40:00,AL,316.0,"238,5",ATALAIA,Velocidade Incompatível,Tombamento,Com Vítimas Feridas,Plena Noite,Crescente,Céu Claro,Simples,Reta,Não,2.0,0.0,1.0,0.0,1.0,0.0,0.0,2.0,"-9,505395","-36,044688",SPRF-AL,DEL01-AL,UOP01-DEL01-AL
773018,20/05/2026,quarta-feira,22:15:00,SP,153.0,60,SAO JOSE DO RIO PRETO,Ausência de reação do condutor,Colisão lateral mesmo sentido,Sem Vítimas,Plena Noite,Decrescente,Céu Claro,Dupla,Reta,Sim,3.0,0.0,0.0,0.0,0.0,3.0,0.0,2.0,"-20,79656407","-49,35480086",SPRF-SP,DEL09/SP,UOP01-DEL09-SP
773020,20/05/2026,quarta-feira,22:00:00,RS,470.0,218,BENTO GONCALVES,Transitar na contramão,Colisão frontal,Sem Vítimas,Plena Noite,Decrescente,Céu Claro,Simples,Curva;Aclive,Não,3.0,0.0,0.0,0.0,0.0,2.0,0.0,3.0,"-29,185625","-51,521089",SPRF-RS,DEL06/RS,UOP01-DEL06-RS
773026,20/05/2026,quarta-feira,20:50:00,PR,476.0,50,TUNAS DO PARANA,Pedestre andava na pista,Atropelamento de Pedestre,Com Vítimas Feridas,Plena Noite,Crescente,Nublado,Simples,Aclive;Curva,Não,3.0,0.0,0.0,1.0,1.0,1.0,0.0,3.0,"-24,934","-49,093",SPRF-PR,DEL01/PR,UOP01-DEL01-PR
773027,20/05/2026,quarta-feira,22:40:00,BA,324.0,622,SALVADOR,Ausência de reação do condutor,Colisão traseira,Com Vítimas Feridas,Plena Noite,Decrescente,Céu Claro,Dupla,Curva;Aclive,Sim,5.0,0.0,4.0,0.0,4.0,1.0,0.0,2.0,"-12,9293901","-38,468654",SPRF-BA,DEL01/BA,UOP01-DEL01-BA
773028,18/05/2026,segunda-feira,23:00:00,BA,324.0,444,RIACHAO DO JACUIPE,Condutor Dormindo,Colisão lateral sentido oposto,Com Vítimas Feridas,Plena Noite,Crescente,Céu Claro,Simples,Reta,Não,4.0,0.0,1.0,0.0,1.0,3.0,0.0,2.0,"-11,85146","-39,336852",SPRF-BA,DEL04/BA,UOP02-DEL04-BA
773032,21/05/2026,quinta-feira,00:01:00,PR,376.0,614,SAO JOSE DOS PINHAIS,Carga excessiva e/ou mal acondicionada,Tombamento,Com Vítimas Feridas,Plena Noite,Decrescente,Nublado,Simples,Curva,Sim,2.0,0.0,0.0,1.0,1.0,0.0,0.0,2.0,"-25,574467","-49,172875",SPRF-PR,DEL01/PR,UOP03-DEL01-PR
773033,21/05/2026,quinta-feira,00:00:00,SC,101.0,25,ILHOTA,Ingestão de álcool pelo condutor,Colisão lateral mesmo sentido,Com Vítimas Feridas,Plena Noite,Decrescente,Nublado,Dupla,Curva,Não,3.0,0.0,1.0,0.0,1.0,1.0,0.0,3.0,"-26,88399917","-48,86732765",SPRF-SC,DEL03/SC,UOP01-DEL03-SC
773035,20/05/2026,quarta-feira,23:35:00,MG,40.0,"611,4",CONGONHAS,Transitar na contramão,Colisão frontal,Com Vítimas Feridas,Plena Noite,Decrescente,Céu Claro,Simples,Curva,Sim,6.0,0.0,4.0,2.0,6.0,0.0,0.0,2.0,"-20,50762582","-43,83839428",SPRF-MG,DEL05/MG,UOP02-DEL05-MG
773038,21/05/2026,quinta-feira,01:50:00,SC,470.0,"93,4",APIUNA,Condutor Dormindo,Colisão frontal,Com Vítimas Fatais,Plena Noite,Crescente,Céu Claro,Simples,Reta,Sim,5.0,1.0,0.0,2.0,2.0,1.0,0.0,4.0,"-27,000037","-49,375378",SPRF-SC,DEL04/SC,UOP01-DEL04-SC
773039,21/05/2026,quinta-feira,02:00:00,SP,116.0,"376,3",MIRACATU,Reação tardia ou ineficiente do condutor,Colisão traseira,Com Vítimas Fatais,Plena Noite,Decrescente,Nublado,Dupla,Curva,Sim,2.0,1.0,0.0,0.0,0.0,1.0,0.0,2.0,"-24,192665","-47,359782",SPRF-SP,DEL04/SP,UOP02-DEL04-SP
773041,21/05/2026,quinta-feira,01:50:00,BA,20.0,"179,2",LUIS EDUARDO MAGALHAES,Frear bruscamente,Colisão frontal,Com Vítimas Fatais,Plena Noite,Decrescente,Céu Claro,Simples,Aclive,Não,3.0,1.0,0.0,0.0,0.0,0.0,0.0,16.0,"-12,38255833","-45,86575167",SPRF-BA,DEL10/BA,UOP01-DEL10-BA
773042,19/04/2026,domingo,18:30:00,GO,153.0,256,SAO LUIZ DO NORTE,Problema com o freio,Incêndio,Sem Vítimas,Anoitecer,Crescente,Céu Claro,Simples,Reta,Não,2.0,0.0,0.0,0.0,0.0,1.0,0.0,2.0,"-14,957","-49,381",SPRF-GO,DEL07/GO,UOP02-DEL07-GO
773043,21/05/2026,quinta-feira,04:45:00,SP,116.0,"53,5",LORENA,Condutor deixou de manter distância do veículo da frente,Colisão traseira,Com Vítimas Feridas,Plena Noite,Decrescente,Céu Claro,Dupla,Reta;Declive,Não,3.0,0.0,1.0,0.0,1.0,1.0,0.0,4.0,"-22,7558523","-45,1120136",SPRF-SP,DEL08/SP,UOP02-DEL08-SP
773047,21/05/2026,quinta-feira,05:10:00,RS,101.0,"81,2",OSORIO,Condutor Dormindo,Colisão traseira,Com Vítimas Feridas,Amanhecer,Crescente,Nublado,Dupla,Reta,Não,3.0,0.0,1.0,1.0,2.0,0.0,0.0,6.0,"-29,836352","-50,246639",SPRF-RS,DEL03/RS,UOP01-DEL03-RS
773048,21/05/2026,quinta-feira,02:45:00,MT,364.0,575,NOBRES,Reação tardia ou ineficiente do condutor,Saída de leito carroçável,Sem Vítimas,Plena Noite,Decrescente,Chuva,Dupla,Curva;Declive,Não,2.0,0.0,0.0,0.0,0.0,1.0,0.0,2.0,"-14,59079964","-56,23093129",SPRF-MT,DEL01/MT,UOP01-DEL01-MT
773055,21/05/2026,quinta-feira,06:20:00,RS,158.0,217,CRUZ ALTA,Acessar a via sem observar a presença dos outros veículos,Colisão transversal,Com Vítimas Feridas,Pleno dia,Crescente,Céu Claro,Simples,Reta,Não,2.0,0.0,0.0,1.0,1.0,1.0,0.0,2.0,"-28,84266079","-53,61224525",SPRF-RS,DEL10/RS,UOP02-DEL10-RS
773057,21/05/2026,quinta-feira,06:10:00,RS,290.0,79,GRAVATAI,Manobra de mudança de faixa,Colisão traseira,Com Vítimas Feridas,Amanhecer,Decrescente,Céu Claro,Dupla,Reta,Sim,2.0,0.0,1.0,0.0,1.0,1.0,0.0,2.0,"-29,95356723","-51,0570495",SPRF-RS,DEL01/RS,UOP01-DEL01-RS
773070,21/05/2026,quinta-feira,05:00:00,SP,116.0,"353,8",MIRACATU,Problema com o freio,Eventos atípicos,Com Vítimas Feridas,Pleno dia,Decrescente,Nublado,Dupla,Reta,Não,2.0,0.0,1.0,0.0,1.0,0.0,0.0,2.0,"-24,0759316","-47,2505679",SPRF-SP,DEL04/SP,UOP03-DEL04-SP
773072,21/05/2026,quinta-feira,07:36:00,PE,104.0,"61,2",CARUARU,Acessar a via sem observar a presença dos outros veículos,Colisão traseira,Com Vítimas Feridas,Pleno dia,Decrescente,Céu Claro,Dupla,Interseção de Vias,Sim,4.0,0.0,1.0,0.0,1.0,3.0,0.0,3.0,"-8,248333","-35,974993",SPRF-PE,DEL02/PE,UOP01-DEL02-PE
773076,20/05/2026,quarta-feira,22:20:00,RN,304.0,"220,6",CAICARA DO RIO DO VENTO,Demais falhas mecânicas ou elétricas,Colisão traseira,Sem Vítimas,Pleno dia,Decrescente,Céu Claro,Simples,Aclive,Não,4.0,0.0,0.0,0.0,0.0,1.0,0.0,4.0,"-5,75697","-35,989157",SPRF-RN,DEL01-RN,UOP03-DEL01-RN
773077,21/05/2026,quinta-feira,06:01:00,GO,452.0,"3,2",RIO VERDE,Deficiência do Sistema de Iluminação/Sinalização,Colisão traseira,Com Vítimas Feridas,Plena Noite,Crescente,Nublado,Múltipla,Reta;Declive,Sim,3.0,0.0,0.0,1.0,1.0,1.0,0.0,3.0,"-17,801995","-50,875428",SPRF-GO,DEL04/GO,UOP01-DEL04-GO
773085,20/05/2026,quarta-feira,21:00:00,BA,407.0,184,PONTO NOVO,Reação tardia ou ineficiente do condutor,Tombamento,Com Vítimas Feridas,Plena Noite,Decrescente,Céu Claro,Simples,Reta,Não,1.0,0.0,1.0,0.0,1.0,0.0,0.0,1.0,"-10,971483","-40,103157",SPRF-BA,DEL04/BA,UOP02-DEL04-BA
773095,21/05/2026,quinta-feira,08:40:00,MG,40.0,"474,5",ESMERALDAS,Acessar a via sem observar a presença dos outros veículos,Colisão lateral mesmo sentido,Com Vítimas Feridas,Pleno dia,Crescente,Céu Claro,Múltipla,Reta;Interseção de Vias;Aclive,Sim,3.0,0.0,1.0,0.0,1.0,1.0,0.0,3.0,"-19,601329","-44,22209",SPRF-MG,DEL02/MG,UOP01-DEL02-MG
773096,21/05/2026,quinta-feira,09:30:00,CE,116.0,"14,8",FORTALEZA,Condutor deixou de manter distância do veículo da frente,Colisão traseira,Com Vítimas Feridas,Pleno dia,Crescente,Sol,Dupla,Reta,Sim,2.0,0.0,1.0,0.0,1.0,1.0,0.0,2.0,"-3,877679","-38,500564",SPRF-CE,DEL01/CE,UOP02-DEL01-CE
773104,21/05/2026,quinta-feira,09:20:00,BA,324.0,603,SIMOES FILHO,Manobra de mudança de faixa,Saída de leito carroçável,Com Vítimas Feridas,Pleno dia,Decrescente,Garoa/Chuvisco,Dupla,Curva,Não,4.0,0.0,1.0,0.0,1.0,3.0,0.0,2.0,"-12,7826884","-38,4136966",SPRF-BA,DEL01/BA,UOP01-DEL01-BA
773105,21/05/2026,quinta-feira,07:30:00,SC,280.0,276,IRINEOPOLIS,Ultrapassagem Indevida,Colisão frontal,Com Vítimas Feridas,Pleno dia,Decrescente,Céu Claro,Simples,Curva,Não,6.0,0.0,3.0,1.0,4.0,1.0,0.0,5.0,"-26,29162409","-50,79129092",SPRF-SC,DEL06/SC,UOP04-DEL06-SC
773106,21/05/2026,quinta-feira,09:35:00,ES,101.0,230,FUNDAO,Reação tardia ou ineficiente do condutor,Colisão traseira,Sem Vítimas,Pleno dia,Decrescente,Sol,Simples,Reta;Ponte,Sim,3.0,0.0,0.0,0.0,0.0,2.0,0.0,3.0,"-19,93745","-40,40655",SPRF-ES,DEL02-ES,UOP01-DEL02-ES
773109,21/05/2026,quinta-feira,09:55:00,MG,116.0,"257,1",TEOFILO OTONI,Demais falhas mecânicas ou elétricas,Incêndio,Sem Vítimas,Pleno dia,Crescente,Nublado,Simples,Reta,Não,2.0,0.0,0.0,0.0,0.0,1.0,0.0,2.0,"-17,702028","-41,484813",SPRF-MG,DEL11/MG,UOP01-DEL11-MG
773111,21/05/2026,quinta-feira,09:50:00,MG,262.0,663,IBIA,Afundamento ou ondulação no pavimento,Saída de leito carroçável,Com Vítimas Feridas,Pleno dia,Decrescente,Céu Claro,Simples,Reta,Não,2.0,0.0,2.0,0.0,2.0,0.0,0.0,1.0,"-19,548158","-46,833488",SPRF-MG,DEL08/MG,UOP01-DEL08-MG
773113,21/05/2026,quinta-feira,10:45:00,SP,116.0,109,TAUBATE,Ausência de reação do condutor,Colisão traseira,Com Vítimas Feridas,Pleno dia,Crescente,Nublado,Dupla,Reta,Sim,2.0,0.0,1.0,0.0,1.0,1.0,0.0,2.0,"-23,02811017","-45,54457124",SPRF-SP,DEL02/SP,UOP02-DEL02-SP
773114,20/05/2026,quarta-feira,06:00:00,RJ,40.0,122,DUQUE DE CAXIAS,Manobra de mudança de faixa,Colisão lateral mesmo sentido,Com Vítimas Feridas,Pleno dia,Crescente,Chuva,Múltipla,Reta,Sim,2.0,0.0,1.0,0.0,1.0,1.0,0.0,2.0,"-22,7918","-43,2864",SPRF-RJ,DEL01/RJ,UOP02-DEL01-RJ
773115,09/04/2026,quinta-feira,04:00:00,MT,364.0,310,JACIARA,Demais falhas mecânicas ou elétricas,Incêndio,Sem Vítimas,Plena Noite,Crescente,Ignorado,Dupla,Reta,Não,1.0,0.0,0.0,0.0,0.0,1.0,0.0,1.0,"-15,813293","-55,249606",SPRF-MT,DEL05/MT,UOP02-DEL05-MT
773121,15/05/2026,sexta-feira,15:10:00,AM,0.0,0,MANAUS,Manobra de mudança de faixa,Colisão lateral mesmo sentido,Com Vítimas Feridas,Pleno dia,Não Informado,Céu Claro,Dupla,Declive,Sim,5.0,0.0,3.0,0.0,3.0,2.0,0.0,3.0,"-2,985518","-60,022406",SPRF-AM,DEL01-AM,
773122,21/05/2026,quinta-feira,11:30:00,AL,101.0,115,PILAR,Reação tardia ou ineficiente do condutor,Colisão transversal,Com Vítimas Fatais,Pleno dia,Crescente,Céu Claro,Simples,Curva;Declive,Não,3.0,1.0,0.0,0.0,0.0,1.0,0.0,4.0,"-9,64234","-36,02462",SPRF-AL,DEL02-AL,UOP01-DEL02-AL
773123,21/05/2026,quinta-feira,06:00:00,MT,163.0,1110,GUARANTA DO NORTE,Ausência de reação do condutor,Colisão lateral sentido oposto,Com Vítimas Feridas,Amanhecer,Crescente,Céu Claro,Simples,Reta;Aclive,Não,4.0,0.0,2.0,0.0,2.0,1.0,0.0,5.0,"-9,60122833","-54,8910366",SPRF-MT,DEL06/MT,UOP03-DEL06-MT
773125,21/05/2026,quinta-feira,08:30:00,RS,285.0,"309,9",PASSO FUNDO,Transitar na contramão,Colisão lateral sentido oposto,Com Vítimas Feridas,Pleno dia,Crescente,Sol,Simples,Reta,Não,6.0,0.0,0.0,4.0,4.0,1.0,0.0,5.0,"-28,239403","-52,537256",SPRF-RS,DEL08/RS,UOP03-DEL08-RS
773130,21/05/2026,quinta-feira,12:25:00,SC,280.0,"282,7",IRINEOPOLIS,Ultrapassagem Indevida,Colisão lateral mesmo sentido,Com Vítimas Feridas,Pleno dia,Decrescente,Céu Claro,Simples,Reta;Declive,Não,2.0,0.0,1.0,0.0,1.0,1.0,0.0,2.0,"-26,2943433","-50,85584",SPRF-SC,DEL06/SC,UOP04-DEL06-SC
773133,21/05/2026,quinta-feira,13:45:00,MG,146.0,"478,4",POCOS DE CALDAS,Demais falhas mecânicas ou elétricas,Saída de leito carroçável,Com Vítimas Feridas,Pleno dia,Decrescente,Céu Claro,Simples,Curva;Declive,Não,2.0,0.0,0.0,2.0,2.0,0.0,0.0,1.0,"-21,7728302","-46,4219661",SPRF-MG,DEL09/MG,UOP01-DEL09-MG
773134,21/05/2026,quinta-feira,12:20:00,MG,262.0,348,BETIM,Mal súbito do condutor,Colisão traseira,Com Vítimas Feridas,Pleno dia,Decrescente,Céu Claro,Dupla,Reta,Não,2.0,0.0,1.0,0.0,1.0,1.0,0.0,2.0,"-19,98430918","-44,2075038",SPRF-MG,DEL01/MG,UOP03-DEL01-MG
773140,21/05/2026,quinta-feira,08:58:00,RO,364.0,"160,8",PIMENTA BUENO,Reação tardia ou ineficiente do condutor,Colisão traseira,Com Vítimas Feridas,Pleno dia,Crescente,Céu Claro,Simples,Curva,Não,4.0,0.0,1.0,0.0,1.0,2.0,0.0,6.0,"-11,911843","-60,965743",SPRF-RO,DEL02-RO,UOP02-DEL02-RO
773141,21/05/2026,quinta-feira,11:00:00,SC,116.0,"109,1",MONTE CASTELO,Ultrapassagem Indevida,Colisão lateral sentido oposto,Com Vítimas Feridas,Pleno dia,Decrescente,Sol,Simples,Curva;Declive,Não,5.0,0.0,2.0,0.0,2.0,1.0,0.0,5.0,"-26,75784376","-50,34205612",SPRF-SC,DEL06/SC,UOP02-DEL06-SC
773142,21/05/2026,quinta-feira,10:30:00,BA,116.0,"616,5",JAGUAQUARA,Ausência de reação do condutor,Colisão traseira,Com Vítimas Feridas,Pleno dia,Crescente,Céu Claro,Simples,Aclive;Reta,Não,4.0,0.0,2.0,0.0,2.0,1.0,0.0,4.0,"-13,37753","-40,02031",SPRF-BA,DEL03/BA,UOP02-DEL03-BA
773143,21/05/2026,quinta-feira,13:00:00,SP,116.0,110,TAUBATE,Reação tardia ou ineficiente do condutor,Colisão traseira,Com Vítimas Feridas,Pleno dia,Crescente,Nublado,Dupla,Reta,Sim,2.0,0.0,0.0,1.0,1.0,0.0,0.0,2.0,"-23,03944091","-45,56128442",SPRF-SP,DEL02/SP,UOP02-DEL02-SP
773144,21/05/2026,quinta-feira,11:30:00,BA,116.0,684,JEQUIE,Demais falhas mecânicas ou elétricas,Incêndio,Sem Vítimas,Pleno dia,Crescente,Céu Claro,Simples,Reta,Não,2.0,0.0,0.0,0.0,0.0,1.0,0.0,2.0,"-13,938102","-40,16141",SPRF-BA,DEL03/BA,UOP01-DEL03-BA
773145,21/05/2026,quinta-feira,13:50:00,SP,116.0,305,SAO LOURENCO DA SERRA,Acesso irregular,Colisão transversal,Com Vítimas Feridas,Pleno dia,Crescente,Nublado,Dupla,Reta,Não,4.0,0.0,0.0,1.0,1.0,1.0,0.0,3.0,"-23,8403538","-46,9315596",SPRF-SP,DEL04/SP,UOP01-DEL04-SP
773155,15/05/2026,sexta-feira,21:00:00,MA,10.0,136,ESTREITO,Transitar na contramão,Colisão lateral sentido oposto,Com Vítimas Feridas,Plena Noite,Crescente,Céu Claro,Simples,Reta,Não,3.0,0.0,0.0,1.0,1.0,0.0,0.0,4.0,"-6,52495","-47,39483",SPRF-MA,DEL04-MA,UOP02-DEL04-MA
773156,11/04/2026,sábado,21:01:00,PA,163.0,412,ITAITUBA,Acessar a via sem observar a presença dos outros veículos,Atropelamento de Pedestre,Com Vítimas Fatais,Plena Noite,Crescente,Ignorado,Simples,Curva,Não,2.0,1.0,0.0,0.0,0.0,0.0,0.0,2.0,"-6,204377","-55,630449",SPRF-PA,DEL05/PA,UOP03-DEL05-PA
773159,13/05/2026,quarta-feira,09:00:00,PR,277.0,"659,9",MEDIANEIRA,Velocidade Incompatível,Colisão traseira,Sem Vítimas,Pleno dia,Decrescente,Céu Claro,Dupla,Reta,Não,3.0,0.0,0.0,0.0,0.0,2.0,0.0,3.0,"-25,25362013","-54,03099624",SPRF-PR,DEL05/PR,UOP02-DEL05-PR
773165,21/05/2026,quinta-feira,14:45:00,PR,369.0,"378,8",MAMBORE,Condutor deixou de manter distância do veículo da frente,Engavetamento,Com Vítimas Feridas,Pleno dia,Crescente,Céu Claro,Simples,Reta;Aclive,Não,8.0,0.0,4.0,0.0,4.0,4.0,0.0,3.0,"-24,29832756","-52,58742079",SPRF-PR,DEL04/PR,UOP03-DEL04-PR
773167,21/05/2026,quinta-feira,15:10:00,SC,282.0,"542,6",CHAPECO,Reação tardia ou ineficiente do condutor,Colisão traseira,Com Vítimas Feridas,Pleno dia,Decrescente,Garoa/Chuvisco,Simples,Reta,Não,3.0,0.0,2.0,0.0,2.0,1.0,0.0,2.0,"-27,000681","-52,711848",SPRF-SC,DEL07/SC,UOP01-DEL07-SC
773174,21/05/2026,quinta-feira,16:20:00,PR,116.0,101,SAO JOSE DOS PINHAIS,Ausência de reação do condutor,Colisão traseira,Com Vítimas Feridas,Pleno dia,Crescente,Nublado,Dupla,Reta,Não,3.0,0.0,1.0,0.0,1.0,1.0,0.0,4.0,"-25,566873","-49,170363",SPRF-PR,DEL01/PR,UOP08-DEL01-PR
773177,21/05/2026,quinta-feira,16:40:00,SP,116.0,460,PARIQUERA-ACU,Ausência de reação do condutor,Colisão traseira,Com Vítimas Feridas,Pleno dia,Decrescente,Nublado,Dupla,Reta,Não,4.0,0.0,0.0,1.0,1.0,2.0,0.0,4.0,"-24,61663842","-47,88926737",SPRF-SP,DEL05/SP,UOP01-DEL05-SP
773183,21/05/2026,quinta-feira,16:20:00,RO,364.0,274,CACOAL,Acessar a via sem observar a presença dos outros veículos,Colisão transversal,Com Vítimas Feridas,Pleno dia,Decrescente,Nublado,Simples,Interseção de Vias,Não,6.0,0.0,1.0,0.0,1.0,4.0,0.0,5.0,"-11,386247","-61,74825",SPRF-RO,DEL02-RO,UOP02-DEL02-RO
773190,21/05/2026,quinta-feira,18:00:00,SC,101.0,"210,8",SAO JOSE,Manobra de mudança de faixa,Colisão lateral mesmo sentido,Com Vítimas Feridas,Plena Noite,Crescente,Céu Claro,Simples,Reta,Sim,3.0,0.0,1.0,0.0,1.0,1.0,0.0,3.0,"-27,62198","-48,65126",SPRF-SC,DEL01/SC,UOP01-DEL01-SC
773196,21/05/2026,quinta-feira,17:10:00,MS,262.0,356,CAMPO GRANDE,Acessar a via sem observar a presença dos outros veículos,Colisão transversal,Com Vítimas Feridas,Anoitecer,Crescente,Céu Claro,Simples,Reta;Declive,Sim,3.0,0.0,1.0,0.0,1.0,2.0,0.0,2.0,"-20,546303","-54,6835",SPRF-MS,DEL01/MS,UOP03-DEL01-MS
773197,21/05/2026,quinta-feira,17:30:00,PR,376.0,343,ORTIGUEIRA,Ultrapassagem Indevida,Colisão lateral mesmo sentido,Com Vítimas Fatais,Pleno dia,Crescente,Céu Claro,Simples,Reta,Não,6.0,1.0,1.0,0.0,1.0,3.0,0.0,4.0,"-24,186205","-50,960598",SPRF-PR,DEL07/PR,UOP02-DEL07-PR
773198,21/05/2026,quinta-feira,14:15:00,BA,324.0,548,AMELIA RODRIGUES,Condutor Dormindo,Colisão traseira,Com Vítimas Feridas,Pleno dia,Decrescente,Céu Claro,Dupla,Reta;Aclive,Não,4.0,0.0,1.0,0.0,1.0,2.0,0.0,5.0,"-12,42938399","-38,73388751",SPRF-BA,DEL11/BA,UOP02-DEL11-BA
773199,21/05/2026,quinta-feira,17:30:00,RJ,101.0,"296,8",ITABORAI,Condutor deixou de manter distância do veículo da frente,Engavetamento,Sem Vítimas,Anoitecer,Crescente,Garoa/Chuvisco,Dupla,Viaduto,Sim,4.0,0.0,0.0,0.0,0.0,4.0,0.0,3.0,"-22,7709203","-42,92190736",SPRF-RJ,DEL02/RJ,UOP02-DEL02-RJ
773208,21/05/2026,quinta-feira,18:30:00,PR,116.0,100,SAO JOSE DOS PINHAIS,Transitar no Acostamento,Colisão lateral mesmo sentido,Sem Vítimas,Plena Noite,Crescente,Nublado,Dupla,Reta,Não,4.0,0.0,0.0,0.0,0.0,3.0,0.0,5.0,"-25,564","-49,16",SPRF-PR,DEL01/PR,UOP08-DEL01-PR
773211,21/05/2026,quinta-feira,16:45:00,BA,324.0,550,AMELIA RODRIGUES,Manobra de mudança de faixa,Colisão lateral mesmo sentido,Sem Vítimas,Pleno dia,Decrescente,Céu Claro,Dupla,Reta,Não,3.0,0.0,0.0,0.0,0.0,2.0,0.0,4.0,"-12,45156541","-38,70885396",SPRF-BA,DEL11/BA,UOP02-DEL11-BA
773224,21/05/2026,quinta-feira,14:00:00,BA,116.0,604,IRAJUBA,Ultrapassagem Indevida,Saída de leito carroçável,Com Vítimas Feridas,Pleno dia,Crescente,Céu Claro,Simples,Reta,Sim,2.0,0.0,1.0,0.0,1.0,1.0,0.0,2.0,"-13,274651","-40,014807",SPRF-BA,DEL03/BA,UOP02-DEL03-BA
773228,21/05/2026,quinta-feira,21:00:00,PB,101.0,84,BAYEUX,Ausência de reação do condutor,Engavetamento,Sem Vítimas,Plena Noite,Crescente,Céu Claro,Dupla,Reta,Sim,3.0,0.0,0.0,0.0,0.0,3.0,0.0,3.0,"-7,13519","-34,928316",SPRF-PB,DEL01-PB,UOP01-DEL01-PB
773230,12/05/2026,terça-feira,07:41:00,RJ,116.0,276,BARRA MANSA,Estacionar ou parar em local proibido,Colisão traseira,Com Vítimas Feridas,Pleno dia,Decrescente,Céu Claro,Dupla,Reta,Sim,5.0,0.0,1.0,0.0,1.0,2.0,0.0,6.0,"-22,56295595","-44,16920948",SPRF-RJ,DEL07/RJ,UOP02-DEL07-RJ
773232,21/05/2026,quinta-feira,21:30:00,RJ,356.0,29,ITAPERUNA,Reação tardia ou ineficiente do condutor,Colisão traseira,Com Vítimas Feridas,Plena Noite,Decrescente,Céu Claro,Dupla,Reta,Sim,4.0,0.0,1.0,0.0,1.0,2.0,0.0,3.0,"-21,1856891","-41,9198017",SPRF-RJ,DEL08/RJ,UOP03-DEL08-RJ
773249,21/05/2026,quinta-feira,23:10:00,SC,470.0,"55,7",BLUMENAU,Pedestre cruzava a pista fora da faixa,Atropelamento de Pedestre,Com Vítimas Feridas,Plena Noite,Decrescente,Céu Claro,Simples,Reta;Em Obras,Sim,3.0,0.0,0.0,1.0,1.0,1.0,0.0,3.0,"-26,87644964","-49,12368178",SPRF-SC,DEL04/SC,UOP01-DEL04-SC