id,data_inversa,dia_semana,horario,uf,br,km,municipio,causa_acidente,tipo_acidente,classificacao_acidente,fase_dia,sentido_via,condicao_metereologica,tipo_pista,tracado_via,uso_solo,pessoas,mortos,feridos_leves,feridos_graves,feridos,ilesos,ignorados,veiculos,latitude,longitude,regional,delegacia,uop
773250,21/05/2026,quinta-feira,21:18:00,MG,365.0,590,INDIANOPOLIS,Ausência de reação do condutor,Colisão frontal,Com Vítimas Fatais,Plena Noite,Decrescente,Céu Claro,Simples,Reta,Não,3.0,1.0,0.0,0.0,0.0,1.0,0.0,4.0,"-18,870131","-48,024272",SPRF-MG,DEL15/MG,UOP02-DEL15-MG
773251,21/05/2026,quinta-feira,23:30:00,MG,262.0,"434,3",NOVA SERRANA,Ultrapassagem Indevida,Colisão lateral mesmo sentido,Com Vítimas Fatais,Plena Noite,Crescente,Céu Claro,Dupla,Reta;Declive,Não,3.0,1.0,0.0,1.0,1.0,1.0,0.0,2.0,"-19,8769","-44,94418",SPRF-MG,DEL08/MG,UOP03-DEL08-MG
773256,22/05/2026,sexta-feira,00:40:00,SC,470.0,174,POUSO REDONDO,Acesso irregular,Colisão transversal,Com Vítimas Feridas,Plena Noite,Decrescente,Nublado,Simples,Reta,Sim,3.0,0.0,2.0,0.0,2.0,1.0,0.0,2.0,"-27,25708507","-49,93435113",SPRF-SC,DEL04/SC,UOP02-DEL04-SC
773257,22/05/2026,sexta-feira,00:30:00,PR,153.0,109,IBAITI,Transitar na contramão,Colisão frontal,Com Vítimas Fatais,Plena Noite,Crescente,Céu Claro,Simples,Reta,Sim,2.0,1.0,0.0,0.0,0.0,1.0,0.0,2.0,"-23,85832","-50,19843",SPRF-PR,DEL07/PR,UOP04-DEL07-PR
773258,22/05/2026,sexta-feira,01:56:00,PE,104.0,43,CARUARU,Pedestre andava na pista,Atropelamento de Pedestre,Com Vítimas Fatais,Plena Noite,Crescente,Céu Claro,Dupla,Reta,Não,3.0,1.0,0.0,0.0,0.0,1.0,0.0,3.0,"-8,1088967","-36,0198683",SPRF-PE,DEL02/PE,UOP01-DEL02-PE
773262,22/05/2026,sexta-feira,03:00:00,SP,116.0,104,TAUBATE,Estacionar ou parar em local proibido,Colisão traseira,Sem Vítimas,Plena Noite,Crescente,Garoa/Chuvisco,Múltipla,Reta,Não,2.0,0.0,0.0,0.0,0.0,1.0,0.0,2.0,"-23,0052487","-45,51037836",SPRF-SP,DEL02/SP,UOP02-DEL02-SP
773263,22/05/2026,sexta-feira,03:38:00,PE,408.0,63,CARPINA,Reação tardia ou ineficiente do condutor,Colisão frontal,Com Vítimas Fatais,Plena Noite,Crescente,Céu Claro,Simples,Reta,Sim,4.0,1.0,0.0,1.0,1.0,1.0,0.0,3.0,"-7,84238","-35,23808",SPRF-PE,DEL01/PE,UOP01-DEL01-PE
773271,22/05/2026,sexta-feira,06:32:00,SP,116.0,210,GUARULHOS,Reação tardia ou ineficiente do condutor,Colisão lateral mesmo sentido,Com Vítimas Fatais,Pleno dia,Crescente,Céu Claro,Múltipla,Reta,Não,3.0,1.0,0.0,0.0,0.0,1.0,0.0,3.0,"-23,42864262","-46,41158801",SPRF-SP,DEL01/SP,UOP01-DEL01-SP
773272,22/05/2026,sexta-feira,06:37:00,PE,101.0,80,JABOATAO DOS GUARARAPES,Acesso irregular,Atropelamento de Pedestre,Com Vítimas Feridas,Pleno dia,Crescente,Céu Claro,Múltipla,Reta,Sim,2.0,0.0,0.0,1.0,1.0,1.0,0.0,2.0,"-8,15315","-34,94261",SPRF-PE,DEL01/PE,UOP01-DEL01-PE
773278,22/05/2026,sexta-feira,02:00:00,BA,101.0,770,ITABELA,Demais falhas mecânicas ou elétricas,Incêndio,Sem Vítimas,Plena Noite,Decrescente,Nublado,Simples,Reta,Não,2.0,0.0,0.0,0.0,0.0,1.0,0.0,2.0,"-16,74684959","-39,45163713",SPRF-BA,DEL09/BA,UOP01-DEL09-BA
773280,22/05/2026,sexta-feira,06:45:00,GO,60.0,30,ALEXANIA,Reação tardia ou ineficiente do condutor,Colisão lateral mesmo sentido,Com Vítimas Feridas,Pleno dia,Crescente,Céu Claro,Dupla,Reta,Sim,3.0,0.0,0.0,1.0,1.0,1.0,0.0,3.0,"-16,093904","-48,490801",SPRF-DF,DEL03-DF,UOP01-DEL03-DF
773291,28/04/2026,terça-feira,11:50:00,SC,101.0,339,TUBARAO,Ultrapassagem Indevida,Colisão transversal,Com Vítimas Feridas,Pleno dia,Decrescente,Céu Claro,Múltipla,Reta,Sim,3.0,0.0,0.0,1.0,1.0,1.0,0.0,3.0,"-28,51119592","-49,05052185",SPRF-SC,DEL02/SC,UOP01-DEL02-SC
773293,22/05/2026,sexta-feira,04:30:00,BA,110.0,170,RIBEIRA DO POMBAL,Fumaça,Incêndio,Sem Vítimas,Plena Noite,Crescente,Céu Claro,Simples,Reta,Sim,2.0,0.0,0.0,0.0,0.0,1.0,0.0,2.0,"-10,811711","-38,528569",SPRF-BA,DEL07/BA,UOP02-DEL07-BA
773294,22/05/2026,sexta-feira,07:45:00,MT,158.0,589,AGUA BOA,Demais falhas mecânicas ou elétricas,Saída de leito carroçável,Sem Vítimas,Pleno dia,Crescente,Céu Claro,Simples,Reta,Não,2.0,0.0,0.0,0.0,0.0,1.0,0.0,4.0,"-14,37384611","-52,17295",SPRF-MT,DEL07/MT,UOP02-DEL07-MT
773299,22/05/2026,sexta-feira,08:30:00,SC,470.0,79,RODEIO,Acessar a via sem observar a presença dos outros veículos,Atropelamento de Pedestre,Com Vítimas Feridas,Pleno dia,Crescente,Céu Claro,Simples,Reta,Não,5.0,0.0,0.0,1.0,1.0,3.0,0.0,5.0,"-26,94905693","-49,31512563",SPRF-SC,DEL04/SC,UOP01-DEL04-SC
773303,22/05/2026,sexta-feira,08:19:00,PE,0.0,0,PETROLINA,Acessar a via sem observar a presença dos outros veículos,Colisão lateral mesmo sentido,Sem Vítimas,Pleno dia,Não Informado,Céu Claro,Simples,Interseção de Vias;Rotatória,Sim,2.0,0.0,0.0,0.0,0.0,2.0,0.0,2.0,"-9,385187","-40,509844",SPRF-PE,DEL06/PE,UOP01-DEL06-PE
773309,15/05/2026,sexta-feira,06:22:00,SC,101.0,205,SAO JOSE,Mal súbito do condutor,Colisão com objeto,Com Vítimas Feridas,Amanhecer,Decrescente,Céu Claro,Dupla,Curva,Sim,3.0,0.0,2.0,0.0,2.0,1.0,0.0,3.0,"-27,58469","-48,61755",SPRF-SC,DEL01/SC,UOP01-DEL01-SC
773311,22/05/2026,sexta-feira,08:45:00,TO,153.0,412,MIRANORTE,Reação tardia ou ineficiente do condutor,Tombamento,Sem Vítimas,Pleno dia,Crescente,Céu Claro,Simples,Reta,Sim,2.0,0.0,0.0,0.0,0.0,1.0,0.0,2.0,"-9,51340206","-48,58932137",SPRF-TO,DEL02-TO,UOP02-DEL02-TO
773315,22/05/2026,sexta-feira,09:45:00,MG,262.0,"457,5",ARAUJOS,Ausência de reação do condutor,Colisão lateral mesmo sentido,Com Vítimas Feridas,Pleno dia,Crescente,Céu Claro,Simples,Reta,Não,4.0,0.0,1.0,0.0,1.0,2.0,0.0,3.0,"-19,7971","-45,1458",SPRF-MG,DEL08/MG,UOP03-DEL08-MG
773319,22/05/2026,sexta-feira,11:20:00,DF,20.0,"45,3",BRASILIA,Reação tardia ou ineficiente do condutor,Colisão traseira,Com Vítimas Feridas,Pleno dia,Decrescente,Céu Claro,Dupla,Reta,Não,6.0,0.0,2.0,0.0,2.0,3.0,0.0,2.0,"-15,60939926","-47,37535715",SPRF-DF,DEL02-DF,UOP01-DEL02-DF
773320,22/05/2026,sexta-feira,09:25:00,MT,158.0,633,NOVA NAZARE,Demais falhas mecânicas ou elétricas,Colisão lateral sentido oposto,Com Vítimas Feridas,Pleno dia,Crescente,Céu Claro,Simples,Reta;Ponte,Não,3.0,0.0,0.0,1.0,1.0,1.0,0.0,5.0,"-14,53521","-52,330333",SPRF-MT,DEL07/MT,UOP02-DEL07-MT
773326,22/05/2026,sexta-feira,08:00:00,PR,153.0,385,MALLET,Ausência de reação do condutor,Colisão transversal,Com Vítimas Feridas,Pleno dia,Decrescente,Garoa/Chuvisco,Simples,Curva,Não,4.0,0.0,1.0,0.0,1.0,3.0,0.0,2.0,"-25,84448981","-50,8368516",SPRF-PR,DEL08/PR,UOP02-DEL08-PR
773333,22/05/2026,sexta-feira,09:40:00,RJ,101.0,"55,9",CAMPOS DOS GOYTACAZES,Transitar na contramão,Colisão frontal,Com Vítimas Feridas,Pleno dia,Crescente,Nublado,Simples,Reta,Sim,6.0,0.0,2.0,0.0,2.0,2.0,0.0,5.0,"-21,687153","-41,31066",SPRF-RJ,DEL08/RJ,UOP01-DEL08-RJ
773336,22/05/2026,sexta-feira,10:54:00,MG,40.0,"46,5",PARACATU,Transitar na contramão,Colisão frontal,Com Vítimas Fatais,Pleno dia,Crescente,Nublado,Simples,Reta,Não,3.0,1.0,0.0,0.0,0.0,1.0,0.0,3.0,"-17,24052","-46,83197",SPRF-MG,DEL14/MG,UOP01-DEL14-MG
773337,22/05/2026,sexta-feira,11:10:00,MG,381.0,859,POUSO ALEGRE,Condutor deixou de manter distância do veículo da frente,Colisão traseira,Com Vítimas Feridas,Pleno dia,Decrescente,Céu Claro,Dupla,Reta,Não,3.0,0.0,1.0,0.0,1.0,1.0,0.0,3.0,"-22,32012539","-45,90600193",SPRF-MG,DEL16/MG,UOP01-DEL16-MG
773338,22/05/2026,sexta-feira,12:30:00,ES,262.0,"93,5",DOMINGOS MARTINS,Transitar na contramão,Colisão frontal,Com Vítimas Feridas,Pleno dia,Crescente,Nublado,Simples,Reta,Não,4.0,0.0,1.0,1.0,2.0,1.0,0.0,3.0,"-20,3794401","-41,0474364",SPRF-ES,DEL01-ES,UOP02-DEL01-ES
773340,22/05/2026,sexta-feira,13:20:00,PR,376.0,4,APUCARANA,Acessar a via sem observar a presença dos outros veículos,Colisão lateral mesmo sentido,Com Vítimas Feridas,Pleno dia,Decrescente,Céu Claro,Dupla,Reta,Sim,4.0,0.0,1.0,0.0,1.0,2.0,0.0,3.0,"-23,549486","-51,449948",SPRF-PR,DEL07/PR,UOP03-DEL07-PR
773341,22/05/2026,sexta-feira,08:00:00,SC,158.0,"134,3",PALMITOS,Acessar a via sem observar a presença dos outros veículos,Colisão transversal,Com Vítimas Feridas,Pleno dia,Crescente,Nublado,Simples,Interseção de Vias,Não,5.0,0.0,2.0,0.0,2.0,2.0,0.0,4.0,"-27,07066911","-53,23027178",SPRF-SC,DEL07/SC,UOP02-DEL07-SC
773344,22/05/2026,sexta-feira,13:43:00,TO,153.0,237,COLINAS DO TOCANTINS,Ausência de reação do condutor,Saída de leito carroçável,Com Vítimas Feridas,Pleno dia,Crescente,Céu Claro,Simples,Reta,Não,2.0,0.0,1.0,0.0,1.0,0.0,0.0,2.0,"-7,975454","-48,464123",SPRF-TO,DEL02-TO,UOP01-DEL02-TO
773345,22/05/2026,sexta-feira,12:30:00,RO,364.0,"518,9",ARIQUEMES,Acessar a via sem observar a presença dos outros veículos,Colisão lateral mesmo sentido,Sem Vítimas,Pleno dia,Crescente,Nublado,Simples,Reta;Rotatória,Não,3.0,0.0,0.0,0.0,0.0,2.0,0.0,5.0,"-9,884278","-63,05695",SPRF-RO,DEL03-RO,UOP01-DEL03-RO
773347,22/05/2026,sexta-feira,13:00:00,MS,163.0,466,CAMPO GRANDE,Reação tardia ou ineficiente do condutor,Tombamento,Sem Vítimas,Pleno dia,Crescente,Céu Claro,Dupla,Curva;Rotatória,Não,2.0,0.0,0.0,0.0,0.0,2.0,0.0,1.0,"-20,58243657","-54,58290903",SPRF-MS,DEL01/MS,UOP01-DEL01-MS
773355,22/05/2026,sexta-feira,15:20:00,PR,369.0,"147,1",LONDRINA,Ausência de reação do condutor,Colisão traseira,Com Vítimas Feridas,Pleno dia,Crescente,Nublado,Dupla,Reta,Sim,3.0,0.0,0.0,1.0,1.0,1.0,0.0,5.0,"-23,29317","-51,13508",SPRF-PR,DEL07/PR,UOP01-DEL07-PR
773364,22/05/2026,sexta-feira,06:30:00,PA,10.0,67,ULIANOPOLIS,Demais falhas mecânicas ou elétricas,Incêndio,Sem Vítimas,Amanhecer,Crescente,Céu Claro,Simples,Aclive;Reta,Não,2.0,0.0,0.0,0.0,0.0,1.0,0.0,3.0,"-3,851573","-47,521987",SPRF-PA,DEL02/PA,UOP02-DEL02-PA
773369,22/05/2026,sexta-feira,15:30:00,PR,373.0,"476,4",CORONEL VIVIDA,Demais falhas mecânicas ou elétricas,Colisão traseira,Com Vítimas Feridas,Pleno dia,Crescente,Chuva,Simples,Curva;Declive,Não,4.0,0.0,1.0,0.0,1.0,2.0,0.0,3.0,"-25,97789383","-52,53691836",SPRF-PR,DEL02/PR,UOP01-DEL02-PR
773374,22/05/2026,sexta-feira,16:47:00,TO,153.0,722,FIGUEIROPOLIS,Acessar a via sem observar a presença dos outros veículos,Colisão transversal,Com Vítimas Feridas,Pleno dia,Crescente,Céu Claro,Simples,Reta;Interseção de Vias,Sim,3.0,0.0,0.0,1.0,1.0,2.0,0.0,2.0,"-12,1398","-49,1683",SPRF-TO,DEL01-TO,UOP02-DEL01-TO
773376,22/05/2026,sexta-feira,16:45:00,MG,459.0,"97,8",POUSO ALEGRE,Ausência de reação do condutor,Colisão traseira,Com Vítimas Feridas,Pleno dia,Decrescente,Céu Claro,Simples,Reta,Não,4.0,0.0,0.0,1.0,1.0,1.0,0.0,5.0,"-22,196772","-45,97662",SPRF-MG,DEL09/MG,UOP01-DEL09-MG
773386,22/05/2026,sexta-feira,17:35:00,SP,116.0,514,CAJATI,Ausência de reação do condutor,Tombamento,Com Vítimas Feridas,Pleno dia,Decrescente,Céu Claro,Simples,Curva;Declive,Não,1.0,0.0,1.0,0.0,1.0,0.0,0.0,1.0,"-24,86278","-48,214595",SPRF-SP,DEL05/SP,UOP02-DEL05-SP
773421,22/05/2026,sexta-feira,19:10:00,RS,158.0,291,JULIO DE CASTILHOS,Ausência de reação do condutor,Colisão traseira,Com Vítimas Feridas,Plena Noite,Decrescente,Céu Claro,Simples,Reta;Aclive,Não,2.0,0.0,0.0,1.0,1.0,0.0,0.0,2.0,"-29,479254","-53,685941",SPRF-RS,DEL09/RS,UOP01-DEL09-RS
773422,22/05/2026,sexta-feira,19:40:00,SP,116.0,305,SAO LOURENCO DA SERRA,Condutor deixou de manter distância do veículo da frente,Tombamento,Com Vítimas Feridas,Plena Noite,Crescente,Céu Claro,Dupla,Curva;Declive,Não,2.0,0.0,1.0,0.0,1.0,1.0,0.0,2.0,"-23,84101807","-46,93161964",SPRF-SP,DEL04/SP,UOP01-DEL04-SP
773434,22/05/2026,sexta-feira,19:15:00,SP,116.0,"93,7",PINDAMONHANGABA,Ingestão de álcool pelo condutor,Colisão lateral mesmo sentido,Sem Vítimas,Plena Noite,Crescente,Céu Claro,Dupla,Reta,Não,3.0,0.0,0.0,0.0,0.0,2.0,0.0,3.0,"-22,95946024","-45,41912198",SPRF-SP,DEL08/SP,UOP01-DEL08-SP
773435,22/05/2026,sexta-feira,20:00:00,BA,116.0,"815,5",VITORIA DA CONQUISTA,Neblina,Atropelamento de Pedestre,Com Vítimas Feridas,Plena Noite,Crescente,Chuva,Simples,Reta,Sim,3.0,0.0,1.0,0.0,1.0,0.0,0.0,2.0,"-14,81624","-40,80404",SPRF-BA,DEL08/BA,UOP01-DEL08-BA
773436,22/05/2026,sexta-feira,20:00:00,PR,476.0,336,PAULA FREITAS,Acesso irregular,Colisão transversal,Com Vítimas Feridas,Plena Noite,Crescente,Chuva,Simples,Reta,Não,3.0,0.0,1.0,0.0,1.0,1.0,0.0,3.0,"-26,13800982","-50,86400843",SPRF-PR,DEL02/PR,UOP03-DEL02-PR
773440,22/05/2026,sexta-feira,20:20:00,SC,280.0,34,ARAQUARI,Acesso irregular,Colisão frontal,Com Vítimas Feridas,Plena Noite,Crescente,Garoa/Chuvisco,Simples,Reta,Não,5.0,0.0,3.0,0.0,3.0,1.0,0.0,3.0,"-26,42646272","-48,78839493",SPRF-SC,DEL03/SC,UOP03-DEL03-SC
773441,22/05/2026,sexta-feira,17:47:00,MT,163.0,114,RONDONOPOLIS,Reação tardia ou ineficiente do condutor,Colisão lateral mesmo sentido,Com Vítimas Feridas,Anoitecer,Crescente,Ignorado,Dupla,Reta,Não,6.0,0.0,1.0,0.0,1.0,3.0,0.0,4.0,"-16,53506199","-54,66494588",SPRF-MT,DEL02/MT,UOP01-DEL02-MT
773442,22/05/2026,sexta-feira,19:00:00,RJ,116.0,"231,5",PIRAI,Demais falhas mecânicas ou elétricas,Incêndio,Sem Vítimas,Plena Noite,Crescente,Nublado,Dupla,Reta;Aclive,Não,2.0,0.0,0.0,0.0,0.0,1.0,0.0,2.0,"-22,6567389","-43,8375276",SPRF-RJ,DEL07/RJ,UOP01-DEL07-RJ
773456,18/05/2026,segunda-feira,17:40:00,PE,424.0,86,GARANHUNS,Demais falhas na via,Colisão lateral sentido oposto,Com Vítimas Feridas,Anoitecer,Crescente,Céu Claro,Simples,Aclive,Não,2.0,0.0,0.0,1.0,1.0,0.0,0.0,2.0,"-8,866432","-36,509022",SPRF-PE,DEL03/PE,UOP01-DEL03-PE
773464,22/05/2026,sexta-feira,19:30:00,MT,163.0,1054,GUARANTA DO NORTE,Ingestão de álcool pelo condutor,Saída de leito carroçável,Sem Vítimas,Plena Noite,Decrescente,Céu Claro,Simples,Reta,Não,2.0,0.0,0.0,0.0,0.0,1.0,0.0,4.0,"-10,0276353","-54,90914091",SPRF-MT,DEL06/MT,UOP03-DEL06-MT
773470,23/05/2026,sábado,00:05:00,MT,70.0,"521,7",VARZEA GRANDE,Acessar a via sem observar a presença dos outros veículos,Colisão transversal,Com Vítimas Feridas,Plena Noite,Decrescente,Nublado,Simples,Reta,Sim,3.0,0.0,1.0,0.0,1.0,1.0,0.0,4.0,"-15,666265","-56,182922",SPRF-MT,DEL01/MT,UOP02-DEL01-MT
773476,22/05/2026,sexta-feira,23:00:00,MS,262.0,328,CAMPO GRANDE,Pedestre andava na pista,Atropelamento de Pedestre,Com Vítimas Feridas,Plena Noite,Crescente,Céu Claro,Dupla,Reta,Sim,2.0,0.0,0.0,1.0,1.0,1.0,0.0,2.0,"-20,46755504","-54,53999218",SPRF-MS,DEL01/MS,UOP01-DEL01-MS
773478,23/05/2026,sábado,01:45:00,CE,222.0,"14,8",CAUCAIA,Condutor deixou de manter distância do veículo da frente,Colisão traseira,Com Vítimas Feridas,Plena Noite,Crescente,Céu Claro,Dupla,Reta,Não,3.0,0.0,1.0,1.0,2.0,1.0,0.0,2.0,"-3,760253","-38,69422",SPRF-CE,DEL01/CE,UOP01-DEL01-CE
773485,23/05/2026,sábado,03:00:00,SP,381.0,85,SAO PAULO,Ausência de reação do condutor,Colisão traseira,Com Vítimas Feridas,Plena Noite,Decrescente,Céu Claro,Dupla,Reta,Sim,3.0,0.0,3.0,0.0,3.0,0.0,0.0,2.0,"-23,45757247","-46,57130909",SPRF-SP,DEL03/SP,UOP01-DEL03-SP
773486,23/05/2026,sábado,04:10:00,CE,116.0,160,RUSSAS,Acessar a via sem observar a presença dos outros veículos,Colisão transversal,Com Vítimas Feridas,Plena Noite,Crescente,Céu Claro,Simples,Curva;Interseção de Vias,Sim,4.0,0.0,1.0,1.0,2.0,2.0,0.0,2.0,"-4,92870752","-37,99004171",SPRF-CE,DEL03/CE,UOP01-DEL03-CE
773491,23/05/2026,sábado,02:15:00,BA,242.0,402,SEABRA,Curva acentuada,Tombamento,Com Vítimas Fatais,Plena Noite,Decrescente,Céu Claro,Simples,Curva,Não,4.0,1.0,2.0,0.0,2.0,0.0,0.0,3.0,"-12,47119","-41,69736",SPRF-BA,DEL06/BA,UOP01-DEL06-BA
773492,23/05/2026,sábado,04:35:00,GO,153.0,176,CAMPINORTE,Reação tardia ou ineficiente do condutor,Colisão traseira,Com Vítimas Feridas,Plena Noite,Decrescente,Céu Claro,Simples,Reta,Sim,4.0,0.0,1.0,0.0,1.0,2.0,0.0,3.0,"-14,31761709","-49,15065068",SPRF-GO,DEL07/GO,UOP02-DEL07-GO
773500,23/05/2026,sábado,04:50:00,SC,470.0,267,CURITIBANOS,Transitar na contramão,Colisão frontal,Com Vítimas Fatais,Plena Noite,Crescente,Garoa/Chuvisco,Simples,Curva,Não,4.0,2.0,0.0,0.0,0.0,2.0,0.0,2.0,"-27,3119733","-50,7471983",SPRF-SC,DEL05/SC,UOP03-DEL05-SC
773503,23/05/2026,sábado,07:00:00,ES,262.0,"36,6",DOMINGOS MARTINS,Transitar na contramão,Colisão traseira,Com Vítimas Feridas,Amanhecer,Decrescente,Nublado,Simples,Aclive;Curva,Não,5.0,0.0,0.0,3.0,3.0,1.0,0.0,3.0,"-20,38142497","-40,60062502",SPRF-ES,DEL01-ES,UOP01-DEL01-ES
773504,23/05/2026,sábado,07:11:00,TO,10.0,439,PORTO NACIONAL,Ausência de reação do condutor,Colisão transversal,Com Vítimas Feridas,Pleno dia,Crescente,Céu Claro,Simples,Reta,Não,3.0,0.0,0.0,1.0,1.0,1.0,0.0,4.0,"-10,4386967","-48,3145533",SPRF-TO,DEL01-TO,UOP03-DEL01-TO
773508,23/05/2026,sábado,07:50:00,MG,381.0,"355,9",JOAO MONLEVADE,Velocidade Incompatível,Tombamento,Com Vítimas Feridas,Pleno dia,Crescente,Céu Claro,Simples,Curva,Não,2.0,0.0,1.0,0.0,1.0,0.0,0.0,2.0,"-19,85093111","-43,21733594",SPRF-MG,DEL03/MG,UOP01-DEL03-MG
773520,23/05/2026,sábado,07:45:00,PR,376.0,203,MANDAGUARI,Ausência de reação do condutor,Colisão traseira,Com Vítimas Feridas,Pleno dia,Decrescente,Céu Claro,Dupla,Reta;Aclive,Não,4.0,0.0,2.0,0.0,2.0,1.0,0.0,3.0,"-23,517351","-51,717782",SPRF-PR,DEL09/PR,UOP01-DEL09-PR
773521,23/05/2026,sábado,04:30:00,CE,222.0,"210,3",FORQUILHA,Ausência de reação do condutor,Saída de leito carroçável,Com Vítimas Feridas,Plena Noite,Crescente,Céu Claro,Simples,Curva,Não,2.0,0.0,1.0,0.0,1.0,1.0,0.0,2.0,"-3,79932434","-40,26724756",SPRF-CE,DEL04/CE,UOP01-DEL04-CE
773524,23/05/2026,sábado,09:00:00,BA,116.0,531,ITATIM,Condutor deixou de manter distância do veículo da frente,Colisão traseira,Com Vítimas Feridas,Pleno dia,Crescente,Céu Claro,Simples,Em Obras;Reta;Aclive,Não,4.0,0.0,1.0,0.0,1.0,2.0,0.0,3.0,"-12,7521267","-39,7974683",SPRF-BA,DEL03/BA,UOP02-DEL03-BA
773534,12/05/2026,terça-feira,05:30:00,PA,163.0,120,ALTAMIRA,Condutor deixou de manter distância do veículo da frente,Colisão traseira,Com Vítimas Feridas,Amanhecer,Decrescente,Céu Claro,Simples,Reta,Sim,3.0,0.0,0.0,1.0,1.0,1.0,0.0,7.0,"-8,60847406","-55,05494823",SPRF-MT,DEL06/MT,UOP03-DEL06-MT
773540,22/05/2026,sexta-feira,05:30:00,BA,116.0,768,POCOES,Reação tardia ou ineficiente do condutor,Colisão traseira,Com Vítimas Feridas,Amanhecer,Crescente,Ignorado,Simples,Reta,Não,3.0,0.0,0.0,1.0,1.0,1.0,0.0,4.0,"-14,57070795","-40,42264938",SPRF-BA,DEL08/BA,UOP02-DEL08-BA
773541,23/05/2026,sábado,07:21:00,PA,163.0,985,SANTAREM,Retorno proibido,Colisão com objeto,Sem Vítimas,Pleno dia,Crescente,Céu Claro,Simples,Reta;Aclive,Não,2.0,0.0,0.0,0.0,0.0,0.0,1.0,2.0,"-2,597316","-54,719606",SPRF-PA,DEL05/PA,UOP01-DEL05-PA
773542,23/05/2026,sábado,07:40:00,RJ,393.0,246,BARRA DO PIRAI,Velocidade Incompatível,Colisão transversal,Com Vítimas Feridas,Pleno dia,Decrescente,Céu Claro,Simples,Curva,Não,3.0,0.0,0.0,1.0,1.0,1.0,0.0,3.0,"-22,4243187","-43,764081",SPRF-RJ,DEL05/RJ,UOP04-DEL05-RJ
773547,23/05/2026,sábado,10:15:00,PI,230.0,196,OEIRAS,Ausência de reação do condutor,Colisão lateral mesmo sentido,Com Vítimas Feridas,Pleno dia,Decrescente,Céu Claro,Dupla,Reta,Sim,2.0,0.0,1.0,0.0,1.0,0.0,0.0,2.0,"-7,007857","-42,123658",SPRF-PI,DEL04-PI,UOP01-DEL04-PI
773550,03/01/2026,sábado,08:50:00,PE,424.0,"16,2",PEDRA,Ingestão de álcool pelo condutor,Colisão lateral sentido oposto,Sem Vítimas,Pleno dia,Crescente,Céu Claro,Simples,Curva,Sim,2.0,0.0,0.0,0.0,0.0,2.0,0.0,2.0,"-8,500083","-36,95272",SPRF-PE,DEL04/PE,UOP02-DEL04-PE
773556,23/05/2026,sábado,11:40:00,BA,116.0,568,NOVA ITARANA,Condutor Dormindo,Colisão frontal,Com Vítimas Feridas,Pleno dia,Crescente,Nublado,Simples,Reta,Não,3.0,0.0,0.0,1.0,1.0,2.0,0.0,2.0,"-13,017465","-39,959225",SPRF-BA,DEL03/BA,UOP02-DEL03-BA
773562,23/05/2026,sábado,12:40:00,PA,222.0,25,DOM ELISEU,Condutor deixou de manter distância do veículo da frente,Colisão traseira,Com Vítimas Feridas,Pleno dia,Decrescente,Céu Claro,Simples,Aclive;Reta,Não,2.0,0.0,1.0,0.0,1.0,1.0,0.0,2.0,"-4,31160975","-47,61733507",SPRF-PA,DEL02/PA,UOP02-DEL02-PA
773566,23/05/2026,sábado,10:15:00,SC,282.0,"252,5",SAO JOSE DO CERRITO,Condutor Dormindo,Saída de leito carroçável,Com Vítimas Feridas,Pleno dia,Decrescente,Garoa/Chuvisco,Simples,Curva;Declive,Não,2.0,0.0,1.0,1.0,2.0,0.0,0.0,1.0,"-27,688267","-50,566473",SPRF-SC,DEL05/SC,UOP02-DEL05-SC
773576,23/05/2026,sábado,07:30:00,MG,116.0,"5,8",DIVISA ALEGRE,Chuva,Colisão com objeto,Sem Vítimas,Pleno dia,Crescente,Nevoeiro/Neblina,Simples,Declive,Não,3.0,0.0,0.0,0.0,0.0,1.0,0.0,4.0,"-15,74555","-41,33352",SPRF-BA,DEL08/BA,UOP03-DEL08-BA
773584,23/05/2026,sábado,14:20:00,MG,40.0,"69,5",PARACATU,Ultrapassagem Indevida,Colisão frontal,Com Vítimas Feridas,Pleno dia,Decrescente,Céu Claro,Simples,Reta;Aclive,Não,3.0,0.0,0.0,1.0,1.0,1.0,0.0,4.0,"-17,397112","-46,730744",SPRF-MG,DEL14/MG,UOP01-DEL14-MG
773590,23/05/2026,sábado,14:10:00,MG,381.0,"205,6",NAQUE,Ultrapassagem Indevida,Colisão lateral mesmo sentido,Com Vítimas Feridas,Pleno dia,Crescente,Nublado,Simples,Curva;Declive,Não,4.0,0.0,2.0,0.0,2.0,1.0,0.0,3.0,"-19,21816","-42,30768",SPRF-MG,DEL06/MG,UOP01-DEL06-MG
773594,23/05/2026,sábado,15:38:00,MG,381.0,"707,1",NEPOMUCENO,Velocidade Incompatível,Tombamento,Com Vítimas Feridas,Pleno dia,Decrescente,Céu Claro,Dupla,Curva;Declive,Não,1.0,0.0,1.0,0.0,1.0,0.0,0.0,1.0,"-21,332345","-45,170674",SPRF-MG,DEL04/MG,UOP02-DEL04-MG
773600,23/05/2026,sábado,16:20:00,RS,392.0,158,CANGUCU,Condutor Dormindo,Saída de leito carroçável,Com Vítimas Feridas,Pleno dia,Decrescente,Céu Claro,Múltipla,Aclive;Reta,Não,2.0,0.0,0.0,1.0,1.0,0.0,0.0,2.0,"-31,127445","-52,894421",SPRF-RS,DEL07/RS,UOP01-DEL07-RS