id,data_inversa,dia_semana,horario,uf,br,km,municipio,causa_acidente,tipo_acidente,classificacao_acidente,fase_dia,sentido_via,condicao_metereologica,tipo_pista,tracado_via,uso_solo,pessoas,mortos,feridos_leves,feridos_graves,feridos,ilesos,ignorados,veiculos,latitude,longitude,regional,delegacia,uop
773601,23/05/2026,sábado,16:00:00,MG,365.0,517,MONTE CARMELO,Conversão proibida,Colisão traseira,Sem Vítimas,Pleno dia,Decrescente,Sol,Simples,Reta,Não,3.0,0.0,0.0,0.0,0.0,2.0,0.0,3.0,"-18,914","-47,362",SPRF-MG,DEL10/MG,UOP01-DEL10-MG
773605,23/05/2026,sábado,17:15:00,MG,251.0,"472,2",FRANCISCO SA,Problema com o freio,Derramamento de carga,Com Vítimas Fatais,Pleno dia,Crescente,Céu Claro,Simples,Curva;Declive,Não,3.0,1.0,0.0,0.0,0.0,0.0,0.0,2.0,"-16,471685","-43,4254883",SPRF-MG,DEL12/MG,UOP01-DEL12-MG
773610,23/05/2026,sábado,17:50:00,SC,116.0,"251,7",LAGES,Frear bruscamente,Colisão traseira,Sem Vítimas,Anoitecer,Decrescente,Nublado,Simples,Reta,Não,4.0,0.0,0.0,0.0,0.0,3.0,0.0,3.0,"-27,848862","-50,380181",SPRF-SC,DEL05/SC,UOP02-DEL05-SC
773613,23/05/2026,sábado,18:00:00,CE,222.0,"229,5",SOBRAL,Mal súbito do condutor,Queda de ocupante de veículo,Com Vítimas Feridas,Anoitecer,Crescente,Céu Claro,Simples,Reta,Não,3.0,0.0,1.0,0.0,1.0,1.0,0.0,3.0,"-3,69618098","-40,38272971",SPRF-CE,DEL04/CE,UOP01-DEL04-CE
773614,23/05/2026,sábado,18:40:00,PR,376.0,"174,4",MARINGA,Ausência de reação do condutor,Colisão traseira,Com Vítimas Feridas,Plena Noite,Crescente,Céu Claro,Dupla,Reta,Sim,4.0,0.0,0.0,1.0,1.0,2.0,0.0,4.0,"-23,4164943","-51,95570676",SPRF-PR,DEL09/PR,UOP01-DEL09-PR
773617,23/05/2026,sábado,17:40:00,PI,316.0,288,PICOS,Transitar na contramão,Colisão lateral sentido oposto,Sem Vítimas,Pleno dia,Decrescente,Céu Claro,Simples,Curva,Não,3.0,0.0,0.0,0.0,0.0,1.0,0.0,4.0,"-6,99296086","-41,62547914",SPRF-PI,DEL04-PI,UOP01-DEL04-PI
773618,23/05/2026,sábado,18:15:00,MG,364.0,34,FRUTAL,Reação tardia ou ineficiente do condutor,Colisão com objeto,Com Vítimas Feridas,Plena Noite,Decrescente,Céu Claro,Simples,Reta;Ponte,Não,2.0,0.0,1.0,0.0,1.0,0.0,0.0,2.0,"-20,00358","-48,94226",SPRF-MG,DEL13/MG,UOP02-DEL13-MG
773630,23/05/2026,sábado,10:30:00,MG,153.0,"75,1",MONTE ALEGRE DE MINAS,Reação tardia ou ineficiente do condutor,Saída de leito carroçável,Com Vítimas Feridas,Pleno dia,Decrescente,Céu Claro,Simples,Aclive;Reta,Não,2.0,0.0,1.0,0.0,1.0,0.0,0.0,3.0,"-19,02223324","-49,01297346",SPRF-MG,DEL15/MG,UOP03-DEL15-MG
773633,23/05/2026,sábado,20:00:00,PA,316.0,35,SANTA IZABEL DO PARA,Manobra de mudança de faixa,Colisão lateral mesmo sentido,Com Vítimas Feridas,Plena Noite,Decrescente,Garoa/Chuvisco,Dupla,Reta,Sim,6.0,0.0,1.0,0.0,1.0,5.0,0.0,2.0,"-1,29142097","-48,16421019",SPRF-PA,DEL01/PA,UOP01-DEL01-PA
773643,23/05/2026,sábado,18:00:00,BA,407.0,226,CAPIM GROSSO,Ingestão de álcool pelo condutor,Colisão traseira,Com Vítimas Fatais,Anoitecer,Decrescente,Nublado,Simples,Reta,Não,2.0,1.0,0.0,0.0,0.0,1.0,0.0,2.0,"-11,3404","-40,0163",SPRF-BA,DEL04/BA,UOP02-DEL04-BA
773648,23/05/2026,sábado,20:15:00,MG,381.0,"727,7",CARMO DA CACHOEIRA,Ingestão de álcool pelo condutor,Colisão com objeto,Sem Vítimas,Plena Noite,Crescente,Céu Claro,Dupla,Retorno Regulamentado;Reta,Não,2.0,0.0,0.0,0.0,0.0,1.0,0.0,2.0,"-21,4847238","-45,20525185",SPRF-MG,DEL04/MG,UOP02-DEL04-MG
773651,23/05/2026,sábado,20:00:00,MG,116.0,"97,5",MEDINA,Reação tardia ou ineficiente do condutor,Colisão transversal,Com Vítimas Feridas,Plena Noite,Crescente,Céu Claro,Simples,Curva;Declive,Não,3.0,0.0,1.0,0.0,1.0,2.0,0.0,2.0,"-16,414462","-41,481694",SPRF-MG,DEL11/MG,UOP02-DEL11-MG
773656,23/05/2026,sábado,20:50:00,MT,163.0,829,SINOP,Reação tardia ou ineficiente do condutor,Colisão transversal,Com Vítimas Feridas,Anoitecer,Decrescente,Céu Claro,Dupla,Rotatória,Não,3.0,0.0,1.0,0.0,1.0,2.0,0.0,2.0,"-11,91211667","-55,50881167",SPRF-MT,DEL06/MT,UOP02-DEL06-MT
773657,23/05/2026,sábado,21:00:00,RO,319.0,137,PORTO VELHO,Velocidade Incompatível,Colisão frontal,Sem Vítimas,Plena Noite,Decrescente,Céu Claro,Simples,Curva,Sim,2.0,0.0,0.0,0.0,0.0,2.0,0.0,2.0,"-8,80046052","-63,76176945",SPRF-RO,DEL01-RO,UOP01-DEL01-RO
773661,23/05/2026,sábado,23:40:00,TO,10.0,479,PALMAS,Ausência de reação do condutor,Saída de leito carroçável,Com Vítimas Feridas,Plena Noite,Crescente,Céu Claro,Simples,Curva,Não,2.0,0.0,0.0,2.0,2.0,0.0,0.0,1.0,"-10,237715","-48,187172",SPRF-TO,DEL01-TO,UOP03-DEL01-TO
773664,24/05/2026,domingo,00:30:00,SE,235.0,84,FREI PAULO,Demais falhas mecânicas ou elétricas,Incêndio,Sem Vítimas,Plena Noite,Crescente,Garoa/Chuvisco,Simples,Curva,Não,1.0,0.0,0.0,0.0,0.0,1.0,0.0,1.0,"-10,5458714","-37,60345459",SPRF-SE,DEL01-SE,UOP02-DEL01-SE
773665,24/05/2026,domingo,01:00:00,RS,290.0,94,PORTO ALEGRE,Ingestão de álcool pelo condutor,Colisão traseira,Sem Vítimas,Plena Noite,Decrescente,Nublado,Dupla,Reta,Sim,2.0,0.0,0.0,0.0,0.0,2.0,0.0,2.0,"-29,98143806","-51,20113335",SPRF-RS,DEL01/RS,UOP01-DEL01-RS
773666,23/05/2026,sábado,23:10:00,MT,70.0,"395,1",CAMPO VERDE,Ingestão de álcool pelo condutor,Derramamento de carga,Sem Vítimas,Plena Noite,Crescente,Nevoeiro/Neblina,Simples,Reta,Não,2.0,0.0,0.0,0.0,0.0,1.0,0.0,3.0,"-15,652466","-55,207088",SPRF-MT,DEL05/MT,UOP02-DEL05-MT
773667,23/05/2026,sábado,23:15:00,MT,364.0,542,ROSARIO OESTE,Ingestão de álcool pelo condutor,Colisão lateral sentido oposto,Com Vítimas Feridas,Plena Noite,Crescente,Nublado,Simples,Reta,Sim,3.0,0.0,1.0,0.0,1.0,1.0,0.0,3.0,"-14,837212","-56,437082",SPRF-MT,DEL01/MT,UOP01-DEL01-MT
773673,23/05/2026,sábado,23:54:00,BA,418.0,"38,2",CARAVELAS,Transitar na contramão,Colisão lateral sentido oposto,Com Vítimas Feridas,Plena Noite,Decrescente,Céu Claro,Simples,Reta,Não,3.0,0.0,0.0,1.0,1.0,1.0,0.0,4.0,"-17,683078","-39,454867",SPRF-BA,DEL09/BA,UOP02-DEL09-BA
773685,24/05/2026,domingo,00:10:00,SC,470.0,86,RODEIO,Acessar a via sem observar a presença dos outros veículos,Colisão transversal,Com Vítimas Feridas,Plena Noite,Crescente,Nublado,Simples,Interseção de Vias,Não,3.0,0.0,0.0,1.0,1.0,1.0,0.0,4.0,"-26,94952989","-49,35918745",SPRF-SC,DEL04/SC,UOP01-DEL04-SC
773687,24/05/2026,domingo,03:00:00,SC,101.0,110,PENHA,Ausência de reação do condutor,Colisão com objeto,Sem Vítimas,Plena Noite,Decrescente,Céu Claro,Múltipla,Reta,Não,3.0,0.0,0.0,0.0,0.0,2.0,0.0,3.0,"-26,83324819","-48,69564867",SPRF-SC,DEL03/SC,UOP02-DEL03-SC
773688,24/05/2026,domingo,01:48:00,PR,116.0,134,FAZENDA RIO GRANDE,Reação tardia ou ineficiente do condutor,Saída de leito carroçável,Sem Vítimas,Plena Noite,Crescente,Garoa/Chuvisco,Dupla,Curva,Não,1.0,0.0,0.0,0.0,0.0,1.0,0.0,1.0,"-25,7113221","-49,3197486",SPRF-PR,DEL01/PR,UOP03-DEL01-PR
773692,24/05/2026,domingo,02:50:00,PR,376.0,"595,1",CURITIBA,Deficiência do Sistema de Iluminação/Sinalização,Colisão traseira,Com Vítimas Fatais,Plena Noite,Crescente,Garoa/Chuvisco,Dupla,Reta,Sim,3.0,1.0,0.0,0.0,0.0,1.0,0.0,4.0,"-25,462608","-49,358148",SPRF-PR,DEL01/PR,UOP03-DEL01-PR
773693,24/05/2026,domingo,01:40:00,PB,104.0,"101,3",ESPERANCA,Reação tardia ou ineficiente do condutor,Saída de leito carroçável,Com Vítimas Feridas,Plena Noite,Crescente,Céu Claro,Simples,Reta;Declive,Não,1.0,0.0,1.0,0.0,1.0,0.0,0.0,1.0,"-7,049672","-35,855693",SPRF-PB,DEL02-PB,UOP04-DEL02-PB
773702,24/05/2026,domingo,05:10:00,MG,381.0,505,BETIM,Ausência de reação do condutor,Colisão traseira,Com Vítimas Feridas,Pleno dia,Decrescente,Céu Claro,Dupla,Reta,Não,3.0,0.0,0.0,1.0,1.0,1.0,0.0,3.0,"-20,03754751","-44,24640656",SPRF-MG,DEL01/MG,UOP03-DEL01-MG
773703,24/05/2026,domingo,05:30:00,GO,40.0,0,VALPARAISO DE GOIAS,Ingestão de álcool pelo condutor,Colisão traseira,Com Vítimas Feridas,Plena Noite,Crescente,Chuva,Dupla,Reta,Sim,5.0,0.0,2.0,0.0,2.0,3.0,0.0,3.0,"-16,052693","-47,982028",SPRF-DF,DEL01-DF,UOP01-DEL01-DF
773705,21/03/2026,sábado,13:30:00,GO,50.0,"176,9",CAMPO ALEGRE DE GOIAS,Reação tardia ou ineficiente do condutor,Colisão traseira,Com Vítimas Feridas,Pleno dia,Crescente,Céu Claro,Dupla,Reta,Não,3.0,0.0,0.0,1.0,1.0,1.0,0.0,4.0,"-17,38599","-47,78301",SPRF-GO,DEL06/GO,UOP01-DEL06-GO
773713,24/05/2026,domingo,04:40:00,MG,251.0,235,SANTA CRUZ DE SALINAS,Condutor Dormindo,Colisão com objeto,Com Vítimas Fatais,Plena Noite,Crescente,Nevoeiro/Neblina,Simples,Curva,Não,19.0,9.0,6.0,3.0,9.0,0.0,0.0,3.0,"-15,97399189","-41,72288641",SPRF-MG,DEL12/MG,UOP02-DEL12-MG
773716,24/05/2026,domingo,05:45:00,PR,476.0,328,PAULO FRONTIN,Ausência de reação do condutor,Colisão lateral sentido oposto,Sem Vítimas,Amanhecer,Crescente,Nevoeiro/Neblina,Simples,Reta,Não,3.0,0.0,0.0,0.0,0.0,1.0,0.0,3.0,"-26,06009931","-50,72027986",SPRF-PR,DEL02/PR,UOP03-DEL02-PR
773732,24/05/2026,domingo,06:50:00,MG,50.0,"35,8",ARAGUARI,Estacionar ou parar em local proibido,Colisão traseira,Com Vítimas Feridas,Pleno dia,Decrescente,Céu Claro,Dupla,Reta,Não,5.0,0.0,1.0,1.0,2.0,2.0,0.0,3.0,"-18,653693","-48,144483",SPRF-MG,DEL15/MG,UOP02-DEL15-MG
773733,24/05/2026,domingo,04:30:00,MS,487.0,"26,4",ITAQUIRAI,Transitar na contramão,Colisão lateral sentido oposto,Com Vítimas Feridas,Amanhecer,Crescente,Céu Claro,Simples,Aclive,Não,3.0,0.0,0.0,1.0,1.0,1.0,0.0,4.0,"-23,242914","-53,97579",SPRF-MS,DEL09/MS,UOP01-DEL09-MS
773736,23/05/2026,sábado,23:30:00,PR,373.0,479,CORONEL VIVIDA,Ingestão de álcool pelo condutor,Colisão lateral mesmo sentido,Com Vítimas Feridas,Plena Noite,Crescente,Céu Claro,Simples,Reta,Não,2.0,0.0,1.0,0.0,1.0,1.0,0.0,2.0,"-25,99100501","-52,55676683",SPRF-PR,DEL02/PR,UOP01-DEL02-PR
773750,24/05/2026,domingo,00:35:00,BA,324.0,379,GAVIAO,Ingestão de álcool pelo condutor,Colisão lateral sentido oposto,Com Vítimas Feridas,Plena Noite,Decrescente,Chuva,Simples,Reta,Não,3.0,0.0,0.0,2.0,2.0,1.0,0.0,2.0,"-11,47275","-39,78634",SPRF-BA,DEL04/BA,UOP02-DEL04-BA
773751,24/05/2026,domingo,07:00:00,MG,381.0,"737,5",TRES CORACOES,Reação tardia ou ineficiente do condutor,Colisão com objeto,Com Vítimas Feridas,Pleno dia,Crescente,Sol,Dupla,Curva,Não,2.0,0.0,1.0,0.0,1.0,0.0,0.0,2.0,"-21,5623268","-45,2436889",SPRF-MG,DEL16/MG,UOP02-DEL16-MG
773762,08/05/2026,sexta-feira,18:20:00,MG,50.0,78,UBERLANDIA,Acessar a via sem observar a presença dos outros veículos,Colisão transversal,Com Vítimas Feridas,Plena Noite,Decrescente,Céu Claro,Dupla,Reta,Sim,2.0,0.0,0.0,1.0,1.0,1.0,0.0,2.0,"-18,94132609","-48,21893431",SPRF-MG,DEL15/MG,UOP01-DEL15-MG
773763,24/05/2026,domingo,07:55:00,MT,70.0,757,CACERES,Manobra de mudança de faixa,Colisão transversal,Sem Vítimas,Pleno dia,Crescente,Céu Claro,Simples,Reta,Não,5.0,0.0,0.0,0.0,0.0,4.0,0.0,3.0,"-16,06550835","-57,84683526",SPRF-MT,DEL03/MT,UOP01-DEL03-MT
773765,24/05/2026,domingo,09:40:00,RS,392.0,346,SANTA MARIA,Reação tardia ou ineficiente do condutor,Saída de leito carroçável,Com Vítimas Feridas,Pleno dia,Decrescente,Céu Claro,Dupla,Reta,Não,1.0,0.0,1.0,0.0,1.0,0.0,0.0,1.0,"-29,7748214","-53,78395407",SPRF-RS,DEL09/RS,UOP01-DEL09-RS
773771,15/04/2026,quarta-feira,03:30:00,PR,376.0,429,TIBAGI,Retorno proibido,Colisão transversal,Com Vítimas Feridas,Plena Noite,Decrescente,Nublado,Dupla,Curva;Retorno Regulamentado,Não,3.0,0.0,0.0,1.0,1.0,1.0,0.0,3.0,"-24,78175175","-50,51332204",SPRF-PR,DEL03/PR,UOP02-DEL03-PR
773778,24/05/2026,domingo,08:12:00,BA,116.0,631,JAGUAQUARA,Demais falhas mecânicas ou elétricas,Incêndio,Com Vítimas Feridas,Pleno dia,Decrescente,Nublado,Simples,Reta,Não,3.0,0.0,1.0,1.0,2.0,0.0,0.0,2.0,"-13,49477128","-40,04827436",SPRF-BA,DEL03/BA,UOP01-DEL03-BA
773781,24/05/2026,domingo,12:00:00,PR,116.0,127,FAZENDA RIO GRANDE,Ausência de reação do condutor,Colisão com objeto,Com Vítimas Feridas,Pleno dia,Decrescente,Garoa/Chuvisco,Dupla,Reta,Sim,4.0,0.0,3.0,0.0,3.0,1.0,0.0,2.0,"-25,65619299","-49,31196062",SPRF-PR,DEL01/PR,UOP03-DEL01-PR
773792,24/05/2026,domingo,13:11:00,SP,116.0,284,EMBU DAS ARTES,Manobra de mudança de faixa,Colisão lateral mesmo sentido,Com Vítimas Feridas,Pleno dia,Crescente,Nublado,Dupla,Reta,Sim,4.0,0.0,0.0,1.0,1.0,1.0,0.0,3.0,"-23,679706","-46,858566",SPRF-SP,DEL04/SP,UOP01-DEL04-SP
773797,22/04/2026,quarta-feira,12:50:00,MG,251.0,405,GRAO MOGOL,Demais falhas mecânicas ou elétricas,Incêndio,Sem Vítimas,Pleno dia,Decrescente,Céu Claro,Simples,Reta,Sim,2.0,0.0,0.0,0.0,0.0,1.0,0.0,2.0,"-16,24305","-42,92782",SPRF-MG,DEL12/MG,UOP01-DEL12-MG
773799,24/05/2026,domingo,12:20:00,MT,364.0,"117,2",PEDRA PRETA,Acostamento em desnível,Tombamento,Com Vítimas Feridas,Pleno dia,Decrescente,Céu Claro,Simples,Reta;Declive,Não,2.0,0.0,1.0,0.0,1.0,0.0,0.0,2.0,"-16,830428","-54,024838",SPRF-MT,DEL02/MT,UOP02-DEL02-MT
773812,24/05/2026,domingo,13:00:00,BA,324.0,533,CONCEICAO DO JACUIPE,Manobra de mudança de faixa,Saída de leito carroçável,Sem Vítimas,Pleno dia,Decrescente,Chuva,Dupla,Declive,Não,3.0,0.0,0.0,0.0,0.0,2.0,0.0,3.0,"-12,3545441","-38,8307592",SPRF-BA,DEL11/BA,UOP02-DEL11-BA
773813,24/05/2026,domingo,12:41:00,MT,158.0,"520,1",CANARANA,Acostamento em desnível,Saída de leito carroçável,Sem Vítimas,Pleno dia,Crescente,Céu Claro,Simples,Aclive,Não,2.0,0.0,0.0,0.0,0.0,1.0,0.0,4.0,"-13,73705058","-52,0388031",SPRF-MT,DEL07/MT,UOP02-DEL07-MT
773814,24/05/2026,domingo,15:12:00,GO,153.0,"292,8",RIALMA,Ingestão de álcool pelo condutor,Saída de leito carroçável,Com Vítimas Fatais,Pleno dia,Crescente,Céu Claro,Simples,Reta;Declive,Não,6.0,3.0,0.0,0.0,0.0,1.0,0.0,3.0,"-15,252513","-49,553648",SPRF-GO,DEL02/GO,UOP02-DEL02-GO
773815,24/05/2026,domingo,14:10:00,ES,262.0,"42,2",DOMINGOS MARTINS,Ultrapassagem Indevida,Saída de leito carroçável,Com Vítimas Feridas,Pleno dia,Crescente,Sol,Simples,Curva;Aclive,Não,3.0,0.0,1.0,0.0,1.0,1.0,0.0,2.0,"-20,38070085","-40,63441364",SPRF-ES,DEL01-ES,UOP01-DEL01-ES
773819,24/05/2026,domingo,09:40:00,BA,242.0,363,LENCOIS,Problema com o freio,Colisão traseira,Com Vítimas Feridas,Pleno dia,Crescente,Garoa/Chuvisco,Simples,Curva;Declive,Não,9.0,0.0,0.0,1.0,1.0,7.0,0.0,19.0,"-12,466492","-41,411878",SPRF-BA,DEL06/BA,UOP01-DEL06-BA
773830,24/05/2026,domingo,13:20:00,MG,262.0,564,CORREGO DANTA,Reação tardia ou ineficiente do condutor,Saída de leito carroçável,Com Vítimas Feridas,Pleno dia,Crescente,Céu Claro,Simples,Reta,Não,1.0,0.0,1.0,0.0,1.0,0.0,0.0,1.0,"-19,69690014","-46,03237152",SPRF-MG,DEL08/MG,UOP02-DEL08-MG
773839,24/05/2026,domingo,17:05:00,TO,153.0,"351,4",FORTALEZA DO TABOCAO,Reação tardia ou ineficiente do condutor,Tombamento,Com Vítimas Feridas,Pleno dia,Crescente,Céu Claro,Simples,Reta;Declive,Não,2.0,0.0,1.0,0.0,1.0,0.0,0.0,2.0,"-8,991337","-48,500068",SPRF-TO,DEL02-TO,UOP02-DEL02-TO
773843,24/05/2026,domingo,17:20:00,ES,101.0,"294,1",CARIACICA,Reação tardia ou ineficiente do condutor,Colisão traseira,Com Vítimas Fatais,Anoitecer,Crescente,Céu Claro,Dupla,Em Obras;Declive;Reta,Sim,13.0,2.0,2.0,2.0,4.0,6.0,0.0,11.0,"-20,325072","-40,395928",SPRF-ES,DEL01-ES,UOP01-DEL01-ES
773845,24/05/2026,domingo,11:00:00,MT,163.0,1044,MATUPA,Reação tardia ou ineficiente do condutor,Colisão transversal,Com Vítimas Feridas,Pleno dia,Crescente,Céu Claro,Simples,Reta,Não,3.0,0.0,0.0,1.0,1.0,1.0,0.0,2.0,"-10,1320583","-54,931419",SPRF-MT,DEL06/MT,UOP03-DEL06-MT
773847,24/05/2026,domingo,17:11:00,SC,470.0,"60,1",BLUMENAU,Acessar a via sem observar a presença dos outros veículos,Colisão transversal,Com Vítimas Feridas,Plena Noite,Decrescente,Céu Claro,Simples,Retorno Regulamentado,Sim,6.0,0.0,2.0,0.0,2.0,3.0,0.0,3.0,"-26,88067424","-49,16707842",SPRF-SC,DEL04/SC,UOP01-DEL04-SC
773848,24/05/2026,domingo,17:00:00,PR,487.0,121,TUNEIRAS DO OESTE,Ultrapassagem Indevida,Colisão lateral mesmo sentido,Sem Vítimas,Pleno dia,Crescente,Céu Claro,Simples,Reta,Não,3.0,0.0,0.0,0.0,0.0,2.0,0.0,4.0,"-23,85217981","-52,91770784",SPRF-PR,DEL09/PR,UOP03-DEL09-PR
773857,24/05/2026,domingo,15:44:00,GO,60.0,114,GOIANAPOLIS,Ausência de reação do condutor,Colisão traseira,Sem Vítimas,Pleno dia,Crescente,Céu Claro,Dupla,Reta,Não,3.0,0.0,0.0,0.0,0.0,2.0,0.0,3.0,"-16,45046871","-49,04729716",SPRF-GO,DEL01/GO,UOP01-DEL01-GO
773860,24/05/2026,domingo,18:00:00,SP,116.0,51,LORENA,Manobra de mudança de faixa,Colisão lateral mesmo sentido,Com Vítimas Feridas,Plena Noite,Crescente,Garoa/Chuvisco,Dupla,Reta,Não,7.0,0.0,1.0,0.0,1.0,5.0,0.0,3.0,"-22,7412738","-45,09195685",SPRF-SP,DEL08/SP,UOP02-DEL08-SP
773863,24/05/2026,domingo,18:50:00,SP,381.0,80,SAO PAULO,Condutor deixou de manter distância do veículo da frente,Colisão traseira,Com Vítimas Feridas,Plena Noite,Decrescente,Céu Claro,Dupla,Reta,Sim,3.0,0.0,1.0,0.0,1.0,2.0,0.0,2.0,"-23,42028479","-46,57821464",SPRF-SP,DEL03/SP,UOP01-DEL03-SP
773874,24/05/2026,domingo,18:50:00,PR,369.0,"26,6",CAMBARA,Ultrapassagem Indevida,Colisão lateral sentido oposto,Com Vítimas Feridas,Plena Noite,Crescente,Céu Claro,Múltipla,Reta,Não,7.0,0.0,0.0,4.0,4.0,2.0,0.0,6.0,"-23,033824","-50,144809",SPRF-PR,DEL07/PR,UOP05-DEL07-PR
773883,24/05/2026,domingo,17:30:00,MA,330.0,"11,6",BALSAS,Acessar a via sem observar a presença dos outros veículos,Colisão transversal,Sem Vítimas,Amanhecer,Crescente,Céu Claro,Simples,Reta;Interseção de Vias,Não,3.0,0.0,0.0,0.0,0.0,2.0,0.0,2.0,"-7,605428","-46,003273",SPRF-MA,DEL05-MA,UOP01-DEL05-MA
773899,24/05/2026,domingo,17:23:00,TO,153.0,630,ALIANCA DO TOCANTINS,Ultrapassagem Indevida,Saída de leito carroçável,Com Vítimas Feridas,Anoitecer,Crescente,Céu Claro,Simples,Declive,Não,2.0,0.0,1.0,0.0,1.0,0.0,0.0,2.0,"-11,366459","-48,963113",SPRF-TO,DEL01-TO,UOP02-DEL01-TO
773904,24/05/2026,domingo,16:40:00,RO,364.0,"45,6",VILHENA,Reação tardia ou ineficiente do condutor,Colisão traseira,Com Vítimas Feridas,Pleno dia,Crescente,Céu Claro,Simples,Reta;Declive,Não,5.0,0.0,1.0,0.0,1.0,3.0,0.0,7.0,"-12,58727","-60,343428",SPRF-RO,DEL04-RO,UOP01-DEL04-RO
773906,24/05/2026,domingo,17:00:00,MA,226.0,"77,8",CAXIAS,Transitar na contramão,Colisão frontal,Com Vítimas Fatais,Pleno dia,Decrescente,Céu Claro,Simples,Curva,Não,2.0,1.0,0.0,0.0,0.0,1.0,0.0,2.0,"-5,228788","-43,469267",SPRF-MA,DEL03-MA,UOP02-DEL03-MA
773908,24/05/2026,domingo,19:20:00,RS,386.0,237,SOLEDADE,Reação tardia ou ineficiente do condutor,Saída de leito carroçável,Sem Vítimas,Plena Noite,Decrescente,Nublado,Simples,Reta,Não,2.0,0.0,0.0,0.0,0.0,1.0,0.0,2.0,"-28,76787776","-52,53333539",SPRF-RS,DEL04/RS,UOP03-DEL04-RS
773918,24/05/2026,domingo,20:20:00,RO,364.0,688,CANDEIAS DO JAMARI,Velocidade Incompatível,Colisão traseira,Com Vítimas Fatais,Plena Noite,Decrescente,Nevoeiro/Neblina,Simples,Reta,Não,4.0,1.0,0.0,0.0,0.0,1.0,0.0,8.0,"-8,793336","-63,659727",SPRF-RO,DEL01-RO,UOP01-DEL01-RO
773919,24/05/2026,domingo,20:30:00,BA,116.0,148,CANUDOS,Acessar a via sem observar a presença dos outros veículos,Colisão lateral sentido oposto,Com Vítimas Fatais,Plena Noite,Crescente,Céu Claro,Simples,Reta,Não,5.0,1.0,0.0,0.0,0.0,2.0,0.0,4.0,"-9,899595","-39,169927",SPRF-BA,DEL07/BA,UOP03-DEL07-BA
773923,24/05/2026,domingo,20:30:00,SC,153.0,"100,2",CONCORDIA,Transitar na contramão,Colisão frontal,Com Vítimas Feridas,Plena Noite,Crescente,Céu Claro,Simples,Reta,Sim,3.0,0.0,0.0,1.0,1.0,1.0,0.0,3.0,"-27,25115875","-51,95298743",SPRF-SC,DEL07/SC,UOP04-DEL07-SC
773924,24/05/2026,domingo,19:30:00,PE,428.0,"137,6",LAGOA GRANDE,Acessar a via sem observar a presença dos outros veículos,Colisão traseira,Sem Vítimas,Plena Noite,Crescente,Céu Claro,Simples,Reta;Rotatória,Não,2.0,0.0,0.0,0.0,0.0,1.0,0.0,2.0,"-8,98266","-40,25378",SPRF-PE,DEL06/PE,UOP03-DEL06-PE
773926,24/05/2026,domingo,20:10:00,PR,476.0,24,ADRIANOPOLIS,Ausência de reação do condutor,Colisão frontal,Com Vítimas Feridas,Plena Noite,Crescente,Garoa/Chuvisco,Simples,Curva,Não,5.0,0.0,2.0,0.0,2.0,2.0,0.0,3.0,"-24,779925","-49,029267",SPRF-PR,DEL01/PR,UOP01-DEL01-PR
773936,24/05/2026,domingo,21:10:00,MT,163.0,111,RONDONOPOLIS,Reação tardia ou ineficiente do condutor,Colisão traseira,Sem Vítimas,Plena Noite,Decrescente,Ignorado,Dupla,Reta;Aclive,Não,3.0,0.0,0.0,0.0,0.0,2.0,0.0,3.0,"-16,56410811","-54,68052059",SPRF-MT,DEL02/MT,UOP01-DEL02-MT
773939,24/05/2026,domingo,23:30:00,MG,364.0,"7,8",PLANURA,Reação tardia ou ineficiente do condutor,Colisão traseira,Com Vítimas Feridas,Plena Noite,Decrescente,Nublado,Simples,Aclive;Reta,Não,4.0,0.0,2.0,0.0,2.0,1.0,0.0,3.0,"-20,112781","-48,730495",SPRF-MG,DEL13/MG,UOP02-DEL13-MG
773953,25/05/2026,segunda-feira,02:55:00,PB,230.0,"161,7",CAMPINA GRANDE,Pista Escorregadia,Saída de leito carroçável,Com Vítimas Feridas,Plena Noite,Crescente,Chuva,Simples,Reta,Não,3.0,0.0,1.0,0.0,1.0,2.0,0.0,1.0,"-7,232368","-35,942693",SPRF-PB,DEL02-PB,UOP01-DEL02-PB
773954,25/05/2026,segunda-feira,01:00:00,SP,381.0,12,BRAGANCA PAULISTA,Ausência de reação do condutor,Colisão traseira,Com Vítimas Feridas,Plena Noite,Crescente,Céu Claro,Dupla,Reta,Não,3.0,0.0,0.0,1.0,1.0,1.0,0.0,3.0,"-22,9319627","-46,4611728",SPRF-SP,DEL03/SP,UOP02-DEL03-SP
773959,25/05/2026,segunda-feira,03:00:00,BA,116.0,"556,9",NOVA ITARANA,Condutor Dormindo,Colisão frontal,Com Vítimas Feridas,Plena Noite,Decrescente,Garoa/Chuvisco,Simples,Reta,Não,4.0,0.0,2.0,0.0,2.0,1.0,0.0,3.0,"-12,940122","-39,909174",SPRF-BA,DEL03/BA,UOP02-DEL03-BA
773966,25/05/2026,segunda-feira,05:20:00,MG,116.0,412,GOVERNADOR VALADARES,Acessar a via sem observar a presença dos outros veículos,Colisão transversal,Com Vítimas Feridas,Amanhecer,Decrescente,Céu Claro,Simples,Interseção de Vias,Não,2.0,0.0,1.0,0.0,1.0,1.0,0.0,2.0,"-18,87647785","-41,96383093",SPRF-MG,DEL06/MG,UOP01-DEL06-MG