id,data_inversa,dia_semana,horario,uf,br,km,municipio,causa_acidente,tipo_acidente,classificacao_acidente,fase_dia,sentido_via,condicao_metereologica,tipo_pista,tracado_via,uso_solo,pessoas,mortos,feridos_leves,feridos_graves,feridos,ilesos,ignorados,veiculos,latitude,longitude,regional,delegacia,uop
774522,27/05/2026,quarta-feira,14:08:00,GO,158.0,137,CAIAPONIA,Acesso irregular,Colisão traseira,Com Vítimas Feridas,Pleno dia,Decrescente,Céu Claro,Simples,Interseção de Vias;Reta,Não,5.0,0.0,1.0,0.0,1.0,3.0,0.0,7.0,"-16,82091761","-51,76126957",SPRF-GO,DEL04/GO,UOP02-DEL04-GO
774524,27/05/2026,quarta-feira,15:30:00,MG,365.0,528,MONTE CARMELO,Entrada inopinada do pedestre,Atropelamento de Pedestre,Com Vítimas Feridas,Pleno dia,Crescente,Céu Claro,Simples,Reta;Aclive,Não,3.0,0.0,0.0,1.0,1.0,0.0,0.0,2.0,"-18,914108","-47,462448",SPRF-MG,DEL10/MG,UOP01-DEL10-MG
774530,27/05/2026,quarta-feira,15:30:00,CE,222.0,40,CAUCAIA,Reação tardia ou ineficiente do condutor,Saída de leito carroçável,Com Vítimas Feridas,Pleno dia,Crescente,Sol,Simples,Reta,Sim,2.0,0.0,1.0,1.0,2.0,0.0,0.0,2.0,"-3,685266","-38,913434",SPRF-CE,DEL01/CE,UOP03-DEL01-CE
774531,27/05/2026,quarta-feira,17:00:00,SP,116.0,"520,4",CAJATI,Demais falhas mecânicas ou elétricas,Incêndio,Sem Vítimas,Anoitecer,Crescente,Garoa/Chuvisco,Dupla,Curva;Aclive,Não,2.0,0.0,0.0,0.0,0.0,1.0,0.0,2.0,"-24,89563767","-48,24545002",SPRF-SP,DEL05/SP,UOP02-DEL05-SP
774536,27/05/2026,quarta-feira,15:30:00,GO,153.0,641,MORRINHOS,Demais falhas mecânicas ou elétricas,Saída de leito carroçável,Com Vítimas Feridas,Pleno dia,Decrescente,Céu Claro,Dupla,Reta,Não,1.0,0.0,1.0,0.0,1.0,0.0,0.0,1.0,"-17,880605","-49,23039",SPRF-GO,DEL03/GO,UOP01-DEL03-GO
774541,27/05/2026,quarta-feira,19:00:00,MG,381.0,1,BETIM,Trafegar com motocicleta (ou similar) entre as faixas,Colisão traseira,Com Vítimas Feridas,Plena Noite,Decrescente,Céu Claro,Dupla,Reta,Não,3.0,0.0,1.0,0.0,1.0,2.0,0.0,2.0,"-19,9694184","-44,15977669",SPRF-MG,DEL01/MG,UOP03-DEL01-MG
774543,22/02/2026,domingo,18:45:00,PA,163.0,250,NOVO PROGRESSO,Velocidade Incompatível,Colisão frontal,Sem Vítimas,Plena Noite,Decrescente,Ignorado,Simples,Reta,Não,2.0,0.0,0.0,0.0,0.0,0.0,1.0,2.0,"-7,08862768","-55,40250778",SPRF-PA,DEL05/PA,UOP03-DEL05-PA
774553,27/05/2026,quarta-feira,18:40:00,MT,70.0,528,VARZEA GRANDE,Transitar na contramão,Colisão frontal,Com Vítimas Feridas,Anoitecer,Decrescente,Ignorado,Simples,Reta,Não,3.0,0.0,0.0,1.0,1.0,1.0,0.0,4.0,"-15,67871427","-56,27185824",SPRF-MT,DEL01/MT,UOP02-DEL01-MT
774564,27/05/2026,quarta-feira,20:45:00,RS,392.0,"252,3",CACAPAVA DO SUL,Transitar na contramão,Colisão frontal,Com Vítimas Feridas,Plena Noite,Crescente,Céu Claro,Simples,Reta,Não,3.0,0.0,0.0,1.0,1.0,1.0,0.0,4.0,"-30,5293708","-53,442965",SPRF-RS,DEL09/RS,UOP02-DEL09-RS
774572,27/05/2026,quarta-feira,17:30:00,PB,104.0,"143,4",QUEIMADAS,Condutor Dormindo,Colisão lateral sentido oposto,Com Vítimas Feridas,Plena Noite,Crescente,Chuva,Simples,Curva,Não,5.0,0.0,0.0,2.0,2.0,3.0,0.0,4.0,"-7,392425","-35,897432",SPRF-PB,DEL02-PB,UOP03-DEL02-PB
774577,27/05/2026,quarta-feira,21:00:00,PA,316.0,72,CASTANHAL,Acessar a via sem observar a presença dos outros veículos,Colisão transversal,Com Vítimas Feridas,Plena Noite,Crescente,Céu Claro,Simples,Reta,Não,4.0,0.0,0.0,2.0,2.0,1.0,0.0,3.0,"-1,289108","-47,846233",SPRF-PA,DEL01/PA,UOP01-DEL01-PA
774580,27/05/2026,quarta-feira,20:20:00,MG,50.0,107,UBERABA,Condutor Dormindo,Saída de leito carroçável,Com Vítimas Feridas,Plena Noite,Decrescente,Céu Claro,Dupla,Reta;Declive,Não,2.0,0.0,1.0,0.0,1.0,0.0,0.0,3.0,"-19,28781324","-48,12149048",SPRF-MG,DEL13/MG,UOP01-DEL13-MG
774583,27/05/2026,quarta-feira,22:26:00,GO,60.0,"4,4",SANTO ANTONIO DO DESCOBERTO,Reação tardia ou ineficiente do condutor,Tombamento,Com Vítimas Feridas,Plena Noite,Decrescente,Céu Claro,Múltipla,Declive;Curva,Não,2.0,0.0,1.0,0.0,1.0,0.0,0.0,2.0,"-16,08911","-48,273733",SPRF-DF,DEL03-DF,UOP01-DEL03-DF
774585,28/05/2026,quinta-feira,00:00:00,SP,116.0,360,MIRACATU,Ausência de reação do condutor,Tombamento,Com Vítimas Feridas,Plena Noite,Decrescente,Céu Claro,Dupla,Curva;Declive,Não,2.0,0.0,1.0,0.0,1.0,0.0,0.0,2.0,"-24,11315896","-47,26922923",SPRF-SP,DEL04/SP,UOP03-DEL04-SP
774586,27/05/2026,quarta-feira,23:40:00,RJ,116.0,180,NOVA IGUACU,Demais falhas mecânicas ou elétricas,Eventos atípicos,Sem Vítimas,Plena Noite,Crescente,Céu Claro,Dupla,Reta,Sim,6.0,0.0,0.0,0.0,0.0,6.0,0.0,5.0,"-22,750606","-43,439993",SPRF-RJ,DEL06/RJ,UOP01-DEL06-RJ
774587,27/05/2026,quarta-feira,23:49:00,SC,101.0,"26,9",JOINVILLE,Pedestre andava na pista,Atropelamento de Pedestre,Com Vítimas Fatais,Plena Noite,Decrescente,Nublado,Múltipla,Interseção de Vias;Reta,Não,2.0,1.0,0.0,0.0,0.0,1.0,0.0,2.0,"-26,20145607","-48,91315905",SPRF-SC,DEL03/SC,UOP01-DEL03-SC
774593,28/05/2026,quinta-feira,02:30:00,MG,50.0,"8,3",ARAGUARI,Condutor Dormindo,Saída de leito carroçável,Com Vítimas Feridas,Plena Noite,Decrescente,Céu Claro,Dupla,Reta;Declive,Não,2.0,0.0,1.0,0.0,1.0,0.0,0.0,2.0,"-18,487585","-48,046325",SPRF-MG,DEL15/MG,UOP02-DEL15-MG
774595,28/05/2026,quinta-feira,05:45:00,ES,259.0,"99,5",BAIXO GUANDU,Acessar a via sem observar a presença dos outros veículos,Colisão transversal,Com Vítimas Fatais,Amanhecer,Crescente,Céu Claro,Simples,Reta,Sim,2.0,1.0,0.0,0.0,0.0,1.0,0.0,2.0,"-19,51753721","-40,99932343",SPRF-ES,DEL02-ES,UOP01-DEL02-ES
774597,27/05/2026,quarta-feira,22:50:00,MG,40.0,"556,8",NOVA LIMA,Velocidade Incompatível,Colisão lateral mesmo sentido,Com Vítimas Feridas,Plena Noite,Crescente,Céu Claro,Dupla,Reta,Sim,2.0,0.0,0.0,1.0,1.0,1.0,0.0,2.0,"-20,0978","-43,9755",SPRF-MG,DEL01/MG,UOP02-DEL01-MG
774605,28/05/2026,quinta-feira,05:15:00,RJ,493.0,80,JAPERI,Demais falhas mecânicas ou elétricas,Colisão traseira,Com Vítimas Feridas,Pleno dia,Decrescente,Céu Claro,Dupla,Reta,Sim,3.0,0.0,3.0,0.0,3.0,0.0,0.0,2.0,"-22,663296","-43,582026",SPRF-RJ,DEL01/RJ,UOP03-DEL01-RJ
774606,28/05/2026,quinta-feira,06:00:00,SP,116.0,528,BARRA DO TURVO,Demais falhas mecânicas ou elétricas,Incêndio,Sem Vítimas,Amanhecer,Crescente,Céu Claro,Dupla,Reta,Não,2.0,0.0,0.0,0.0,0.0,1.0,0.0,14.0,"-24,936697","-48,29465",SPRF-SP,DEL05/SP,UOP02-DEL05-SP
774607,28/05/2026,quinta-feira,06:15:00,MG,262.0,784,UBERABA,Acessar a via sem observar a presença dos outros veículos,Colisão traseira,Com Vítimas Feridas,Amanhecer,Decrescente,Céu Claro,Simples,Viaduto,Sim,3.0,0.0,1.0,0.0,1.0,1.0,0.0,3.0,"-19,767998","-47,8886721",SPRF-MG,DEL13/MG,UOP01-DEL13-MG
774608,20/05/2026,quarta-feira,15:12:00,CE,222.0,"128,9",ITAPAJE,Velocidade Incompatível,Colisão com objeto,Com Vítimas Feridas,Pleno dia,Crescente,Céu Claro,Simples,Curva,Sim,3.0,0.0,2.0,0.0,2.0,0.0,0.0,2.0,"-3,70705","-39,622986",SPRF-CE,DEL04/CE,UOP03-DEL04-CE
774614,27/05/2026,quarta-feira,23:50:00,MG,262.0,"623,8",IBIA,Ausência de reação do condutor,Colisão traseira,Com Vítimas Feridas,Plena Noite,Decrescente,Céu Claro,Simples,Reta,Não,3.0,0.0,1.0,0.0,1.0,1.0,0.0,4.0,"-19,586434","-46,502868",SPRF-MG,DEL08/MG,UOP02-DEL08-MG
774616,28/05/2026,quinta-feira,06:00:00,PI,402.0,76,LUIS CORREIA,Demais falhas mecânicas ou elétricas,Eventos atípicos,Com Vítimas Feridas,Amanhecer,Decrescente,Céu Claro,Simples,Curva,Sim,3.0,0.0,0.0,1.0,1.0,1.0,0.0,4.0,"-3,08069","-41,444785",SPRF-PI,DEL05-PI,UOP01-DEL05-PI
774618,27/05/2026,quarta-feira,08:00:00,RS,386.0,"150,9",ALMIRANTE TAMANDARE DO SUL,Velocidade Incompatível,Tombamento,Sem Vítimas,Pleno dia,Crescente,Céu Claro,Simples,Reta,Não,2.0,0.0,0.0,0.0,0.0,1.0,0.0,2.0,"-28,08469","-52,86777",SPRF-RS,DEL08/RS,UOP01-DEL08-RS
774629,28/05/2026,quinta-feira,07:00:00,MT,364.0,207,RONDONOPOLIS,Acostamento em desnível,Saída de leito carroçável,Com Vítimas Fatais,Pleno dia,Decrescente,Céu Claro,Dupla,Reta,Sim,4.0,1.0,0.0,1.0,1.0,1.0,0.0,3.0,"-16,44250629","-54,67376232",SPRF-MT,DEL02/MT,UOP01-DEL02-MT
774630,28/05/2026,quinta-feira,06:40:00,MT,70.0,275,PRIMAVERA DO LESTE,Reação tardia ou ineficiente do condutor,Colisão lateral mesmo sentido,Com Vítimas Feridas,Pleno dia,Crescente,Céu Claro,Simples,Reta;Interseção de Vias,Não,3.0,0.0,1.0,0.0,1.0,1.0,0.0,4.0,"-15,55615","-54,27324",SPRF-MT,DEL05/MT,UOP01-DEL05-MT
774633,28/05/2026,quinta-feira,05:45:00,RO,319.0,95,PORTO VELHO,Reação tardia ou ineficiente do condutor,Saída de leito carroçável,Sem Vítimas,Amanhecer,Decrescente,Céu Claro,Simples,Reta,Não,3.0,0.0,0.0,0.0,0.0,3.0,0.0,3.0,"-8,41969","-63,96562",SPRF-RO,DEL01-RO,UOP01-DEL01-RO
774637,28/05/2026,quinta-feira,08:10:00,RO,319.0,127,PORTO VELHO,Transitar na contramão,Colisão frontal,Com Vítimas Fatais,Pleno dia,Crescente,Céu Claro,Simples,Reta,Não,3.0,1.0,0.0,0.0,0.0,1.0,0.0,3.0,"-8,70506","-63,98852",SPRF-RO,DEL01-RO,UOP01-DEL01-RO
774638,21/05/2026,quinta-feira,20:35:00,MG,40.0,207,JOAO PINHEIRO,Ausência de reação do condutor,Colisão traseira,Com Vítimas Feridas,Plena Noite,Decrescente,Céu Claro,Simples,Reta;Aclive,Não,3.0,0.0,0.0,1.0,1.0,1.0,0.0,3.0,"-17,986365","-45,743887",SPRF-MG,DEL14/MG,UOP02-DEL14-MG
774639,03/05/2026,domingo,16:50:00,GO,153.0,"126,9",ESTRELA DO NORTE,Ausência de reação do condutor,Colisão lateral mesmo sentido,Com Vítimas Feridas,Pleno dia,Crescente,Céu Claro,Simples,Reta,Não,2.0,0.0,0.0,1.0,1.0,1.0,0.0,2.0,"-13,87261769","-49,05265555",SPRF-GO,DEL07/GO,UOP01-DEL07-GO
774643,26/03/2026,quinta-feira,10:00:00,PI,316.0,230,VALENCA DO PIAUI,Reação tardia ou ineficiente do condutor,Saída de leito carroçável,Com Vítimas Feridas,Pleno dia,Crescente,Céu Claro,Simples,Reta;Declive,Não,2.0,0.0,0.0,1.0,1.0,0.0,0.0,3.0,"-6,371566","-41,777223",SPRF-PI,DEL04-PI,UOP02-DEL04-PI
774646,28/05/2026,quinta-feira,07:26:00,RO,364.0,"341,9",JI-PARANA,Ultrapassagem Indevida,Colisão com objeto,Com Vítimas Feridas,Pleno dia,Crescente,Céu Claro,Dupla,Interseção de Vias,Sim,4.0,0.0,0.0,1.0,1.0,1.0,0.0,5.0,"-10,884548","-61,936283",SPRF-RO,DEL02-RO,UOP01-DEL02-RO
774653,28/05/2026,quinta-feira,10:10:00,SC,116.0,8,MAFRA,Carga excessiva e/ou mal acondicionada,Colisão lateral mesmo sentido,Sem Vítimas,Pleno dia,Crescente,Céu Claro,Simples,Reta,Sim,4.0,0.0,0.0,0.0,0.0,3.0,0.0,3.0,"-26,1594388","-49,84197585",SPRF-SC,DEL06/SC,UOP01-DEL06-SC
774656,28/05/2026,quinta-feira,06:00:00,PR,153.0,"121,5",IBAITI,Velocidade Incompatível,Tombamento,Com Vítimas Feridas,Amanhecer,Crescente,Céu Claro,Simples,Curva,Não,2.0,0.0,0.0,1.0,1.0,0.0,0.0,4.0,"-23,93506","-50,23952",SPRF-PR,DEL07/PR,UOP04-DEL07-PR
774657,28/05/2026,quinta-feira,09:15:00,AL,101.0,"211,8",SAO SEBASTIAO,Reação tardia ou ineficiente do condutor,Tombamento,Com Vítimas Feridas,Pleno dia,Decrescente,Céu Claro,Simples,Em Obras;Reta,Não,2.0,0.0,1.0,0.0,1.0,0.0,0.0,2.0,"-10,013265","-36,616078",SPRF-AL,DEL02-AL,UOP02-DEL02-AL
774660,28/05/2026,quinta-feira,11:10:00,RS,290.0,315,BARRA DO RIBEIRO,Ausência de reação do condutor,Saída de leito carroçável,Sem Vítimas,Pleno dia,Decrescente,Céu Claro,Dupla,Reta,Não,2.0,0.0,0.0,0.0,0.0,1.0,0.0,2.0,"-30,24192832","-51,40630527",SPRF-RS,DEL09/RS,UOP02-DEL09-RS
774664,28/05/2026,quinta-feira,08:40:00,SC,101.0,"395,8",MARACAJA,Ausência de reação do condutor,Colisão traseira,Com Vítimas Feridas,Pleno dia,Decrescente,Céu Claro,Dupla,Reta;Aclive,Não,3.0,0.0,0.0,1.0,1.0,1.0,0.0,4.0,"-28,83611201","-49,42041993",SPRF-SC,DEL02/SC,UOP02-DEL02-SC
774667,08/05/2026,sexta-feira,19:30:00,MG,381.0,518,IGARAPE,Condutor deixou de manter distância do veículo da frente,Colisão lateral mesmo sentido,Com Vítimas Feridas,Plena Noite,Crescente,Céu Claro,Dupla,Aclive;Reta,Sim,6.0,0.0,2.0,0.0,2.0,3.0,0.0,4.0,"-20,110213","-44,326948",SPRF-MG,DEL01/MG,UOP03-DEL01-MG
774671,28/05/2026,quinta-feira,12:30:00,PA,316.0,64,CASTANHAL,Conversão proibida,Colisão transversal,Com Vítimas Feridas,Pleno dia,Crescente,Céu Claro,Simples,Reta,Sim,2.0,0.0,0.0,1.0,1.0,1.0,0.0,2.0,"-1,2959","-47,91461",SPRF-PA,DEL01/PA,UOP01-DEL01-PA
774673,28/05/2026,quinta-feira,10:40:00,RJ,101.0,33,CAMPOS DOS GOYTACAZES,Acessar a via sem observar a presença dos outros veículos,Colisão transversal,Com Vítimas Feridas,Pleno dia,Decrescente,Céu Claro,Simples,Reta;Interseção de Vias,Sim,3.0,0.0,2.0,0.0,2.0,1.0,0.0,2.0,"-21,497723","-41,341076",SPRF-RJ,DEL08/RJ,UOP01-DEL08-RJ
774677,28/05/2026,quinta-feira,07:40:00,SC,282.0,"540,5",CHAPECO,Ultrapassagem Indevida,Colisão traseira,Com Vítimas Fatais,Amanhecer,Crescente,Nevoeiro/Neblina,Simples,Curva,Não,6.0,1.0,2.0,0.0,2.0,3.0,0.0,5.0,"-26,9971151","-52,6931053",SPRF-SC,DEL07/SC,UOP01-DEL07-SC
774680,28/05/2026,quinta-feira,14:00:00,PR,277.0,"458,5",LARANJEIRAS DO SUL,Ausência de reação do condutor,Colisão lateral mesmo sentido,Com Vítimas Feridas,Pleno dia,Crescente,Céu Claro,Simples,Reta,Sim,3.0,0.0,0.0,1.0,1.0,1.0,0.0,5.0,"-25,384622","-52,42211",SPRF-PR,DEL04/PR,UOP02-DEL04-PR
774682,28/05/2026,quinta-feira,14:15:00,PR,277.0,729,FOZ DO IGUACU,Reação tardia ou ineficiente do condutor,Colisão lateral mesmo sentido,Sem Vítimas,Pleno dia,Crescente,Sol,Dupla,Viaduto;Reta,Sim,4.0,0.0,0.0,0.0,0.0,3.0,0.0,3.0,"-25,50977242","-54,57159913",SPRF-PR,DEL05/PR,UOP03-DEL05-PR
774684,28/05/2026,quinta-feira,13:26:00,MS,163.0,615,SAO GABRIEL DO OESTE,Acessar a via sem observar a presença dos outros veículos,Colisão transversal,Com Vítimas Feridas,Pleno dia,Crescente,Céu Claro,Simples,Interseção de Vias;Reta,Sim,3.0,0.0,1.0,0.0,1.0,1.0,0.0,3.0,"-19,389201","-54,571615",SPRF-MS,DEL06/MS,UOP02-DEL06-MS
774685,28/05/2026,quinta-feira,13:30:00,MS,163.0,"757,6",COXIM,Reação tardia ou ineficiente do condutor,Engavetamento,Com Vítimas Fatais,Pleno dia,Decrescente,Céu Claro,Simples,Reta;Aclive;Em Obras,Não,5.0,2.0,0.0,1.0,1.0,1.0,0.0,7.0,"-18,272226","-54,667138",SPRF-MS,DEL06/MS,UOP01-DEL06-MS
774688,28/05/2026,quinta-feira,14:30:00,PR,158.0,"396,9",LARANJEIRAS DO SUL,Ultrapassagem Indevida,Colisão traseira,Com Vítimas Feridas,Pleno dia,Crescente,Céu Claro,Simples,Declive;Reta,Não,3.0,0.0,0.0,2.0,2.0,1.0,0.0,2.0,"-25,32306582","-52,33888328",SPRF-PR,DEL04/PR,UOP02-DEL04-PR
774689,28/05/2026,quinta-feira,14:30:00,BA,116.0,547,MILAGRES,Velocidade Incompatível,Colisão traseira,Com Vítimas Feridas,Pleno dia,Decrescente,Céu Claro,Simples,Reta,Sim,2.0,0.0,1.0,0.0,1.0,1.0,0.0,2.0,"-12,87983","-39,85833",SPRF-BA,DEL03/BA,UOP02-DEL03-BA
774691,28/05/2026,quinta-feira,12:00:00,MG,116.0,"449,9",ENGENHEIRO CALDAS,Condutor Dormindo,Saída de leito carroçável,Com Vítimas Feridas,Pleno dia,Crescente,Céu Claro,Simples,Reta,Não,2.0,0.0,0.0,1.0,1.0,0.0,0.0,2.0,"-19,15344272","-42,02180028",SPRF-MG,DEL06/MG,UOP02-DEL06-MG
774693,28/05/2026,quinta-feira,13:10:00,RO,319.0,140,PORTO VELHO,Manobra de mudança de faixa,Colisão lateral mesmo sentido,Sem Vítimas,Pleno dia,Decrescente,Sol,Múltipla,Reta,Sim,3.0,0.0,0.0,0.0,0.0,2.0,0.0,4.0,"-8,74237741","-63,90224576",SPRF-RO,DEL01-RO,UOP01-DEL01-RO
774699,28/05/2026,quinta-feira,09:00:00,SC,116.0,"107,9",MONTE CASTELO,Velocidade Incompatível,Saída de leito carroçável,Com Vítimas Feridas,Pleno dia,Decrescente,Sol,Simples,Declive;Curva,Não,2.0,0.0,0.0,1.0,1.0,0.0,0.0,2.0,"-26,75686989","-50,32937497",SPRF-SC,DEL06/SC,UOP02-DEL06-SC
774700,28/05/2026,quinta-feira,15:45:00,PR,376.0,492,PONTA GROSSA,Reação tardia ou ineficiente do condutor,Colisão traseira,Sem Vítimas,Pleno dia,Decrescente,Sol,Dupla,Aclive;Reta,Sim,2.0,0.0,0.0,0.0,0.0,2.0,0.0,2.0,"-25,14193829","-50,15830133",SPRF-PR,DEL03/PR,UOP03-DEL03-PR
774704,28/05/2026,quinta-feira,13:15:00,BA,367.0,"72,8",EUNAPOLIS,Velocidade Incompatível,Tombamento,Com Vítimas Fatais,Pleno dia,Decrescente,Céu Claro,Simples,Ponte;Curva,Não,2.0,1.0,0.0,1.0,1.0,0.0,0.0,1.0,"-16,38485742","-39,48916404",SPRF-BA,DEL09/BA,UOP03-DEL09-BA
774705,28/05/2026,quinta-feira,16:20:00,SP,116.0,207,GUARULHOS,Demais falhas mecânicas ou elétricas,Colisão lateral mesmo sentido,Com Vítimas Feridas,Pleno dia,Decrescente,Céu Claro,Múltipla,Reta,Sim,4.0,0.0,1.0,0.0,1.0,3.0,0.0,3.0,"-23,42198336","-46,39286041",SPRF-SP,DEL01/SP,UOP01-DEL01-SP
774708,28/05/2026,quinta-feira,14:55:00,MS,163.0,"18,7",MUNDO NOVO,Acessar a via sem observar a presença dos outros veículos,Colisão transversal,Sem Vítimas,Pleno dia,Crescente,Sol,Simples,Reta;Interseção de Vias,Sim,2.0,0.0,0.0,0.0,0.0,1.0,0.0,2.0,"-23,935665","-54,2814",SPRF-MS,DEL09/MS,UOP02-DEL09-MS
774710,29/04/2026,quarta-feira,14:30:00,RJ,116.0,294,PORTO REAL,Ausência de reação do condutor,Engavetamento,Com Vítimas Feridas,Pleno dia,Crescente,Nublado,Dupla,Reta,Não,5.0,0.0,1.0,0.0,1.0,3.0,0.0,4.0,"-22,45637849","-44,33431864",SPRF-RJ,DEL07/RJ,UOP02-DEL07-RJ
774711,20/05/2026,quarta-feira,01:40:00,TO,226.0,42,DARCINOPOLIS,Transitar na contramão,Colisão lateral sentido oposto,Com Vítimas Feridas,Plena Noite,Crescente,Céu Claro,Simples,Reta,Não,3.0,0.0,1.0,0.0,1.0,1.0,0.0,3.0,"-6,731342","-47,77211",SPRF-TO,DEL02-TO,UOP03-DEL02-TO
774716,28/05/2026,quinta-feira,16:50:00,SP,381.0,"53,8",ATIBAIA,Reação tardia ou ineficiente do condutor,Engavetamento,Com Vítimas Feridas,Pleno dia,Crescente,Céu Claro,Dupla,Reta,Não,3.0,0.0,1.0,0.0,1.0,1.0,0.0,3.0,"-23,16922087","-46,57198286",SPRF-SP,DEL03/SP,UOP01-DEL03-SP
774722,28/05/2026,quinta-feira,16:00:00,MT,158.0,514,CANARANA,Reação tardia ou ineficiente do condutor,Saída de leito carroçável,Sem Vítimas,Pleno dia,Crescente,Céu Claro,Simples,Reta,Não,2.0,0.0,0.0,0.0,0.0,1.0,0.0,4.0,"-13,65607616","-51,97144318",SPRF-MT,DEL07/MT,UOP02-DEL07-MT
774724,28/05/2026,quinta-feira,15:20:00,PI,343.0,279,CAMPO MAIOR,Acessar a via sem observar a presença dos outros veículos,Colisão transversal,Com Vítimas Feridas,Pleno dia,Decrescente,Céu Claro,Simples,Reta,Não,3.0,0.0,1.0,0.0,1.0,1.0,0.0,3.0,"-4,8482471","-42,1926378",SPRF-PI,DEL01-PI,UOP03-DEL01-PI
774733,28/05/2026,quinta-feira,16:50:00,PR,277.0,670,MEDIANEIRA,Manobra de mudança de faixa,Colisão traseira,Com Vítimas Feridas,Anoitecer,Crescente,Céu Claro,Dupla,Reta,Não,2.0,0.0,1.0,0.0,1.0,1.0,0.0,2.0,"-25,26984657","-54,06148911",SPRF-PR,DEL05/PR,UOP02-DEL05-PR
774741,28/05/2026,quinta-feira,14:25:00,RJ,493.0,60,NOVA IGUACU,Ausência de reação do condutor,Colisão traseira,Com Vítimas Feridas,Pleno dia,Crescente,Céu Claro,Dupla,Reta,Não,2.0,0.0,1.0,0.0,1.0,1.0,0.0,2.0,"-22,676966","-43,399738",SPRF-RJ,DEL01/RJ,UOP03-DEL01-RJ
774744,28/05/2026,quinta-feira,17:20:00,MT,364.0,399,CUIABA,Condutor deixou de manter distância do veículo da frente,Colisão traseira,Com Vítimas Feridas,Plena Noite,Decrescente,Céu Claro,Dupla,Retorno Regulamentado;Reta,Sim,6.0,0.0,1.0,0.0,1.0,4.0,0.0,3.0,"-15,66631542","-55,96048987",SPRF-MT,DEL01/MT,UOP02-DEL01-MT
774745,28/05/2026,quinta-feira,18:00:00,MG,381.0,345,JOAO MONLEVADE,Declive acentuado,Tombamento,Sem Vítimas,Plena Noite,Decrescente,Nublado,Simples,Reta,Não,2.0,0.0,0.0,0.0,0.0,1.0,0.0,2.0,"-19,85001253","-43,15106265",SPRF-MG,DEL03/MG,UOP01-DEL03-MG
774747,28/05/2026,quinta-feira,18:40:00,SP,116.0,57,GUARATINGUETA,Acessar a via sem observar a presença dos outros veículos,Atropelamento de Pedestre,Com Vítimas Feridas,Plena Noite,Crescente,Céu Claro,Dupla,Reta,Não,2.0,0.0,1.0,0.0,1.0,1.0,0.0,2.0,"-22,7767748","-45,1412658",SPRF-SP,DEL08/SP,UOP01-DEL08-SP
774749,28/05/2026,quinta-feira,18:33:00,SC,101.0,"351,3",JAGUARUNA,Reação tardia ou ineficiente do condutor,Colisão traseira,Com Vítimas Feridas,Plena Noite,Decrescente,Céu Claro,Dupla,Curva,Não,3.0,0.0,1.0,1.0,2.0,1.0,0.0,2.0,"-28,60822686","-49,05851517",SPRF-SC,DEL02/SC,UOP01-DEL02-SC
774752,28/05/2026,quinta-feira,05:30:00,SP,116.0,446,REGISTRO,Reação tardia ou ineficiente do condutor,Colisão traseira,Com Vítimas Feridas,Amanhecer,Crescente,Nevoeiro/Neblina,Simples,Reta,Não,3.0,0.0,0.0,1.0,1.0,1.0,0.0,3.0,"-24,505663","-47,848099",SPRF-SP,DEL05/SP,UOP01-DEL05-SP
774753,28/05/2026,quinta-feira,17:40:00,MS,163.0,"486,7",CAMPO GRANDE,Conversão proibida,Colisão transversal,Com Vítimas Feridas,Plena Noite,Crescente,Céu Claro,Simples,Reta,Não,4.0,0.0,2.0,0.0,2.0,1.0,0.0,4.0,"-20,427728","-54,54479",SPRF-MS,DEL01/MS,UOP02-DEL01-MS
774759,28/05/2026,quinta-feira,10:40:00,RS,158.0,232,SANTANA DO LIVRAMENTO,Velocidade Incompatível,Tombamento,Sem Vítimas,Pleno dia,Decrescente,Nublado,Simples,Interseção de Vias;Rotatória,Não,2.0,0.0,0.0,0.0,0.0,1.0,0.0,2.0,"-30,78696715","-55,18671719",SPRF-RS,DEL10/RS,UOP02-DEL10-RS
774762,28/05/2026,quinta-feira,18:23:00,RN,304.0,82,ACU,Transitar na contramão,Colisão frontal,Sem Vítimas,Plena Noite,Crescente,Céu Claro,Simples,Reta,Não,3.0,0.0,0.0,0.0,0.0,1.0,0.0,3.0,"-5,486742","-37,158783",SPRF-RN,DEL04-RN,UOP01-DEL04-RN
774763,28/05/2026,quinta-feira,20:00:00,ES,101.0,"340,4",GUARAPARI,Manobra de mudança de faixa,Colisão traseira,Sem Vítimas,Plena Noite,Crescente,Nublado,Dupla,Aclive,Não,3.0,0.0,0.0,0.0,0.0,2.0,0.0,3.0,"-20,64954","-40,57034",SPRF-ES,DEL03-ES,UOP01-DEL03-ES
774764,28/05/2026,quinta-feira,19:30:00,PR,153.0,"36,9",SANTO ANTONIO DA PLATINA,Conversão proibida,Colisão transversal,Sem Vítimas,Plena Noite,Crescente,Céu Claro,Simples,Curva,Não,4.0,0.0,0.0,0.0,0.0,3.0,0.0,3.0,"-23,26187915","-50,05830288",SPRF-PR,DEL07/PR,UOP04-DEL07-PR
774772,28/05/2026,quinta-feira,18:00:00,SC,282.0,"590,2",SAUDADES,Transitar na contramão,Colisão frontal,Com Vítimas Fatais,Anoitecer,Decrescente,Céu Claro,Simples,Aclive;Reta,Não,6.0,1.0,0.0,3.0,3.0,1.0,0.0,4.0,"-26,82565288","-53,08648491",SPRF-SC,DEL07/SC,UOP02-DEL07-SC