id,data_inversa,dia_semana,horario,uf,br,km,municipio,causa_acidente,tipo_acidente,classificacao_acidente,fase_dia,sentido_via,condicao_metereologica,tipo_pista,tracado_via,uso_solo,pessoas,mortos,feridos_leves,feridos_graves,feridos,ilesos,ignorados,veiculos,latitude,longitude,regional,delegacia,uop
774774,28/05/2026,quinta-feira,21:00:00,MG,364.0,31,FRUTAL,Reação tardia ou ineficiente do condutor,Colisão traseira,Com Vítimas Feridas,Plena Noite,Crescente,Nublado,Simples,Reta,Não,2.0,0.0,1.0,0.0,1.0,0.0,0.0,2.0,"-20,012332","-48,922224",SPRF-MG,DEL13/MG,UOP02-DEL13-MG
774778,28/05/2026,quinta-feira,19:10:00,RS,116.0,180,NOVA PETROPOLIS,Reação tardia ou ineficiente do condutor,Engavetamento,Sem Vítimas,Plena Noite,Decrescente,Céu Claro,Simples,Curva;Em Obras,Não,6.0,0.0,0.0,0.0,0.0,6.0,0.0,3.0,"-29,364582","-51,130638",SPRF-RS,DEL05/RS,UOP02-DEL05-RS
774780,28/05/2026,quinta-feira,15:56:00,CE,222.0,314,TIANGUA,Condutor deixou de manter distância do veículo da frente,Colisão traseira,Com Vítimas Feridas,Pleno dia,Decrescente,Céu Claro,Dupla,Reta,Sim,2.0,0.0,0.0,1.0,1.0,1.0,0.0,2.0,"-3,69230259","-40,97584783",SPRF-CE,DEL04/CE,UOP02-DEL04-CE
774787,28/05/2026,quinta-feira,21:48:00,SP,116.0,285,ITAPECERICA DA SERRA,Reação tardia ou ineficiente do condutor,Colisão lateral mesmo sentido,Sem Vítimas,Plena Noite,Decrescente,Nublado,Dupla,Reta,Não,2.0,0.0,0.0,0.0,0.0,1.0,0.0,2.0,"-23,694325","-46,86399",SPRF-SP,DEL04/SP,UOP01-DEL04-SP
774788,28/05/2026,quinta-feira,22:00:00,GO,452.0,144,BOM JESUS DE GOIAS,Ausência de reação do condutor,Colisão traseira,Com Vítimas Feridas,Plena Noite,Decrescente,Céu Claro,Simples,Reta,Não,3.0,0.0,2.0,0.0,2.0,0.0,0.0,2.0,"-18,261787","-49,663517",SPRF-GO,DEL03/GO,UOP02-DEL03-GO
774790,28/05/2026,quinta-feira,09:20:00,MT,174.0,273,VALE DE SAO DOMINGOS,Acesso irregular,Colisão transversal,Sem Vítimas,Pleno dia,Decrescente,Céu Claro,Múltipla,Declive;Reta,Não,2.0,0.0,0.0,0.0,0.0,0.0,1.0,2.0,"-15,4378","-59,1081",SPRF-MT,DEL04/MT,UOP01-DEL04-MT
774804,28/05/2026,quinta-feira,21:45:00,RJ,116.0,"92,4",TERESOPOLIS,Reação tardia ou ineficiente do condutor,Colisão frontal,Com Vítimas Fatais,Plena Noite,Crescente,Céu Claro,Simples,Reta,Não,4.0,1.0,1.0,0.0,1.0,2.0,0.0,2.0,"-22,461163","-42,981087",SPRF-RJ,DEL04/RJ,UOP01-DEL04-RJ
774806,29/05/2026,sexta-feira,00:20:00,PB,230.0,"288,6",SAO MAMEDE,Acessar a via sem observar a presença dos outros veículos,Colisão transversal,Com Vítimas Fatais,Plena Noite,Crescente,Céu Claro,Simples,Reta,Não,3.0,1.0,0.0,0.0,0.0,2.0,0.0,2.0,"-6,927179","-37,06945",SPRF-PB,DEL03-PB,UOP01-DEL03-PB
774808,29/05/2026,sexta-feira,01:02:00,MT,70.0,301,POXOREU,Acostamento em desnível,Saída de leito carroçável,Com Vítimas Feridas,Plena Noite,Decrescente,Nublado,Simples,Reta,Não,1.0,0.0,0.0,1.0,1.0,0.0,0.0,1.0,"-15,57781704","-54,48437691",SPRF-MT,DEL05/MT,UOP01-DEL05-MT
774809,29/05/2026,sexta-feira,02:40:00,CE,116.0,"160,1",RUSSAS,Transitar na contramão,Colisão frontal,Com Vítimas Feridas,Plena Noite,Decrescente,Céu Claro,Dupla,Curva,Sim,2.0,0.0,0.0,1.0,1.0,0.0,0.0,2.0,"-4,91794729","-37,99500816",SPRF-CE,DEL03/CE,UOP01-DEL03-CE
774812,28/05/2026,quinta-feira,22:30:00,MG,381.0,364,SAO GONCALO DO RIO ABAIXO,Velocidade Incompatível,Tombamento,Com Vítimas Feridas,Plena Noite,Decrescente,Céu Claro,Simples,Curva,Não,2.0,0.0,0.0,1.0,1.0,0.0,0.0,2.0,"-19,85066358","-43,26827399",SPRF-MG,DEL03/MG,UOP01-DEL03-MG
774816,29/05/2026,sexta-feira,04:34:00,MS,163.0,200,CAARAPO,Transitar na contramão,Colisão lateral sentido oposto,Com Vítimas Fatais,Plena Noite,Crescente,Céu Claro,Dupla,Reta,Não,3.0,1.0,0.0,0.0,0.0,1.0,0.0,5.0,"-22,704899","-54,78584",SPRF-MS,DEL04/MS,UOP02-DEL04-MS
774817,28/05/2026,quinta-feira,21:40:00,MT,70.0,514,VARZEA GRANDE,Ausência de reação do condutor,Saída de leito carroçável,Com Vítimas Feridas,Plena Noite,Decrescente,Céu Claro,Simples,Reta,Não,2.0,0.0,0.0,1.0,1.0,0.0,0.0,4.0,"-15,70616518","-56,13439679",SPRF-MT,DEL01/MT,UOP02-DEL01-MT
774818,29/05/2026,sexta-feira,05:40:00,PR,376.0,470,PONTA GROSSA,Ingestão de álcool pelo condutor,Colisão traseira,Com Vítimas Feridas,Plena Noite,Crescente,Nevoeiro/Neblina,Dupla,Viaduto,Não,5.0,0.0,1.0,1.0,2.0,2.0,0.0,3.0,"-25,04052829","-50,28286664",SPRF-PR,DEL03/PR,UOP01-DEL03-PR
774833,29/05/2026,sexta-feira,05:00:00,RJ,40.0,76,PETROPOLIS,Condutor Dormindo,Tombamento,Com Vítimas Feridas,Amanhecer,Crescente,Céu Claro,Dupla,Reta;Aclive,Não,2.0,0.0,1.0,0.0,1.0,1.0,0.0,1.0,"-22,478767","-43,236515",SPRF-RJ,DEL01/RJ,UOP01-DEL01-RJ
774838,29/05/2026,sexta-feira,06:15:00,GO,153.0,305,RIALMA,Acessar a via sem observar a presença dos outros veículos,Colisão transversal,Com Vítimas Feridas,Amanhecer,Crescente,Céu Claro,Simples,Em Obras,Não,4.0,0.0,1.0,0.0,1.0,2.0,0.0,4.0,"-15,362134","-49,562749",SPRF-GO,DEL02/GO,UOP02-DEL02-GO
774839,29/05/2026,sexta-feira,06:00:00,SC,470.0,16,ILHOTA,Animais na Pista,Atropelamento de Animal,Sem Vítimas,Amanhecer,Crescente,Nublado,Dupla,Reta;Viaduto,Não,2.0,0.0,0.0,0.0,0.0,2.0,0.0,2.0,"-26,8488974","-48,8016057",SPRF-SC,DEL04/SC,UOP04-DEL04-SC
774840,29/05/2026,sexta-feira,06:35:00,RJ,116.0,147,DUQUE DE CAXIAS,Manobra de mudança de faixa,Colisão lateral mesmo sentido,Com Vítimas Feridas,Pleno dia,Crescente,Nublado,Múltipla,Reta,Sim,3.0,0.0,1.0,0.0,1.0,1.0,0.0,3.0,"-22,67104156","-43,27771873",SPRF-RJ,DEL01/RJ,UOP02-DEL01-RJ
774841,29/05/2026,sexta-feira,07:15:00,SP,116.0,295,ITAPECERICA DA SERRA,Velocidade Incompatível,Engavetamento,Com Vítimas Feridas,Pleno dia,Decrescente,Céu Claro,Dupla,Reta,Sim,5.0,0.0,1.0,0.0,1.0,4.0,0.0,3.0,"-23,763593","-46,90618",SPRF-SP,DEL04/SP,UOP01-DEL04-SP
774846,29/05/2026,sexta-feira,07:50:00,RS,285.0,"303,1",PASSO FUNDO,Acessar a via sem observar a presença dos outros veículos,Colisão transversal,Com Vítimas Feridas,Pleno dia,Decrescente,Sol,Simples,Interseção de Vias;Reta,Sim,2.0,0.0,0.0,1.0,1.0,1.0,0.0,2.0,"-28,22220992","-52,46818034",SPRF-RS,DEL08/RS,UOP03-DEL08-RS
774858,29/05/2026,sexta-feira,09:30:00,PR,476.0,110,COLOMBO,Ausência de reação do condutor,Tombamento,Com Vítimas Feridas,Pleno dia,Crescente,Nublado,Simples,Curva,Sim,2.0,0.0,1.0,0.0,1.0,0.0,0.0,3.0,"-25,31302034","-49,14629666",SPRF-PR,DEL01/PR,UOP01-DEL01-PR
774859,29/05/2026,sexta-feira,09:10:00,GO,60.0,114,TEREZOPOLIS DE GOIAS,Desrespeitar a preferência no cruzamento,Colisão transversal,Com Vítimas Feridas,Pleno dia,Decrescente,Céu Claro,Dupla,Interseção de Vias,Sim,3.0,0.0,1.0,1.0,2.0,1.0,0.0,2.0,"-16,4841","-49,092788",SPRF-GO,DEL01/GO,UOP01-DEL01-GO
774865,29/05/2026,sexta-feira,10:20:00,PR,116.0,16,COLOMBO,Condutor deixou de manter distância do veículo da frente,Colisão traseira,Com Vítimas Feridas,Pleno dia,Crescente,Nublado,Dupla,Reta,Sim,2.0,0.0,1.0,0.0,1.0,1.0,0.0,2.0,"-25,38839661","-49,18458637",SPRF-PR,DEL01/PR,UOP02-DEL01-PR
774875,29/05/2026,sexta-feira,10:50:00,PB,230.0,17,JOAO PESSOA,Ingestão de álcool pelo condutor,Colisão lateral mesmo sentido,Sem Vítimas,Pleno dia,Crescente,Céu Claro,Dupla,Reta,Sim,3.0,0.0,0.0,0.0,0.0,3.0,0.0,2.0,"-7,11629536","-34,84225678",SPRF-PB,DEL01-PB,UOP01-DEL01-PB
774877,29/05/2026,sexta-feira,11:35:00,BA,116.0,423,FEIRA DE SANTANA,Entrada inopinada do pedestre,Queda de ocupante de veículo,Com Vítimas Feridas,Pleno dia,Decrescente,Céu Claro,Simples,Reta,Sim,3.0,0.0,0.0,1.0,1.0,1.0,0.0,3.0,"-12,23617","-38,97823",SPRF-BA,DEL02/BA,UOP01-DEL02-BA
774881,23/04/2026,quinta-feira,14:20:00,SP,153.0,64,SAO JOSE DO RIO PRETO,Acumulo de óleo sobre o pavimento,Tombamento,Com Vítimas Feridas,Pleno dia,Decrescente,Céu Claro,Dupla,Reta,Sim,3.0,0.0,1.0,0.0,1.0,1.0,0.0,3.0,"-20,829909","-49,360891",SPRF-SP,DEL09/SP,UOP01-DEL09-SP
774886,29/05/2026,sexta-feira,12:00:00,SC,480.0,"128,5",CHAPECO,Entrada inopinada do pedestre,Atropelamento de Pedestre,Com Vítimas Feridas,Pleno dia,Crescente,Nublado,Simples,Reta,Sim,2.0,0.0,0.0,1.0,1.0,1.0,0.0,2.0,"-27,03379197","-52,63364502",SPRF-SC,DEL07/SC,UOP01-DEL07-SC
774902,29/05/2026,sexta-feira,12:00:00,RO,364.0,784,PORTO VELHO,Demais falhas mecânicas ou elétricas,Incêndio,Sem Vítimas,Pleno dia,Crescente,Céu Claro,Simples,Reta,Não,1.0,0.0,0.0,0.0,0.0,1.0,0.0,1.0,"-9,20428518","-64,28792059",SPRF-RO,DEL01-RO,UOP02-DEL01-RO
774905,24/04/2026,sexta-feira,10:40:00,RJ,393.0,255,BARRA DO PIRAI,Transitar na contramão,Colisão lateral sentido oposto,Sem Vítimas,Pleno dia,Decrescente,Céu Claro,Simples,Reta,Não,3.0,0.0,0.0,0.0,0.0,2.0,0.0,4.0,"-22,44971658","-43,82818655",SPRF-RJ,DEL05/RJ,UOP04-DEL05-RJ
774906,29/05/2026,sexta-feira,09:55:00,PR,376.0,171,MARINGA,Velocidade Incompatível,Tombamento,Com Vítimas Feridas,Pleno dia,Decrescente,Céu Claro,Dupla,Rotatória;Viaduto,Sim,2.0,0.0,1.0,0.0,1.0,0.0,0.0,4.0,"-23,41850271","-51,97176782",SPRF-PR,DEL09/PR,UOP01-DEL09-PR
774912,19/05/2026,terça-feira,01:10:00,RJ,116.0,128,MAGE,Reação tardia ou ineficiente do condutor,Colisão traseira,Com Vítimas Feridas,Amanhecer,Crescente,Chuva,Dupla,Curva,Não,2.0,0.0,1.0,0.0,1.0,0.0,0.0,2.0,"-22,66399699","-43,09533119",SPRF-RJ,DEL04/RJ,UOP02-DEL04-RJ
774914,29/05/2026,sexta-feira,09:30:00,MA,226.0,341,JENIPAPO DOS VIEIRAS,Pedestre andava na pista,Atropelamento de Pedestre,Com Vítimas Feridas,Pleno dia,Decrescente,Céu Claro,Simples,Reta,Não,2.0,0.0,0.0,1.0,1.0,1.0,0.0,2.0,"-5,503409","-45,547366",SPRF-MA,DEL06-MA,UOP01-DEL06-MA
774924,29/05/2026,sexta-feira,14:20:00,MG,381.0,524,BRUMADINHO,Demais falhas mecânicas ou elétricas,Tombamento,Com Vítimas Feridas,Pleno dia,Crescente,Céu Claro,Dupla,Reta;Declive;Em Obras,Não,1.0,0.0,1.0,0.0,1.0,0.0,0.0,1.0,"-20,14152143","-44,31878027",SPRF-MG,DEL04/MG,UOP03-DEL04-MG
774929,29/05/2026,sexta-feira,14:30:00,PB,101.0,59,SANTA RITA,Ingestão de álcool pelo condutor,Colisão lateral mesmo sentido,Sem Vítimas,Pleno dia,Decrescente,Céu Claro,Dupla,Reta;Aclive,Não,2.0,0.0,0.0,0.0,0.0,1.0,0.0,2.0,"-6,997245","-35,066925",SPRF-PB,DEL01-PB,UOP03-DEL01-PB
774931,29/05/2026,sexta-feira,13:50:00,BA,135.0,187,BARREIRAS,Ultrapassagem Indevida,Colisão lateral mesmo sentido,Com Vítimas Feridas,Pleno dia,Decrescente,Céu Claro,Simples,Reta,Não,4.0,0.0,0.0,2.0,2.0,1.0,0.0,3.0,"-12,216835","-45,018539",SPRF-BA,DEL10/BA,UOP01-DEL10-BA
774933,29/05/2026,sexta-feira,15:30:00,SC,101.0,"209,8",SAO JOSE,Ausência de reação do condutor,Colisão traseira,Sem Vítimas,Pleno dia,Decrescente,Céu Claro,Múltipla,Reta,Sim,3.0,0.0,0.0,0.0,0.0,3.0,0.0,2.0,"-27,615687","-48,644504",SPRF-SC,DEL01/SC,UOP01-DEL01-SC
774934,29/05/2026,sexta-feira,14:40:00,PI,316.0,312,PICOS,Desrespeitar a preferência no cruzamento,Colisão transversal,Sem Vítimas,Pleno dia,Crescente,Céu Claro,Dupla,Reta;Interseção de Vias,Sim,2.0,0.0,0.0,0.0,0.0,1.0,0.0,2.0,"-7,08066024","-41,45219231",SPRF-PI,DEL04-PI,UOP01-DEL04-PI
774935,29/05/2026,sexta-feira,13:20:00,MG,40.0,"746,3",SANTOS DUMONT,Ausência de reação do condutor,Saída de leito carroçável,Com Vítimas Fatais,Pleno dia,Crescente,Céu Claro,Simples,Curva;Viaduto,Não,2.0,1.0,0.0,0.0,0.0,0.0,0.0,2.0,"-21,45184333","-43,55792",SPRF-MG,DEL05/MG,UOP01-DEL05-MG
774936,29/05/2026,sexta-feira,15:20:00,RS,392.0,"275,6",SAO SEPE,Objeto estático sobre o leito carroçável,Colisão lateral mesmo sentido,Com Vítimas Feridas,Pleno dia,Crescente,Céu Claro,Simples,Reta,Não,5.0,0.0,1.0,0.0,1.0,3.0,0.0,3.0,"-30,345277","-53,520102",SPRF-RS,DEL09/RS,UOP02-DEL09-RS
774938,29/05/2026,sexta-feira,13:00:00,PA,163.0,16,NOVO PROGRESSO,Ingestão de álcool pelo condutor,Colisão lateral sentido oposto,Sem Vítimas,Pleno dia,Crescente,Céu Claro,Simples,Reta,Não,3.0,0.0,0.0,0.0,0.0,2.0,0.0,8.0,"-9,43151","-54,86996",SPRF-MT,DEL06/MT,UOP03-DEL06-MT
774940,29/05/2026,sexta-feira,15:00:00,MG,381.0,931,EXTREMA,Ausência de reação do condutor,Engavetamento,Com Vítimas Feridas,Pleno dia,Decrescente,Céu Claro,Dupla,Curva;Declive,Não,7.0,0.0,1.0,1.0,2.0,4.0,0.0,7.0,"-22,784051","-46,253805",SPRF-MG,DEL16/MG,UOP03-DEL16-MG
774946,29/05/2026,sexta-feira,16:00:00,CE,20.0,405,CAUCAIA,Ausência de reação do condutor,Colisão lateral sentido oposto,Com Vítimas Feridas,Pleno dia,Decrescente,Céu Claro,Simples,Reta,Sim,4.0,0.0,2.0,0.0,2.0,2.0,0.0,3.0,"-3,76832","-38,66624",SPRF-CE,DEL01/CE,UOP01-DEL01-CE
774950,29/05/2026,sexta-feira,15:30:00,MG,40.0,"525,2",CONTAGEM,Reação tardia ou ineficiente do condutor,Colisão traseira,Sem Vítimas,Pleno dia,Decrescente,Nublado,Dupla,Reta,Sim,2.0,0.0,0.0,0.0,0.0,2.0,0.0,2.0,"-19,8877727","-44,0502185",SPRF-MG,DEL01/MG,UOP02-DEL01-MG
774955,29/05/2026,sexta-feira,15:53:00,RJ,393.0,"285,9",VOLTA REDONDA,Reação tardia ou ineficiente do condutor,Colisão traseira,Com Vítimas Feridas,Plena Noite,Crescente,Nublado,Simples,Interseção de Vias;Reta,Sim,4.0,0.0,2.0,0.0,2.0,1.0,0.0,3.0,"-22,506547","-44,077619",SPRF-RJ,DEL05/RJ,UOP04-DEL05-RJ
774958,29/05/2026,sexta-feira,17:30:00,PR,373.0,173,PONTA GROSSA,Ausência de reação do condutor,Colisão lateral mesmo sentido,Com Vítimas Feridas,Pleno dia,Crescente,Céu Claro,Dupla,Curva,Sim,2.0,0.0,1.0,0.0,1.0,0.0,0.0,2.0,"-25,080457","-50,201616",SPRF-PR,DEL03/PR,UOP01-DEL03-PR
774974,29/05/2026,sexta-feira,12:30:00,MT,158.0,783,BARRA DO GARCAS,Velocidade Incompatível,Tombamento,Sem Vítimas,Pleno dia,Crescente,Céu Claro,Simples,Aclive,Não,2.0,0.0,0.0,0.0,0.0,1.0,0.0,4.0,"-15,77364","-52,28331",SPRF-MT,DEL07/MT,UOP01-DEL07-MT
774985,29/05/2026,sexta-feira,18:55:00,PR,369.0,"158,9",CAMBE,Manobra de mudança de faixa,Colisão com objeto,Com Vítimas Feridas,Plena Noite,Crescente,Céu Claro,Dupla,Reta,Sim,2.0,0.0,0.0,1.0,1.0,0.0,0.0,2.0,"-23,283923","-51,244773",SPRF-PR,DEL07/PR,UOP01-DEL07-PR
774990,29/05/2026,sexta-feira,19:30:00,SE,101.0,89,NOSSA SENHORA DO SOCORRO,Ausência de reação do condutor,Colisão com objeto,Sem Vítimas,Plena Noite,Decrescente,Nublado,Dupla,Aclive,Não,2.0,0.0,0.0,0.0,0.0,1.0,0.0,2.0,"-10,88166","-37,13354",SPRF-SE,DEL01-SE,UOP01-DEL01-SE
774995,29/05/2026,sexta-feira,18:35:00,PR,376.0,"6,1",MARINGA,Deficiência do Sistema de Iluminação/Sinalização,Colisão traseira,Com Vítimas Feridas,Plena Noite,Crescente,Céu Claro,Dupla,Aclive,Sim,2.0,0.0,1.0,0.0,1.0,0.0,0.0,2.0,"-23,37772357","-51,94343448",SPRF-PR,DEL09/PR,UOP01-DEL09-PR
774996,29/05/2026,sexta-feira,19:10:00,AL,316.0,"259,4",PILAR,Conversão proibida,Colisão transversal,Sem Vítimas,Plena Noite,Decrescente,Nublado,Simples,Reta,Não,3.0,0.0,0.0,0.0,0.0,3.0,0.0,3.0,"-9,5918","-35,91057",SPRF-AL,DEL02-AL,UOP01-DEL02-AL
775002,29/05/2026,sexta-feira,20:15:00,CE,116.0,"522,9",JATI,Condutor deixou de manter distância do veículo da frente,Colisão traseira,Com Vítimas Fatais,Plena Noite,Decrescente,Céu Claro,Simples,Reta,Não,3.0,1.0,0.0,1.0,1.0,0.0,0.0,2.0,"-7,65872241","-39,01854515",SPRF-CE,DEL05/CE,UOP03-DEL05-CE
775007,29/05/2026,sexta-feira,19:35:00,PR,116.0,107,SAO JOSE DOS PINHAIS,Ausência de reação do condutor,Colisão traseira,Sem Vítimas,Plena Noite,Crescente,Nublado,Dupla,Reta,Não,2.0,0.0,0.0,0.0,0.0,1.0,0.0,2.0,"-25,568018","-49,233717",SPRF-PR,DEL01/PR,UOP03-DEL01-PR
775010,29/05/2026,sexta-feira,18:30:00,RO,364.0,"604,8",ITAPUA DO OESTE,Manobra de mudança de faixa,Colisão lateral mesmo sentido,Com Vítimas Feridas,Anoitecer,Crescente,Céu Claro,Dupla,Reta;Retorno Regulamentado,Sim,4.0,0.0,1.0,0.0,1.0,1.0,0.0,4.0,"-9,1882606","-63,19242446",SPRF-RO,DEL01-RO,UOP04-DEL01-RO
775012,29/05/2026,sexta-feira,16:15:00,MT,364.0,"352,3",SANTO ANTONIO DO LEVERGER,Velocidade Incompatível,Colisão traseira,Com Vítimas Fatais,Pleno dia,Crescente,Céu Claro,Simples,Declive;Curva,Não,3.0,1.0,0.0,0.0,0.0,1.0,0.0,5.0,"-15,79673362","-55,6053319",SPRF-MT,DEL05/MT,UOP02-DEL05-MT
775016,29/05/2026,sexta-feira,18:30:00,MA,135.0,3,SAO LUIS,Manobra de mudança de faixa,Colisão lateral mesmo sentido,Sem Vítimas,Plena Noite,Decrescente,Céu Claro,Dupla,Reta,Não,2.0,0.0,0.0,0.0,0.0,2.0,0.0,2.0,"-2,60769","-44,24777",SPRF-MA,DEL01-MA,UOP01-DEL01-MA
775020,30/04/2026,quinta-feira,12:19:00,SC,282.0,535,CHAPECO,Desrespeitar a preferência no cruzamento,Colisão transversal,Sem Vítimas,Pleno dia,Crescente,Céu Claro,Simples,Interseção de Vias,Sim,2.0,0.0,0.0,0.0,0.0,1.0,0.0,2.0,"-26,999273","-52,646228",SPRF-SC,DEL07/SC,UOP01-DEL07-SC
775025,29/05/2026,sexta-feira,20:30:00,MT,364.0,474,JANGADA,Ausência de reação do condutor,Colisão lateral mesmo sentido,Com Vítimas Feridas,Plena Noite,Decrescente,Céu Claro,Simples,Reta,Não,4.0,0.0,1.0,0.0,1.0,2.0,0.0,7.0,"-15,389705","-56,39225",SPRF-MT,DEL01/MT,UOP02-DEL01-MT
775028,29/05/2026,sexta-feira,20:40:00,MG,381.0,676,PERDOES,Ausência de reação do condutor,Colisão traseira,Com Vítimas Feridas,Plena Noite,Decrescente,Céu Claro,Simples,Reta,Sim,3.0,0.0,1.0,0.0,1.0,1.0,0.0,4.0,"-21,09821961","-45,08253602",SPRF-MG,DEL04/MG,UOP02-DEL04-MG
775038,29/05/2026,sexta-feira,15:00:00,MG,50.0,"7,6",ARAGUARI,Reação tardia ou ineficiente do condutor,Colisão traseira,Com Vítimas Feridas,Pleno dia,Decrescente,Nublado,Dupla,Aclive;Reta,Não,5.0,0.0,3.0,1.0,4.0,0.0,0.0,4.0,"-18,500213","-48,042564",SPRF-MG,DEL15/MG,UOP02-DEL15-MG
775040,29/05/2026,sexta-feira,06:40:00,BA,324.0,549,AMELIA RODRIGUES,Ausência de reação do condutor,Saída de leito carroçável,Com Vítimas Fatais,Pleno dia,Crescente,Nublado,Dupla,Reta,Não,1.0,1.0,0.0,0.0,0.0,0.0,0.0,1.0,"-12,4424","-38,720298",SPRF-BA,DEL11/BA,UOP02-DEL11-BA
775049,29/05/2026,sexta-feira,23:10:00,RS,386.0,437,NOVA SANTA RITA,Ausência de reação do condutor,Colisão traseira,Com Vítimas Feridas,Plena Noite,Decrescente,Chuva,Dupla,Retorno Regulamentado,Sim,4.0,0.0,1.0,0.0,1.0,2.0,0.0,4.0,"-29,8620864","-51,2544065",SPRF-RS,DEL04/RS,UOP02-DEL04-RS
775051,29/05/2026,sexta-feira,21:50:00,MT,70.0,"595,3",POCONE,Transitar na contramão,Colisão frontal,Com Vítimas Feridas,Plena Noite,Crescente,Céu Claro,Simples,Reta,Não,3.0,0.0,0.0,1.0,1.0,2.0,0.0,2.0,"-15,918917","-56,885556",SPRF-MT,DEL03/MT,UOP02-DEL03-MT
775056,29/05/2026,sexta-feira,21:20:00,AC,364.0,102,SENADOR GUIOMARD,Ausência de reação do condutor,Saída de leito carroçável,Com Vítimas Feridas,Plena Noite,Decrescente,Céu Claro,Simples,Reta,Não,1.0,0.0,1.0,0.0,1.0,0.0,0.0,1.0,"-10,05115174","-67,60689354",SPRF-AC,DEL01-AC,UOP01-DEL01-AC
775057,29/05/2026,sexta-feira,17:20:00,MG,116.0,"304,9",ITAMBACURI,Demais falhas mecânicas ou elétricas,Incêndio,Sem Vítimas,Plena Noite,Decrescente,Céu Claro,Simples,Reta;Aclive,Não,3.0,0.0,0.0,0.0,0.0,2.0,0.0,2.0,"-18,03132162","-41,65268898",SPRF-MG,DEL11/MG,UOP01-DEL11-MG
775058,29/05/2026,sexta-feira,21:55:00,MT,364.0,69,ALTO GARCAS,Reação tardia ou ineficiente do condutor,Colisão traseira,Sem Vítimas,Plena Noite,Decrescente,Céu Claro,Simples,Aclive;Reta,Não,4.0,0.0,0.0,0.0,0.0,3.0,0.0,4.0,"-16,91543619","-53,6231482",SPRF-MT,DEL02/MT,UOP02-DEL02-MT
775061,29/05/2026,sexta-feira,23:50:00,PR,376.0,680,GUARATUBA,Demais falhas mecânicas ou elétricas,Incêndio,Sem Vítimas,Plena Noite,Decrescente,Nublado,Dupla,Reta,Não,2.0,0.0,0.0,0.0,0.0,1.0,0.0,3.0,"-25,9650723","-48,897082",SPRF-PR,DEL01/PR,UOP04-DEL01-PR
775062,30/05/2026,sábado,00:30:00,SP,116.0,115,TAUBATE,Reação tardia ou ineficiente do condutor,Colisão transversal,Com Vítimas Feridas,Plena Noite,Decrescente,Nublado,Dupla,Reta,Sim,4.0,0.0,1.0,0.0,1.0,2.0,0.0,3.0,"-23,0497233","-45,59875488",SPRF-SP,DEL02/SP,UOP02-DEL02-SP
775064,29/05/2026,sexta-feira,16:44:00,MS,60.0,516,NIOAQUE,Demais falhas mecânicas ou elétricas,Tombamento,Sem Vítimas,Anoitecer,Crescente,Céu Claro,Simples,Curva,Não,2.0,0.0,0.0,0.0,0.0,1.0,0.0,3.0,"-21,173542","-55,63871",SPRF-MS,DEL05/MS,UOP01-DEL05-MS
775073,30/05/2026,sábado,02:50:00,SC,101.0,"336,4",TUBARAO,Ingestão de álcool pelo condutor,Saída de leito carroçável,Com Vítimas Feridas,Plena Noite,Crescente,Céu Claro,Dupla,Aclive;Curva,Não,4.0,0.0,1.0,2.0,3.0,0.0,0.0,2.0,"-28,475823","-49,030112",SPRF-SC,DEL02/SC,UOP01-DEL02-SC
775074,30/05/2026,sábado,03:00:00,PE,424.0,"93,9",GARANHUNS,Condutor deixou de manter distância do veículo da frente,Colisão lateral sentido oposto,Com Vítimas Feridas,Plena Noite,Crescente,Chuva,Simples,Reta,Não,3.0,0.0,1.0,1.0,2.0,0.0,0.0,2.0,"-8,96413505","-36,44734955",SPRF-PE,DEL03/PE,UOP01-DEL03-PE
775077,30/05/2026,sábado,02:00:00,PR,277.0,345,GUARAPUAVA,Ausência de reação do condutor,Saída de leito carroçável,Sem Vítimas,Plena Noite,Crescente,Céu Claro,Dupla,Rotatória,Sim,2.0,0.0,0.0,0.0,0.0,1.0,0.0,3.0,"-25,344654","-51,442578",SPRF-PR,DEL08/PR,UOP01-DEL08-PR
775081,30/05/2026,sábado,04:30:00,GO,153.0,"339,2",JARAGUA,Transitar na contramão,Colisão frontal,Com Vítimas Fatais,Plena Noite,Decrescente,Céu Claro,Simples,Reta,Não,4.0,1.0,0.0,1.0,1.0,1.0,0.0,3.0,"-15,60528208","-49,40511986",SPRF-GO,DEL02/GO,UOP02-DEL02-GO
775083,30/05/2026,sábado,01:10:00,ES,101.0,"398,5",RIO NOVO DO SUL,Transitar na contramão,Colisão lateral sentido oposto,Com Vítimas Feridas,Plena Noite,Decrescente,Nublado,Simples,Curva,Não,2.0,0.0,2.0,0.0,2.0,0.0,0.0,2.0,"-20,8744285","-40,9612764",SPRF-ES,DEL03-ES,UOP02-DEL03-ES
775091,30/05/2026,sábado,04:50:00,CE,222.0,190,SOBRAL,Animais na Pista,Saída de leito carroçável,Com Vítimas Feridas,Plena Noite,Crescente,Céu Claro,Simples,Curva,Não,2.0,0.0,1.0,0.0,1.0,0.0,0.0,2.0,"-3,78634","-40,12789",SPRF-CE,DEL04/CE,UOP01-DEL04-CE
775092,30/05/2026,sábado,05:20:00,PE,104.0,72,CARUARU,Curva acentuada,Saída de leito carroçável,Com Vítimas Feridas,Amanhecer,Decrescente,Nublado,Simples,Curva;Declive,Não,2.0,0.0,1.0,0.0,1.0,0.0,0.0,2.0,"-8,33572183","-35,98038554",SPRF-PE,DEL02/PE,UOP01-DEL02-PE