id,data_inversa,dia_semana,horario,uf,br,km,municipio,causa_acidente,tipo_acidente,classificacao_acidente,fase_dia,sentido_via,condicao_metereologica,tipo_pista,tracado_via,uso_solo,pessoas,mortos,feridos_leves,feridos_graves,feridos,ilesos,ignorados,veiculos,latitude,longitude,regional,delegacia,uop
775098,28/04/2026,terça-feira,06:00:00,MG,116.0,97,MEDINA,Demais falhas mecânicas ou elétricas,Incêndio,Sem Vítimas,Pleno dia,Decrescente,Céu Claro,Simples,Aclive;Curva,Não,2.0,0.0,0.0,0.0,0.0,1.0,0.0,2.0,"-16,41379","-41,481191",SPRF-MG,DEL11/MG,UOP02-DEL11-MG
775100,30/05/2026,sábado,05:00:00,MG,116.0,"304,9",ITAMBACURI,Ausência de reação do condutor,Colisão com objeto,Com Vítimas Feridas,Plena Noite,Decrescente,Céu Claro,Simples,Reta;Aclive,Não,3.0,0.0,1.0,0.0,1.0,0.0,0.0,3.0,"-18,031213","-41,652485",SPRF-MG,DEL11/MG,UOP01-DEL11-MG
775101,30/05/2026,sábado,07:27:00,PE,232.0,4,RECIFE,Reação tardia ou ineficiente do condutor,Saída de leito carroçável,Sem Vítimas,Pleno dia,Decrescente,Sol,Dupla,Curva,Não,1.0,0.0,0.0,0.0,0.0,1.0,0.0,1.0,"-8,06644","-34,93989",SPRF-PE,DEL01/PE,UOP01-DEL01-PE
775102,29/05/2026,sexta-feira,23:45:00,MG,365.0,"57,5",CLARO DOS POCOES,Condutor Dormindo,Colisão com objeto,Com Vítimas Feridas,Plena Noite,Crescente,Céu Claro,Simples,Reta,Não,2.0,0.0,1.0,0.0,1.0,0.0,0.0,2.0,"-16,9794052","-44,2691015",SPRF-MG,DEL12/MG,UOP01-DEL12-MG
775104,30/05/2026,sábado,04:00:00,SC,116.0,"56,1",PAPANDUVA,Transitar na contramão,Colisão frontal,Com Vítimas Feridas,Plena Noite,Decrescente,Chuva,Simples,Reta,Não,3.0,0.0,1.0,0.0,1.0,1.0,0.0,2.0,"-26,3857","-50,1868",SPRF-SC,DEL06/SC,UOP02-DEL06-SC
775106,30/05/2026,sábado,06:00:00,TO,10.0,"304,7",SANTA ROSA DO TOCANTINS,Curva acentuada,Saída de leito carroçável,Com Vítimas Fatais,Pleno dia,Decrescente,Céu Claro,Simples,Curva;Rotatória,Sim,3.0,1.0,1.0,0.0,1.0,0.0,0.0,2.0,"-11,446943","-48,11265",SPRF-TO,DEL01-TO,UOP03-DEL01-TO
775112,26/05/2026,terça-feira,18:30:00,SP,116.0,87,APARECIDA,Ingestão de álcool pelo condutor,Colisão traseira,Sem Vítimas,Plena Noite,Decrescente,Céu Claro,Dupla,Reta,Não,3.0,0.0,0.0,0.0,0.0,2.0,0.0,3.0,"-22,8582061","-45,2331945",SPRF-SP,DEL08/SP,UOP01-DEL08-SP
775113,29/05/2026,sexta-feira,21:39:00,PA,163.0,590,TRAIRAO,Velocidade Incompatível,Saída de leito carroçável,Com Vítimas Feridas,Plena Noite,Crescente,Ignorado,Simples,Curva,Não,3.0,0.0,1.0,0.0,1.0,0.0,0.0,3.0,"-4,90796538","-56,18785858",SPRF-PA,DEL05/PA,UOP03-DEL05-PA
775121,30/05/2026,sábado,04:50:00,RO,364.0,106,PIMENTA BUENO,Transitar na contramão,Colisão frontal,Com Vítimas Feridas,Amanhecer,Crescente,Céu Claro,Simples,Reta,Não,2.0,0.0,1.0,0.0,1.0,1.0,0.0,2.0,"-12,237169","-60,681932",SPRF-RO,DEL04-RO,UOP01-DEL04-RO
775123,30/05/2026,sábado,06:00:00,MG,40.0,195,JOAO PINHEIRO,Demais falhas mecânicas ou elétricas,Incêndio,Sem Vítimas,Pleno dia,Decrescente,Nublado,Simples,Reta,Não,3.0,0.0,0.0,0.0,0.0,2.0,0.0,2.0,"-18,00011023","-45,85082956",SPRF-MG,DEL14/MG,UOP02-DEL14-MG
775132,30/05/2026,sábado,01:20:00,MA,226.0,"244,9",TUNTUM,Reação tardia ou ineficiente do condutor,Tombamento,Sem Vítimas,Plena Noite,Crescente,Céu Claro,Simples,Reta,Não,2.0,0.0,0.0,0.0,0.0,1.0,0.0,4.0,"-5,40067","-44,828665",SPRF-MA,DEL06-MA,UOP01-DEL06-MA
775133,30/05/2026,sábado,07:50:00,PR,116.0,33,CAMPINA GRANDE DO SUL,Reação tardia ou ineficiente do condutor,Tombamento,Com Vítimas Feridas,Pleno dia,Decrescente,Nublado,Dupla,Declive;Curva,Não,2.0,0.0,1.0,0.0,1.0,0.0,0.0,2.0,"-25,11474064","-48,84681193",SPRF-PR,DEL01/PR,UOP02-DEL01-PR
775138,30/05/2026,sábado,10:20:00,BA,116.0,675,JEQUIE,Trafegar com motocicleta (ou similar) entre as faixas,Colisão transversal,Com Vítimas Feridas,Pleno dia,Decrescente,Céu Claro,Simples,Ponte,Sim,4.0,0.0,0.0,1.0,1.0,2.0,0.0,5.0,"-13,86861616","-40,11264889",SPRF-BA,DEL03/BA,UOP01-DEL03-BA
775142,30/05/2026,sábado,11:15:00,MG,40.0,"611,4",CONGONHAS,Transitar na contramão,Colisão frontal,Com Vítimas Feridas,Pleno dia,Crescente,Céu Claro,Simples,Curva,Não,2.0,0.0,0.0,1.0,1.0,1.0,0.0,2.0,"-20,5076156","-43,8382749",SPRF-MG,DEL05/MG,UOP02-DEL05-MG
775145,30/05/2026,sábado,10:40:00,MA,10.0,346,ACAILANDIA,Transitar na contramão,Colisão lateral mesmo sentido,Sem Vítimas,Pleno dia,Crescente,Céu Claro,Simples,Reta;Declive,Não,7.0,0.0,0.0,0.0,0.0,5.0,0.0,6.0,"-4,7251617","-47,4977267",SPRF-MA,DEL04-MA,UOP03-DEL04-MA
775149,30/05/2026,sábado,05:30:00,RJ,101.0,382,RIO DE JANEIRO,Reação tardia ou ineficiente do condutor,Colisão lateral mesmo sentido,Com Vítimas Fatais,Pleno dia,Decrescente,Céu Claro,Dupla,Reta,Sim,5.0,1.0,0.0,2.0,2.0,1.0,0.0,4.0,"-23,01649824","-43,46663633",SPRF-RJ,DEL03/RJ,UOP01-DEL03-RJ
775163,30/05/2026,sábado,12:45:00,AL,104.0,"36,1",UNIAO DOS PALMARES,Demais falhas mecânicas ou elétricas,Colisão lateral sentido oposto,Com Vítimas Feridas,Pleno dia,Decrescente,Céu Claro,Simples,Reta,Não,3.0,0.0,0.0,1.0,1.0,1.0,0.0,3.0,"-9,169379","-36,023689",SPRF-AL,DEL01-AL,UOP02-DEL01-AL
775176,30/05/2026,sábado,11:50:00,TO,10.0,478,PALMAS,Demais falhas mecânicas ou elétricas,Tombamento,Com Vítimas Fatais,Pleno dia,Crescente,Céu Claro,Simples,Curva;Declive,Não,1.0,1.0,0.0,0.0,0.0,0.0,0.0,1.0,"-10,23779659","-48,1871709",SPRF-TO,DEL01-TO,UOP03-DEL01-TO
775177,30/05/2026,sábado,13:40:00,PR,476.0,317,PAULO FRONTIN,Reação tardia ou ineficiente do condutor,Saída de leito carroçável,Com Vítimas Feridas,Pleno dia,Crescente,Nublado,Simples,Curva,Não,2.0,0.0,0.0,1.0,1.0,0.0,0.0,2.0,"-26,04994","-50,71002",SPRF-PR,DEL02/PR,UOP03-DEL02-PR
775180,30/05/2026,sábado,14:28:00,PE,232.0,"93,4",SAIRE,Condutor deixou de manter distância do veículo da frente,Colisão traseira,Sem Vítimas,Pleno dia,Crescente,Céu Claro,Dupla,Reta,Não,3.0,0.0,0.0,0.0,0.0,2.0,0.0,3.0,"-8,22445","-35,69001",SPRF-PE,DEL02/PE,UOP03-DEL02-PE
775182,30/05/2026,sábado,14:40:00,MG,153.0,"169,6",COMENDADOR GOMES,Demais falhas mecânicas ou elétricas,Colisão lateral mesmo sentido,Sem Vítimas,Pleno dia,Crescente,Céu Claro,Simples,Reta;Declive,Não,3.0,0.0,0.0,0.0,0.0,2.0,0.0,4.0,"-19,699916","-48,982405",SPRF-MG,DEL13/MG,UOP02-DEL13-MG
775187,30/05/2026,sábado,14:30:00,RS,392.0,"99,7",MORRO REDONDO,Velocidade Incompatível,Tombamento,Com Vítimas Feridas,Pleno dia,Decrescente,Sol,Simples,Curva;Interseção de Vias;Rotatória,Não,2.0,0.0,1.0,0.0,1.0,0.0,0.0,3.0,"-31,53850267","-52,57247686",SPRF-RS,DEL07/RS,UOP01-DEL07-RS
775188,30/05/2026,sábado,14:50:00,RS,386.0,"313,8",MARQUES DE SOUZA,Condutor Dormindo,Saída de leito carroçável,Com Vítimas Feridas,Pleno dia,Decrescente,Nublado,Simples,Reta,Não,1.0,0.0,1.0,0.0,1.0,0.0,0.0,1.0,"-29,243815","-52,15967",SPRF-RS,DEL04/RS,UOP01-DEL04-RS
775192,18/04/2026,sábado,09:00:00,SP,116.0,144,SAO JOSE DOS CAMPOS,Reação tardia ou ineficiente do condutor,Saída de leito carroçável,Sem Vítimas,Pleno dia,Decrescente,Nublado,Múltipla,Reta,Sim,2.0,0.0,0.0,0.0,0.0,1.0,0.0,2.0,"-23,18229946","-45,84626718",SPRF-SP,DEL02/SP,UOP01-DEL02-SP
775205,30/05/2026,sábado,13:40:00,MG,40.0,"738,4",SANTOS DUMONT,Reação tardia ou ineficiente do condutor,Colisão frontal,Com Vítimas Feridas,Pleno dia,Decrescente,Nublado,Simples,Curva,Não,6.0,0.0,2.0,0.0,2.0,3.0,0.0,4.0,"-21,391846","-43,567306",SPRF-MG,DEL05/MG,UOP01-DEL05-MG
775207,06/05/2026,quarta-feira,06:00:00,MT,163.0,99,RONDONOPOLIS,Mal súbito do condutor,Saída de leito carroçável,Com Vítimas Feridas,Pleno dia,Crescente,Céu Claro,Dupla,Reta,Não,4.0,0.0,1.0,1.0,2.0,1.0,0.0,8.0,"-16,661087","-54,681196",SPRF-MT,DEL02/MT,UOP03-DEL02-MT
775211,30/05/2026,sábado,15:00:00,PR,163.0,"2,9",BARRACAO,Reação tardia ou ineficiente do condutor,Colisão traseira,Sem Vítimas,Pleno dia,Crescente,Céu Claro,Simples,Curva,Não,4.0,0.0,0.0,0.0,0.0,3.0,0.0,2.0,"-26,277802","-53,582071",SPRF-PR,DEL02/PR,UOP02-DEL02-PR
775214,30/05/2026,sábado,14:20:00,PA,316.0,65,CASTANHAL,Manobra de mudança de faixa,Colisão lateral mesmo sentido,Sem Vítimas,Pleno dia,Decrescente,Nublado,Dupla,Reta,Sim,3.0,0.0,0.0,0.0,0.0,2.0,0.0,3.0,"-1,29512","-47,898788",SPRF-PA,DEL01/PA,UOP01-DEL01-PA
775216,28/05/2026,quinta-feira,05:20:00,PE,101.0,97,CABO DE SANTO AGOSTINHO,Ausência de reação do condutor,Tombamento,Com Vítimas Feridas,Amanhecer,Decrescente,Garoa/Chuvisco,Dupla,Reta,Não,1.0,0.0,1.0,0.0,1.0,0.0,0.0,1.0,"-8,253624","-35,030275",SPRF-PE,DEL01/PE,UOP03-DEL01-PE
775218,30/05/2026,sábado,14:40:00,SC,470.0,231,SAO CRISTOVAO DO SUL,Ultrapassagem Indevida,Colisão lateral sentido oposto,Com Vítimas Feridas,Pleno dia,Decrescente,Céu Claro,Simples,Reta,Não,6.0,0.0,1.0,0.0,1.0,5.0,0.0,3.0,"-27,30362359","-50,41499376",SPRF-SC,DEL05/SC,UOP03-DEL05-SC
775223,30/05/2026,sábado,16:25:00,PA,10.0,281,MAE DO RIO,Ausência de reação do condutor,Colisão transversal,Com Vítimas Feridas,Pleno dia,Crescente,Chuva,Simples,Reta,Não,4.0,0.0,0.0,2.0,2.0,1.0,0.0,3.0,"-1,98699509","-47,45665669",SPRF-PA,DEL02/PA,UOP01-DEL02-PA
775242,30/05/2026,sábado,16:50:00,MG,116.0,"89,2",MEDINA,Ausência de reação do condutor,Colisão com objeto,Com Vítimas Fatais,Pleno dia,Decrescente,Nublado,Simples,Reta,Não,6.0,1.0,0.0,1.0,1.0,1.0,0.0,5.0,"-16,344664","-41,476284",SPRF-MG,DEL11/MG,UOP02-DEL11-MG
775247,30/05/2026,sábado,18:25:00,PI,343.0,"323,3",ALTOS,Manobra de mudança de faixa,Colisão frontal,Com Vítimas Fatais,Anoitecer,Crescente,Chuva,Simples,Reta,Não,6.0,2.0,1.0,2.0,3.0,1.0,0.0,2.0,"-5,05838627","-42,59478681",SPRF-PI,DEL01-PI,UOP01-DEL01-PI
775255,30/05/2026,sábado,20:10:00,BA,135.0,27,FORMOSA DO RIO PRETO,Ingestão de álcool pelo condutor,Colisão traseira,Com Vítimas Feridas,Plena Noite,Crescente,Céu Claro,Simples,Reta,Não,2.0,0.0,0.0,1.0,1.0,1.0,0.0,2.0,"-11,0604583","-45,19538",SPRF-BA,DEL10/BA,UOP01-DEL10-BA
775271,30/05/2026,sábado,17:00:00,PE,316.0,46,ARARIPINA,Transitar na contramão,Colisão lateral sentido oposto,Com Vítimas Feridas,Pleno dia,Decrescente,Céu Claro,Simples,Reta,Não,2.0,0.0,1.0,0.0,1.0,1.0,0.0,2.0,"-7,695082","-40,350278",SPRF-PE,DEL05/PE,UOP02-DEL05-PE
775273,30/05/2026,sábado,18:50:00,RO,364.0,"523,6",ARIQUEMES,Reação tardia ou ineficiente do condutor,Colisão traseira,Sem Vítimas,Anoitecer,Decrescente,Céu Claro,Simples,Reta,Não,5.0,0.0,0.0,0.0,0.0,5.0,0.0,3.0,"-9,847625","-63,059198",SPRF-RO,DEL03-RO,UOP01-DEL03-RO
775275,30/05/2026,sábado,21:00:00,SE,235.0,39,AREIA BRANCA,Ingestão de álcool pelo condutor,Tombamento,Com Vítimas Fatais,Plena Noite,Decrescente,Chuva,Simples,Reta,Não,3.0,1.0,0.0,0.0,0.0,2.0,0.0,2.0,"-10,769736","-37,354942",SPRF-SE,DEL01-SE,UOP02-DEL01-SE
775277,30/05/2026,sábado,19:18:00,PR,277.0,612,SANTA TEREZA DO OESTE,Acessar a via sem observar a presença dos outros veículos,Colisão transversal,Com Vítimas Fatais,Plena Noite,Decrescente,Céu Claro,Simples,Reta,Sim,5.0,2.0,0.0,2.0,2.0,0.0,0.0,2.0,"-25,05109925","-53,62232566",SPRF-PR,DEL05/PR,UOP02-DEL05-PR
775295,30/05/2026,sábado,20:00:00,PI,135.0,498,MONTE ALEGRE DO PIAUI,Transitar na contramão,Colisão lateral sentido oposto,Sem Vítimas,Plena Noite,Decrescente,Céu Claro,Simples,Reta;Aclive,Não,3.0,0.0,0.0,0.0,0.0,2.0,0.0,3.0,"-9,737749","-45,259383",SPRF-PI,DEL03-PI,UOP02-DEL03-PI
775308,30/05/2026,sábado,09:30:00,MA,222.0,322,VITORIA DO MEARIM,Ausência de reação do condutor,Tombamento,Sem Vítimas,Pleno dia,Crescente,Céu Claro,Simples,Reta,Sim,2.0,0.0,0.0,0.0,0.0,1.0,0.0,2.0,"-3,582854","-44,969352",SPRF-MA,DEL02-MA,UOP01-DEL02-MA
775312,30/05/2026,sábado,23:20:00,BA,324.0,532,CONCEICAO DO JACUIPE,Objeto estático sobre o leito carroçável,Engavetamento,Com Vítimas Feridas,Plena Noite,Decrescente,Chuva,Dupla,Declive;Reta,Não,8.0,0.0,6.0,1.0,7.0,1.0,0.0,3.0,"-12,3527372","-38,8311285",SPRF-BA,DEL11/BA,UOP02-DEL11-BA
775314,30/05/2026,sábado,23:00:00,PA,230.0,651,ALTAMIRA,Transitar na contramão,Colisão frontal,Com Vítimas Feridas,Plena Noite,Decrescente,Chuva,Simples,Reta,Não,4.0,0.0,3.0,1.0,4.0,0.0,0.0,2.0,"-3,22352","-52,29461",SPRF-PA,DEL04/PA,UOP01-DEL04-PA
775316,30/05/2026,sábado,18:21:00,PI,222.0,"43,4",BRASILEIRA,Condutor deixou de manter distância do veículo da frente,Colisão traseira,Com Vítimas Feridas,Plena Noite,Decrescente,Céu Claro,Simples,Aclive;Reta,Não,3.0,0.0,1.0,1.0,2.0,1.0,0.0,2.0,"-4,05817","-41,5204",SPRF-PI,DEL02-PI,UOP01-DEL02-PI
775336,31/05/2026,domingo,03:38:00,PE,116.0,5,SALGUEIRO,Ausência de reação do condutor,Colisão lateral sentido oposto,Com Vítimas Feridas,Plena Noite,Crescente,Céu Claro,Simples,Reta,Não,3.0,0.0,1.0,0.0,1.0,0.0,0.0,3.0,"-7,93007156","-39,12320972",SPRF-PE,DEL05/PE,UOP01-DEL05-PE
775346,31/05/2026,domingo,02:00:00,BA,116.0,341,TEOFILANDIA,Ultrapassagem Indevida,Colisão frontal,Com Vítimas Fatais,Plena Noite,Decrescente,Nublado,Simples,Reta,Não,3.0,1.0,0.0,0.0,0.0,1.0,0.0,3.0,"-11,50901336","-38,99506187",SPRF-BA,DEL02/BA,UOP01-DEL02-BA
775354,31/05/2026,domingo,03:10:00,SC,163.0,"72,7",SAO MIGUEL DO OESTE,Reação tardia ou ineficiente do condutor,Saída de leito carroçável,Sem Vítimas,Plena Noite,Crescente,Céu Claro,Dupla,Curva;Em Obras,Sim,3.0,0.0,0.0,0.0,0.0,2.0,0.0,4.0,"-26,71506207","-53,51740837",SPRF-SC,DEL07/SC,UOP03-DEL07-SC
775359,30/05/2026,sábado,22:45:00,MG,381.0,"932,7",EXTREMA,Condutor Dormindo,Colisão com objeto,Com Vítimas Feridas,Pleno dia,Decrescente,Nublado,Múltipla,Curva,Não,2.0,0.0,1.0,0.0,1.0,0.0,0.0,2.0,"-22,792567","-46,250472",SPRF-MG,DEL16/MG,UOP03-DEL16-MG
775361,31/05/2026,domingo,04:50:00,RS,386.0,187,CARAZINHO,Transitar na contramão,Colisão frontal,Sem Vítimas,Amanhecer,Decrescente,Nevoeiro/Neblina,Simples,Reta,Não,2.0,0.0,0.0,0.0,0.0,2.0,0.0,2.0,"-28,24700942","-52,79999002",SPRF-RS,DEL08/RS,UOP01-DEL08-RS
775365,31/05/2026,domingo,00:10:00,RO,364.0,"153,2",PIMENTA BUENO,Velocidade Incompatível,Colisão frontal,Com Vítimas Fatais,Plena Noite,Crescente,Céu Claro,Simples,Curva;Declive,Não,5.0,2.0,0.0,1.0,1.0,0.0,0.0,6.0,"-11,97927376","-60,95513105",SPRF-RO,DEL02-RO,UOP02-DEL02-RO
775369,31/05/2026,domingo,01:08:00,PR,116.0,102,SAO JOSE DOS PINHAIS,Manobra de mudança de faixa,Colisão lateral mesmo sentido,Sem Vítimas,Plena Noite,Crescente,Céu Claro,Dupla,Reta,Sim,3.0,0.0,0.0,0.0,0.0,2.0,0.0,3.0,"-25,5682","-49,1775",SPRF-PR,DEL01/PR,UOP08-DEL01-PR
775374,30/05/2026,sábado,17:54:00,RJ,40.0,69,PETROPOLIS,Faixas de trânsito com largura insuficiente,Atropelamento de Pedestre,Com Vítimas Fatais,Anoitecer,Crescente,Céu Claro,Dupla,Reta;Aclive,Não,3.0,1.0,0.0,0.0,0.0,0.0,0.0,2.0,"-22,447712","-43,198726",SPRF-RJ,DEL05/RJ,UOP02-DEL05-RJ
775378,31/05/2026,domingo,07:30:00,SC,470.0,"10,3",NAVEGANTES,Ausência de reação do condutor,Tombamento,Com Vítimas Feridas,Pleno dia,Decrescente,Nublado,Simples,Curva,Não,2.0,0.0,1.0,0.0,1.0,0.0,0.0,2.0,"-26,83398611","-48,74005649",SPRF-SC,DEL04/SC,UOP04-DEL04-SC
775383,31/05/2026,domingo,07:04:00,MS,158.0,"106,9",PARANAIBA,Ausência de reação do condutor,Colisão traseira,Com Vítimas Feridas,Pleno dia,Crescente,Céu Claro,Simples,Aclive;Reta,Não,4.0,0.0,2.0,0.0,2.0,1.0,0.0,3.0,"-19,75452","-51,125402",SPRF-MS,DEL08/MS,UOP01-DEL08-MS
775385,31/05/2026,domingo,09:00:00,ES,101.0,"149,1",LINHARES,Acessar a via sem observar a presença dos outros veículos,Colisão transversal,Com Vítimas Feridas,Pleno dia,Crescente,Céu Claro,Múltipla,Interseção de Vias;Reta,Sim,5.0,0.0,2.0,1.0,3.0,1.0,0.0,5.0,"-19,39712507","-40,06391457",SPRF-ES,DEL04-ES,UOP01-DEL04-ES
775392,31/05/2026,domingo,08:18:00,SC,101.0,106,PENHA,Manobra de mudança de faixa,Colisão lateral mesmo sentido,Com Vítimas Feridas,Pleno dia,Decrescente,Céu Claro,Dupla,Reta,Não,4.0,0.0,2.0,0.0,2.0,2.0,0.0,2.0,"-26,81275764","-48,68315075",SPRF-SC,DEL03/SC,UOP02-DEL03-SC
775397,31/05/2026,domingo,09:40:00,DF,70.0,17,BRASILIA,Acessar a via sem observar a presença dos outros veículos,Colisão lateral mesmo sentido,Com Vítimas Feridas,Pleno dia,Crescente,Céu Claro,Dupla,Reta,Sim,2.0,0.0,1.0,0.0,1.0,1.0,0.0,2.0,"-15,79618596","-48,19555935",SPRF-DF,DEL03-DF,UOP02-DEL03-DF
775399,31/05/2026,domingo,10:00:00,PE,101.0,71,RECIFE,Ausência de reação do condutor,Colisão traseira,Com Vítimas Feridas,Pleno dia,Crescente,Chuva,Dupla,Reta,Sim,3.0,0.0,1.0,0.0,1.0,1.0,0.0,3.0,"-8,079634","-34,943043",SPRF-PE,DEL01/PE,UOP01-DEL01-PE
775402,16/05/2026,sábado,04:00:00,SC,280.0,22,ARAQUARI,Acessar a via sem observar a presença dos outros veículos,Colisão transversal,Com Vítimas Feridas,Plena Noite,Crescente,Garoa/Chuvisco,Simples,Reta,Não,3.0,0.0,1.0,0.0,1.0,1.0,0.0,3.0,"-26,369343","-48,709107",SPRF-SC,DEL03/SC,UOP03-DEL03-SC
775404,31/05/2026,domingo,05:00:00,AC,364.0,274,SENA MADUREIRA,Estacionar ou parar em local proibido,Colisão traseira,Com Vítimas Feridas,Pleno dia,Crescente,Sol,Simples,Reta,Sim,2.0,0.0,1.0,0.0,1.0,1.0,0.0,2.0,"-9,079445","-68,670508",SPRF-AC,DEL01-AC,UOP01-DEL01-AC
775405,31/05/2026,domingo,10:20:00,SC,101.0,158,PORTO BELO,Reação tardia ou ineficiente do condutor,Colisão lateral mesmo sentido,Com Vítimas Feridas,Pleno dia,Decrescente,Céu Claro,Dupla,Reta,Não,4.0,0.0,2.0,0.0,2.0,1.0,0.0,3.0,"-27,19177211","-48,61240832",SPRF-SC,DEL04/SC,UOP03-DEL04-SC
775409,06/04/2026,segunda-feira,04:45:00,SP,116.0,385,MIRACATU,Velocidade Incompatível,Tombamento,Com Vítimas Feridas,Amanhecer,Decrescente,Nublado,Dupla,Curva,Não,2.0,0.0,1.0,0.0,1.0,0.0,0.0,2.0,"-24,2637624","-47,38161492",SPRF-SP,DEL04/SP,UOP02-DEL04-SP
775411,31/05/2026,domingo,11:45:00,SC,101.0,"130,3",CAMBORIU,Manobra de mudança de faixa,Colisão lateral mesmo sentido,Com Vítimas Feridas,Pleno dia,Crescente,Sol,Dupla,Curva,Não,4.0,0.0,1.0,0.0,1.0,2.0,0.0,3.0,"-26,9845708","-48,66872247",SPRF-SC,DEL04/SC,UOP03-DEL04-SC
775417,31/05/2026,domingo,08:20:00,PR,153.0,162,VENTANIA,Transitar na contramão,Colisão frontal,Com Vítimas Feridas,Pleno dia,Decrescente,Céu Claro,Simples,Rotatória,Não,4.0,0.0,2.0,0.0,2.0,1.0,0.0,5.0,"-24,23611152","-50,23266482",SPRF-PR,DEL03/PR,UOP02-DEL03-PR
775418,28/05/2026,quinta-feira,07:00:00,RJ,40.0,124,DUQUE DE CAXIAS,Trafegar com motocicleta (ou similar) entre as faixas,Colisão lateral mesmo sentido,Com Vítimas Feridas,Pleno dia,Crescente,Céu Claro,Múltipla,Reta,Sim,2.0,0.0,0.0,1.0,1.0,1.0,0.0,2.0,"-22,80463209","-43,28968082",SPRF-RJ,DEL01/RJ,UOP02-DEL01-RJ
775419,31/05/2026,domingo,10:50:00,MT,174.0,537,COMODORO,Condutor deixou de manter distância do veículo da frente,Colisão traseira,Com Vítimas Feridas,Pleno dia,Crescente,Céu Claro,Simples,Reta,Não,2.0,0.0,1.0,0.0,1.0,1.0,0.0,2.0,"-13,4413742","-59,8466012",SPRF-MT,DEL04/MT,UOP02-DEL04-MT
775420,12/03/2026,quinta-feira,07:30:00,PA,163.0,57,NOVO PROGRESSO,Pista esburacada,Saída de leito carroçável,Com Vítimas Feridas,Pleno dia,Crescente,Ignorado,Simples,Reta,Não,2.0,0.0,1.0,0.0,1.0,0.0,0.0,4.0,"-9,09586777","-54,91528091",SPRF-MT,DEL06/MT,UOP03-DEL06-MT
775455,31/05/2026,domingo,16:30:00,BA,116.0,507,SANTA TERESINHA,Ingestão de substâncias psicoativas pelo condutor,Colisão lateral sentido oposto,Com Vítimas Fatais,Pleno dia,Decrescente,Nublado,Simples,Reta,Não,22.0,16.0,0.0,4.0,4.0,1.0,0.0,4.0,"-12,64575","-39,60482",SPRF-BA,DEL02/BA,UOP01-DEL02-BA
775471,31/05/2026,domingo,16:30:00,MG,381.0,"597,1",CARMOPOLIS DE MINAS,Ausência de reação do condutor,Colisão traseira,Com Vítimas Feridas,Pleno dia,Crescente,Céu Claro,Dupla,Curva;Aclive,Não,3.0,0.0,1.0,0.0,1.0,1.0,0.0,3.0,"-20,588713","-44,696869",SPRF-MG,DEL04/MG,UOP01-DEL04-MG
775473,31/05/2026,domingo,18:00:00,PR,116.0,"42,5",CAMPINA GRANDE DO SUL,Carga excessiva e/ou mal acondicionada,Tombamento,Com Vítimas Feridas,Anoitecer,Decrescente,Céu Claro,Dupla,Reta,Não,1.0,0.0,1.0,0.0,1.0,0.0,0.0,1.0,"-25,18062","-48,879559",SPRF-PR,DEL01/PR,UOP02-DEL01-PR
775483,03/05/2026,domingo,09:40:00,ES,262.0,"111,2",VENDA NOVA DO IMIGRANTE,Acessar a via sem observar a presença dos outros veículos,Colisão frontal,Com Vítimas Feridas,Pleno dia,Decrescente,Céu Claro,Simples,Reta,Sim,4.0,0.0,1.0,0.0,1.0,3.0,0.0,3.0,"-20,337435","-41,190298",SPRF-ES,DEL01-ES,UOP02-DEL01-ES
775485,31/05/2026,domingo,19:40:00,MG,381.0,510,SAO JOAQUIM DE BICAS,Reação tardia ou ineficiente do condutor,Colisão lateral mesmo sentido,Com Vítimas Feridas,Plena Noite,Crescente,Céu Claro,Dupla,Curva,Não,4.0,0.0,2.0,0.0,2.0,2.0,0.0,2.0,"-20,04585","-44,27359",SPRF-MG,DEL01/MG,UOP03-DEL01-MG
775487,31/05/2026,domingo,17:47:00,MS,163.0,"559,3",BANDEIRANTES,Reação tardia ou ineficiente do condutor,Colisão lateral mesmo sentido,Com Vítimas Feridas,Plena Noite,Decrescente,Céu Claro,Simples,Reta,Não,6.0,0.0,0.0,2.0,2.0,3.0,0.0,4.0,"-19,828865","-54,370318",SPRF-MS,DEL01/MS,UOP02-DEL01-MS
775493,31/05/2026,domingo,19:00:00,SC,470.0,"159,3",TROMBUDO CENTRAL,Transitar na contramão,Colisão lateral sentido oposto,Com Vítimas Feridas,Plena Noite,Crescente,Nublado,Simples,Reta,Não,5.0,0.0,1.0,0.0,1.0,2.0,0.0,5.0,"-27,28641","-49,79278",SPRF-SC,DEL04/SC,UOP02-DEL04-SC
775494,31/05/2026,domingo,19:00:00,GO,60.0,390,RIO VERDE,Ausência de sinalização,Colisão traseira,Sem Vítimas,Plena Noite,Crescente,Céu Claro,Dupla,Declive,Sim,6.0,0.0,0.0,0.0,0.0,4.0,0.0,4.0,"-17,826545","-50,978247",SPRF-GO,DEL04/GO,UOP02-DEL04-GO
775496,31/05/2026,domingo,18:40:00,PE,232.0,254,ARCOVERDE,Transitar na contramão,Colisão lateral sentido oposto,Com Vítimas Feridas,Plena Noite,Decrescente,Céu Claro,Simples,Reta,Sim,2.0,0.0,1.0,0.0,1.0,0.0,0.0,2.0,"-8,41383","-37,08318",SPRF-PE,DEL04/PE,UOP02-DEL04-PE