id,data_inversa,dia_semana,horario,uf,br,km,municipio,causa_acidente,tipo_acidente,classificacao_acidente,fase_dia,sentido_via,condicao_metereologica,tipo_pista,tracado_via,uso_solo,pessoas,mortos,feridos_leves,feridos_graves,feridos,ilesos,ignorados,veiculos,latitude,longitude,regional,delegacia,uop
775501,31/05/2026,domingo,18:10:00,GO,20.0,"164,9",ALVORADA DO NORTE,Demais falhas mecânicas ou elétricas,Incêndio,Sem Vítimas,Anoitecer,Crescente,Céu Claro,Simples,Reta,Não,4.0,0.0,0.0,0.0,0.0,3.0,0.0,4.0,"-14,607035","-46,602802",SPRF-DF,DEL02-DF,UOP03-DEL02-DF
775502,31/05/2026,domingo,19:10:00,SC,116.0,"36,5",ITAIOPOLIS,Reação tardia ou ineficiente do condutor,Colisão frontal,Sem Vítimas,Plena Noite,Crescente,Céu Claro,Simples,Reta,Não,2.0,0.0,0.0,0.0,0.0,1.0,0.0,2.0,"-26,33096073","-49,99629021",SPRF-SC,DEL06/SC,UOP01-DEL06-SC
775521,31/05/2026,domingo,20:40:00,PA,10.0,"317,3",IRITUIA,Transitar na contramão,Colisão frontal,Com Vítimas Feridas,Plena Noite,Decrescente,Céu Claro,Simples,Reta,Não,2.0,0.0,0.0,1.0,1.0,1.0,0.0,2.0,"-1,655543","-47,492118",SPRF-PA,DEL01/PA,UOP02-DEL01-PA
775523,31/05/2026,domingo,20:12:00,RO,319.0,144,PORTO VELHO,Ausência de reação do condutor,Colisão lateral mesmo sentido,Com Vítimas Fatais,Plena Noite,Decrescente,Nublado,Simples,Interseção de Vias;Reta,Sim,3.0,1.0,0.0,0.0,0.0,1.0,0.0,4.0,"-8,77000774","-63,88345806",SPRF-RO,DEL01-RO,UOP01-DEL01-RO
775539,31/05/2026,domingo,20:30:00,MG,40.0,"698,3",BARBACENA,Condutor deixou de manter distância do veículo da frente,Colisão traseira,Com Vítimas Feridas,Plena Noite,Crescente,Nublado,Simples,Aclive;Reta,Não,3.0,0.0,1.0,0.0,1.0,1.0,0.0,3.0,"-21,18657086","-43,75208519",SPRF-MG,DEL05/MG,UOP02-DEL05-MG
775542,31/05/2026,domingo,18:30:00,BA,101.0,738,ITABELA,Reação tardia ou ineficiente do condutor,Colisão transversal,Com Vítimas Feridas,Pleno dia,Crescente,Nublado,Simples,Curva,Não,2.0,0.0,1.0,0.0,1.0,0.0,0.0,2.0,"-16,530022","-39,566582",SPRF-BA,DEL09/BA,UOP01-DEL09-BA
775543,31/05/2026,domingo,19:50:00,PA,316.0,138,PEIXE-BOI,Ausência de reação do condutor,Colisão com objeto,Com Vítimas Fatais,Plena Noite,Decrescente,Nublado,Simples,Reta,Não,3.0,1.0,0.0,0.0,0.0,1.0,0.0,4.0,"-1,27052","-47,281769",SPRF-PA,DEL01/PA,UOP03-DEL01-PA
775575,23/05/2026,sábado,13:00:00,PA,155.0,320,MARABA,Afundamento ou ondulação no pavimento,Colisão lateral sentido oposto,Com Vítimas Feridas,Pleno dia,Decrescente,Céu Claro,Simples,Reta,Não,4.0,0.0,3.0,0.0,3.0,1.0,0.0,2.0,"-5,580123","-49,0797",SPRF-PA,DEL03/PA,UOP01-DEL03-PA
775577,31/05/2026,domingo,18:00:00,MT,163.0,917,ITAUBA,Reação tardia ou ineficiente do condutor,Saída de leito carroçável,Com Vítimas Feridas,Plena Noite,Crescente,Céu Claro,Simples,Reta,Não,2.0,0.0,1.0,0.0,1.0,0.0,0.0,4.0,"-11,1601715","-55,31371593",SPRF-MT,DEL06/MT,UOP02-DEL06-MT
775635,27/05/2026,quarta-feira,17:05:00,PE,101.0,49,ABREU E LIMA,Manobra de mudança de faixa,Colisão lateral mesmo sentido,Com Vítimas Feridas,Anoitecer,Decrescente,Céu Claro,Múltipla,Reta,Sim,5.0,0.0,2.0,0.0,2.0,2.0,0.0,4.0,"-7,89776181","-34,90252376",SPRF-PE,DEL01/PE,UOP02-DEL01-PE
775645,16/05/2026,sábado,12:08:00,GO,364.0,200,JATAI,Reação tardia ou ineficiente do condutor,Tombamento,Com Vítimas Feridas,Pleno dia,Decrescente,Céu Claro,Dupla,Curva,Não,2.0,0.0,1.0,0.0,1.0,0.0,0.0,2.0,"-17,91458967","-51,76627859",SPRF-GO,DEL05/GO,UOP01-DEL05-GO
775653,05/04/2026,domingo,20:20:00,PA,230.0,129,MARABA,Transitar na contramão,Colisão frontal,Com Vítimas Feridas,Plena Noite,Decrescente,Nublado,Simples,Reta;Declive,Sim,6.0,0.0,1.0,1.0,2.0,3.0,0.0,3.0,"-5,37266326","-49,17411804",SPRF-PA,DEL03/PA,UOP01-DEL03-PA
775659,06/04/2026,segunda-feira,15:56:00,RO,364.0,468,ARIQUEMES,Ultrapassagem Indevida,Colisão lateral mesmo sentido,Com Vítimas Feridas,Pleno dia,Crescente,Céu Claro,Simples,Reta,Não,3.0,0.0,1.0,0.0,1.0,1.0,0.0,5.0,"-10,203882","-62,786788",SPRF-RO,DEL03-RO,UOP01-DEL03-RO
775680,11/04/2026,sábado,01:40:00,GO,153.0,65,PORANGATU,Ausência de reação do condutor,Tombamento,Sem Vítimas,Plena Noite,Decrescente,Céu Claro,Simples,Reta,Não,2.0,0.0,0.0,0.0,0.0,1.0,0.0,3.0,"-13,38694765","-49,12811279",SPRF-GO,DEL07/GO,UOP01-DEL07-GO
775732,20/05/2026,quarta-feira,12:05:00,PE,232.0,334,CUSTODIA,Transitar na contramão,Colisão frontal,Com Vítimas Feridas,Pleno dia,Crescente,Céu Claro,Simples,Aclive;Reta,Não,3.0,0.0,0.0,1.0,1.0,1.0,0.0,4.0,"-8,083213","-37,659985",SPRF-PE,DEL04/PE,UOP02-DEL04-PE
775746,24/03/2026,terça-feira,11:30:00,MT,364.0,481,JANGADA,Acostamento em desnível,Saída de leito carroçável,Com Vítimas Feridas,Pleno dia,Decrescente,Chuva,Simples,Declive;Reta,Não,2.0,0.0,1.0,0.0,1.0,0.0,0.0,2.0,"-15,33459","-56,42199",SPRF-MT,DEL01/MT,UOP02-DEL01-MT
775767,09/05/2026,sábado,18:34:00,PE,407.0,"42,2",PETROLINA,Condutor deixou de manter distância do veículo da frente,Queda de ocupante de veículo,Com Vítimas Fatais,Plena Noite,Crescente,Nublado,Simples,Declive;Reta,Não,6.0,1.0,0.0,0.0,0.0,2.0,0.0,5.0,"-8,77364448","-40,8843112",SPRF-PE,DEL06/PE,UOP02-DEL06-PE
775797,05/05/2026,terça-feira,17:00:00,RS,386.0,362,ESTRELA,Acessar a via sem observar a presença dos outros veículos,Colisão traseira,Com Vítimas Feridas,Pleno dia,Decrescente,Céu Claro,Dupla,Reta;Retorno Regulamentado,Não,2.0,0.0,0.0,1.0,1.0,1.0,0.0,2.0,"-29,557928","-51,889152",SPRF-RS,DEL04/RS,UOP01-DEL04-RS
775801,19/05/2026,terça-feira,13:36:00,PE,101.0,"65,4",RECIFE,Demais falhas mecânicas ou elétricas,Colisão traseira,Com Vítimas Feridas,Pleno dia,Crescente,Céu Claro,Múltipla,Reta,Sim,7.0,0.0,1.0,2.0,3.0,2.0,0.0,7.0,"-8,02631","-34,94298",SPRF-PE,DEL01/PE,UOP01-DEL01-PE
775806,10/05/2026,domingo,15:30:00,MA,135.0,100,ITAPECURU MIRIM,Demais falhas mecânicas ou elétricas,Incêndio,Sem Vítimas,Pleno dia,Crescente,Nublado,Simples,Reta,Não,2.0,0.0,0.0,0.0,0.0,1.0,0.0,2.0,"-3,36517","-44,47531",SPRF-MA,DEL01-MA,UOP02-DEL01-MA
775809,12/04/2026,domingo,16:30:00,GO,153.0,"664,3",GOIATUBA,Ingestão de álcool pelo condutor,Tombamento,Com Vítimas Feridas,Pleno dia,Decrescente,Céu Claro,Dupla,Reta,Não,2.0,0.0,0.0,1.0,1.0,0.0,0.0,2.0,"-18,084263","-49,270543",SPRF-GO,DEL03/GO,UOP02-DEL03-GO
775831,07/04/2026,terça-feira,19:30:00,PR,376.0,"119,8",ALTO PARANA,Reação tardia ou ineficiente do condutor,Colisão traseira,Com Vítimas Feridas,Plena Noite,Crescente,Chuva,Dupla,Aclive;Reta,Não,3.0,0.0,0.0,1.0,1.0,1.0,0.0,4.0,"-23,11666","-52,32394",SPRF-PR,DEL09/PR,UOP02-DEL09-PR
775856,26/04/2026,domingo,05:15:00,GO,153.0,126,ESTRELA DO NORTE,Acessar a via sem observar a presença dos outros veículos,Colisão transversal,Com Vítimas Fatais,Amanhecer,Crescente,Céu Claro,Simples,Reta;Interseção de Vias,Não,3.0,1.0,1.0,0.0,1.0,0.0,0.0,3.0,"-13,88841154","-49,05618668",SPRF-GO,DEL07/GO,UOP01-DEL07-GO
775862,20/05/2026,quarta-feira,18:00:00,MG,153.0,141,PRATA,Demais falhas mecânicas ou elétricas,Incêndio,Sem Vítimas,Anoitecer,Decrescente,Céu Claro,Simples,Reta,Não,2.0,0.0,0.0,0.0,0.0,1.0,0.0,2.0,"-19,569334","-48,825521",SPRF-MG,DEL15/MG,UOP03-DEL15-MG
775870,21/05/2026,quinta-feira,19:00:00,MG,365.0,"444,8",GUIMARANIA,Ausência de reação do condutor,Saída de leito carroçável,Com Vítimas Feridas,Plena Noite,Decrescente,Céu Claro,Simples,Reta,Não,2.0,0.0,1.0,0.0,1.0,0.0,0.0,2.0,"-18,808743","-46,768937",SPRF-MG,DEL10/MG,UOP01-DEL10-MG
775920,29/05/2026,sexta-feira,19:30:00,MG,381.0,484,BETIM,Trafegar com motocicleta (ou similar) entre as faixas,Colisão traseira,Com Vítimas Feridas,Plena Noite,Decrescente,Céu Claro,Múltipla,Declive;Reta,Não,3.0,0.0,1.0,1.0,2.0,1.0,0.0,2.0,"-19,9591584","-44,0886535",SPRF-MG,DEL01/MG,UOP03-DEL01-MG
775933,25/05/2026,segunda-feira,08:00:00,SC,282.0,4,FLORIANOPOLIS,Condutor deixou de manter distância do veículo da frente,Colisão traseira,Com Vítimas Feridas,Pleno dia,Decrescente,Nublado,Múltipla,Viaduto;Reta,Sim,4.0,0.0,1.0,0.0,1.0,1.0,0.0,4.0,"-27,59164645","-48,60579014",SPRF-SC,DEL01/SC,UOP01-DEL01-SC
775966,10/05/2026,domingo,19:00:00,GO,60.0,"259,7",INDIARA,Demais falhas mecânicas ou elétricas,Incêndio,Sem Vítimas,Plena Noite,Decrescente,Nublado,Dupla,Aclive;Reta,Não,2.0,0.0,0.0,0.0,0.0,1.0,0.0,2.0,"-17,167925","-50,051073",SPRF-GO,DEL01/GO,UOP02-DEL01-GO
776043,07/04/2026,terça-feira,16:20:00,SC,282.0,44,AGUAS MORNAS,Problema com o freio,Colisão traseira,Com Vítimas Feridas,Pleno dia,Crescente,Céu Claro,Simples,Declive;Curva,Não,6.0,0.0,1.0,1.0,2.0,3.0,0.0,4.0,"-27,70886938","-48,95231947",SPRF-SC,DEL01/SC,UOP03-DEL01-SC
776071,31/05/2026,domingo,03:00:00,BA,242.0,562,OLIVEIRA DOS BREJINHOS,Ausência de reação do condutor,Saída de leito carroçável,Com Vítimas Fatais,Plena Noite,Crescente,Nublado,Simples,Reta,Não,2.0,1.0,0.0,0.0,0.0,0.0,0.0,3.0,"-12,079583","-42,944731",SPRF-BA,DEL06/BA,UOP03-DEL06-BA
776087,28/04/2026,terça-feira,19:35:00,PR,277.0,32,MORRETES,Objeto estático sobre o leito carroçável,Colisão com objeto,Com Vítimas Feridas,Plena Noite,Crescente,Nevoeiro/Neblina,Dupla,Declive;Reta,Não,6.0,0.0,1.0,0.0,1.0,5.0,0.0,2.0,"-25,56600841","-48,81094925",SPRF-PR,DEL01/PR,UOP05-DEL01-PR
776213,11/05/2026,segunda-feira,15:30:00,PR,376.0,669,TIJUCAS DO SUL,Demais falhas mecânicas ou elétricas,Incêndio,Sem Vítimas,Pleno dia,Crescente,Céu Claro,Dupla,Reta;Declive,Não,2.0,0.0,0.0,0.0,0.0,1.0,0.0,2.0,"-25,853101","-48,977316",SPRF-PR,DEL01/PR,UOP04-DEL01-PR
776218,23/05/2026,sábado,09:30:00,MG,381.0,497,BETIM,Pedestre andava na pista,Atropelamento de Pedestre,Com Vítimas Feridas,Pleno dia,Decrescente,Céu Claro,Múltipla,Reta,Sim,3.0,0.0,0.0,1.0,1.0,1.0,0.0,3.0,"-19,97571493","-44,19595806",SPRF-MG,DEL01/MG,UOP03-DEL01-MG
776219,02/05/2026,sábado,14:30:00,PE,232.0,180,BELO JARDIM,Demais falhas mecânicas ou elétricas,Derramamento de carga,Sem Vítimas,Pleno dia,Decrescente,Céu Claro,Simples,Reta,Não,2.0,0.0,0.0,0.0,0.0,1.0,0.0,3.0,"-8,34777766","-36,4114455",SPRF-PE,DEL03/PE,UOP02-DEL03-PE
776222,23/05/2026,sábado,14:40:00,MG,381.0,"482,8",BETIM,Ausência de reação do condutor,Colisão traseira,Com Vítimas Fatais,Pleno dia,Decrescente,Céu Claro,Múltipla,Reta;Aclive,Sim,3.0,1.0,0.0,0.0,0.0,1.0,0.0,3.0,"-19,95788654","-44,07771556",SPRF-MG,DEL01/MG,UOP03-DEL01-MG
776259,15/05/2026,sexta-feira,18:57:00,SC,116.0,"8,3",MAFRA,Transitar na contramão,Colisão lateral sentido oposto,Com Vítimas Feridas,Plena Noite,Crescente,Garoa/Chuvisco,Dupla,Declive;Reta,Sim,4.0,0.0,0.0,1.0,1.0,2.0,0.0,3.0,"-26,1603","-49,843146",SPRF-SC,DEL06/SC,UOP01-DEL06-SC
776360,30/05/2026,sábado,20:00:00,TO,153.0,"236,5",COLINAS DO TOCANTINS,Avarias e/ou desgaste excessivo no pneu,Derramamento de carga,Sem Vítimas,Plena Noite,Decrescente,Céu Claro,Dupla,Reta;Aclive,Não,2.0,0.0,0.0,0.0,0.0,1.0,0.0,3.0,"-8,20621","-48,46329",SPRF-TO,DEL02-TO,UOP01-DEL02-TO
776378,20/05/2026,quarta-feira,15:30:00,MG,116.0,"414,5",GOVERNADOR VALADARES,Conversão proibida,Colisão lateral mesmo sentido,Sem Vítimas,Pleno dia,Crescente,Céu Claro,Simples,Reta,Sim,2.0,0.0,0.0,0.0,0.0,1.0,0.0,2.0,"-18,89264432","-41,94717407",SPRF-MG,DEL06/MG,UOP01-DEL06-MG
776433,10/05/2026,domingo,05:15:00,PR,277.0,"460,8",LARANJEIRAS DO SUL,Acesso irregular,Colisão lateral sentido oposto,Com Vítimas Feridas,Plena Noite,Decrescente,Céu Claro,Simples,Reta,Não,5.0,0.0,1.0,0.0,1.0,4.0,0.0,2.0,"-25,3752","-52,43696",SPRF-PR,DEL04/PR,UOP02-DEL04-PR
776495,11/03/2026,quarta-feira,08:20:00,GO,50.0,273,CATALAO,Reação tardia ou ineficiente do condutor,Saída de leito carroçável,Com Vítimas Feridas,Pleno dia,Crescente,Céu Claro,Dupla,Reta;Declive,Não,2.0,0.0,1.0,0.0,1.0,0.0,0.0,2.0,"-18,127399","-47,902941",SPRF-GO,DEL06/GO,UOP01-DEL06-GO
776679,09/05/2026,sábado,18:10:00,RJ,40.0,80,PETROPOLIS,Demais falhas mecânicas ou elétricas,Incêndio,Sem Vítimas,Anoitecer,Crescente,Céu Claro,Simples,Aclive;Reta,Não,3.0,0.0,0.0,0.0,0.0,2.0,0.0,2.0,"-22,50704077","-43,23279474",SPRF-RJ,DEL01/RJ,UOP01-DEL01-RJ
776904,26/05/2026,terça-feira,17:15:00,MS,163.0,"263,3",DOURADOS,Ausência de reação do condutor,Colisão traseira,Com Vítimas Feridas,Plena Noite,Crescente,Céu Claro,Dupla,Reta,Sim,2.0,0.0,0.0,1.0,1.0,1.0,0.0,2.0,"-22,23052","-54,74509",SPRF-MS,DEL04/MS,UOP01-DEL04-MS
777159,18/05/2026,segunda-feira,15:00:00,CE,116.0,70,CHOROZINHO,Conversão proibida,Colisão lateral mesmo sentido,Com Vítimas Feridas,Pleno dia,Decrescente,Céu Claro,Simples,Reta,Sim,3.0,0.0,0.0,1.0,1.0,1.0,0.0,3.0,"-4,33352451","-38,48010904",SPRF-CE,DEL01/CE,UOP04-DEL01-CE
777186,30/05/2026,sábado,12:30:00,BA,324.0,535,CONCEICAO DO JACUIPE,Velocidade Incompatível,Engavetamento,Com Vítimas Feridas,Pleno dia,Decrescente,Garoa/Chuvisco,Dupla,Reta;Declive,Sim,9.0,0.0,0.0,2.0,2.0,6.0,0.0,7.0,"-12,365905","-38,81774",SPRF-BA,DEL11/BA,UOP02-DEL11-BA
777194,01/05/2026,sexta-feira,19:00:00,MG,251.0,209,AGUAS VERMELHAS,Ausência de reação do condutor,Colisão lateral sentido oposto,Com Vítimas Feridas,Plena Noite,Crescente,Céu Claro,Simples,Reta;Declive,Não,4.0,0.0,0.0,2.0,2.0,1.0,0.0,5.0,"-15,88146958","-41,52450353",SPRF-MG,DEL12/MG,UOP02-DEL12-MG
777203,25/04/2026,sábado,05:30:00,RJ,116.0,99,GUAPIMIRIM,Problema com o freio,Incêndio,Sem Vítimas,Pleno dia,Decrescente,Céu Claro,Simples,Reta,Sim,1.0,0.0,0.0,0.0,0.0,1.0,0.0,1.0,"-22,48534247","-42,99663512",SPRF-RJ,DEL04/RJ,UOP01-DEL04-RJ
777204,06/05/2026,quarta-feira,03:00:00,MT,364.0,183,PEDRA PRETA,Avarias e/ou desgaste excessivo no pneu,Incêndio,Sem Vítimas,Plena Noite,Crescente,Céu Claro,Simples,Reta,Não,2.0,0.0,0.0,0.0,0.0,1.0,0.0,2.0,"-16,6143","-54,462",SPRF-MT,DEL02/MT,UOP01-DEL02-MT
777354,25/05/2026,segunda-feira,16:00:00,MS,163.0,180,JUTI,Ausência de reação do condutor,Colisão traseira,Com Vítimas Feridas,Pleno dia,Decrescente,Céu Claro,Simples,Reta,Não,3.0,0.0,1.0,0.0,1.0,1.0,0.0,4.0,"-22,837449","-54,675142",SPRF-MS,DEL09/MS,UOP01-DEL09-MS
777361,21/04/2026,terça-feira,03:20:00,MG,251.0,263,SALINAS,Transitar na contramão,Colisão frontal,Com Vítimas Fatais,Plena Noite,Crescente,Céu Claro,Simples,Reta,Não,8.0,6.0,0.0,0.0,0.0,1.0,0.0,3.0,"-15,998201","-41,944592",SPRF-MG,DEL12/MG,UOP02-DEL12-MG
777392,19/03/2026,quinta-feira,07:15:00,GO,50.0,105,CRISTALINA,Condutor Dormindo,Saída de leito carroçável,Com Vítimas Feridas,Pleno dia,Decrescente,Céu Claro,Dupla,Reta,Sim,2.0,0.0,1.0,0.0,1.0,0.0,0.0,3.0,"-16,815988","-47,669245",SPRF-DF,DEL01-DF,UOP02-DEL01-DF
777423,05/05/2026,terça-feira,14:50:00,GO,153.0,699,ITUMBIARA,Reação tardia ou ineficiente do condutor,Colisão frontal,Com Vítimas Feridas,Pleno dia,Crescente,Céu Claro,Simples,Reta,Sim,4.0,0.0,0.0,2.0,2.0,1.0,0.0,3.0,"-18,37385","-49,211976",SPRF-GO,DEL03/GO,UOP02-DEL03-GO
777471,08/01/2026,quinta-feira,16:00:00,PE,408.0,"78,7",PAUDALHO,Carga excessiva e/ou mal acondicionada,Tombamento,Com Vítimas Feridas,Pleno dia,Decrescente,Céu Claro,Dupla,Reta,Não,2.0,0.0,1.0,0.0,1.0,0.0,0.0,2.0,"-7,9616","-35,09382",SPRF-PE,DEL01/PE,UOP01-DEL01-PE
777514,19/01/2026,segunda-feira,14:40:00,BA,324.0,617,SALVADOR,Ausência de reação do condutor,Colisão lateral mesmo sentido,Com Vítimas Feridas,Pleno dia,Crescente,Céu Claro,Dupla,Reta,Sim,4.0,0.0,0.0,1.0,1.0,2.0,0.0,4.0,"-12,8881","-38,441347",SPRF-BA,DEL01/BA,UOP01-DEL01-BA
777554,05/05/2026,terça-feira,19:15:00,PE,101.0,"97,5",CABO DE SANTO AGOSTINHO,Reação tardia ou ineficiente do condutor,Colisão traseira,Com Vítimas Feridas,Plena Noite,Decrescente,Céu Claro,Dupla,Reta,Não,3.0,0.0,1.0,0.0,1.0,1.0,0.0,4.0,"-8,2548","-35,03315",SPRF-PE,DEL01/PE,UOP03-DEL01-PE
777563,05/05/2026,terça-feira,17:30:00,MG,262.0,"884,8",CAMPO FLORIDO,Ausência de reação do condutor,Saída de leito carroçável,Sem Vítimas,Pleno dia,Crescente,Céu Claro,Simples,Declive,Não,2.0,0.0,0.0,0.0,0.0,1.0,0.0,2.0,"-19,71535","-48,72856667",SPRF-MG,DEL13/MG,UOP02-DEL13-MG
777582,28/05/2026,quinta-feira,09:15:00,MT,158.0,514,CANARANA,Reação tardia ou ineficiente do condutor,Tombamento,Sem Vítimas,Pleno dia,Crescente,Céu Claro,Simples,Reta,Não,2.0,0.0,0.0,0.0,0.0,1.0,0.0,4.0,"-13,657228","-51,973086",SPRF-MT,DEL07/MT,UOP02-DEL07-MT
777628,11/05/2026,segunda-feira,10:15:00,MG,40.0,530,CONTAGEM,Frear bruscamente,Colisão traseira,Com Vítimas Feridas,Pleno dia,Crescente,Céu Claro,Dupla,Reta,Sim,5.0,0.0,1.0,0.0,1.0,4.0,0.0,5.0,"-19,9191305","-44,03938293",SPRF-MG,DEL01/MG,UOP02-DEL01-MG
777663,24/05/2026,domingo,10:00:00,RO,364.0,36,VILHENA,Ultrapassagem Indevida,Colisão lateral sentido oposto,Com Vítimas Fatais,Pleno dia,Decrescente,Céu Claro,Simples,Curva,Não,5.0,1.0,0.0,0.0,0.0,3.0,0.0,10.0,"-12,66497","-60,31008",SPRF-RO,DEL04-RO,UOP01-DEL04-RO
777665,18/04/2026,sábado,18:40:00,SC,163.0,"107,7",GUARUJA DO SUL,Transitar na contramão,Colisão lateral sentido oposto,Com Vítimas Feridas,Anoitecer,Crescente,Céu Claro,Simples,Curva,Não,3.0,0.0,1.0,0.0,1.0,1.0,0.0,3.0,"-26,4213609","-53,52590561",SPRF-SC,DEL07/SC,UOP03-DEL07-SC
777683,15/05/2026,sexta-feira,11:40:00,GO,153.0,175,CAMPINORTE,Ultrapassagem Indevida,Atropelamento de Pedestre,Com Vítimas Feridas,Pleno dia,Crescente,Céu Claro,Simples,Reta,Sim,3.0,0.0,0.0,1.0,1.0,1.0,0.0,5.0,"-14,31067047","-49,14905548",SPRF-GO,DEL07/GO,UOP02-DEL07-GO
777715,21/05/2026,quinta-feira,19:45:00,SC,116.0,"246,6",LAGES,Manobra de mudança de faixa,Colisão frontal,Com Vítimas Feridas,Plena Noite,Crescente,Céu Claro,Simples,Reta,Sim,4.0,0.0,0.0,1.0,1.0,1.0,0.0,5.0,"-27,80913925","-50,36692556",SPRF-SC,DEL05/SC,UOP02-DEL05-SC
777736,25/05/2026,segunda-feira,22:19:00,MT,163.0,"115,5",RONDONOPOLIS,Ausência de reação do condutor,Colisão traseira,Com Vítimas Feridas,Plena Noite,Crescente,Céu Claro,Dupla,Reta;Aclive,Não,3.0,0.0,1.0,0.0,1.0,1.0,0.0,4.0,"-16,5152737","-54,6558179",SPRF-MT,DEL02/MT,UOP01-DEL02-MT
777789,10/05/2026,domingo,11:00:00,SP,116.0,52,LORENA,Ausência de reação do condutor,Colisão traseira,Com Vítimas Feridas,Pleno dia,Crescente,Céu Claro,Dupla,Reta,Sim,3.0,0.0,1.0,0.0,1.0,2.0,0.0,2.0,"-22,74377425","-45,09530718",SPRF-SP,DEL08/SP,UOP02-DEL08-SP
777809,22/05/2026,sexta-feira,13:40:00,SP,381.0,58,MAIRIPORA,Frear bruscamente,Colisão traseira,Com Vítimas Feridas,Pleno dia,Crescente,Céu Claro,Dupla,Reta,Não,2.0,0.0,1.0,0.0,1.0,1.0,0.0,2.0,"-23,27619357","-46,58570194",SPRF-SP,DEL03/SP,UOP01-DEL03-SP
777874,27/03/2026,sexta-feira,22:19:00,PA,163.0,281,NOVO PROGRESSO,Ausência de reação do condutor,Colisão lateral mesmo sentido,Com Vítimas Feridas,Plena Noite,Decrescente,Nublado,Simples,Curva,Não,2.0,0.0,1.0,0.0,1.0,0.0,0.0,2.0,"-7,28175758","-55,31310976",SPRF-PA,DEL05/PA,UOP03-DEL05-PA
777882,20/05/2026,quarta-feira,03:15:00,BA,242.0,451,SEABRA,Manobra de mudança de faixa,Colisão frontal,Com Vítimas Fatais,Plena Noite,Decrescente,Céu Claro,Simples,Reta,Não,4.0,1.0,0.0,0.0,0.0,1.0,0.0,5.0,"-12,42277","-42,06792",SPRF-BA,DEL06/BA,UOP01-DEL06-BA
778111,23/05/2026,sábado,21:00:00,SP,381.0,69,MAIRIPORA,Reação tardia ou ineficiente do condutor,Tombamento,Com Vítimas Feridas,Plena Noite,Decrescente,Chuva,Dupla,Declive;Curva,Não,2.0,0.0,1.0,0.0,1.0,0.0,0.0,2.0,"-23,34967916","-46,56074413",,,
778124,06/04/2026,segunda-feira,02:20:00,SE,101.0,89,NOSSA SENHORA DO SOCORRO,Ausência de reação do condutor,Colisão traseira,Com Vítimas Feridas,Plena Noite,Crescente,Céu Claro,Dupla,Reta;Aclive,Não,3.0,0.0,0.0,2.0,2.0,0.0,0.0,2.0,"-10,880409","-37,133618",,,
778425,12/05/2026,terça-feira,21:00:00,SC,116.0,"107,2",MONTE CASTELO,Velocidade Incompatível,Saída de leito carroçável,Com Vítimas Fatais,Plena Noite,Decrescente,Nublado,Simples,Curva;Declive,Não,1.0,1.0,0.0,0.0,0.0,0.0,0.0,1.0,"-26,756555","-50,3291",,,
778442,15/04/2026,quarta-feira,04:00:00,PR,277.0,38,MORRETES,Velocidade Incompatível,Tombamento,Com Vítimas Feridas,Plena Noite,Decrescente,Céu Claro,Dupla,Curva,Não,3.0,0.0,0.0,1.0,1.0,1.0,0.0,7.0,"-25,574583","-48,853855",,,
778629,29/05/2026,sexta-feira,21:10:00,ES,101.0,"182,1",ARACRUZ,Ausência de reação do condutor,Colisão traseira,Com Vítimas Fatais,Plena Noite,Decrescente,Céu Claro,Simples,Reta,Não,5.0,1.0,0.0,0.0,0.0,2.0,0.0,5.0,"-19,64093084","-40,23272955",,,
746684,19/01/2026,segunda-feira,08:42:00,PB,230.0,159,CAMPINA GRANDE,Ultrapassagem Indevida,Colisão lateral mesmo sentido,Com Vítimas Feridas,Pleno dia,Decrescente,Céu Claro,Dupla,Desvio Temporário;Em Obras;Reta,Sim,2.0,0.0,0.0,1.0,1.0,1.0,0.0,2.0,"-7,253101","-35,932585",SPRF-PB,DEL02-PB,UOP01-DEL02-PB
747335,22/01/2026,quinta-feira,13:05:00,RO,364.0,"242,5",CACOAL,Demais falhas mecânicas ou elétricas,Colisão com objeto,Sem Vítimas,Pleno dia,Crescente,Nublado,Simples,Reta;Declive,Não,3.0,0.0,0.0,0.0,0.0,3.0,0.0,2.0,"-11,440412","-61,492537",SPRF-RO,DEL02-RO,UOP02-DEL02-RO
747900,25/01/2026,domingo,06:00:00,PB,230.0,"165,7",CAMPINA GRANDE,Condutor deixou de manter distância do veículo da frente,Colisão traseira,Com Vítimas Feridas,Pleno dia,Crescente,Nublado,Simples,Declive;Reta,Sim,5.0,0.0,4.0,0.0,4.0,1.0,0.0,2.0,"-7,20093","-35,952453",SPRF-PB,DEL02-PB,UOP02-DEL02-PB
747960,25/01/2026,domingo,17:54:00,ES,101.0,"277,4",SERRA,Demais falhas mecânicas ou elétricas,Engavetamento,Sem Vítimas,Pleno dia,Crescente,Céu Claro,Dupla,Reta,Não,4.0,0.0,0.0,0.0,0.0,2.0,0.0,4.0,"-20,21496","-40,32358",SPRF-ES,DEL02-ES,UOP01-DEL02-ES
749936,04/02/2026,quarta-feira,05:50:00,SE,101.0,117,ITAPORANGA DAJUDA,Ausência de reação do condutor,Colisão traseira,Com Vítimas Feridas,Amanhecer,Decrescente,Céu Claro,Dupla,Reta,Não,2.0,0.0,1.0,0.0,1.0,0.0,0.0,2.0,"-11,0168416","-37,320441",SPRF-SE,DEL02-SE,UOP01-DEL02-SE