id,data_inversa,dia_semana,horario,uf,br,km,municipio,causa_acidente,tipo_acidente,classificacao_acidente,fase_dia,sentido_via,condicao_metereologica,tipo_pista,tracado_via,uso_solo,pessoas,mortos,feridos_leves,feridos_graves,feridos,ilesos,ignorados,veiculos,latitude,longitude,regional,delegacia,uop
764371,11/04/2026,sábado,07:15:00,PR,116.0,"7,9",CAMPINA GRANDE DO SUL,Velocidade Incompatível,Saída de leito carroçável,Com Vítimas Feridas,Pleno dia,Crescente,Garoa/Chuvisco,Dupla,Curva,Não,4.0,0.0,1.0,0.0,1.0,2.0,0.0,2.0,"-25,080954","-48,623249",SPRF-PR,DEL01/PR,UOP02-DEL01-PR
764846,13/04/2026,segunda-feira,11:10:00,PE,101.0,"78,9",JABOATAO DOS GUARARAPES,Condutor deixou de manter distância do veículo da frente,Colisão traseira,Com Vítimas Feridas,Pleno dia,Decrescente,Céu Claro,Dupla,Reta;Declive,Não,4.0,0.0,2.0,0.0,2.0,1.0,0.0,3.0,"-8,14306","-34,94701",SPRF-PE,DEL01/PE,UOP01-DEL01-PE
765549,17/04/2026,sexta-feira,01:50:00,GO,20.0,16,FORMOSA,Frear bruscamente,Colisão traseira,Sem Vítimas,Plena Noite,Decrescente,Céu Claro,Simples,Reta,Sim,3.0,0.0,0.0,0.0,0.0,2.0,0.0,3.0,"-15,562545","-47,215327",SPRF-DF,DEL02-DF,UOP02-DEL02-DF
765662,17/04/2026,sexta-feira,16:00:00,DF,70.0,4,BRASILIA,Carga excessiva e/ou mal acondicionada,Tombamento,Sem Vítimas,Pleno dia,Decrescente,Céu Claro,Dupla,Declive,Sim,2.0,0.0,0.0,0.0,0.0,1.0,0.0,2.0,"-15,797414","-48,09117",SPRF-DF,DEL03-DF,UOP02-DEL03-DF
765755,17/04/2026,sexta-feira,21:00:00,RS,116.0,245,SAO LEOPOLDO,Velocidade Incompatível,Colisão transversal,Com Vítimas Feridas,Plena Noite,Crescente,Céu Claro,Dupla,Interseção de Vias,Sim,3.0,0.0,0.0,2.0,2.0,0.0,0.0,3.0,"-29,753927","-51,151853",SPRF-RS,DEL01/RS,UOP02-DEL01-RS
765975,18/04/2026,sábado,17:40:00,BA,407.0,5,JUAZEIRO,Ingestão de álcool pelo condutor,Colisão transversal,Com Vítimas Feridas,Anoitecer,Crescente,Céu Claro,Dupla,Reta,Sim,3.0,0.0,1.0,0.0,1.0,1.0,0.0,3.0,"-9,45422","-40,48747",SPRF-PE,DEL06/PE,UOP01-DEL06-PE
766049,18/04/2026,sábado,22:45:00,RO,364.0,"439,7",JARU,Ausência de reação do condutor,Colisão traseira,Com Vítimas Feridas,Plena Noite,Decrescente,Nublado,Simples,Reta;Declive,Não,4.0,0.0,0.0,1.0,1.0,2.0,0.0,3.0,"-10,356733","-62,578728",SPRF-RO,DEL03-RO,UOP02-DEL03-RO
766634,21/04/2026,terça-feira,21:50:00,MS,158.0,"147,4",APARECIDA DO TABOADO,Ausência de reação do condutor,Colisão traseira,Com Vítimas Feridas,Plena Noite,Crescente,Céu Claro,Simples,Reta,Não,7.0,0.0,1.0,0.0,1.0,5.0,0.0,3.0,"-20,08843835","-51,14459887",SPRF-MS,DEL08/MS,UOP01-DEL08-MS
766774,22/04/2026,quarta-feira,16:50:00,SC,101.0,148,ITAPEMA,Condutor deixou de manter distância do veículo da frente,Colisão traseira,Com Vítimas Feridas,Pleno dia,Crescente,Céu Claro,Dupla,Reta,Sim,3.0,0.0,1.0,0.0,1.0,1.0,0.0,3.0,"-27,1012953","-48,6184022",SPRF-SC,DEL04/SC,UOP03-DEL04-SC
766999,18/04/2026,sábado,20:20:00,PR,373.0,415,FOZ DO JORDAO,Ausência de reação do condutor,Colisão traseira,Com Vítimas Feridas,Plena Noite,Crescente,Céu Claro,Simples,Reta;Interseção de Vias,Sim,3.0,0.0,1.0,0.0,1.0,1.0,0.0,3.0,"-25,672397","-52,124272",SPRF-PR,DEL08/PR,UOP01-DEL08-PR
767031,23/04/2026,quinta-feira,19:05:00,RS,386.0,"72,6",BOA VISTA DAS MISSOES,Acessar a via sem observar a presença dos outros veículos,Colisão transversal,Com Vítimas Feridas,Anoitecer,Decrescente,Céu Claro,Simples,Interseção de Vias;Reta,Sim,4.0,0.0,1.0,0.0,1.0,2.0,0.0,3.0,"-27,66822528","-53,31262775",SPRF-RS,DEL08/RS,UOP02-DEL08-RS
767115,24/04/2026,sexta-feira,08:22:00,PR,369.0,184,ARAPONGAS,Acessar a via sem observar a presença dos outros veículos,Colisão transversal,Com Vítimas Fatais,Pleno dia,Decrescente,Céu Claro,Simples,Reta;Interseção de Vias,Sim,4.0,1.0,0.0,0.0,0.0,1.0,0.0,4.0,"-23,384608","-51,419115",SPRF-PR,DEL07/PR,UOP03-DEL07-PR
767389,25/04/2026,sábado,16:50:00,PR,277.0,"592,2",CASCAVEL,Condutor deixou de manter distância do veículo da frente,Engavetamento,Sem Vítimas,Pleno dia,Decrescente,Céu Claro,Simples,Reta,Sim,4.0,0.0,0.0,0.0,0.0,2.0,0.0,4.0,"-24,980332","-53,453477",SPRF-PR,DEL04/PR,UOP01-DEL04-PR
768267,29/04/2026,quarta-feira,19:30:00,GO,40.0,"91,6",CRISTALINA,Condutor Dormindo,Colisão traseira,Com Vítimas Feridas,Plena Noite,Crescente,Céu Claro,Simples,Reta,Sim,5.0,0.0,2.0,0.0,2.0,2.0,0.0,3.0,"-16,72321714","-47,64554724",SPRF-DF,DEL01-DF,UOP02-DEL01-DF
768286,19/04/2026,domingo,05:10:00,MS,163.0,206,CAARAPO,Ausência de reação do condutor,Colisão frontal,Com Vítimas Fatais,Amanhecer,Decrescente,Céu Claro,Simples,Reta,Não,4.0,1.0,0.0,0.0,0.0,2.0,0.0,3.0,"-22,65128093","-54,80845213",SPRF-MS,DEL04/MS,UOP02-DEL04-MS
768589,30/04/2026,quinta-feira,23:15:00,GO,50.0,"116,8",IPAMERI,Estacionar ou parar em local proibido,Colisão traseira,Com Vítimas Feridas,Plena Noite,Decrescente,Céu Claro,Dupla,Reta,Não,3.0,0.0,0.0,1.0,1.0,1.0,0.0,3.0,"-16,91869412","-47,69439094",SPRF-DF,DEL01-DF,UOP02-DEL01-DF
768692,01/05/2026,sexta-feira,11:30:00,DF,60.0,"17,6",BRASILIA,Reação tardia ou ineficiente do condutor,Saída de leito carroçável,Com Vítimas Feridas,Pleno dia,Crescente,Céu Claro,Dupla,Curva,Não,3.0,0.0,2.0,0.0,2.0,0.0,0.0,2.0,"-15,96523588","-48,1810784",SPRF-DF,DEL03-DF,UOP01-DEL03-DF
768833,02/05/2026,sábado,00:15:00,GO,60.0,"172,9",ABADIA DE GOIAS,Velocidade Incompatível,Colisão traseira,Com Vítimas Feridas,Plena Noite,Crescente,Ignorado,Dupla,Reta,Sim,4.0,0.0,1.0,0.0,1.0,2.0,0.0,3.0,"-16,750543","-49,429313",SPRF-GO,DEL01/GO,UOP02-DEL01-GO
769117,03/05/2026,domingo,08:30:00,RJ,101.0,303,SAO GONCALO,Ausência de reação do condutor,Queda de ocupante de veículo,Com Vítimas Feridas,Pleno dia,Decrescente,Chuva,Dupla,Reta,Não,2.0,0.0,1.0,0.0,1.0,0.0,0.0,2.0,"-22,78201545","-42,97396367",SPRF-RJ,DEL02/RJ,UOP02-DEL02-RJ
769308,04/05/2026,segunda-feira,02:00:00,MT,163.0,911,ITAUBA,Demais falhas mecânicas ou elétricas,Saída de leito carroçável,Sem Vítimas,Plena Noite,Crescente,Céu Claro,Simples,Reta,Não,2.0,0.0,0.0,0.0,0.0,0.0,1.0,2.0,"-11,2118472","-55,3045931",SPRF-MT,DEL06/MT,UOP02-DEL06-MT
769474,04/05/2026,segunda-feira,15:40:00,PA,316.0,"31,5",SANTA IZABEL DO PARA,Condutor deixou de manter distância do veículo da frente,Engavetamento,Com Vítimas Feridas,Pleno dia,Decrescente,Chuva,Dupla,Reta,Não,4.0,0.0,1.0,0.0,1.0,2.0,0.0,3.0,"-1,299853","-48,193305",SPRF-PA,DEL01/PA,UOP01-DEL01-PA
769477,04/05/2026,segunda-feira,18:15:00,DF,80.0,"7,6",BRASILIA,Manobra de mudança de faixa,Colisão frontal,Com Vítimas Feridas,Plena Noite,Decrescente,Céu Claro,Simples,Reta,Não,6.0,0.0,3.0,0.0,3.0,2.0,0.0,5.0,"-15,73159432","-48,14535141",SPRF-DF,DEL03-DF,UOP02-DEL03-DF
770005,07/05/2026,quinta-feira,09:16:00,SC,101.0,"163,5",TIJUCAS,Manobra de mudança de faixa,Colisão lateral mesmo sentido,Com Vítimas Feridas,Pleno dia,Crescente,Nublado,Múltipla,Reta,Sim,3.0,0.0,1.0,0.0,1.0,1.0,0.0,3.0,"-27,2363","-48,63047",SPRF-SC,DEL04/SC,UOP03-DEL04-SC
770055,12/04/2026,domingo,05:00:00,SC,280.0,"23,6",ARAQUARI,Ingestão de álcool pelo condutor,Colisão frontal,Com Vítimas Feridas,Amanhecer,Crescente,Nublado,Simples,Reta,Sim,7.0,0.0,5.0,1.0,6.0,0.0,0.0,3.0,"-26,37565947","-48,71779299",SPRF-SC,DEL03/SC,UOP03-DEL03-SC
770128,07/05/2026,quinta-feira,22:20:00,PE,407.0,"126,4",PETROLINA,Acessar a via sem observar a presença dos outros veículos,Colisão traseira,Com Vítimas Feridas,Plena Noite,Crescente,Céu Claro,Dupla,Em Obras;Interseção de Vias,Sim,3.0,0.0,1.0,0.0,1.0,1.0,0.0,3.0,"-9,38938","-40,52386",SPRF-PE,DEL06/PE,UOP01-DEL06-PE
770378,08/05/2026,sexta-feira,23:50:00,GO,20.0,"2,6",FORMOSA,Desrespeitar a preferência no cruzamento,Colisão transversal,Sem Vítimas,Plena Noite,Decrescente,Nublado,Simples,Em Obras;Reta,Sim,7.0,0.0,0.0,0.0,0.0,6.0,0.0,3.0,"-15,56900583","-47,32212998",SPRF-DF,DEL02-DF,UOP02-DEL02-DF
770446,09/05/2026,sábado,06:00:00,RS,386.0,"14,9",FREDERICO WESTPHALEN,Transitar na contramão,Colisão lateral sentido oposto,Com Vítimas Feridas,Amanhecer,Decrescente,Nevoeiro/Neblina,Simples,Curva,Não,8.0,0.0,1.0,1.0,2.0,5.0,0.0,5.0,"-27,30522343","-53,37071769",SPRF-RS,DEL08/RS,UOP02-DEL08-RS
770515,09/05/2026,sábado,14:15:00,PE,407.0,129,PETROLINA,Condutor deixou de manter distância do veículo da frente,Colisão lateral mesmo sentido,Sem Vítimas,Pleno dia,Crescente,Céu Claro,Dupla,Curva;Ponte,Sim,3.0,0.0,0.0,0.0,0.0,2.0,0.0,3.0,"-9,4014517","-40,5036067",SPRF-PE,DEL06/PE,UOP01-DEL06-PE
770523,04/04/2026,sábado,18:40:00,GO,80.0,140,BARRO ALTO,Ingestão de álcool pelo condutor,Colisão lateral sentido oposto,Com Vítimas Feridas,Plena Noite,Decrescente,Céu Claro,Simples,Declive,Não,3.0,0.0,0.0,1.0,1.0,1.0,0.0,3.0,"-14,938577","-48,941338",SPRF-GO,DEL07/GO,UOP02-DEL07-GO
771066,11/05/2026,segunda-feira,13:44:00,MT,163.0,841,SINOP,Acessar a via sem observar a presença dos outros veículos,Colisão transversal,Com Vítimas Feridas,Pleno dia,Decrescente,Céu Claro,Simples,Reta,Sim,7.0,0.0,2.0,2.0,4.0,1.0,0.0,3.0,"-11,8099545","-55,48190117",SPRF-MT,DEL06/MT,UOP02-DEL06-MT
771491,13/05/2026,quarta-feira,11:30:00,RS,392.0,"641,9",GUARANI DAS MISSOES,Condutor usando celular,Colisão frontal,Com Vítimas Feridas,Pleno dia,Crescente,Céu Claro,Simples,Reta,Não,4.0,0.0,2.0,0.0,2.0,1.0,0.0,3.0,"-28,15563921","-54,55631945",SPRF-RS,DEL10/RS,UOP01-DEL10-RS
771500,13/05/2026,quarta-feira,18:15:00,SC,101.0,196,BIGUACU,Manobra de mudança de faixa,Colisão lateral mesmo sentido,Com Vítimas Feridas,Anoitecer,Crescente,Nublado,Múltipla,Interseção de Vias;Reta,Sim,5.0,0.0,0.0,1.0,1.0,3.0,0.0,4.0,"-27,50565","-48,64947",SPRF-SC,DEL01/SC,UOP01-DEL01-SC
772157,16/05/2026,sábado,20:00:00,PE,232.0,310,SERTANIA,Ingestão de álcool pelo condutor,Colisão lateral sentido oposto,Com Vítimas Feridas,Plena Noite,Crescente,Céu Claro,Simples,Reta,Não,3.0,0.0,1.0,0.0,1.0,1.0,0.0,3.0,"-8,153058","-37,465315",SPRF-PE,DEL04/PE,UOP02-DEL04-PE
772448,18/05/2026,segunda-feira,05:50:00,PR,277.0,82,CURITIBA,Ausência de reação do condutor,Colisão traseira,Com Vítimas Feridas,Amanhecer,Crescente,Chuva,Dupla,Reta,Não,3.0,0.0,1.0,0.0,1.0,1.0,0.0,3.0,"-25,455","-49,224",SPRF-PR,DEL01/PR,UOP03-DEL01-PR
772545,18/05/2026,segunda-feira,12:53:00,GO,153.0,"131,9",MARA ROSA,Acessar a via sem observar a presença dos outros veículos,Colisão transversal,Com Vítimas Feridas,Pleno dia,Decrescente,Céu Claro,Simples,Declive,Não,3.0,0.0,0.0,1.0,1.0,1.0,0.0,3.0,"-13,93374","-49,07492",SPRF-GO,DEL07/GO,UOP01-DEL07-GO
773288,22/05/2026,sexta-feira,07:51:00,CE,20.0,"339,8",CARIDADE,Transitar na contramão,Colisão frontal,Com Vítimas Fatais,Pleno dia,Decrescente,Céu Claro,Simples,Curva,Não,6.0,1.0,0.0,1.0,1.0,3.0,0.0,4.0,"-4,152052","-39,112852",SPRF-CE,DEL02/CE,UOP01-DEL02-CE
773321,11/05/2026,segunda-feira,06:20:00,RO,364.0,487,ARIQUEMES,Manobra de mudança de faixa,Colisão lateral mesmo sentido,Sem Vítimas,Amanhecer,Crescente,Céu Claro,Simples,Reta,Não,4.0,0.0,0.0,0.0,0.0,3.0,0.0,3.0,"-10,11842689","-62,90652394",SPRF-RO,DEL03-RO,UOP01-DEL03-RO
773769,24/05/2026,domingo,09:40:00,SP,116.0,118,TAUBATE,Reação tardia ou ineficiente do condutor,Colisão traseira,Sem Vítimas,Pleno dia,Crescente,Céu Claro,Dupla,Reta,Sim,3.0,0.0,0.0,0.0,0.0,2.0,0.0,3.0,"-23,00733798","-45,51389954",SPRF-SP,DEL02/SP,UOP02-DEL02-SP
774035,25/05/2026,segunda-feira,11:30:00,RS,116.0,317,GUAIBA,Velocidade Incompatível,Tombamento,Com Vítimas Feridas,Pleno dia,Decrescente,Nublado,Dupla,Declive,Não,2.0,0.0,1.0,0.0,1.0,0.0,0.0,2.0,"-30,257932","-51,405833",SPRF-RS,DEL02/RS,UOP01-DEL02-RS
774500,27/05/2026,quarta-feira,13:00:00,MS,463.0,1,DOURADOS,Acessar a via sem observar a presença dos outros veículos,Colisão transversal,Com Vítimas Feridas,Pleno dia,Decrescente,Céu Claro,Simples,Reta,Sim,3.0,0.0,1.0,0.0,1.0,1.0,0.0,3.0,"-22,25897","-54,810866",SPRF-MS,DEL04/MS,UOP01-DEL04-MS
774661,28/05/2026,quinta-feira,08:45:00,AL,316.0,187,TANQUE DARCA,Reação tardia ou ineficiente do condutor,Colisão traseira,Sem Vítimas,Pleno dia,Crescente,Céu Claro,Simples,Aclive;Rotatória,Não,3.0,0.0,0.0,0.0,0.0,2.0,0.0,3.0,"-9,58679","-36,42997",SPRF-AL,DEL03-AL,UOP01-DEL03-AL
775021,29/05/2026,sexta-feira,19:50:00,MG,381.0,253,CORONEL FABRICIANO,Transitar no Acostamento,Colisão lateral mesmo sentido,Com Vítimas Feridas,Plena Noite,Decrescente,Céu Claro,Simples,Reta;Aclive,Não,4.0,0.0,0.0,2.0,2.0,1.0,0.0,3.0,"-19,5170811","-42,57622719",SPRF-MG,DEL03/MG,UOP01-DEL03-MG
777694,13/05/2026,quarta-feira,18:30:00,BA,116.0,"6,4",VITORIA DA CONQUISTA,Manobra de mudança de faixa,Colisão transversal,Com Vítimas Feridas,Plena Noite,Crescente,Céu Claro,Simples,Declive,Sim,3.0,0.0,0.0,1.0,1.0,1.0,0.0,3.0,"-14,833232","-40,887163",SPRF-BA,DEL08/BA,UOP01-DEL08-BA
771685,14/05/2026,quinta-feira,18:00:00,PE,116.0,"56,1",CABROBO,Ingestão de álcool pelo condutor,Colisão transversal,Com Vítimas Feridas,Plena Noite,Crescente,Céu Claro,Simples,Reta,Não,3.0,0.0,0.0,1.0,1.0,1.0,0.0,3.0,"-8,327967","-39,132358",SPRF-PE,DEL05/PE,UOP01-DEL05-PE
742884,01/01/2026,quinta-feira,00:05:00,SC,101.0,145,ITAPEMA,Reação tardia ou ineficiente do condutor,Queda de ocupante de veículo,Com Vítimas Feridas,Plena Noite,Crescente,Nublado,Dupla,Reta,Sim,1.0,0.0,1.0,0.0,1.0,0.0,0.0,1.0,"-27,08476806","-48,60635638",SPRF-SC,DEL04/SC,UOP03-DEL04-SC
742885,01/01/2026,quinta-feira,00:20:00,PR,376.0,"639,3",TIJUCAS DO SUL,Ingestão de álcool pelo condutor,Saída de leito carroçável,Sem Vítimas,Plena Noite,Decrescente,Nublado,Dupla,Reta;Aclive,Não,1.0,0.0,0.0,0.0,0.0,1.0,0.0,1.0,"-25,783081","-49,120916",SPRF-PR,DEL01/PR,UOP04-DEL01-PR
742888,01/01/2026,quinta-feira,00:05:00,MG,262.0,108,SANTO ANTONIO DO GRAMA,Animais na Pista,Atropelamento de Animal,Sem Vítimas,Plena Noite,Decrescente,Céu Claro,Simples,Curva,Não,1.0,0.0,0.0,0.0,0.0,1.0,0.0,1.0,"-20,27038974","-42,57027627",SPRF-MG,DEL03/MG,UOP03-DEL03-MG
742889,01/01/2026,quinta-feira,00:10:00,PR,376.0,"174,4",MARINGA,Manobra de mudança de faixa,Colisão lateral mesmo sentido,Com Vítimas Feridas,Plena Noite,Decrescente,Céu Claro,Dupla,Interseção de Vias;Reta,Sim,3.0,0.0,1.0,1.0,2.0,1.0,0.0,2.0,"-23,4157461","-51,95414022",SPRF-PR,DEL09/PR,UOP01-DEL09-PR
742891,01/01/2026,quinta-feira,01:10:00,SC,101.0,164,TIJUCAS,Velocidade Incompatível,Colisão traseira,Com Vítimas Feridas,Plena Noite,Crescente,Nublado,Dupla,Ponte;Declive,Sim,3.0,0.0,2.0,0.0,2.0,0.0,0.0,2.0,"-27,24354098","-48,63071172",SPRF-SC,DEL04/SC,UOP03-DEL04-SC
742892,01/01/2026,quinta-feira,01:30:00,MG,381.0,480,CONTAGEM,Ausência de reação do condutor,Colisão traseira,Sem Vítimas,Plena Noite,Decrescente,Chuva,Múltipla,Curva,Não,2.0,0.0,0.0,0.0,0.0,2.0,0.0,2.0,"-19,95826078","-44,0581546",SPRF-MG,DEL01/MG,UOP03-DEL01-MG
742893,01/01/2026,quinta-feira,00:45:00,PE,232.0,251,ARCOVERDE,Ausência de reação do condutor,Colisão traseira,Com Vítimas Feridas,Plena Noite,Crescente,Céu Claro,Simples,Reta,Sim,2.0,0.0,1.0,0.0,1.0,1.0,0.0,2.0,"-8,42342","-37,05349",SPRF-PE,DEL04/PE,UOP02-DEL04-PE
742894,01/01/2026,quinta-feira,02:00:00,PR,376.0,650,TIJUCAS DO SUL,Ausência de reação do condutor,Queda de ocupante de veículo,Com Vítimas Feridas,Plena Noite,Decrescente,Garoa/Chuvisco,Dupla,Reta;Declive,Não,1.0,0.0,1.0,0.0,1.0,0.0,0.0,1.0,"-25,845107","-49,07222",SPRF-PR,DEL01/PR,UOP04-DEL01-PR
742896,01/01/2026,quinta-feira,01:45:00,SP,153.0,113,UBARANA,Ausência de reação do condutor,Saída de leito carroçável,Sem Vítimas,Plena Noite,Decrescente,Nublado,Simples,Reta;Aclive,Não,1.0,0.0,0.0,0.0,0.0,0.0,1.0,1.0,"-21,14714743","-49,70374553",SPRF-SP,DEL09/SP,UOP01-DEL09-SP
742898,01/01/2026,quinta-feira,03:10:00,PR,369.0,"165,7",CAMBE,Ingestão de álcool pelo condutor,Capotamento,Com Vítimas Feridas,Plena Noite,Decrescente,Garoa/Chuvisco,Dupla,Reta,Sim,1.0,0.0,1.0,0.0,1.0,0.0,0.0,1.0,"-23,29586717","-51,30167714",SPRF-PR,DEL07/PR,UOP01-DEL07-PR
742899,01/01/2026,quinta-feira,03:20:00,RS,290.0,"178,1",BUTIA,Ingestão de álcool pelo condutor,Saída de leito carroçável,Com Vítimas Feridas,Plena Noite,Crescente,Céu Claro,Simples,Reta,Não,1.0,0.0,0.0,1.0,1.0,0.0,0.0,1.0,"-30,135532","-51,9983988",SPRF-RS,DEL02/RS,UOP03-DEL02-RS
742900,01/01/2026,quinta-feira,03:00:00,SC,101.0,"440,7",SANTA ROSA DO SUL,Ausência de reação do condutor,Saída de leito carroçável,Com Vítimas Feridas,Plena Noite,Crescente,Céu Claro,Múltipla,Reta,Não,3.0,0.0,2.0,0.0,2.0,1.0,0.0,1.0,"-29,127957","-49,682176",SPRF-SC,DEL02/SC,UOP02-DEL02-SC
742901,01/01/2026,quinta-feira,03:15:00,PB,230.0,1,CABEDELO,Ingestão de álcool pelo condutor,Saída de leito carroçável,Sem Vítimas,Amanhecer,Crescente,Céu Claro,Simples,Reta,Sim,1.0,0.0,0.0,0.0,0.0,0.0,1.0,1.0,"-6,976325","-34,83149",SPRF-PB,DEL01-PB,UOP01-DEL01-PB
742902,01/01/2026,quinta-feira,03:10:00,SC,101.0,58,ARAQUARI,Chuva,Queda de ocupante de veículo,Com Vítimas Feridas,Plena Noite,Decrescente,Chuva,Múltipla,Declive;Reta,Não,2.0,0.0,2.0,0.0,2.0,0.0,0.0,1.0,"-26,4395075","-48,80195014",SPRF-SC,DEL03/SC,UOP02-DEL03-SC
742905,01/01/2026,quinta-feira,03:30:00,PR,277.0,"664,4",MATELANDIA,Ausência de reação do condutor,Saída de leito carroçável,Com Vítimas Feridas,Plena Noite,Crescente,Céu Claro,Dupla,Reta,Não,1.0,0.0,1.0,0.0,1.0,0.0,0.0,1.0,"-25,25335616","-53,99593441",SPRF-PR,DEL05/PR,UOP02-DEL05-PR
742906,01/01/2026,quinta-feira,02:40:00,PE,232.0,172,BELO JARDIM,Animais na Pista,Atropelamento de Animal,Com Vítimas Feridas,Amanhecer,Decrescente,Céu Claro,Simples,Reta,Não,2.0,0.0,1.0,0.0,1.0,0.0,0.0,1.0,"-8,338803","-36,363531",SPRF-PE,DEL03/PE,UOP02-DEL03-PE
742907,01/01/2026,quinta-feira,03:40:00,PB,230.0,83,CALDAS BRANDAO,Acesso irregular,Saída de leito carroçável,Com Vítimas Fatais,Plena Noite,Crescente,Céu Claro,Dupla,Curva,Não,1.0,1.0,0.0,0.0,0.0,0.0,0.0,1.0,"-7,16305203","-35,34746158",SPRF-PB,DEL01-PB,UOP02-DEL01-PB
742909,01/01/2026,quinta-feira,04:30:00,SC,282.0,"600,7",CUNHA PORA,Demais falhas mecânicas ou elétricas,Incêndio,Sem Vítimas,Plena Noite,Crescente,Garoa/Chuvisco,Simples,Reta,Não,1.0,0.0,0.0,0.0,0.0,1.0,0.0,1.0,"-26,8107449","-53,1678675",SPRF-SC,DEL07/SC,UOP02-DEL07-SC
742910,01/01/2026,quinta-feira,05:00:00,MG,381.0,816,CAREACU,Velocidade Incompatível,Saída de leito carroçável,Com Vítimas Feridas,Amanhecer,Decrescente,Chuva,Dupla,Curva,Não,5.0,0.0,5.0,0.0,5.0,0.0,0.0,1.0,"-22,0381175","-45,6848563",SPRF-MG,DEL16/MG,UOP02-DEL16-MG
742911,01/01/2026,quinta-feira,04:10:00,SC,470.0,"86,2",RODEIO,Ausência de reação do condutor,Colisão com objeto,Com Vítimas Feridas,Plena Noite,Crescente,Chuva,Simples,Interseção de Vias,Não,1.0,0.0,1.0,0.0,1.0,0.0,0.0,1.0,"-26,9494734","-49,35932994",SPRF-SC,DEL04/SC,UOP01-DEL04-SC
742912,01/01/2026,quinta-feira,04:10:00,PR,376.0,"591,8",CURITIBA,Ausência de reação do condutor,Saída de leito carroçável,Com Vítimas Feridas,Amanhecer,Decrescente,Chuva,Dupla,Viaduto;Reta;Declive;Interseção de Vias,Sim,2.0,0.0,1.0,0.0,1.0,1.0,0.0,1.0,"-25,4299937","-49,3660954",SPRF-PR,DEL01/PR,UOP06-DEL01-PR
742914,01/01/2026,quinta-feira,05:30:00,PR,277.0,"111,9",CURITIBA,Ausência de reação do condutor,Saída de leito carroçável,Com Vítimas Feridas,Pleno dia,Decrescente,Garoa/Chuvisco,Dupla,Curva,Não,1.0,0.0,1.0,0.0,1.0,0.0,0.0,1.0,"-25,438017","-49,36575",SPRF-PR,DEL01/PR,UOP07-DEL01-PR
742915,01/01/2026,quinta-feira,05:00:00,MG,153.0,"165,8",COMENDADOR GOMES,Condutor Dormindo,Colisão com objeto,Sem Vítimas,Amanhecer,Decrescente,Céu Claro,Simples,Curva;Interseção de Vias,Não,1.0,0.0,0.0,0.0,0.0,0.0,1.0,1.0,"-19,6707261","-48,98735046",SPRF-MG,DEL13/MG,UOP02-DEL13-MG
742916,01/01/2026,quinta-feira,04:40:00,RS,448.0,22,PORTO ALEGRE,Reação tardia ou ineficiente do condutor,Colisão com objeto,Com Vítimas Fatais,Plena Noite,Crescente,Céu Claro,Dupla,Curva,Não,1.0,1.0,0.0,0.0,0.0,0.0,0.0,1.0,"-29,97326666","-51,19911187",SPRF-RS,DEL01/RS,UOP01-DEL01-RS
742917,01/01/2026,quinta-feira,02:50:00,MG,381.0,478,CONTAGEM,Pedestre andava na pista,Atropelamento de Pedestre,Com Vítimas Feridas,Plena Noite,Decrescente,Garoa/Chuvisco,Dupla,Reta,Sim,2.0,0.0,0.0,1.0,1.0,0.0,0.0,2.0,"-19,96222023","-44,03901386",SPRF-MG,DEL01/MG,UOP03-DEL01-MG
742918,01/01/2026,quinta-feira,05:00:00,MG,381.0,"492,4",BETIM,Ultrapassagem Indevida,Colisão traseira,Sem Vítimas,Amanhecer,Crescente,Céu Claro,Múltipla,Reta,Sim,3.0,0.0,0.0,0.0,0.0,3.0,0.0,2.0,"-19,96190795","-44,16185653",SPRF-MG,DEL01/MG,UOP03-DEL01-MG
742919,01/01/2026,quinta-feira,04:00:00,PE,232.0,191,SANHARO,Curva acentuada,Capotamento,Com Vítimas Feridas,Pleno dia,Crescente,Céu Claro,Simples,Curva,Sim,3.0,0.0,1.0,0.0,1.0,2.0,0.0,2.0,"-8,368075","-36,568699",SPRF-PE,DEL03/PE,UOP02-DEL03-PE
742920,01/01/2026,quinta-feira,05:40:00,RJ,465.0,18,NOVA IGUACU,Reação tardia ou ineficiente do condutor,Queda de ocupante de veículo,Com Vítimas Feridas,Pleno dia,Crescente,Céu Claro,Simples,Reta,Sim,1.0,0.0,1.0,0.0,1.0,0.0,0.0,1.0,"-22,8333677","-43,61393313",SPRF-RJ,DEL06/RJ,UOP02-DEL06-RJ
742923,01/01/2026,quinta-feira,04:30:00,AL,101.0,138,SAO MIGUEL DOS CAMPOS,Reação tardia ou ineficiente do condutor,Atropelamento de Pedestre,Com Vítimas Feridas,Amanhecer,Crescente,Céu Claro,Dupla,Reta,Sim,2.0,0.0,0.0,1.0,1.0,1.0,0.0,2.0,"-9,79595726","-36,10885112",SPRF-AL,DEL02-AL,UOP01-DEL02-AL
742924,01/01/2026,quinta-feira,02:40:00,SP,381.0,13,BRAGANCA PAULISTA,Reação tardia ou ineficiente do condutor,Colisão lateral mesmo sentido,Sem Vítimas,Plena Noite,Decrescente,Céu Claro,Dupla,Declive;Reta,Não,2.0,0.0,0.0,0.0,0.0,2.0,0.0,2.0,"-22,9331141","-46,4696481",SPRF-SP,DEL03/SP,UOP02-DEL03-SP