id,data_inversa,dia_semana,horario,uf,br,km,municipio,causa_acidente,tipo_acidente,classificacao_acidente,fase_dia,sentido_via,condicao_metereologica,tipo_pista,tracado_via,uso_solo,pessoas,mortos,feridos_leves,feridos_graves,feridos,ilesos,ignorados,veiculos,latitude,longitude,regional,delegacia,uop
742925,01/01/2026,quinta-feira,05:03:00,RJ,40.0,123,DUQUE DE CAXIAS,Ausência de reação do condutor,Colisão com objeto,Com Vítimas Feridas,Pleno dia,Crescente,Nublado,Dupla,Reta,Sim,1.0,0.0,1.0,0.0,1.0,0.0,0.0,1.0,"-22,8035423","-43,2902216",SPRF-RJ,DEL01/RJ,UOP02-DEL01-RJ
742926,01/01/2026,quinta-feira,05:00:00,TO,10.0,"453,7",PALMAS,Reação tardia ou ineficiente do condutor,Colisão traseira,Com Vítimas Fatais,Amanhecer,Crescente,Céu Claro,Dupla,Reta,Sim,3.0,2.0,0.0,0.0,0.0,1.0,0.0,2.0,"-10,31339","-48,29715",SPRF-TO,DEL01-TO,UOP03-DEL01-TO
742927,01/01/2026,quinta-feira,05:30:00,PR,277.0,"77,8",CURITIBA,Reação tardia ou ineficiente do condutor,Colisão com objeto,Com Vítimas Feridas,Amanhecer,Crescente,Garoa/Chuvisco,Dupla,Reta,Sim,1.0,0.0,1.0,0.0,1.0,0.0,0.0,1.0,"-25,48211826","-49,19388056",SPRF-PR,DEL01/PR,UOP08-DEL01-PR
742929,01/01/2026,quinta-feira,04:30:00,GO,153.0,493,GOIANIA,Ingestão de álcool pelo condutor,Colisão com objeto,Com Vítimas Feridas,Plena Noite,Crescente,Céu Claro,Dupla,Reta,Sim,4.0,0.0,0.0,1.0,1.0,1.0,0.0,2.0,"-16,6420207","-49,2084792",SPRF-GO,DEL01/GO,UOP01-DEL01-GO
742930,01/01/2026,quinta-feira,01:45:00,MG,40.0,787,JUIZ DE FORA,Reação tardia ou ineficiente do condutor,Tombamento,Com Vítimas Feridas,Plena Noite,Decrescente,Céu Claro,Simples,Curva,Não,2.0,0.0,2.0,0.0,2.0,0.0,0.0,1.0,"-21,73099876","-43,43689442",SPRF-MG,DEL05/MG,UOP01-DEL05-MG
742931,01/01/2026,quinta-feira,05:10:00,SP,101.0,25,UBATUBA,Velocidade Incompatível,Tombamento,Com Vítimas Feridas,Amanhecer,Decrescente,Céu Claro,Simples,Curva,Não,1.0,0.0,1.0,0.0,1.0,0.0,0.0,1.0,"-23,35596734","-44,9460125",SPRF-SP,DEL06/SP,UOP01-DEL06-SP
742933,01/01/2026,quinta-feira,05:50:00,SC,282.0,"646,1",SAO MIGUEL DO OESTE,Reação tardia ou ineficiente do condutor,Saída de leito carroçável,Com Vítimas Feridas,Amanhecer,Decrescente,Nublado,Simples,Aclive;Rotatória;Curva,Sim,1.0,0.0,1.0,0.0,1.0,0.0,0.0,1.0,"-26,76184901","-53,49965751",SPRF-SC,DEL07/SC,UOP03-DEL07-SC
742935,01/01/2026,quinta-feira,06:30:00,SC,101.0,"202,5",SAO JOSE,Reação tardia ou ineficiente do condutor,Queda de ocupante de veículo,Com Vítimas Feridas,Pleno dia,Decrescente,Céu Claro,Múltipla,Reta,Sim,2.0,0.0,2.0,0.0,2.0,0.0,0.0,1.0,"-27,56128","-48,61657",SPRF-SC,DEL01/SC,UOP01-DEL01-SC
742937,01/01/2026,quinta-feira,05:20:00,PR,277.0,"6,7",PARANAGUA,Reação tardia ou ineficiente do condutor,Saída de leito carroçável,Sem Vítimas,Amanhecer,Crescente,Chuva,Dupla,Reta,Sim,1.0,0.0,0.0,0.0,0.0,0.0,1.0,1.0,"-25,560798","-48,583137",SPRF-PR,DEL01/PR,UOP05-DEL01-PR
742939,01/01/2026,quinta-feira,06:30:00,GO,40.0,"12,9",LUZIANIA,Ausência de reação do condutor,Colisão traseira,Sem Vítimas,Amanhecer,Crescente,Céu Claro,Dupla,Reta,Sim,2.0,0.0,0.0,0.0,0.0,1.0,0.0,2.0,"-16,15114396","-47,93982804",SPRF-DF,DEL01-DF,UOP01-DEL01-DF
742940,01/01/2026,quinta-feira,06:30:00,RS,285.0,"287,6",PASSO FUNDO,Ingestão de álcool pelo condutor,Saída de leito carroçável,Com Vítimas Feridas,Pleno dia,Crescente,Céu Claro,Simples,Reta,Sim,2.0,0.0,2.0,0.0,2.0,0.0,0.0,1.0,"-28,23695191","-52,33131409",SPRF-RS,DEL08/RS,UOP03-DEL08-RS
742941,01/01/2026,quinta-feira,07:00:00,PR,277.0,"36,7",MORRETES,Reação tardia ou ineficiente do condutor,Tombamento,Com Vítimas Feridas,Pleno dia,Crescente,Nublado,Dupla,Curva,Sim,1.0,0.0,1.0,0.0,1.0,0.0,0.0,1.0,"-25,57271066","-48,84305472",SPRF-PR,DEL01/PR,UOP05-DEL01-PR
742944,01/01/2026,quinta-feira,06:42:00,DF,20.0,43,BRASILIA,Ausência de reação do condutor,Colisão traseira,Com Vítimas Feridas,Pleno dia,Crescente,Céu Claro,Dupla,Aclive;Reta,Não,11.0,0.0,2.0,2.0,4.0,7.0,0.0,2.0,"-15,56833987","-47,45052337",SPRF-DF,DEL02-DF,UOP01-DEL02-DF
742946,01/01/2026,quinta-feira,06:20:00,MG,381.0,894,CAMBUI,Reação tardia ou ineficiente do condutor,Colisão com objeto,Com Vítimas Feridas,Pleno dia,Crescente,Céu Claro,Dupla,Reta;Aclive,Sim,1.0,0.0,0.0,1.0,1.0,0.0,0.0,1.0,"-22,581183","-46,045806",SPRF-MG,DEL16/MG,UOP01-DEL16-MG
742948,01/01/2026,quinta-feira,00:30:00,PR,116.0,8,QUATRO BARRAS,Velocidade Incompatível,Tombamento,Sem Vítimas,Plena Noite,Decrescente,Garoa/Chuvisco,Dupla,Reta,Sim,1.0,0.0,0.0,0.0,0.0,0.0,1.0,1.0,"-25,37000747","-49,11821934",SPRF-PR,DEL01/PR,UOP02-DEL01-PR
742950,01/01/2026,quinta-feira,06:40:00,MG,381.0,778,CAMPANHA,Ausência de reação do condutor,Saída de leito carroçável,Com Vítimas Feridas,Pleno dia,Decrescente,Céu Claro,Dupla,Curva,Não,1.0,0.0,1.0,0.0,1.0,0.0,0.0,1.0,"-21,8044508","-45,4739252",SPRF-MG,DEL16/MG,UOP02-DEL16-MG
742951,01/01/2026,quinta-feira,07:20:00,RS,285.0,"367,8",SALDANHA MARINHO,Ausência de reação do condutor,Colisão com objeto,Sem Vítimas,Pleno dia,Crescente,Nublado,Simples,Curva;Declive,Não,1.0,0.0,0.0,0.0,0.0,1.0,0.0,1.0,"-28,3870346","-53,04277388",SPRF-RS,DEL08/RS,UOP03-DEL08-RS
742952,01/01/2026,quinta-feira,08:30:00,SC,101.0,"200,7",SAO JOSE,Manobra de mudança de faixa,Saída de leito carroçável,Com Vítimas Feridas,Pleno dia,Crescente,Céu Claro,Múltipla,Reta,Sim,2.0,0.0,0.0,1.0,1.0,0.0,0.0,2.0,"-27,54518","-48,6202",SPRF-SC,DEL01/SC,UOP01-DEL01-SC
742953,01/01/2026,quinta-feira,07:40:00,MG,381.0,494,BETIM,Ingestão de álcool pelo condutor,Colisão traseira,Sem Vítimas,Pleno dia,Decrescente,Céu Claro,Múltipla,Reta,Sim,2.0,0.0,0.0,0.0,0.0,2.0,0.0,2.0,"-19,96561","-44,17592",SPRF-MG,DEL01/MG,UOP03-DEL01-MG
742955,01/01/2026,quinta-feira,08:10:00,PI,343.0,"339,1",TERESINA,Manobra de mudança de faixa,Colisão lateral mesmo sentido,Sem Vítimas,Pleno dia,Decrescente,Céu Claro,Dupla,Reta,Sim,2.0,0.0,0.0,0.0,0.0,2.0,0.0,2.0,"-5,068117","-42,732077",SPRF-PI,DEL01-PI,UOP01-DEL01-PI
742956,01/01/2026,quinta-feira,08:08:00,BA,324.0,2,FEIRA DE SANTANA,Reação tardia ou ineficiente do condutor,Colisão traseira,Com Vítimas Feridas,Pleno dia,Decrescente,Céu Claro,Dupla,Reta,Sim,3.0,0.0,1.0,1.0,2.0,0.0,0.0,2.0,"-12,28554184","-38,95336244",SPRF-BA,DEL02/BA,UOP01-DEL02-BA
742957,01/01/2026,quinta-feira,07:30:00,MG,262.0,"876,7",CAMPO FLORIDO,Acessar a via sem observar a presença dos outros veículos,Colisão transversal,Sem Vítimas,Pleno dia,Crescente,Céu Claro,Simples,Reta;Interseção de Vias,Sim,3.0,0.0,0.0,0.0,0.0,3.0,0.0,2.0,"-19,76855","-48,57772",SPRF-MG,DEL13/MG,UOP01-DEL13-MG
742959,01/01/2026,quinta-feira,08:10:00,MS,163.0,823,SONORA,Ingestão de álcool pelo condutor,Saída de leito carroçável,Sem Vítimas,Pleno dia,Crescente,Céu Claro,Dupla,Reta,Não,1.0,0.0,0.0,0.0,0.0,0.0,1.0,1.0,"-17,722508","-54,75555",SPRF-MS,DEL06/MS,UOP01-DEL06-MS
742961,01/01/2026,quinta-feira,07:20:00,PR,116.0,26,GUARAQUECABA,Pista Escorregadia,Saída de leito carroçável,Com Vítimas Feridas,Pleno dia,Decrescente,Garoa/Chuvisco,Simples,Curva,Não,2.0,0.0,1.0,0.0,1.0,1.0,0.0,1.0,"-25,1125","-48,47638",SPRF-PR,DEL01/PR,UOP02-DEL01-PR
742962,01/01/2026,quinta-feira,06:25:00,PE,407.0,119,PETROLINA,Ingestão de álcool pelo condutor,Atropelamento de Pedestre,Com Vítimas Fatais,Pleno dia,Crescente,Céu Claro,Simples,Reta,Sim,3.0,2.0,0.0,0.0,0.0,0.0,0.0,2.0,"-9,34791333","-40,55405569",SPRF-PE,DEL06/PE,UOP01-DEL06-PE
742963,01/01/2026,quinta-feira,07:00:00,PI,402.0,75,LUIS CORREIA,Ausência de reação do condutor,Queda de ocupante de veículo,Com Vítimas Feridas,Pleno dia,Crescente,Céu Claro,Simples,Reta,Sim,1.0,0.0,0.0,1.0,1.0,0.0,0.0,1.0,"-3,083721","-41,447665",SPRF-PI,DEL05-PI,UOP01-DEL05-PI
742964,01/01/2026,quinta-feira,07:05:00,PR,277.0,"567,5",CASCAVEL,Ausência de reação do condutor,Saída de leito carroçável,Com Vítimas Feridas,Pleno dia,Decrescente,Céu Claro,Simples,Reta,Não,4.0,0.0,4.0,0.0,4.0,0.0,0.0,1.0,"-25,043535","-53,253754",SPRF-PR,DEL04/PR,UOP04-DEL04-PR
742965,01/01/2026,quinta-feira,07:30:00,RJ,101.0,391,RIO DE JANEIRO,Reação tardia ou ineficiente do condutor,Colisão lateral mesmo sentido,Com Vítimas Feridas,Pleno dia,Decrescente,Céu Claro,Dupla,Reta,Não,2.0,0.0,1.0,0.0,1.0,1.0,0.0,2.0,"-22,88519","-43,71580124",SPRF-RJ,DEL03/RJ,UOP01-DEL03-RJ
742966,01/01/2026,quinta-feira,09:30:00,SC,282.0,"4,4",SAO JOSE,Reação tardia ou ineficiente do condutor,Saída de leito carroçável,Com Vítimas Feridas,Pleno dia,Crescente,Céu Claro,Múltipla,Reta,Sim,1.0,0.0,0.0,1.0,1.0,0.0,0.0,1.0,"-27,59046411","-48,60807538",SPRF-SC,DEL01/SC,UOP01-DEL01-SC
742967,01/01/2026,quinta-feira,07:20:00,PA,230.0,8,ALTAMIRA,Acessar a via sem observar a presença dos outros veículos,Colisão transversal,Com Vítimas Feridas,Pleno dia,Crescente,Nublado,Simples,Reta,Sim,3.0,0.0,3.0,0.0,3.0,0.0,0.0,2.0,"-3,19224031","-52,2177136",SPRF-PA,DEL04/PA,UOP01-DEL04-PA
742968,01/01/2026,quinta-feira,08:10:00,MA,135.0,20,SAO LUIS,Ausência de reação do condutor,Colisão traseira,Com Vítimas Feridas,Pleno dia,Decrescente,Céu Claro,Dupla,Reta,Sim,3.0,0.0,0.0,2.0,2.0,1.0,0.0,2.0,"-2,56586257","-44,328284",SPRF-MA,DEL01-MA,UOP01-DEL01-MA
742970,01/01/2026,quinta-feira,03:29:00,MT,364.0,467,VARZEA GRANDE,Ausência de reação do condutor,Queda de ocupante de veículo,Com Vítimas Feridas,Plena Noite,Crescente,Céu Claro,Simples,Reta,Não,1.0,0.0,1.0,0.0,1.0,0.0,0.0,1.0,"-15,42346177","-56,3445425",SPRF-MT,DEL01/MT,UOP02-DEL01-MT
742972,01/01/2026,quinta-feira,09:10:00,MS,163.0,739,COXIM,Ausência de reação do condutor,Saída de leito carroçável,Com Vítimas Feridas,Pleno dia,Decrescente,Céu Claro,Simples,Aclive,Não,1.0,0.0,1.0,0.0,1.0,0.0,0.0,1.0,"-18,412","-54,681",SPRF-MS,DEL06/MS,UOP01-DEL06-MS
742973,01/01/2026,quinta-feira,09:45:00,MA,316.0,"421,3",PERITORO,Condutor Dormindo,Colisão com objeto,Com Vítimas Feridas,Pleno dia,Decrescente,Nublado,Simples,Ponte,Não,1.0,0.0,1.0,0.0,1.0,0.0,0.0,1.0,"-4,356755","-44,362925",SPRF-MA,DEL03-MA,UOP01-DEL03-MA
742974,01/01/2026,quinta-feira,07:34:00,MG,365.0,748,ITUIUTABA,Ausência de reação do condutor,Queda de ocupante de veículo,Com Vítimas Feridas,Pleno dia,Crescente,Céu Claro,Simples,Aclive;Curva,Não,1.0,0.0,0.0,1.0,1.0,0.0,0.0,1.0,"-18,94827014","-49,76660013",SPRF-MG,DEL15/MG,UOP03-DEL15-MG
742976,01/01/2026,quinta-feira,11:23:00,RS,290.0,250,CACHOEIRA DO SUL,Demais falhas mecânicas ou elétricas,Tombamento,Com Vítimas Feridas,Pleno dia,Crescente,Céu Claro,Simples,Reta,Não,2.0,0.0,2.0,0.0,2.0,0.0,0.0,1.0,"-30,2372701","-52,7253892",SPRF-RS,DEL02/RS,UOP03-DEL02-RS
742977,01/01/2026,quinta-feira,10:00:00,ES,101.0,48,CONCEICAO DA BARRA,Ingestão de álcool pelo condutor,Queda de ocupante de veículo,Com Vítimas Feridas,Pleno dia,Crescente,Sol,Simples,Reta,Não,1.0,0.0,1.0,0.0,1.0,0.0,0.0,1.0,"-18,56689911","-39,89842156",SPRF-ES,DEL04-ES,UOP02-DEL04-ES
742978,01/01/2026,quinta-feira,10:45:00,GO,70.0,2,AGUAS LINDAS DE GOIAS,Velocidade Incompatível,Colisão lateral mesmo sentido,Com Vítimas Feridas,Pleno dia,Decrescente,Céu Claro,Dupla,Curva,Sim,3.0,0.0,1.0,0.0,1.0,2.0,0.0,3.0,"-15,76380648","-48,23072361",SPRF-DF,DEL03-DF,UOP02-DEL03-DF
742980,01/01/2026,quinta-feira,11:45:00,PE,101.0,"162,8",GAMELEIRA,Ingestão de álcool pelo condutor,Saída de leito carroçável,Com Vítimas Feridas,Pleno dia,Decrescente,Nublado,Dupla,Reta;Ponte,Não,1.0,0.0,1.0,0.0,1.0,0.0,0.0,1.0,"-8,55065","-35,44565",SPRF-PE,DEL01/PE,UOP03-DEL01-PE
742981,01/01/2026,quinta-feira,07:40:00,SC,101.0,254,PAULO LOPES,Ausência de reação do condutor,Saída de leito carroçável,Sem Vítimas,Pleno dia,Crescente,Céu Claro,Múltipla,Interseção de Vias,Sim,1.0,0.0,0.0,0.0,0.0,0.0,1.0,1.0,"-27,982501","-48,679381",SPRF-SC,DEL02/SC,UOP03-DEL02-SC
742982,01/01/2026,quinta-feira,06:25:00,MT,163.0,936,ITAUBA,Ausência de reação do condutor,Colisão traseira,Com Vítimas Feridas,Amanhecer,Crescente,Nublado,Simples,Declive;Reta,Sim,2.0,0.0,1.0,0.0,1.0,1.0,0.0,2.0,"-11,005538","-55,248396",SPRF-MT,DEL06/MT,UOP02-DEL06-MT
742984,01/01/2026,quinta-feira,13:00:00,SC,470.0,"136,2",RIO DO SUL,Reação tardia ou ineficiente do condutor,Saída de leito carroçável,Com Vítimas Feridas,Pleno dia,Crescente,Céu Claro,Simples,Reta,Sim,3.0,0.0,1.0,0.0,1.0,2.0,0.0,1.0,"-27,18418508","-49,60381715",SPRF-SC,DEL04/SC,UOP02-DEL04-SC
742986,01/01/2026,quinta-feira,09:00:00,PR,373.0,423,CANDOI,Reação tardia ou ineficiente do condutor,Capotamento,Com Vítimas Feridas,Pleno dia,Decrescente,Chuva,Simples,Aclive;Curva,Não,2.0,0.0,1.0,0.0,1.0,1.0,0.0,1.0,"-25,70495947","-52,17407227",SPRF-PR,DEL08/PR,UOP01-DEL08-PR
742990,01/01/2026,quinta-feira,09:20:00,MA,222.0,609,ACAILANDIA,Demais falhas mecânicas ou elétricas,Saída de leito carroçável,Com Vítimas Feridas,Pleno dia,Crescente,Céu Claro,Simples,Reta;Declive,Não,4.0,0.0,3.0,1.0,4.0,0.0,0.0,1.0,"-4,70253","-46,99095",SPRF-MA,DEL04-MA,UOP03-DEL04-MA
742991,01/01/2026,quinta-feira,13:55:00,RS,101.0,"72,9",OSORIO,Manobra de mudança de faixa,Colisão lateral mesmo sentido,Com Vítimas Feridas,Pleno dia,Crescente,Sol,Dupla,Curva,Não,5.0,0.0,4.0,0.0,4.0,1.0,0.0,2.0,"-29,772688","-50,218318",SPRF-RS,DEL03/RS,UOP01-DEL03-RS
742992,01/01/2026,quinta-feira,13:50:00,PE,101.0,"21,9",GOIANA,Reação tardia ou ineficiente do condutor,Saída de leito carroçável,Com Vítimas Feridas,Pleno dia,Crescente,Céu Claro,Dupla,Reta,Não,3.0,0.0,2.0,0.0,2.0,1.0,0.0,1.0,"-7,675814","-34,928787",SPRF-PE,DEL01/PE,UOP02-DEL01-PE
742994,01/01/2026,quinta-feira,11:15:00,RO,364.0,14,VILHENA,Acessar a via sem observar a presença dos outros veículos,Colisão lateral mesmo sentido,Com Vítimas Feridas,Pleno dia,Decrescente,Céu Claro,Simples,Reta,Não,4.0,0.0,2.0,0.0,2.0,2.0,0.0,2.0,"-12,73884801","-60,14086101",SPRF-RO,DEL04-RO,UOP01-DEL04-RO
742995,01/01/2026,quinta-feira,14:30:00,PE,408.0,87,SAO LOURENCO DA MATA,Ausência de reação do condutor,Colisão traseira,Sem Vítimas,Pleno dia,Crescente,Céu Claro,Dupla,Reta,Não,2.0,0.0,0.0,0.0,0.0,0.0,1.0,2.0,"-8,01835","-35,04179",SPRF-PE,DEL01/PE,UOP01-DEL01-PE
742997,01/01/2026,quinta-feira,15:07:00,MA,316.0,"547,2",CAXIAS,Manobra de mudança de faixa,Saída de leito carroçável,Com Vítimas Feridas,Pleno dia,Crescente,Céu Claro,Simples,Reta,Não,2.0,0.0,0.0,1.0,1.0,1.0,0.0,1.0,"-4,88021","-43,38681",SPRF-MA,DEL03-MA,UOP02-DEL03-MA
742998,01/01/2026,quinta-feira,15:00:00,ES,101.0,"364,6",ANCHIETA,Condutor Dormindo,Tombamento,Sem Vítimas,Pleno dia,Decrescente,Céu Claro,Dupla,Reta,Não,1.0,0.0,0.0,0.0,0.0,1.0,0.0,1.0,"-20,731","-40,745",SPRF-ES,DEL03-ES,UOP01-DEL03-ES
742999,01/01/2026,quinta-feira,13:30:00,PR,376.0,"221,5",JANDAIA DO SUL,Chuva,Saída de leito carroçável,Com Vítimas Feridas,Pleno dia,Crescente,Chuva,Dupla,Curva,Não,4.0,0.0,1.0,1.0,2.0,2.0,0.0,1.0,"-23,59419433","-51,61514282",SPRF-PR,DEL09/PR,UOP01-DEL09-PR
743000,01/01/2026,quinta-feira,13:45:00,RS,290.0,"50,5",GLORINHA,Avarias e/ou desgaste excessivo no pneu,Tombamento,Com Vítimas Feridas,Pleno dia,Crescente,Céu Claro,Dupla,Reta,Não,2.0,0.0,2.0,0.0,2.0,0.0,0.0,1.0,"-29,908592","-50,762948",SPRF-RS,DEL03/RS,UOP01-DEL03-RS
743003,01/01/2026,quinta-feira,13:46:00,SC,101.0,407,ARARANGUA,Acumulo de água sobre o pavimento,Capotamento,Com Vítimas Feridas,Pleno dia,Crescente,Chuva,Dupla,Reta,Não,2.0,0.0,2.0,0.0,2.0,0.0,0.0,1.0,"-28,918898","-49,48962",SPRF-SC,DEL02/SC,UOP02-DEL02-SC
743005,01/01/2026,quinta-feira,15:50:00,PR,277.0,"35,2",MORRETES,Ausência de reação do condutor,Tombamento,Com Vítimas Feridas,Pleno dia,Crescente,Sol,Dupla,Aclive;Curva,Não,1.0,0.0,1.0,0.0,1.0,0.0,0.0,1.0,"-25,57417","-48,82867",SPRF-PR,DEL01/PR,UOP05-DEL01-PR
743006,01/01/2026,quinta-feira,15:35:00,RS,290.0,"59,9",GRAVATAI,Estacionar ou parar em local proibido,Colisão traseira,Com Vítimas Feridas,Pleno dia,Decrescente,Sol,Dupla,Reta,Não,4.0,0.0,2.0,0.0,2.0,2.0,0.0,2.0,"-29,925095","-50,857765",SPRF-RS,DEL03/RS,UOP01-DEL03-RS
743007,01/01/2026,quinta-feira,16:00:00,MG,381.0,351,JOAO MONLEVADE,Ausência de reação do condutor,Colisão traseira,Sem Vítimas,Pleno dia,Crescente,Nublado,Simples,Reta,Sim,2.0,0.0,0.0,0.0,0.0,1.0,0.0,2.0,"-19,838595","-43,183433",SPRF-MG,DEL03/MG,UOP01-DEL03-MG
743008,01/01/2026,quinta-feira,11:54:00,SC,153.0,"44,4",VARGEM BONITA,Reação tardia ou ineficiente do condutor,Saída de leito carroçável,Com Vítimas Feridas,Pleno dia,Crescente,Chuva,Simples,Curva,Não,2.0,0.0,2.0,0.0,2.0,0.0,0.0,1.0,"-26,88491","-51,75847",SPRF-SC,DEL07/SC,UOP07-DEL07-SC
743010,01/01/2026,quinta-feira,16:30:00,SP,101.0,42,UBATUBA,Reação tardia ou ineficiente do condutor,Colisão traseira,Com Vítimas Feridas,Pleno dia,Crescente,Céu Claro,Simples,Reta,Não,7.0,0.0,1.0,0.0,1.0,6.0,0.0,2.0,"-23,414204","-45,055538",SPRF-SP,DEL06/SP,UOP01-DEL06-SP
743011,01/01/2026,quinta-feira,15:20:00,MG,381.0,"799,1",SAO GONCALO DO SAPUCAI,Velocidade Incompatível,Saída de leito carroçável,Com Vítimas Feridas,Pleno dia,Crescente,Chuva,Dupla,Curva,Não,4.0,0.0,3.0,0.0,3.0,1.0,0.0,1.0,"-21,90737455","-45,55892944",SPRF-MG,DEL16/MG,UOP02-DEL16-MG
743012,01/01/2026,quinta-feira,15:30:00,PR,376.0,"384,7",IMBAU,Reação tardia ou ineficiente do condutor,Saída de leito carroçável,Com Vítimas Feridas,Pleno dia,Crescente,Céu Claro,Dupla,Declive;Curva,Não,2.0,0.0,1.0,0.0,1.0,1.0,0.0,1.0,"-24,47133","-50,73997",SPRF-PR,DEL03/PR,UOP02-DEL03-PR
743013,01/01/2026,quinta-feira,16:30:00,RS,158.0,316,ITAARA,Ausência de reação do condutor,Tombamento,Com Vítimas Feridas,Pleno dia,Crescente,Céu Claro,Simples,Declive;Curva,Não,2.0,0.0,2.0,0.0,2.0,0.0,0.0,1.0,"-29,65585454","-53,77374172",SPRF-RS,DEL09/RS,UOP01-DEL09-RS
743014,01/01/2026,quinta-feira,15:20:00,MA,135.0,28,BACABEIRA,Pedestre andava na pista,Sinistro pessoal de trânsito,Com Vítimas Fatais,Pleno dia,Decrescente,Céu Claro,Dupla,Reta,Não,1.0,1.0,0.0,0.0,0.0,0.0,0.0,1.0,"-2,78856","-44,37408",SPRF-MA,DEL01-MA,UOP01-DEL01-MA
743015,01/01/2026,quinta-feira,16:35:00,GO,153.0,529,HIDROLANDIA,Ausência de reação do condutor,Saída de leito carroçável,Com Vítimas Feridas,Pleno dia,Crescente,Nublado,Dupla,Reta;Aclive,Não,1.0,0.0,1.0,0.0,1.0,0.0,0.0,1.0,"-16,957537","-49,240285",SPRF-GO,DEL01/GO,UOP03-DEL01-GO
743016,01/01/2026,quinta-feira,16:50:00,MG,40.0,471,SETE LAGOAS,Acumulo de água sobre o pavimento,Tombamento,Com Vítimas Feridas,Pleno dia,Crescente,Chuva,Dupla,Túnel;Curva;Declive,Sim,1.0,0.0,1.0,0.0,1.0,0.0,0.0,1.0,"-19,47770882","-44,28846359",SPRF-MG,DEL02/MG,UOP01-DEL02-MG
743017,01/01/2026,quinta-feira,16:35:00,PE,428.0,185,PETROLINA,Ingestão de álcool pelo condutor,Colisão traseira,Com Vítimas Feridas,Pleno dia,Decrescente,Céu Claro,Dupla,Reta,Sim,6.0,0.0,3.0,0.0,3.0,3.0,0.0,2.0,"-9,353087","-40,476457",SPRF-PE,DEL06/PE,UOP01-DEL06-PE
743018,01/01/2026,quinta-feira,07:15:00,AC,364.0,284,SENA MADUREIRA,Condutor Dormindo,Saída de leito carroçável,Com Vítimas Fatais,Pleno dia,Decrescente,Céu Claro,Simples,Reta,Não,3.0,1.0,1.0,1.0,2.0,0.0,0.0,1.0,"-9,050273","-68,765358",SPRF-AC,DEL01-AC,UOP01-DEL01-AC
743020,01/01/2026,quinta-feira,16:30:00,PI,343.0,"2,8",TERESINA,Ausência de reação do condutor,Colisão traseira,Sem Vítimas,Pleno dia,Crescente,Céu Claro,Dupla,Reta;Interseção de Vias,Sim,2.0,0.0,0.0,0.0,0.0,1.0,0.0,2.0,"-5,08082684","-42,77795451",SPRF-PI,DEL01-PI,UOP01-DEL01-PI
743021,01/01/2026,quinta-feira,17:30:00,SC,280.0,"24,2",ARAQUARI,Acessar a via sem observar a presença dos outros veículos,Colisão transversal,Com Vítimas Feridas,Pleno dia,Decrescente,Garoa/Chuvisco,Simples,Reta,Sim,2.0,0.0,2.0,0.0,2.0,0.0,0.0,1.0,"-26,37864905","-48,7210807",SPRF-SC,DEL03/SC,UOP03-DEL03-SC
743022,01/01/2026,quinta-feira,15:34:00,PA,230.0,667,ALTAMIRA,Reação tardia ou ineficiente do condutor,Capotamento,Com Vítimas Feridas,Pleno dia,Decrescente,Céu Claro,Simples,Reta,Não,4.0,0.0,4.0,0.0,4.0,0.0,0.0,1.0,"-3,23051031","-52,3011163",SPRF-PA,DEL04/PA,UOP01-DEL04-PA
743023,01/01/2026,quinta-feira,15:05:00,MG,251.0,"368,7",GRAO MOGOL,Ausência de reação do condutor,Saída de leito carroçável,Com Vítimas Feridas,Pleno dia,Decrescente,Céu Claro,Simples,Reta,Não,7.0,0.0,5.0,1.0,6.0,1.0,0.0,1.0,"-16,33165064","-42,69340754",SPRF-MG,DEL12/MG,UOP01-DEL12-MG
743024,01/01/2026,quinta-feira,15:40:00,RO,364.0,"417,9",JARU,Ingestão de álcool pelo condutor,Colisão lateral sentido oposto,Com Vítimas Feridas,Pleno dia,Decrescente,Céu Claro,Simples,Declive;Curva,Não,4.0,0.0,1.0,0.0,1.0,3.0,0.0,2.0,"-10,486033","-62,43289",SPRF-RO,DEL03-RO,UOP02-DEL03-RO
743025,01/01/2026,quinta-feira,17:50:00,RJ,116.0,129,MAGE,Reação tardia ou ineficiente do condutor,Colisão traseira,Com Vítimas Feridas,Anoitecer,Decrescente,Nublado,Dupla,Reta,Não,2.0,0.0,1.0,0.0,1.0,1.0,0.0,2.0,"-22,65608122","-43,12338905",SPRF-RJ,DEL04/RJ,UOP02-DEL04-RJ
743026,01/01/2026,quinta-feira,16:20:00,SC,101.0,59,ARAQUARI,Avarias e/ou desgaste excessivo no pneu,Capotamento,Com Vítimas Feridas,Pleno dia,Crescente,Chuva,Dupla,Declive;Curva,Não,1.0,0.0,1.0,0.0,1.0,0.0,0.0,1.0,"-26,44813575","-48,79234314",SPRF-SC,DEL03/SC,UOP02-DEL03-SC
743027,01/01/2026,quinta-feira,17:50:00,RJ,465.0,2,SEROPEDICA,Trafegar com motocicleta (ou similar) entre as faixas,Colisão lateral mesmo sentido,Com Vítimas Feridas,Pleno dia,Decrescente,Nublado,Simples,Reta,Não,4.0,0.0,1.0,0.0,1.0,2.0,0.0,3.0,"-22,734887","-43,710805",SPRF-RJ,DEL06/RJ,UOP02-DEL06-RJ