id,data_inversa,dia_semana,horario,uf,br,km,municipio,causa_acidente,tipo_acidente,classificacao_acidente,fase_dia,sentido_via,condicao_metereologica,tipo_pista,tracado_via,uso_solo,pessoas,mortos,feridos_leves,feridos_graves,feridos,ilesos,ignorados,veiculos,latitude,longitude,regional,delegacia,uop
743028,01/01/2026,quinta-feira,10:30:00,CE,226.0,"233,3",PEDRA BRANCA,Reação tardia ou ineficiente do condutor,Colisão frontal,Com Vítimas Fatais,Pleno dia,Crescente,Céu Claro,Simples,Aclive;Curva,Não,2.0,2.0,0.0,0.0,0.0,0.0,0.0,2.0,"-5,40147209","-39,82025839",SPRF-CE,DEL02/CE,UOP02-DEL02-CE
743029,01/01/2026,quinta-feira,16:30:00,SC,101.0,258,PAULO LOPES,Demais falhas mecânicas ou elétricas,Colisão com objeto,Com Vítimas Feridas,Pleno dia,Decrescente,Chuva,Múltipla,Curva,Não,3.0,0.0,1.0,0.0,1.0,2.0,0.0,1.0,"-28,010782","-48,6946",SPRF-SC,DEL02/SC,UOP03-DEL02-SC
743030,01/01/2026,quinta-feira,17:30:00,BA,420.0,"346,7",JAGUAQUARA,Manobra de mudança de faixa,Colisão frontal,Com Vítimas Fatais,Pleno dia,Crescente,Céu Claro,Simples,Aclive;Curva,Não,2.0,1.0,1.0,0.0,1.0,0.0,0.0,2.0,"-13,50646124","-40,00826804",SPRF-BA,DEL03/BA,UOP01-DEL03-BA
743031,01/01/2026,quinta-feira,17:00:00,PR,376.0,341,ORTIGUEIRA,Transitar na contramão,Colisão frontal,Com Vítimas Feridas,Pleno dia,Crescente,Garoa/Chuvisco,Simples,Curva,Não,4.0,0.0,2.0,0.0,2.0,2.0,0.0,4.0,"-24,25084613","-50,90336611",SPRF-PR,DEL07/PR,UOP02-DEL07-PR
743033,01/01/2026,quinta-feira,17:40:00,SC,282.0,"33,9",AGUAS MORNAS,Velocidade Incompatível,Colisão frontal,Com Vítimas Fatais,Pleno dia,Crescente,Chuva,Simples,Curva;Aclive,Não,6.0,1.0,0.0,5.0,5.0,0.0,0.0,2.0,"-27,703767","-48,818373",SPRF-SC,DEL01/SC,UOP03-DEL01-SC
743034,01/01/2026,quinta-feira,18:00:00,PR,163.0,"178,3",LINDOESTE,Acumulo de água sobre o pavimento,Saída de leito carroçável,Com Vítimas Feridas,Anoitecer,Crescente,Chuva,Dupla,Curva,Não,3.0,0.0,2.0,0.0,2.0,1.0,0.0,1.0,"-25,170436","-53,601942",SPRF-PR,DEL05/PR,UOP05-DEL05-PR
743036,01/01/2026,quinta-feira,18:45:00,PR,277.0,16,PARANAGUA,Ausência de reação do condutor,Colisão lateral mesmo sentido,Com Vítimas Feridas,Anoitecer,Crescente,Céu Claro,Dupla,Curva,Não,2.0,0.0,1.0,0.0,1.0,0.0,0.0,2.0,"-25,54980263","-48,67300479",SPRF-PR,DEL01/PR,UOP05-DEL01-PR
743037,01/01/2026,quinta-feira,18:28:00,SP,116.0,39,CACHOEIRA PAULISTA,Pista Escorregadia,Saída de leito carroçável,Com Vítimas Feridas,Anoitecer,Crescente,Céu Claro,Simples,Curva,Sim,1.0,0.0,0.0,1.0,1.0,0.0,0.0,1.0,"-22,66980837","-44,9918139",SPRF-SP,DEL08/SP,UOP02-DEL08-SP
743039,01/01/2026,quinta-feira,18:30:00,MG,262.0,"380,2",JUATUBA,Velocidade Incompatível,Saída de leito carroçável,Sem Vítimas,Plena Noite,Crescente,Chuva,Dupla,Curva;Declive,Não,3.0,0.0,0.0,0.0,0.0,3.0,0.0,1.0,"-19,93025","-44,40819",SPRF-MG,DEL01/MG,UOP03-DEL01-MG
743040,01/01/2026,quinta-feira,18:50:00,SC,101.0,"224,8",PALHOCA,Trafegar com motocicleta (ou similar) entre as faixas,Colisão lateral mesmo sentido,Com Vítimas Feridas,Anoitecer,Decrescente,Nublado,Dupla,Reta,Não,3.0,0.0,1.0,0.0,1.0,2.0,0.0,2.0,"-27,72984","-48,64207",SPRF-SC,DEL01/SC,UOP02-DEL01-SC
743041,01/01/2026,quinta-feira,17:40:00,CE,222.0,"233,3",SOBRAL,Reação tardia ou ineficiente do condutor,Saída de leito carroçável,Com Vítimas Feridas,Plena Noite,Crescente,Céu Claro,Simples,Reta,Não,3.0,0.0,2.0,0.0,2.0,0.0,0.0,1.0,"-3,712298","-40,4272",SPRF-CE,DEL04/CE,UOP01-DEL04-CE
743043,01/01/2026,quinta-feira,17:20:00,MT,174.0,288,PONTES E LACERDA,Demais falhas mecânicas ou elétricas,Incêndio,Sem Vítimas,Pleno dia,Crescente,Nublado,Simples,Aclive;Reta,Sim,1.0,0.0,0.0,0.0,0.0,1.0,0.0,1.0,"-15,2500741","-59,3110298",SPRF-MT,DEL04/MT,UOP01-DEL04-MT
743045,01/01/2026,quinta-feira,17:45:00,MT,163.0,"55,9",RONDONOPOLIS,Demais falhas mecânicas ou elétricas,Saída de leito carroçável,Com Vítimas Feridas,Anoitecer,Decrescente,Chuva,Dupla,Declive;Reta,Não,2.0,0.0,2.0,0.0,2.0,0.0,0.0,1.0,"-17,018291","-54,761481",SPRF-MT,DEL02/MT,UOP03-DEL02-MT
743046,01/01/2026,quinta-feira,19:15:00,ES,262.0,"41,2",DOMINGOS MARTINS,Reação tardia ou ineficiente do condutor,Queda de ocupante de veículo,Com Vítimas Fatais,Plena Noite,Decrescente,Céu Claro,Simples,Reta,Não,4.0,1.0,0.0,0.0,0.0,0.0,0.0,3.0,"-20,385403","-40,648202",SPRF-ES,DEL01-ES,UOP01-DEL01-ES
743047,01/01/2026,quinta-feira,17:20:00,MG,262.0,6,MARTINS SOARES,Ausência de reação do condutor,Colisão frontal,Com Vítimas Feridas,Pleno dia,Crescente,Nublado,Simples,Aclive;Reta,Não,3.0,0.0,1.0,0.0,1.0,2.0,0.0,2.0,"-20,252517","-41,809818",SPRF-MG,DEL06/MG,UOP03-DEL06-MG
743048,01/01/2026,quinta-feira,19:40:00,PE,101.0,34,ITAPISSUMA,Acessar a via sem observar a presença dos outros veículos,Colisão transversal,Com Vítimas Feridas,Plena Noite,Crescente,Céu Claro,Dupla,Interseção de Vias;Reta,Não,3.0,0.0,2.0,0.0,2.0,1.0,0.0,2.0,"-7,77009462","-34,93522374",SPRF-PE,DEL01/PE,UOP02-DEL01-PE
743050,01/01/2026,quinta-feira,18:20:00,MG,381.0,526,BRUMADINHO,Reação tardia ou ineficiente do condutor,Colisão lateral mesmo sentido,Com Vítimas Feridas,Anoitecer,Crescente,Chuva,Dupla,Declive;Curva,Não,4.0,0.0,1.0,0.0,1.0,3.0,0.0,2.0,"-20,151491","-44,326207",SPRF-MG,DEL04/MG,UOP03-DEL04-MG
743051,01/01/2026,quinta-feira,18:25:00,PB,230.0,"215,1",SOLEDADE,Ingestão de álcool pelo condutor,Colisão frontal,Com Vítimas Feridas,Plena Noite,Crescente,Céu Claro,Simples,Reta,Sim,2.0,0.0,0.0,1.0,1.0,1.0,0.0,2.0,"-7,060545","-36,355468",SPRF-PB,DEL02-PB,UOP02-DEL02-PB
743052,01/01/2026,quinta-feira,19:30:00,RJ,101.0,322,NITEROI,Reação tardia ou ineficiente do condutor,Colisão com objeto,Com Vítimas Feridas,Plena Noite,Decrescente,Céu Claro,Dupla,Reta,Não,5.0,0.0,4.0,0.0,4.0,1.0,0.0,1.0,"-22,87832","-43,110528",SPRF-RJ,DEL02/RJ,UOP01-DEL02-RJ
743053,01/01/2026,quinta-feira,19:30:00,RN,304.0,295,MACAIBA,Ausência de sinalização,Tombamento,Com Vítimas Feridas,Plena Noite,Crescente,Céu Claro,Dupla,Desvio Temporário;Em Obras;Reta,Não,2.0,0.0,2.0,0.0,2.0,0.0,0.0,1.0,"-5,867125","-35,3663383",SPRF-RN,DEL01-RN,UOP02-DEL01-RN
743054,01/01/2026,quinta-feira,18:00:00,RJ,101.0,390,ITAGUAI,Acessar a via sem observar a presença dos outros veículos,Colisão transversal,Com Vítimas Feridas,Pleno dia,Decrescente,Céu Claro,Dupla,Curva,Sim,2.0,0.0,1.0,0.0,1.0,1.0,0.0,2.0,"-22,8589137","-43,759107",SPRF-RJ,DEL03/RJ,UOP01-DEL03-RJ
743055,01/01/2026,quinta-feira,19:10:00,PE,232.0,5,RECIFE,Reação tardia ou ineficiente do condutor,Colisão com objeto,Com Vítimas Fatais,Plena Noite,Crescente,Céu Claro,Simples,Curva,Não,2.0,1.0,0.0,0.0,0.0,1.0,0.0,1.0,"-8,06576","-34,94055",SPRF-PE,DEL01/PE,UOP01-DEL01-PE
743056,01/01/2026,quinta-feira,16:34:00,AC,364.0,138,RIO BRANCO,Desrespeitar a preferência no cruzamento,Colisão transversal,Sem Vítimas,Pleno dia,Crescente,Céu Claro,Dupla,Rotatória,Não,2.0,0.0,0.0,0.0,0.0,1.0,0.0,2.0,"-9,96060836","-67,85660505",SPRF-AC,DEL01-AC,UOP01-DEL01-AC
743057,01/01/2026,quinta-feira,16:55:00,BA,324.0,560,AMELIA RODRIGUES,Ingestão de álcool pelo condutor,Saída de leito carroçável,Com Vítimas Feridas,Pleno dia,Decrescente,Céu Claro,Dupla,Reta,Não,5.0,0.0,0.0,1.0,1.0,4.0,0.0,1.0,"-12,495525","-38,649007",SPRF-BA,DEL01/BA,UOP01-DEL01-BA
743059,01/01/2026,quinta-feira,20:20:00,SC,101.0,"214,9",PALHOCA,Ausência de reação do condutor,Saída de leito carroçável,Com Vítimas Feridas,Plena Noite,Decrescente,Garoa/Chuvisco,Múltipla,Reta;Ponte,Sim,1.0,0.0,1.0,0.0,1.0,0.0,0.0,1.0,"-27,65118","-48,67506",SPRF-SC,DEL01/SC,UOP02-DEL01-SC
743060,01/01/2026,quinta-feira,16:45:00,PR,376.0,311,ORTIGUEIRA,Reação tardia ou ineficiente do condutor,Capotamento,Com Vítimas Feridas,Pleno dia,Crescente,Chuva,Dupla,Curva,Não,3.0,0.0,2.0,0.0,2.0,1.0,0.0,1.0,"-23,98118","-51,08556",SPRF-PR,DEL07/PR,UOP02-DEL07-PR
743061,01/01/2026,quinta-feira,18:15:00,PR,376.0,519,PONTA GROSSA,Ausência de reação do condutor,Saída de leito carroçável,Sem Vítimas,Anoitecer,Decrescente,Chuva,Simples,Curva;Declive,Não,1.0,0.0,0.0,0.0,0.0,1.0,0.0,1.0,"-25,26945787","-49,93648694",SPRF-PR,DEL03/PR,UOP03-DEL03-PR
743063,01/01/2026,quinta-feira,17:45:00,PR,376.0,519,PONTA GROSSA,Velocidade Incompatível,Saída de leito carroçável,Com Vítimas Feridas,Pleno dia,Decrescente,Nublado,Dupla,Curva;Declive,Não,5.0,0.0,1.0,0.0,1.0,4.0,0.0,1.0,"-25,270277","-49,939167",SPRF-PR,DEL03/PR,UOP03-DEL03-PR
743064,01/01/2026,quinta-feira,20:10:00,MG,381.0,357,SAO GONCALO DO RIO ABAIXO,Reação tardia ou ineficiente do condutor,Colisão frontal,Com Vítimas Feridas,Plena Noite,Crescente,Chuva,Simples,Curva;Aclive,Não,4.0,0.0,2.0,0.0,2.0,2.0,0.0,2.0,"-19,854536","-43,226762",SPRF-MG,DEL03/MG,UOP01-DEL03-MG
743065,01/01/2026,quinta-feira,16:45:00,MG,381.0,"521,4",BRUMADINHO,Pista Escorregadia,Saída de leito carroçável,Com Vítimas Feridas,Pleno dia,Decrescente,Chuva,Dupla,Curva;Aclive,Não,4.0,0.0,1.0,0.0,1.0,3.0,0.0,1.0,"-20,121676","-44,301072",SPRF-MG,DEL04/MG,UOP03-DEL04-MG
743066,01/01/2026,quinta-feira,20:40:00,RS,290.0,"18,5",SANTO ANTONIO DA PATRULHA,Demais falhas mecânicas ou elétricas,Incêndio,Sem Vítimas,Plena Noite,Crescente,Céu Claro,Dupla,Reta,Não,1.0,0.0,0.0,0.0,0.0,1.0,0.0,1.0,"-29,883168","-50,440663",SPRF-RS,DEL03/RS,UOP01-DEL03-RS
743067,01/01/2026,quinta-feira,19:20:00,MG,116.0,"609,2",SAO JOAO DO MANHUACU,Velocidade Incompatível,Saída de leito carroçável,Com Vítimas Feridas,Anoitecer,Decrescente,Nublado,Simples,Curva,Não,2.0,0.0,2.0,0.0,2.0,0.0,0.0,1.0,"-20,417","-42,153",SPRF-MG,DEL07/MG,UOP02-DEL07-MG
743068,01/01/2026,quinta-feira,21:00:00,GO,153.0,436,ANAPOLIS,Ausência de reação do condutor,Queda de ocupante de veículo,Com Vítimas Feridas,Plena Noite,Crescente,Nublado,Dupla,Reta,Sim,1.0,0.0,1.0,0.0,1.0,0.0,0.0,1.0,"-16,2912213","-48,9319278",SPRF-GO,DEL02/GO,UOP01-DEL02-GO
743069,01/01/2026,quinta-feira,21:30:00,MG,40.0,559,NOVA LIMA,Condutor Dormindo,Saída de leito carroçável,Com Vítimas Feridas,Plena Noite,Decrescente,Nublado,Múltipla,Interseção de Vias;Declive,Não,3.0,0.0,1.0,0.0,1.0,2.0,0.0,2.0,"-20,13040076","-43,96424957",SPRF-MG,DEL01/MG,UOP02-DEL01-MG
743070,01/01/2026,quinta-feira,21:30:00,PE,101.0,65,RECIFE,Ausência de reação do condutor,Saída de leito carroçável,Com Vítimas Feridas,Plena Noite,Crescente,Céu Claro,Múltipla,Reta,Não,1.0,0.0,1.0,0.0,1.0,0.0,0.0,1.0,"-8,03172149","-34,94265964",SPRF-PE,DEL01/PE,UOP01-DEL01-PE
743071,01/01/2026,quinta-feira,20:40:00,BA,116.0,21,VITORIA DA CONQUISTA,Ausência de reação do condutor,Tombamento,Com Vítimas Feridas,Plena Noite,Decrescente,Céu Claro,Simples,Reta,Não,1.0,0.0,1.0,0.0,1.0,0.0,0.0,1.0,"-14,883363","-40,807773",SPRF-BA,DEL08/BA,UOP01-DEL08-BA
743072,01/01/2026,quinta-feira,21:10:00,RN,427.0,"150,9",SERRA NEGRA DO NORTE,Ausência de reação do condutor,Colisão com objeto,Com Vítimas Fatais,Plena Noite,Crescente,Céu Claro,Simples,Ponte;Reta,Sim,5.0,1.0,0.0,0.0,0.0,1.0,0.0,2.0,"-6,65944987","-37,38767624",SPRF-RN,DEL03-RN,UOP01-DEL03-RN
743073,01/01/2026,quinta-feira,20:00:00,BA,407.0,205,CAEM,Acessar a via sem observar a presença dos outros veículos,Colisão traseira,Com Vítimas Feridas,Plena Noite,Crescente,Céu Claro,Simples,Reta,Não,3.0,0.0,0.0,2.0,2.0,0.0,0.0,2.0,"-11,14269789","-40,05974579",SPRF-BA,DEL04/BA,UOP02-DEL04-BA
743076,01/01/2026,quinta-feira,21:26:00,AL,101.0,"246,9",PORTO REAL DO COLEGIO,Velocidade Incompatível,Capotamento,Sem Vítimas,Plena Noite,Decrescente,Céu Claro,Dupla,Reta,Sim,1.0,0.0,0.0,0.0,0.0,0.0,1.0,1.0,"-10,1975204","-36,8224462",SPRF-AL,DEL02-AL,UOP02-DEL02-AL
743078,01/01/2026,quinta-feira,21:40:00,RJ,101.0,"436,9",MANGARATIBA,Ingestão de álcool pelo condutor,Queda de ocupante de veículo,Com Vítimas Feridas,Plena Noite,Crescente,Céu Claro,Simples,Reta,Não,1.0,0.0,1.0,0.0,1.0,0.0,0.0,1.0,"-22,96474443","-44,0837688",SPRF-RJ,DEL03/RJ,UOP02-DEL03-RJ
743082,01/01/2026,quinta-feira,20:40:00,RJ,40.0,114,DUQUE DE CAXIAS,Reação tardia ou ineficiente do condutor,Colisão com objeto,Com Vítimas Feridas,Plena Noite,Decrescente,Céu Claro,Simples,Reta,Não,2.0,0.0,1.0,0.0,1.0,1.0,0.0,1.0,"-22,71766025","-43,289596",SPRF-RJ,DEL01/RJ,UOP02-DEL01-RJ
743083,01/01/2026,quinta-feira,09:20:00,MT,163.0,607,NOVA MUTUM,Ausência de reação do condutor,Saída de leito carroçável,Sem Vítimas,Pleno dia,Decrescente,Céu Claro,Dupla,Reta,Não,1.0,0.0,0.0,0.0,0.0,1.0,0.0,1.0,"-13,740111","-56,050065",SPRF-MT,DEL01/MT,UOP01-DEL01-MT
743085,01/01/2026,quinta-feira,21:45:00,BA,324.0,"611,2",SIMOES FILHO,Afundamento ou ondulação no pavimento,Tombamento,Com Vítimas Feridas,Plena Noite,Decrescente,Céu Claro,Dupla,Reta,Não,1.0,0.0,1.0,0.0,1.0,0.0,0.0,1.0,"-12,840483","-38,415167",SPRF-BA,DEL01/BA,UOP01-DEL01-BA
743086,01/01/2026,quinta-feira,20:16:00,PA,163.0,570,TRAIRAO,Animais na Pista,Atropelamento de Animal,Com Vítimas Feridas,Plena Noite,Decrescente,Céu Claro,Simples,Declive;Reta,Não,2.0,0.0,0.0,2.0,2.0,0.0,0.0,1.0,"-5,050557","-56,17529",SPRF-PA,DEL05/PA,UOP03-DEL05-PA
743087,01/01/2026,quinta-feira,22:30:00,SP,381.0,11,VARGEM,Acumulo de água sobre o pavimento,Saída de leito carroçável,Com Vítimas Feridas,Plena Noite,Crescente,Chuva,Dupla,Declive;Reta,Não,1.0,0.0,1.0,0.0,1.0,0.0,0.0,1.0,"-22,9262449","-46,45598227",SPRF-SP,DEL03/SP,UOP02-DEL03-SP
743088,01/01/2026,quinta-feira,21:44:00,RO,364.0,699,PORTO VELHO,Transtornos Mentais (exceto suicidio),Colisão com objeto,Sem Vítimas,Plena Noite,Decrescente,Nublado,Dupla,Reta,Sim,1.0,0.0,0.0,0.0,0.0,1.0,0.0,1.0,"-8,800469","-63,764695",SPRF-RO,DEL01-RO,UOP01-DEL01-RO
743089,01/01/2026,quinta-feira,23:20:00,SP,116.0,"43,2",CANAS,Avarias e/ou desgaste excessivo no pneu,Queda de ocupante de veículo,Com Vítimas Feridas,Plena Noite,Crescente,Céu Claro,Dupla,Reta,Não,1.0,0.0,1.0,0.0,1.0,0.0,0.0,1.0,"-22,698898","-45,032446",SPRF-SP,DEL08/SP,UOP02-DEL08-SP
743092,01/01/2026,quinta-feira,23:40:00,RJ,116.0,111,GUAPIMIRIM,Pedestre andava na pista,Atropelamento de Pedestre,Com Vítimas Feridas,Plena Noite,Decrescente,Chuva,Dupla,Reta,Sim,2.0,0.0,1.0,0.0,1.0,0.0,0.0,2.0,"-22,55120872","-42,98999938",SPRF-RJ,DEL04/RJ,UOP02-DEL04-RJ
743094,01/01/2026,quinta-feira,22:16:00,MT,163.0,1106,GUARANTA DO NORTE,Ingestão de álcool pelo condutor,Saída de leito carroçável,Sem Vítimas,Pleno dia,Crescente,Céu Claro,Simples,Reta,Não,1.0,0.0,0.0,0.0,0.0,1.0,0.0,1.0,"-9,58593962","-54,8905921",SPRF-MT,DEL06/MT,UOP03-DEL06-MT
743095,01/01/2026,quinta-feira,22:00:00,PR,376.0,342,ORTIGUEIRA,Reação tardia ou ineficiente do condutor,Colisão com objeto,Com Vítimas Feridas,Plena Noite,Decrescente,Nublado,Simples,Reta,Não,2.0,0.0,0.0,2.0,2.0,0.0,0.0,1.0,"-24,174555","-50,965187",SPRF-PR,DEL07/PR,UOP02-DEL07-PR
743096,02/01/2026,sexta-feira,00:05:00,SP,116.0,190,SANTA ISABEL,Ausência de reação do condutor,Capotamento,Com Vítimas Feridas,Plena Noite,Crescente,Chuva,Dupla,Curva,Não,2.0,0.0,1.0,0.0,1.0,1.0,0.0,1.0,"-23,36910779","-46,23682523",SPRF-SP,DEL01/SP,UOP01-DEL01-SP
743097,02/01/2026,sexta-feira,01:00:00,SC,101.0,123,BALNEARIO CAMBORIU,Ingestão de álcool pelo condutor,Colisão traseira,Com Vítimas Feridas,Pleno dia,Crescente,Nublado,Dupla,Rotatória;Viaduto;Reta,Sim,5.0,0.0,2.0,0.0,2.0,3.0,0.0,3.0,"-27,0107242","-48,6127265",SPRF-SC,DEL04/SC,UOP04-DEL04-SC
743100,02/01/2026,sexta-feira,01:00:00,PR,376.0,"158,8",MANDAGUACU,Ausência de reação do condutor,Saída de leito carroçável,Com Vítimas Feridas,Plena Noite,Crescente,Céu Claro,Dupla,Retorno Regulamentado;Reta,Sim,1.0,0.0,1.0,0.0,1.0,0.0,0.0,1.0,"-23,358908","-52,088218",SPRF-PR,DEL09/PR,UOP02-DEL09-PR
743101,01/01/2026,quinta-feira,21:30:00,MS,163.0,653,RIO VERDE DE MATO GROSSO,Entrada inopinada do pedestre,Atropelamento de Pedestre,Com Vítimas Feridas,Plena Noite,Crescente,Céu Claro,Simples,Curva,Não,2.0,0.0,1.0,1.0,2.0,0.0,0.0,2.0,"-19,03550702","-54,81679916",SPRF-MS,DEL06/MS,UOP02-DEL06-MS
743102,02/01/2026,sexta-feira,01:33:00,GO,364.0,150,JATAI,Animais na Pista,Queda de ocupante de veículo,Com Vítimas Feridas,Plena Noite,Crescente,Chuva,Dupla,Aclive,Não,1.0,0.0,0.0,1.0,1.0,0.0,0.0,1.0,"-18,153508","-51,43965",SPRF-GO,DEL05/GO,UOP02-DEL05-GO
743103,02/01/2026,sexta-feira,03:00:00,SP,381.0,79,SAO PAULO,Animais na Pista,Atropelamento de Animal,Com Vítimas Feridas,Plena Noite,Decrescente,Nublado,Múltipla,Reta,Não,2.0,0.0,1.0,0.0,1.0,1.0,0.0,1.0,"-23,4090074","-46,58082835",SPRF-SP,DEL03/SP,UOP01-DEL03-SP
743104,02/01/2026,sexta-feira,03:05:00,SP,381.0,85,SAO PAULO,Reação tardia ou ineficiente do condutor,Colisão traseira,Sem Vítimas,Plena Noite,Decrescente,Céu Claro,Múltipla,Curva,Sim,7.0,0.0,0.0,0.0,0.0,3.0,0.0,2.0,"-23,468254","-46,570541",SPRF-SP,DEL03/SP,UOP01-DEL03-SP
743105,02/01/2026,sexta-feira,03:30:00,SP,381.0,33,ATIBAIA,Velocidade Incompatível,Colisão com objeto,Com Vítimas Feridas,Plena Noite,Crescente,Chuva,Dupla,Curva,Sim,1.0,0.0,1.0,0.0,1.0,0.0,0.0,1.0,"-23,07510269","-46,56608895",SPRF-SP,DEL03/SP,UOP02-DEL03-SP
743108,02/01/2026,sexta-feira,04:10:00,PR,369.0,473,CORBELIA,Transitar na contramão,Colisão frontal,Com Vítimas Feridas,Plena Noite,Crescente,Nevoeiro/Neblina,Simples,Reta,Sim,2.0,0.0,1.0,1.0,2.0,0.0,0.0,2.0,"-24,7142","-53,2463",SPRF-PR,DEL04/PR,UOP03-DEL04-PR
743110,02/01/2026,sexta-feira,04:40:00,MG,381.0,926,ITAPEVA,Chuva,Colisão com objeto,Com Vítimas Feridas,Amanhecer,Decrescente,Chuva,Dupla,Curva,Não,1.0,0.0,1.0,0.0,1.0,0.0,0.0,1.0,"-22,7672064","-46,219264",SPRF-MG,DEL16/MG,UOP03-DEL16-MG
743111,02/01/2026,sexta-feira,04:30:00,MS,158.0,95,PARANAIBA,Velocidade Incompatível,Atropelamento de Pedestre,Com Vítimas Feridas,Amanhecer,Crescente,Céu Claro,Dupla,Reta;Aclive,Sim,2.0,0.0,1.0,1.0,2.0,0.0,0.0,2.0,"-19,683678","-51,200654",SPRF-MS,DEL08/MS,UOP01-DEL08-MS
743113,01/01/2026,quinta-feira,21:15:00,RS,116.0,258,ESTEIO,Reação tardia ou ineficiente do condutor,Tombamento,Com Vítimas Feridas,Plena Noite,Crescente,Céu Claro,Múltipla,Reta,Sim,1.0,0.0,1.0,0.0,1.0,0.0,0.0,1.0,"-29,86549975","-51,18078339",SPRF-RS,DEL01/RS,UOP02-DEL01-RS
743114,02/01/2026,sexta-feira,05:20:00,MG,381.0,"936,5",EXTREMA,Velocidade Incompatível,Capotamento,Com Vítimas Feridas,Pleno dia,Crescente,Chuva,Dupla,Curva,Sim,1.0,0.0,0.0,1.0,1.0,0.0,0.0,1.0,"-22,80896283","-46,27955708",SPRF-MG,DEL16/MG,UOP03-DEL16-MG
743116,02/01/2026,sexta-feira,05:55:00,MG,381.0,"873,8",ESTIVA,Velocidade Incompatível,Colisão com objeto,Sem Vítimas,Pleno dia,Decrescente,Chuva,Dupla,Curva,Não,1.0,0.0,0.0,0.0,0.0,1.0,0.0,1.0,"-22,41921826","-45,96468254",SPRF-MG,DEL16/MG,UOP01-DEL16-MG
743117,01/01/2026,quinta-feira,23:30:00,MG,381.0,"485,8",BETIM,Velocidade Incompatível,Colisão traseira,Com Vítimas Feridas,Plena Noite,Crescente,Céu Claro,Múltipla,Reta,Sim,2.0,0.0,1.0,0.0,1.0,0.0,0.0,2.0,"-19,9561096","-44,10361497",SPRF-MG,DEL01/MG,UOP03-DEL01-MG
743118,02/01/2026,sexta-feira,06:30:00,MG,381.0,"890,5",CAMBUI,Velocidade Incompatível,Colisão com objeto,Com Vítimas Feridas,Pleno dia,Decrescente,Nublado,Dupla,Curva,Não,3.0,0.0,3.0,0.0,3.0,0.0,0.0,1.0,"-22,54111922","-46,03762221",SPRF-MG,DEL16/MG,UOP01-DEL16-MG
743120,02/01/2026,sexta-feira,06:00:00,MG,381.0,"891,3",CAMBUI,Condutor deixou de manter distância do veículo da frente,Queda de ocupante de veículo,Com Vítimas Feridas,Pleno dia,Decrescente,Nublado,Dupla,Reta,Não,1.0,0.0,1.0,0.0,1.0,0.0,0.0,1.0,"-22,53411761","-46,03446543",SPRF-MG,DEL16/MG,UOP01-DEL16-MG
743123,01/01/2026,quinta-feira,19:45:00,RJ,493.0,"81,7",JAPERI,Ingestão de álcool pelo condutor,Saída de leito carroçável,Com Vítimas Fatais,Plena Noite,Decrescente,Chuva,Dupla,Reta,Não,5.0,3.0,0.0,2.0,2.0,0.0,0.0,1.0,"-22,66481","-43,5881231",SPRF-RJ,DEL01/RJ,UOP03-DEL01-RJ
743124,02/01/2026,sexta-feira,07:45:00,SP,116.0,154,SAO JOSE DOS CAMPOS,Ausência de reação do condutor,Colisão traseira,Com Vítimas Feridas,Pleno dia,Decrescente,Céu Claro,Múltipla,Reta,Sim,2.0,0.0,1.0,0.0,1.0,1.0,0.0,2.0,"-23,24112087","-45,92272706",SPRF-SP,DEL02/SP,UOP01-DEL02-SP
743125,02/01/2026,sexta-feira,06:30:00,RN,226.0,"125,3",LAJES PINTADAS,Reação tardia ou ineficiente do condutor,Saída de leito carroçável,Com Vítimas Feridas,Pleno dia,Crescente,Céu Claro,Simples,Reta;Declive,Não,2.0,0.0,0.0,2.0,2.0,0.0,0.0,1.0,"-6,17643","-36,119642",SPRF-RN,DEL03-RN,UOP02-DEL03-RN
743126,02/01/2026,sexta-feira,06:45:00,RS,116.0,563,PEDRO OSORIO,Acessar a via sem observar a presença dos outros veículos,Colisão transversal,Com Vítimas Feridas,Pleno dia,Crescente,Céu Claro,Simples,Interseção de Vias,Não,3.0,0.0,0.0,1.0,1.0,2.0,0.0,2.0,"-31,92655518","-52,72574751",SPRF-RS,DEL07/RS,UOP03-DEL07-RS
743133,02/01/2026,sexta-feira,05:15:00,MG,381.0,907,CAMBUI,Velocidade Incompatível,Capotamento,Com Vítimas Feridas,Amanhecer,Decrescente,Chuva,Dupla,Curva,Não,2.0,0.0,1.0,0.0,1.0,1.0,0.0,1.0,"-22,674575","-46,09723",SPRF-MG,DEL16/MG,UOP03-DEL16-MG
743134,01/01/2026,quinta-feira,22:00:00,MA,222.0,423,SANTA LUZIA,Condutor Dormindo,Saída de leito carroçável,Com Vítimas Fatais,Plena Noite,Decrescente,Céu Claro,Simples,Declive;Reta,Não,2.0,1.0,0.0,1.0,1.0,0.0,0.0,1.0,"-4,034224","-45,785349",SPRF-MA,DEL02-MA,UOP01-DEL02-MA
743135,02/01/2026,sexta-feira,07:20:00,PE,407.0,"103,9",PETROLINA,Ultrapassagem Indevida,Colisão frontal,Com Vítimas Feridas,Pleno dia,Crescente,Céu Claro,Simples,Declive;Curva,Não,5.0,0.0,1.0,1.0,2.0,3.0,0.0,2.0,"-9,213457","-40,632337",SPRF-PE,DEL06/PE,UOP01-DEL06-PE