id,data_inversa,dia_semana,horario,uf,br,km,municipio,causa_acidente,tipo_acidente,classificacao_acidente,fase_dia,sentido_via,condicao_metereologica,tipo_pista,tracado_via,uso_solo,pessoas,mortos,feridos_leves,feridos_graves,feridos,ilesos,ignorados,veiculos,latitude,longitude,regional,delegacia,uop
743136,02/01/2026,sexta-feira,07:15:00,SC,280.0,"14,9",SAO FRANCISCO DO SUL,Acessar a via sem observar a presença dos outros veículos,Colisão transversal,Com Vítimas Feridas,Pleno dia,Crescente,Céu Claro,Simples,Reta;Interseção de Vias,Sim,4.0,0.0,2.0,0.0,2.0,2.0,0.0,3.0,"-26,33590975","-48,65377633",SPRF-SC,DEL03/SC,UOP03-DEL03-SC
743137,02/01/2026,sexta-feira,07:10:00,RO,364.0,346,JI-PARANA,Ausência de reação do condutor,Queda de ocupante de veículo,Com Vítimas Feridas,Pleno dia,Decrescente,Céu Claro,Simples,Declive,Sim,1.0,0.0,1.0,0.0,1.0,0.0,0.0,1.0,"-10,86186","-61,974688",SPRF-RO,DEL02-RO,UOP01-DEL02-RO
743139,02/01/2026,sexta-feira,01:20:00,BA,110.0,48,SANTA BRIGIDA,Reação tardia ou ineficiente do condutor,Saída de leito carroçável,Com Vítimas Feridas,Plena Noite,Crescente,Ignorado,Simples,Aclive;Reta,Não,2.0,0.0,1.0,1.0,2.0,0.0,0.0,1.0,"-9,82523361","-38,25925319",SPRF-BA,DEL07/BA,UOP01-DEL07-BA
743140,02/01/2026,sexta-feira,06:00:00,MG,381.0,"615,4",OLIVEIRA,Pista Escorregadia,Saída de leito carroçável,Com Vítimas Feridas,Amanhecer,Crescente,Chuva,Dupla,Declive;Curva,Não,6.0,0.0,0.0,1.0,1.0,5.0,0.0,1.0,"-20,717806","-44,766056",SPRF-MG,DEL04/MG,UOP01-DEL04-MG
743143,02/01/2026,sexta-feira,05:36:00,MT,163.0,623,NOVA MUTUM,Chuva,Saída de leito carroçável,Com Vítimas Feridas,Amanhecer,Decrescente,Chuva,Dupla,Reta,Não,2.0,0.0,1.0,0.0,1.0,1.0,0.0,1.0,"-13,594","-56,031",SPRF-MT,DEL01/MT,UOP01-DEL01-MT
743144,02/01/2026,sexta-feira,07:00:00,RO,364.0,714,PORTO VELHO,Transitar na contramão,Colisão frontal,Sem Vítimas,Pleno dia,Decrescente,Céu Claro,Dupla,Aclive;Curva;Viaduto,Sim,2.0,0.0,0.0,0.0,0.0,1.0,0.0,2.0,"-8,8080384","-63,7599744",SPRF-RO,DEL01-RO,UOP01-DEL01-RO
743145,02/01/2026,sexta-feira,08:50:00,MG,381.0,442,SANTA LUZIA,Condutor Dormindo,Saída de leito carroçável,Com Vítimas Feridas,Pleno dia,Crescente,Céu Claro,Simples,Reta,Sim,2.0,0.0,2.0,0.0,2.0,0.0,0.0,1.0,"-19,82517271","-43,83330345",SPRF-MG,DEL01/MG,UOP01-DEL01-MG
743148,02/01/2026,sexta-feira,08:55:00,PR,277.0,"61,4",SAO JOSE DOS PINHAIS,Reação tardia ou ineficiente do condutor,Engavetamento,Sem Vítimas,Pleno dia,Decrescente,Céu Claro,Dupla,Reta,Não,3.0,0.0,0.0,0.0,0.0,3.0,0.0,3.0,"-25,54801717","-49,05017853",SPRF-PR,DEL01/PR,UOP01-DEL01-PR
743149,02/01/2026,sexta-feira,08:24:00,SP,116.0,212,GUARULHOS,Entrada inopinada do pedestre,Atropelamento de Pedestre,Com Vítimas Feridas,Pleno dia,Decrescente,Céu Claro,Múltipla,Reta,Sim,2.0,0.0,2.0,0.0,2.0,0.0,0.0,2.0,"-23,43867603","-46,4343946",SPRF-SP,DEL01/SP,UOP01-DEL01-SP
743150,01/01/2026,quinta-feira,20:49:00,BA,367.0,23,PORTO SEGURO,Condutor deixou de manter distância do veículo da frente,Colisão lateral mesmo sentido,Com Vítimas Feridas,Plena Noite,Crescente,Céu Claro,Simples,Reta,Não,2.0,0.0,1.0,0.0,1.0,1.0,0.0,2.0,"-16,438","-39,083",SPRF-BA,DEL09/BA,UOP03-DEL09-BA
743151,01/01/2026,quinta-feira,14:17:00,BA,367.0,70,EUNAPOLIS,Condutor deixou de manter distância do veículo da frente,Colisão lateral mesmo sentido,Com Vítimas Feridas,Pleno dia,Crescente,Céu Claro,Simples,Reta,Não,3.0,0.0,1.0,1.0,2.0,0.0,0.0,2.0,"-16,394","-39,467",SPRF-BA,DEL09/BA,UOP03-DEL09-BA
743152,02/01/2026,sexta-feira,08:40:00,SC,101.0,"124,3",ITAJAI,Condutor deixou de manter distância do veículo da frente,Colisão traseira,Com Vítimas Feridas,Pleno dia,Decrescente,Céu Claro,Múltipla,Reta,Sim,2.0,0.0,1.0,0.0,1.0,1.0,0.0,2.0,"-26,94900478","-48,6831665",SPRF-SC,DEL04/SC,UOP04-DEL04-SC
743154,02/01/2026,sexta-feira,06:00:00,PI,226.0,"225,7",ALTOS,Transitar na contramão,Colisão frontal,Com Vítimas Fatais,Pleno dia,Crescente,Nublado,Simples,Reta,Não,2.0,1.0,0.0,1.0,1.0,0.0,0.0,2.0,"-5,028916","-42,421325",SPRF-PI,DEL01-PI,UOP01-DEL01-PI
743155,02/01/2026,sexta-feira,09:10:00,GO,70.0,"9,4",AGUAS LINDAS DE GOIAS,Acesso irregular,Colisão transversal,Com Vítimas Feridas,Pleno dia,Crescente,Céu Claro,Dupla,Reta,Sim,1.0,0.0,1.0,0.0,1.0,0.0,0.0,1.0,"-15,7360886","-48,28437785",SPRF-DF,DEL03-DF,UOP02-DEL03-DF
743156,02/01/2026,sexta-feira,09:34:00,PB,230.0,"14,3",CABEDELO,Reação tardia ou ineficiente do condutor,Colisão transversal,Com Vítimas Feridas,Pleno dia,Crescente,Céu Claro,Simples,Reta,Sim,2.0,0.0,2.0,0.0,2.0,0.0,0.0,2.0,"-7,092817","-34,848378",SPRF-PB,DEL01-PB,UOP01-DEL01-PB
743157,02/01/2026,sexta-feira,05:30:00,MA,222.0,"297,5",VITORIA DO MEARIM,Manobra de mudança de faixa,Colisão lateral mesmo sentido,Com Vítimas Feridas,Amanhecer,Decrescente,Céu Claro,Simples,Reta,Sim,3.0,0.0,1.0,0.0,1.0,2.0,0.0,2.0,"-3,48342","-44,873113",SPRF-MA,DEL02-MA,UOP01-DEL02-MA
743158,02/01/2026,sexta-feira,06:30:00,MS,267.0,"146,9",NOVA ANDRADINA,Condutor Dormindo,Saída de leito carroçável,Com Vítimas Feridas,Amanhecer,Crescente,Nublado,Simples,Reta,Não,3.0,0.0,3.0,0.0,3.0,0.0,0.0,1.0,"-21,6609163","-53,43848102",SPRF-MS,DEL02/MS,UOP03-DEL02-MS
743159,02/01/2026,sexta-feira,09:45:00,GO,153.0,505,PIRENOPOLIS,Afundamento ou ondulação no pavimento,Queda de ocupante de veículo,Com Vítimas Feridas,Pleno dia,Decrescente,Céu Claro,Simples,Reta,Sim,1.0,0.0,1.0,0.0,1.0,0.0,0.0,1.0,-16,-49,SPRF-GO,DEL01/GO,UOP01-DEL01-GO
743160,02/01/2026,sexta-feira,10:00:00,PE,232.0,13,JABOATAO DOS GUARARAPES,Condutor deixou de manter distância do veículo da frente,Engavetamento,Com Vítimas Feridas,Pleno dia,Crescente,Céu Claro,Dupla,Reta,Sim,17.0,0.0,1.0,0.0,1.0,15.0,0.0,5.0,"-8,08838","-35,01196",SPRF-PE,DEL01/PE,UOP01-DEL01-PE
743161,02/01/2026,sexta-feira,06:14:00,MG,381.0,"732,6",CARMO DA CACHOEIRA,Ausência de reação do condutor,Saída de leito carroçável,Com Vítimas Feridas,Pleno dia,Decrescente,Nublado,Dupla,Declive;Curva,Não,3.0,0.0,1.0,1.0,2.0,1.0,0.0,2.0,"-21,521776","-45,223545",SPRF-MG,DEL16/MG,UOP02-DEL16-MG
743163,02/01/2026,sexta-feira,10:00:00,PB,101.0,"89,6",JOAO PESSOA,Trafegar com motocicleta (ou similar) entre as faixas,Colisão traseira,Com Vítimas Feridas,Pleno dia,Crescente,Chuva,Múltipla,Reta,Sim,2.0,0.0,1.0,0.0,1.0,1.0,0.0,2.0,"-7,17677718","-34,89961445",SPRF-PB,DEL01-PB,UOP01-DEL01-PB
743164,02/01/2026,sexta-feira,10:15:00,MG,40.0,"517,3",RIBEIRAO DAS NEVES,Avarias e/ou desgaste excessivo no pneu,Saída de leito carroçável,Sem Vítimas,Pleno dia,Decrescente,Céu Claro,Dupla,Reta;Interseção de Vias,Sim,3.0,0.0,0.0,0.0,0.0,3.0,0.0,1.0,"-19,827144","-44,08375",SPRF-MG,DEL01/MG,UOP02-DEL01-MG
743165,02/01/2026,sexta-feira,10:25:00,SC,101.0,134,BALNEARIO CAMBORIU,Ausência de reação do condutor,Colisão lateral mesmo sentido,Com Vítimas Feridas,Pleno dia,Crescente,Céu Claro,Dupla,Reta,Não,2.0,0.0,0.0,1.0,1.0,1.0,0.0,2.0,"-27,00252838","-48,63542452",SPRF-SC,DEL04/SC,UOP03-DEL04-SC
743167,02/01/2026,sexta-feira,10:25:00,SC,101.0,"79,3",ARAQUARI,Mal súbito do condutor,Colisão traseira,Com Vítimas Feridas,Pleno dia,Decrescente,Céu Claro,Múltipla,Reta,Não,3.0,0.0,1.0,0.0,1.0,2.0,0.0,3.0,"-26,59232639","-48,72204781",SPRF-SC,DEL03/SC,UOP02-DEL03-SC
743169,02/01/2026,sexta-feira,02:00:00,RJ,356.0,11,ITAPERUNA,Condutor Dormindo,Saída de leito carroçável,Com Vítimas Feridas,Plena Noite,Decrescente,Chuva,Simples,Reta,Não,1.0,0.0,1.0,0.0,1.0,0.0,0.0,1.0,"-21,1692","-42,086642",SPRF-RJ,DEL08/RJ,UOP03-DEL08-RJ
743170,02/01/2026,sexta-feira,10:10:00,SC,101.0,42,JOINVILLE,Reação tardia ou ineficiente do condutor,Colisão traseira,Com Vítimas Feridas,Pleno dia,Decrescente,Sol,Dupla,Reta,Sim,2.0,0.0,1.0,0.0,1.0,0.0,0.0,2.0,"-26,3237854","-48,8675677",SPRF-SC,DEL03/SC,UOP01-DEL03-SC
743171,02/01/2026,sexta-feira,10:15:00,SC,101.0,42,JOINVILLE,Reação tardia ou ineficiente do condutor,Colisão com objeto,Com Vítimas Feridas,Pleno dia,Decrescente,Sol,Dupla,Reta,Sim,2.0,0.0,2.0,0.0,2.0,0.0,0.0,1.0,"-26,32377668","-48,86763509",SPRF-SC,DEL03/SC,UOP01-DEL03-SC
743172,02/01/2026,sexta-feira,11:15:00,SC,101.0,"227,3",PALHOCA,Manobra de mudança de faixa,Colisão lateral mesmo sentido,Com Vítimas Feridas,Pleno dia,Crescente,Céu Claro,Dupla,Reta,Não,3.0,0.0,2.0,0.0,2.0,1.0,0.0,2.0,"-27,752102","-48,634322",SPRF-SC,DEL01/SC,UOP02-DEL01-SC
743180,02/01/2026,sexta-feira,11:25:00,MG,50.0,"51,2",ARAGUARI,Ausência de reação do condutor,Colisão lateral mesmo sentido,Com Vítimas Feridas,Pleno dia,Crescente,Sol,Dupla,Reta,Não,2.0,0.0,1.0,0.0,1.0,1.0,0.0,2.0,"-18,75087874","-48,23658943",SPRF-MG,DEL15/MG,UOP02-DEL15-MG
743181,02/01/2026,sexta-feira,10:40:00,PR,376.0,434,TIBAGI,Ausência de reação do condutor,Saída de leito carroçável,Com Vítimas Feridas,Pleno dia,Crescente,Céu Claro,Dupla,Curva,Não,1.0,0.0,1.0,0.0,1.0,0.0,0.0,1.0,"-24,84990709","-50,46321452",SPRF-PR,DEL03/PR,UOP02-DEL03-PR
743182,02/01/2026,sexta-feira,12:08:00,SC,101.0,"144,2",ITAPEMA,Manobra de mudança de faixa,Colisão lateral mesmo sentido,Com Vítimas Feridas,Pleno dia,Decrescente,Céu Claro,Dupla,Reta,Sim,4.0,0.0,2.0,0.0,2.0,2.0,0.0,2.0,"-27,07444","-48,59663",SPRF-SC,DEL04/SC,UOP03-DEL04-SC
743183,02/01/2026,sexta-feira,10:35:00,MG,40.0,"807,6",MATIAS BARBOSA,Velocidade Incompatível,Colisão traseira,Com Vítimas Fatais,Pleno dia,Crescente,Céu Claro,Dupla,Curva;Declive,Não,3.0,1.0,0.0,2.0,2.0,0.0,0.0,2.0,"-21,863362","-43,373239",SPRF-MG,DEL05/MG,UOP01-DEL05-MG
743185,02/01/2026,sexta-feira,09:30:00,PA,316.0,99,SANTA MARIA DO PARA,Ausência de reação do condutor,Colisão traseira,Com Vítimas Feridas,Pleno dia,Decrescente,Céu Claro,Simples,Reta,Não,3.0,0.0,0.0,1.0,1.0,2.0,0.0,2.0,"-1,3402112","-47,579136",SPRF-PA,DEL01/PA,UOP02-DEL01-PA
743187,02/01/2026,sexta-feira,11:00:00,RS,116.0,"10,7",VACARIA,Ausência de reação do condutor,Saída de leito carroçável,Com Vítimas Feridas,Pleno dia,Decrescente,Céu Claro,Simples,Curva,Não,2.0,0.0,2.0,0.0,2.0,0.0,0.0,1.0,"-28,2922","-50,80224",SPRF-RS,DEL05/RS,UOP03-DEL05-RS
743188,02/01/2026,sexta-feira,09:10:00,MT,174.0,387,CONQUISTA DOESTE,Acumulo de água sobre o pavimento,Saída de leito carroçável,Com Vítimas Feridas,Pleno dia,Decrescente,Garoa/Chuvisco,Simples,Curva,Não,3.0,0.0,3.0,0.0,3.0,0.0,0.0,1.0,"-14,4944","-59,5697",SPRF-MT,DEL04/MT,UOP01-DEL04-MT
743189,02/01/2026,sexta-feira,07:00:00,PI,343.0,"535,9",AMARANTE,Ausência de reação do condutor,Saída de leito carroçável,Com Vítimas Fatais,Pleno dia,Decrescente,Nublado,Simples,Reta,Não,1.0,1.0,0.0,0.0,0.0,0.0,0.0,1.0,"-6,500105","-42,791302",SPRF-PI,DEL03-PI,UOP01-DEL03-PI
743190,02/01/2026,sexta-feira,11:15:00,RJ,101.0,50,CAMPOS DOS GOYTACAZES,Acesso irregular,Colisão frontal,Com Vítimas Feridas,Pleno dia,Decrescente,Céu Claro,Simples,Reta,Sim,3.0,0.0,0.0,1.0,1.0,2.0,0.0,2.0,"-21,70216318","-41,31004214",SPRF-RJ,DEL08/RJ,UOP01-DEL08-RJ
743191,02/01/2026,sexta-feira,11:30:00,GO,60.0,370,RIO VERDE,Reação tardia ou ineficiente do condutor,Saída de leito carroçável,Com Vítimas Feridas,Pleno dia,Crescente,Sol,Dupla,Reta,Não,1.0,0.0,1.0,0.0,1.0,0.0,0.0,1.0,"-17,707847","-50,85008",SPRF-GO,DEL04/GO,UOP02-DEL04-GO
743195,02/01/2026,sexta-feira,09:30:00,SP,116.0,93,PINDAMONHANGABA,Ausência de reação do condutor,Queda de ocupante de veículo,Com Vítimas Feridas,Pleno dia,Decrescente,Céu Claro,Dupla,Reta,Não,1.0,0.0,1.0,0.0,1.0,0.0,0.0,1.0,"-22,96029007","-45,41851044",SPRF-SP,DEL08/SP,UOP01-DEL08-SP
743196,02/01/2026,sexta-feira,12:40:00,PA,155.0,289,ELDORADO DO CARAJAS,Manobra de mudança de faixa,Colisão frontal,Com Vítimas Feridas,Pleno dia,Decrescente,Céu Claro,Simples,Reta,Não,5.0,0.0,0.0,3.0,3.0,2.0,0.0,2.0,"-5,81926","-49,19179",SPRF-PA,DEL03/PA,UOP01-DEL03-PA
743198,02/01/2026,sexta-feira,09:45:00,SC,470.0,"289,8",BRUNOPOLIS,Acessar a via sem observar a presença dos outros veículos,Colisão transversal,Com Vítimas Feridas,Pleno dia,Crescente,Céu Claro,Simples,Reta;Interseção de Vias,Não,12.0,0.0,4.0,2.0,6.0,6.0,0.0,3.0,"-27,335427","-50,960018",SPRF-SC,DEL07/SC,UOP06-DEL07-SC
743199,02/01/2026,sexta-feira,13:18:00,RJ,101.0,396,RIO DE JANEIRO,Condutor deixou de manter distância do veículo da frente,Colisão traseira,Com Vítimas Feridas,Pleno dia,Crescente,Sol,Dupla,Reta,Sim,2.0,0.0,1.0,0.0,1.0,1.0,0.0,2.0,"-22,87787169","-43,7351869",SPRF-RJ,DEL03/RJ,UOP01-DEL03-RJ
743200,02/01/2026,sexta-feira,13:30:00,ES,101.0,"370,7",ANCHIETA,Desrespeitar a preferência no cruzamento,Colisão transversal,Com Vítimas Feridas,Pleno dia,Decrescente,Céu Claro,Simples,Interseção de Vias;Rotatória;Em Obras,Sim,11.0,0.0,4.0,0.0,4.0,7.0,0.0,3.0,"-20,77099135","-40,76370835",SPRF-ES,DEL03-ES,UOP01-DEL03-ES
743201,02/01/2026,sexta-feira,13:50:00,SC,101.0,"93,8",BARRA VELHA,Reação tardia ou ineficiente do condutor,Tombamento,Com Vítimas Feridas,Pleno dia,Decrescente,Céu Claro,Dupla,Reta,Não,1.0,0.0,1.0,0.0,1.0,0.0,0.0,1.0,"-26,69830876","-48,69887352",SPRF-SC,DEL03/SC,UOP02-DEL03-SC
743202,02/01/2026,sexta-feira,13:23:00,PE,101.0,49,ABREU E LIMA,Manobra de mudança de faixa,Colisão lateral mesmo sentido,Com Vítimas Feridas,Pleno dia,Crescente,Céu Claro,Dupla,Curva,Sim,2.0,0.0,1.0,0.0,1.0,1.0,0.0,2.0,"-7,90131117","-34,90183523",SPRF-PE,DEL01/PE,UOP02-DEL01-PE
743203,02/01/2026,sexta-feira,14:00:00,SC,101.0,"93,8",BARRA VELHA,Condutor deixou de manter distância do veículo da frente,Colisão lateral mesmo sentido,Com Vítimas Feridas,Pleno dia,Crescente,Sol,Dupla,Reta,Não,3.0,0.0,2.0,0.0,2.0,1.0,0.0,2.0,"-26,70298613","-48,70003223",SPRF-SC,DEL03/SC,UOP02-DEL03-SC
743204,02/01/2026,sexta-feira,08:50:00,SC,282.0,640,DESCANSO,Ausência de reação do condutor,Saída de leito carroçável,Com Vítimas Feridas,Pleno dia,Decrescente,Chuva,Simples,Declive;Curva,Não,2.0,0.0,2.0,0.0,2.0,0.0,0.0,1.0,"-26,78182077","-53,46123219",SPRF-SC,DEL07/SC,UOP03-DEL07-SC
743205,02/01/2026,sexta-feira,10:45:00,SP,116.0,"112,9",TAUBATE,Reação tardia ou ineficiente do condutor,Colisão traseira,Com Vítimas Feridas,Pleno dia,Decrescente,Céu Claro,Dupla,Reta,Sim,2.0,0.0,1.0,0.0,1.0,1.0,0.0,2.0,"-23,0452699","-45,5851477",SPRF-SP,DEL02/SP,UOP02-DEL02-SP
743208,02/01/2026,sexta-feira,13:00:00,GO,20.0,243,GUARANI DE GOIAS,Ausência de reação do condutor,Saída de leito carroçável,Sem Vítimas,Pleno dia,Decrescente,Nublado,Simples,Reta,Não,1.0,0.0,0.0,0.0,0.0,0.0,1.0,1.0,"-14,0200219","-46,22772217",SPRF-DF,DEL02-DF,UOP03-DEL02-DF
743209,02/01/2026,sexta-feira,13:50:00,RN,101.0,"81,7",NATAL,Condutor desrespeitou a iluminação vermelha do semáforo,Colisão lateral mesmo sentido,Com Vítimas Feridas,Pleno dia,Decrescente,Céu Claro,Dupla,Interseção de Vias,Sim,3.0,0.0,2.0,0.0,2.0,1.0,0.0,2.0,"-5,766743","-35,277598",SPRF-RN,DEL02-RN,UOP01-DEL02-RN
743210,02/01/2026,sexta-feira,13:20:00,RJ,101.0,329,RIO DE JANEIRO,Demais falhas mecânicas ou elétricas,Queda de ocupante de veículo,Com Vítimas Feridas,Pleno dia,Crescente,Céu Claro,Múltipla,Reta,Sim,2.0,0.0,1.0,0.0,1.0,1.0,0.0,1.0,"-22,86822249","-43,1859684",SPRF-RJ,DEL02/RJ,UOP01-DEL02-RJ
743212,02/01/2026,sexta-feira,14:43:00,PE,101.0,44,IGARASSU,Condutor deixou de manter distância do veículo da frente,Colisão traseira,Com Vítimas Feridas,Pleno dia,Decrescente,Céu Claro,Múltipla,Reta,Sim,2.0,0.0,1.0,0.0,1.0,1.0,0.0,2.0,"-7,86423204","-34,90724444",SPRF-PE,DEL01/PE,UOP02-DEL01-PE
743213,02/01/2026,sexta-feira,12:00:00,DF,20.0,25,BRASILIA,Avarias e/ou desgaste excessivo no pneu,Saída de leito carroçável,Com Vítimas Feridas,Pleno dia,Crescente,Garoa/Chuvisco,Dupla,Reta,Não,3.0,0.0,1.0,0.0,1.0,2.0,0.0,1.0,"-15,595502","-47,649407",SPRF-DF,DEL02-DF,UOP01-DEL02-DF
743214,02/01/2026,sexta-feira,13:30:00,PR,376.0,"659,8",TIJUCAS DO SUL,Condutor deixou de manter distância do veículo da frente,Colisão com objeto,Com Vítimas Feridas,Pleno dia,Decrescente,Céu Claro,Simples,Curva;Aclive,Não,2.0,0.0,1.0,0.0,1.0,1.0,0.0,1.0,"-25,84699846","-49,01219241",SPRF-PR,DEL01/PR,UOP04-DEL01-PR
743217,02/01/2026,sexta-feira,14:50:00,SC,280.0,"23,8",ARAQUARI,Trafegar com motocicleta (ou similar) entre as faixas,Colisão transversal,Com Vítimas Feridas,Pleno dia,Crescente,Chuva,Simples,Reta,Não,2.0,0.0,1.0,0.0,1.0,1.0,0.0,2.0,"-26,376852","-48,718798",SPRF-SC,DEL03/SC,UOP03-DEL03-SC
743218,02/01/2026,sexta-feira,14:30:00,MG,40.0,"636,1",CONSELHEIRO LAFAIETE,Demais falhas mecânicas ou elétricas,Incêndio,Sem Vítimas,Pleno dia,Crescente,Céu Claro,Simples,Reta,Não,1.0,0.0,0.0,0.0,0.0,0.0,1.0,1.0,"-20,71238","-43,79496",SPRF-MG,DEL05/MG,UOP02-DEL05-MG
743219,02/01/2026,sexta-feira,06:00:00,MT,364.0,465,JANGADA,Reação tardia ou ineficiente do condutor,Saída de leito carroçável,Com Vítimas Feridas,Amanhecer,Decrescente,Céu Claro,Simples,Curva,Não,2.0,0.0,1.0,1.0,2.0,0.0,0.0,1.0,"-15,30438609","-56,43573761",SPRF-MT,DEL01/MT,UOP02-DEL01-MT
743220,02/01/2026,sexta-feira,15:15:00,PB,230.0,"36,3",SANTA RITA,Entrada inopinada do pedestre,Atropelamento de Pedestre,Com Vítimas Feridas,Pleno dia,Crescente,Céu Claro,Dupla,Aclive;Curva,Sim,2.0,0.0,1.0,0.0,1.0,0.0,0.0,2.0,"-7,14177359","-34,97519204",SPRF-PB,DEL01-PB,UOP02-DEL01-PB
743222,01/01/2026,quinta-feira,02:20:00,PR,153.0,461,PORTO VITORIA,Velocidade Incompatível,Capotamento,Com Vítimas Feridas,Plena Noite,Decrescente,Garoa/Chuvisco,Simples,Curva,Não,2.0,0.0,1.0,0.0,1.0,1.0,0.0,1.0,"-26,22860145","-51,14065647",SPRF-PR,DEL02/PR,UOP03-DEL02-PR
743224,02/01/2026,sexta-feira,15:15:00,PR,116.0,44,CAMPINA GRANDE DO SUL,Reação tardia ou ineficiente do condutor,Saída de leito carroçável,Sem Vítimas,Pleno dia,Decrescente,Céu Claro,Dupla,Curva,Não,2.0,0.0,0.0,0.0,0.0,2.0,0.0,1.0,"-25,19359668","-48,88870653",SPRF-PR,DEL01/PR,UOP02-DEL01-PR
743225,02/01/2026,sexta-feira,13:10:00,MT,364.0,51,ALTO GARCAS,Reação tardia ou ineficiente do condutor,Saída de leito carroçável,Com Vítimas Feridas,Pleno dia,Crescente,Chuva,Simples,Declive;Curva,Não,2.0,0.0,2.0,0.0,2.0,0.0,0.0,1.0,"-16,99746","-53,50255",SPRF-MT,DEL02/MT,UOP02-DEL02-MT
743226,02/01/2026,sexta-feira,13:10:00,GO,153.0,664,GOIATUBA,Reação tardia ou ineficiente do condutor,Saída de leito carroçável,Com Vítimas Feridas,Pleno dia,Decrescente,Céu Claro,Dupla,Reta,Não,4.0,0.0,3.0,1.0,4.0,0.0,0.0,1.0,"-18,08481445","-49,270311",SPRF-GO,DEL03/GO,UOP02-DEL03-GO
743228,02/01/2026,sexta-feira,12:20:00,SC,282.0,"136,8",BOM RETIRO,Conversão proibida,Colisão transversal,Com Vítimas Feridas,Pleno dia,Decrescente,Céu Claro,Simples,Reta,Não,5.0,0.0,5.0,0.0,5.0,0.0,0.0,2.0,"-27,82124316","-49,56530062",SPRF-SC,DEL05/SC,UOP01-DEL05-SC
743230,02/01/2026,sexta-feira,14:10:00,BA,116.0,380,SANTA BARBARA,Ultrapassagem Indevida,Colisão frontal,Com Vítimas Feridas,Pleno dia,Decrescente,Céu Claro,Simples,Reta,Não,4.0,0.0,0.0,4.0,4.0,0.0,0.0,2.0,"-11,89581625","-38,98164332",SPRF-BA,DEL02/BA,UOP01-DEL02-BA
743231,02/01/2026,sexta-feira,15:00:00,RS,153.0,50,ERECHIM,Transitar na contramão,Colisão frontal,Com Vítimas Feridas,Pleno dia,Decrescente,Céu Claro,Simples,Declive;Reta,Sim,2.0,0.0,1.0,0.0,1.0,1.0,0.0,2.0,"-27,65620503","-52,27213232",SPRF-RS,DEL08/RS,UOP04-DEL08-RS
743232,02/01/2026,sexta-feira,13:00:00,MG,116.0,277,TEOFILO OTONI,Ultrapassagem Indevida,Colisão lateral mesmo sentido,Com Vítimas Feridas,Pleno dia,Crescente,Céu Claro,Simples,Reta,Sim,4.0,0.0,1.0,1.0,2.0,2.0,0.0,2.0,"-17,8603","-41,515263",SPRF-MG,DEL11/MG,UOP01-DEL11-MG
743234,02/01/2026,sexta-feira,15:20:00,MS,163.0,159,JUTI,Ausência de reação do condutor,Colisão traseira,Sem Vítimas,Pleno dia,Crescente,Nublado,Simples,Aclive,Não,6.0,0.0,0.0,0.0,0.0,6.0,0.0,2.0,"-22,925162","-54,50443",SPRF-MS,DEL09/MS,UOP01-DEL09-MS
743235,02/01/2026,sexta-feira,16:30:00,SP,101.0,52,UBATUBA,Retorno proibido,Colisão transversal,Com Vítimas Feridas,Pleno dia,Crescente,Garoa/Chuvisco,Simples,Curva,Sim,3.0,0.0,1.0,0.0,1.0,2.0,0.0,2.0,"-23,46615407","-45,06230084",SPRF-SP,DEL06/SP,UOP01-DEL06-SP
743236,02/01/2026,sexta-feira,17:10:00,GO,40.0,"1,4",VALPARAISO DE GOIAS,Ausência de reação do condutor,Engavetamento,Sem Vítimas,Pleno dia,Crescente,Nublado,Dupla,Reta,Sim,3.0,0.0,0.0,0.0,0.0,3.0,0.0,3.0,"-16,063281","-47,983562",SPRF-DF,DEL01-DF,UOP01-DEL01-DF
743237,02/01/2026,sexta-feira,15:30:00,MG,381.0,"526,5",BRUMADINHO,Velocidade Incompatível,Colisão com objeto,Com Vítimas Feridas,Pleno dia,Decrescente,Chuva,Dupla,Curva,Não,2.0,0.0,1.0,0.0,1.0,1.0,0.0,1.0,"-20,16767902","-44,33262348",SPRF-MG,DEL04/MG,UOP03-DEL04-MG
743238,02/01/2026,sexta-feira,14:25:00,MG,116.0,531,CARATINGA,Ausência de reação do condutor,Colisão lateral sentido oposto,Com Vítimas Feridas,Pleno dia,Crescente,Céu Claro,Simples,Curva,Não,6.0,0.0,2.0,1.0,3.0,3.0,0.0,2.0,"-19,828907","-42,1391175",SPRF-MG,DEL06/MG,UOP02-DEL06-MG
743239,02/01/2026,sexta-feira,16:53:00,PR,376.0,"665,7",GUARATUBA,Avarias e/ou desgaste excessivo no pneu,Tombamento,Com Vítimas Feridas,Pleno dia,Crescente,Sol,Simples,Declive;Curva,Não,2.0,0.0,2.0,0.0,2.0,0.0,0.0,1.0,"-25,8643572","-48,9498005",SPRF-PR,DEL01/PR,UOP04-DEL01-PR
743240,02/01/2026,sexta-feira,15:45:00,MG,381.0,"929,8",ITAPEVA,Velocidade Incompatível,Colisão com objeto,Com Vítimas Fatais,Pleno dia,Crescente,Nublado,Dupla,Curva,Não,1.0,1.0,0.0,0.0,0.0,0.0,0.0,1.0,"-22,77103847","-46,23699099",SPRF-MG,DEL16/MG,UOP03-DEL16-MG
743241,02/01/2026,sexta-feira,16:20:00,RJ,101.0,382,RIO DE JANEIRO,Ausência de reação do condutor,Colisão lateral mesmo sentido,Com Vítimas Feridas,Pleno dia,Decrescente,Céu Claro,Dupla,Reta,Não,5.0,0.0,2.0,0.0,2.0,3.0,0.0,3.0,"-22,87313506","-43,60691277",SPRF-RJ,DEL03/RJ,UOP01-DEL03-RJ